{"type": "FeatureCollection", "name": "hotosm_nga_education_facilities_polygons_geojson", "features": [{"type": "Feature", "properties": {"name": "Alliance Fran\u00e7aise de Jos", "name:en": null, "amenity": null, "building": "school", "operator:type": null, "capacity:persons": null, "addr:full": null, "addr:city": "Jos", "source": null, "osm_id": 369927148, "osm_type": "ways_poly", "Analysis_Region": "North West"}, "geometry": {"type": "Polygon", "coordinates": [[[8.8806516, 9.9232286], [8.8806838, 9.9229617], [8.8810539, 9.9230304], [8.8810164, 9.9232946], [8.8806516, 9.9232286]]]}}, {"type": "Feature", "properties": {"name": "Umar Musa Yaraddua University, Katsina", "name:en": null, "amenity": "university", "building": null, "operator:type": "government", "capacity:persons": null, "addr:full": null, "addr:city": null, "source": null, "osm_id": 593847769, "osm_type": "ways_poly", "Analysis_Region": "North West"}, "geometry": {"type": "Polygon", "coordinates": [[[7.5482836, 12.8803045], [7.5487843, 12.8791508], [7.5496491, 12.8780858], [7.5505898, 12.8778639], [7.5550507, 12.8777752], [7.5611198, 12.8777456], [7.5636815, 12.8775977], [7.5860918, 12.8770948], [7.5868808, 12.8783373], [7.5900671, 12.8835733], [7.5912578, 12.8855464], [7.592827, 12.8888465], [7.5945833, 12.8929363], [7.595746, 12.8959006], [7.5959331, 12.8966139], [7.5962339, 12.8982229], [7.5963477, 12.8998001], [7.5963396, 12.9004262], [7.5963152, 12.9008067], [7.5962339, 12.9029466], [7.5850484, 12.9027754], [7.5771889, 12.9026128], [7.5482836, 12.8803045]]]}}, {"type": "Feature", "properties": {"name": null, "name:en": null, "amenity": null, "building": "college", "operator:type": null, "capacity:persons": null, "addr:full": null, "addr:city": null, "source": null, "osm_id": 830191281, "osm_type": "ways_poly", "Analysis_Region": "North West"}, "geometry": {"type": "Polygon", "coordinates": [[[7.583542, 12.890957], [7.5835584, 12.8908421], [7.583897, 12.8905963], [7.5839542, 12.8906008], [7.5839577, 12.8905792], [7.5840604, 12.8905917], [7.5840592, 12.8905644], [7.5841199, 12.8905632], [7.5841725, 12.890627], [7.5841269, 12.8906771], [7.5840581, 12.8906668], [7.5840452, 12.8907226], [7.5839355, 12.8907112], [7.5839437, 12.8906543], [7.583897, 12.8906486], [7.5838666, 12.8906725], [7.5838958, 12.8907066], [7.583681, 12.8908842], [7.5836716, 12.8908728], [7.5836529, 12.8908887], [7.5836529, 12.8909274], [7.583667, 12.8909513], [7.5836786, 12.8909468], [7.5838456, 12.8911596], [7.5838117, 12.8911892], [7.5838386, 12.8912267], [7.5838829, 12.8912358], [7.5838899, 12.8911642], [7.5840009, 12.8911698], [7.5839927, 12.8912313], [7.5840487, 12.8912381], [7.5840931, 12.891311], [7.5840359, 12.8913497], [7.5839728, 12.8913417], [7.5839705, 12.8913201], [7.5838619, 12.8913064], [7.5838608, 12.8912882], [7.5838047, 12.8912791], [7.583542, 12.890957]]]}}, {"type": "Feature", "properties": {"name": null, "name:en": null, "amenity": null, "building": "college", "operator:type": null, "capacity:persons": null, "addr:full": null, "addr:city": null, "source": null, "osm_id": 830191282, "osm_type": "ways_poly", "Analysis_Region": "North West"}, "geometry": {"type": "Polygon", "coordinates": [[[7.583845, 12.8909581], [7.5838582, 12.8908902], [7.5838882, 12.8908615], [7.5840879, 12.8908808], [7.5841179, 12.890911], [7.5841128, 12.8909903], [7.5840777, 12.8910225], [7.5838765, 12.8909987], [7.583845, 12.8909581]]]}}, {"type": "Feature", "properties": {"name": null, "name:en": null, "amenity": null, "building": "college", "operator:type": null, "capacity:persons": null, "addr:full": null, "addr:city": null, "source": null, "osm_id": 830191284, "osm_type": "ways_poly", "Analysis_Region": "North West"}, "geometry": {"type": "Polygon", "coordinates": [[[7.5849609, 12.892], [7.5850179, 12.891985], [7.5850001, 12.8919595], [7.585054, 12.8919319], [7.5850861, 12.8919829], [7.585066, 12.8919908], [7.5850902, 12.8920417], [7.5852404, 12.8920862], [7.5852699, 12.8920744], [7.5852566, 12.8920443], [7.5852828, 12.892006], [7.5853367, 12.8919895], [7.5853622, 12.8920015], [7.585376, 12.8920346], [7.5854061, 12.8920143], [7.5854723, 12.8918664], [7.5854577, 12.8918213], [7.5854338, 12.8918281], [7.585413, 12.8917823], [7.5854831, 12.891753], [7.5854916, 12.8917755], [7.5855224, 12.891762], [7.5855778, 12.8918664], [7.5854916, 12.8920924], [7.5853783, 12.8921382], [7.5854022, 12.8921825], [7.5854685, 12.8921502], [7.5855085, 12.8922095], [7.5855208, 12.8922035], [7.5856372, 12.8922463], [7.5855794, 12.8923867], [7.5856048, 12.892446], [7.5855324, 12.8924821], [7.585554, 12.8925324], [7.5856664, 12.8924903], [7.5858921, 12.8925767], [7.585946, 12.8926878], [7.5859083, 12.8927006], [7.5859075, 12.8927216], [7.5858482, 12.8927411], [7.5858259, 12.8926893], [7.5858351, 12.8926893], [7.5858259, 12.8926593], [7.5856595, 12.892591], [7.5856279, 12.8926075], [7.5856464, 12.8926443], [7.5856341, 12.892663], [7.5855886, 12.8926841], [7.5855578, 12.8926758], [7.5855393, 12.8926473], [7.5854939, 12.8926615], [7.5854469, 12.8927997], [7.5854361, 12.8928012], [7.5854346, 12.892826], [7.5854477, 12.8928583], [7.5854746, 12.892859], [7.585487, 12.8929048], [7.5854261, 12.8929318], [7.5854145, 12.8929056], [7.5853776, 12.8929281], [7.5853252, 12.8928132], [7.5854161, 12.8925872], [7.5855324, 12.8925376], [7.5855116, 12.8924896], [7.5853175, 12.8925684], [7.585289, 12.8925076], [7.5852697, 12.8925136], [7.5852112, 12.8924896], [7.5851665, 12.8923965], [7.5851989, 12.8923402], [7.5851727, 12.8922786], [7.5853783, 12.8921855], [7.5853583, 12.892148], [7.5852405, 12.8921953], [7.5850125, 12.8921089], [7.5849609, 12.892]]]}}, {"type": "Feature", "properties": {"name": null, "name:en": null, "amenity": null, "building": "college", "operator:type": null, "capacity:persons": null, "addr:full": null, "addr:city": null, "source": null, "osm_id": 830191285, "osm_type": "ways_poly", "Analysis_Region": "North West"}, "geometry": {"type": "Polygon", "coordinates": [[[7.5851226, 12.8942431], [7.5851615, 12.8942039], [7.5851401, 12.8941791], [7.5852044, 12.8941124], [7.585183, 12.8940876], [7.5852313, 12.8940222], [7.5852165, 12.8938954], [7.5857476, 12.8937974], [7.585753, 12.8938287], [7.5858079, 12.8938222], [7.5857959, 12.8936928], [7.585875, 12.8936771], [7.5860319, 12.8937843], [7.5860426, 12.8938771], [7.5859125, 12.8938967], [7.5860131, 12.8944641], [7.585879, 12.8944928], [7.5858428, 12.8945412], [7.5858187, 12.8945268], [7.5857503, 12.8946301], [7.5857235, 12.894604], [7.5856872, 12.8946549], [7.5853466, 12.8947059], [7.5852755, 12.8947177], [7.5851897, 12.8946562], [7.5851226, 12.8942431]]]}}, {"type": "Feature", "properties": {"name": null, "name:en": null, "amenity": null, "building": "college", "operator:type": null, "capacity:persons": null, "addr:full": null, "addr:city": null, "source": null, "osm_id": 830191286, "osm_type": "ways_poly", "Analysis_Region": "North West"}, "geometry": {"type": "Polygon", "coordinates": [[[7.5853807, 12.8943621], [7.5854939, 12.8942225], [7.5855401, 12.8942142], [7.5856102, 12.894257], [7.5856171, 12.8943005], [7.5854993, 12.894459], [7.5854538, 12.894465], [7.5853822, 12.8944184], [7.5853807, 12.8943621]]]}}, {"type": "Feature", "properties": {"name": "Government Secondary School", "name:en": null, "amenity": "school", "building": null, "operator:type": "public", "capacity:persons": null, "addr:full": null, "addr:city": null, "source": null, "osm_id": 1356463014, "osm_type": "ways_poly", "Analysis_Region": "North West"}, "geometry": {"type": "Polygon", "coordinates": [[[7.5034327, 8.9727854], [7.5043362, 8.9716268], [7.504793, 8.971885], [7.5050685, 8.9729842], [7.5051735, 8.9738632], [7.5051956, 8.974083], [7.5053254, 8.9742094], [7.5049928, 8.9745175], [7.504583, 8.9741279], [7.5043236, 8.9738254], [7.5042552, 8.9737495], [7.5040164, 8.9734846], [7.5034327, 8.9727854]]]}}, {"type": "Feature", "properties": {"name": null, "name:en": null, "amenity": null, "building": "school", "operator:type": null, "capacity:persons": null, "addr:full": null, "addr:city": null, "source": null, "osm_id": 1239690053, "osm_type": "ways_poly", "Analysis_Region": "North West"}, "geometry": {"type": "Polygon", "coordinates": [[[7.4745756, 9.0099255], [7.4746768, 9.0099045], [7.4747376, 9.0101696], [7.4746295, 9.0101906], [7.4745756, 9.0099255]]]}}, {"type": "Feature", "properties": {"name": null, "name:en": null, "amenity": null, "building": "school", "operator:type": null, "capacity:persons": null, "addr:full": null, "addr:city": null, "source": null, "osm_id": 1239690054, "osm_type": "ways_poly", "Analysis_Region": "North West"}, "geometry": {"type": "Polygon", "coordinates": [[[7.4743608, 9.0102343], [7.4746421, 9.010217], [7.4746452, 9.0103025], [7.474367, 9.0103187], [7.4743608, 9.0102343]]]}}, {"type": "Feature", "properties": {"name": null, "name:en": null, "amenity": null, "building": "school", "operator:type": null, "capacity:persons": null, "addr:full": null, "addr:city": null, "source": null, "osm_id": 1239690055, "osm_type": "ways_poly", "Analysis_Region": "North West"}, "geometry": {"type": "Polygon", "coordinates": [[[7.4747315, 9.0099634], [7.4747959, 9.0098763], [7.4750206, 9.0100345], [7.4749538, 9.0101211], [7.4747315, 9.0099634]]]}}, {"type": "Feature", "properties": {"name": null, "name:en": null, "amenity": null, "building": "school", "operator:type": null, "capacity:persons": null, "addr:full": null, "addr:city": null, "source": null, "osm_id": 1239690057, "osm_type": "ways_poly", "Analysis_Region": "North West"}, "geometry": {"type": "Polygon", "coordinates": [[[7.4747164, 9.0105104], [7.4747367, 9.0104576], [7.4749097, 9.0103035], [7.4749265, 9.0103125], [7.4749483, 9.0102882], [7.4750024, 9.0103507], [7.4748148, 9.0105256], [7.4747585, 9.0105513], [7.4747164, 9.0105104]]]}}, {"type": "Feature", "properties": {"name": null, "name:en": null, "amenity": null, "building": "school", "operator:type": null, "capacity:persons": null, "addr:full": null, "addr:city": null, "source": null, "osm_id": 1239690058, "osm_type": "ways_poly", "Analysis_Region": "North West"}, "geometry": {"type": "Polygon", "coordinates": [[[7.4745709, 9.0106166], [7.4745859, 9.0105645], [7.4746475, 9.0103507], [7.4747487, 9.0103701], [7.4746714, 9.0106437], [7.4745709, 9.0106166]]]}}, {"type": "Feature", "properties": {"name": null, "name:en": null, "amenity": null, "building": "school", "operator:type": null, "capacity:persons": null, "addr:full": null, "addr:city": null, "source": null, "osm_id": 1239690059, "osm_type": "ways_poly", "Analysis_Region": "North West"}, "geometry": {"type": "Polygon", "coordinates": [[[7.4743333, 9.0104132], [7.4744085, 9.0103521], [7.4745859, 9.0105645], [7.4745076, 9.010627], [7.4743333, 9.0104132]]]}}, {"type": "Feature", "properties": {"name": "Nigerian Army University, Biu", "name:en": null, "amenity": "university", "building": null, "operator:type": null, "capacity:persons": null, "addr:full": null, "addr:city": null, "source": null, "osm_id": 1104677180, "osm_type": "ways_poly", "Analysis_Region": "North East"}, "geometry": {"type": "Polygon", "coordinates": [[[12.127645, 10.614396], [12.1291558, 10.613005], [12.1295706, 10.6096024], [12.1298853, 10.6075495], [12.1316592, 10.6053139], [12.1344201, 10.6017284], [12.1369092, 10.5993239], [12.1391121, 10.5985787], [12.1407858, 10.5957384], [12.1458928, 10.5909716], [12.1506925, 10.5882844], [12.1573873, 10.585219], [12.1627376, 10.5855704], [12.1630374, 10.5870656], [12.163608, 10.5899953], [12.1656723, 10.5927443], [12.1658449, 10.5929788], [12.1671692, 10.5950058], [12.1697978, 10.5982508], [12.1702551, 10.5989944], [12.1705122, 10.5995766], [12.1708531, 10.600478], [12.1710841, 10.6031974], [12.1707372, 10.6046219], [12.1702957, 10.6055946], [12.1694634, 10.6069215], [12.1686869, 10.6082634], [12.1669715, 10.6110668], [12.1659717, 10.6112264], [12.1657908, 10.6117027], [12.1657265, 10.61196], [12.165563, 10.6124482], [12.1659174, 10.6128759], [12.1635949, 10.6166419], [12.1633709, 10.6164739], [12.163194, 10.6167404], [12.1634062, 10.6169084], [12.162656, 10.6185263], [12.1614253, 10.6211097], [12.1604227, 10.6210692], [12.1603355, 10.6210657], [12.1567303, 10.6209316], [12.1558723, 10.6209061], [12.1533992, 10.6207343], [12.1516694, 10.6206029], [12.1517048, 10.6203406], [12.1513324, 10.6203147], [12.1512948, 10.6205698], [12.1493161, 10.6202297], [12.1494252, 10.6198821], [12.1486202, 10.6195642], [12.1484396, 10.6200633], [12.1466734, 10.6197365], [12.1458816, 10.6196085], [12.1441406, 10.6193206], [12.142939, 10.61902], [12.1426118, 10.6189726], [12.1424079, 10.6189778], [12.1419305, 10.6188355], [12.1406108, 10.6185982], [12.1357453, 10.6177441], [12.1341031, 10.6173342], [12.1338624, 10.6172853], [12.131891, 10.6169441], [12.1316871, 10.6168652], [12.1312607, 10.6167001], [12.1299625, 10.6160252], [12.1297991, 10.6159125], [12.127645, 10.614396]]]}}, {"type": "Feature", "properties": {"name": "Kirfin Sama Primary School", "name:en": null, "amenity": "school", "building": null, "operator:type": "government", "capacity:persons": null, "addr:full": null, "addr:city": null, "source": "Nigerian Red Cross Society", "osm_id": 1330918523, "osm_type": "ways_poly", "Analysis_Region": "North East"}, "geometry": {"type": "Polygon", "coordinates": [[[10.4207426, 10.4078635], [10.4208535, 10.407615], [10.4212713, 10.4077556], [10.4211395, 10.4080804], [10.4209521, 10.4080344], [10.420771, 10.4079495], [10.4207426, 10.4078635]]]}}, {"type": "Feature", "properties": {"name": null, "name:en": null, "amenity": null, "building": "school", "operator:type": null, "capacity:persons": null, "addr:full": null, "addr:city": null, "source": "microsoft/BuildingFootprints", "osm_id": 1052504588, "osm_type": "ways_poly", "Analysis_Region": "North East"}, "geometry": {"type": "Polygon", "coordinates": [[[10.4208344, 10.4077148], [10.4208536, 10.407632], [10.4210015, 10.407665], [10.4209986, 10.4076776], [10.4210343, 10.4076855], [10.4210181, 10.4077558], [10.4208344, 10.4077148]]]}}, {"type": "Feature", "properties": {"name": null, "name:en": null, "amenity": null, "building": "school", "operator:type": null, "capacity:persons": null, "addr:full": null, "addr:city": null, "source": "microsoft/BuildingFootprints", "osm_id": 1052504589, "osm_type": "ways_poly", "Analysis_Region": "North East"}, "geometry": {"type": "Polygon", "coordinates": [[[10.4207832, 10.4079316], [10.4208311, 10.4078391], [10.4209965, 10.4079221], [10.4209487, 10.4080145], [10.4207832, 10.4079316]]]}}, {"type": "Feature", "properties": {"name": null, "name:en": null, "amenity": null, "building": "school", "operator:type": null, "capacity:persons": null, "addr:full": null, "addr:city": null, "source": "microsoft/BuildingFootprints", "osm_id": 1052504605, "osm_type": "ways_poly", "Analysis_Region": "North East"}, "geometry": {"type": "Polygon", "coordinates": [[[10.4210436, 10.4077706], [10.4210719, 10.4076922], [10.4212488, 10.4077541], [10.4212204, 10.4078325], [10.4210436, 10.4077706]]]}}, {"type": "Feature", "properties": {"name": null, "name:en": null, "amenity": null, "building": "school", "operator:type": null, "capacity:persons": null, "addr:full": null, "addr:city": null, "source": "microsoft/BuildingFootprints", "osm_id": 1052504607, "osm_type": "ways_poly", "Analysis_Region": "North East"}, "geometry": {"type": "Polygon", "coordinates": [[[10.4209653, 10.4080155], [10.4209864, 10.4079496], [10.4211414, 10.4079977], [10.4211202, 10.4080637], [10.4209653, 10.4080155]]]}}, {"type": "Feature", "properties": {"name": "Community School in Komta Community, Women and Children Primary School Billiri", "name:en": null, "amenity": null, "building": "school", "operator:type": null, "capacity:persons": null, "addr:full": null, "addr:city": null, "source": null, "osm_id": 1456467007, "osm_type": "ways_poly", "Analysis_Region": "North East"}, "geometry": {"type": "Polygon", "coordinates": [[[11.2124635, 9.8796377], [11.2125875, 9.8794855], [11.2126506, 9.8795354], [11.2125266, 9.8796876], [11.2124635, 9.8796377]]]}}, {"type": "Feature", "properties": {"name": "Universal basic education", "name:en": null, "amenity": "school", "building": null, "operator:type": null, "capacity:persons": null, "addr:full": null, "addr:city": null, "source": null, "osm_id": 586657406, "osm_type": "ways_poly", "Analysis_Region": "North East"}, "geometry": {"type": "Polygon", "coordinates": [[[13.1378997, 11.8357233], [13.1380445, 11.8347769], [13.1391206, 11.8350159], [13.139254, 11.8351781], [13.1388219, 11.8359065], [13.1378997, 11.8357233]]]}}, {"type": "Feature", "properties": {"name": null, "name:en": null, "amenity": "school", "building": null, "operator:type": null, "capacity:persons": null, "addr:full": null, "addr:city": null, "source": null, "osm_id": 322402599, "osm_type": "ways_poly", "Analysis_Region": "North East"}, "geometry": {"type": "Polygon", "coordinates": [[[13.8593257, 13.1169809], [13.8593591, 13.1158765], [13.8605467, 13.1158507], [13.8606039, 13.1168114], [13.8601575, 13.1169802], [13.8593257, 13.1169809]]]}}, {"type": "Feature", "properties": {"name": null, "name:en": null, "amenity": "school", "building": null, "operator:type": null, "capacity:persons": null, "addr:full": null, "addr:city": null, "source": null, "osm_id": 510581798, "osm_type": "ways_poly", "Analysis_Region": "North East"}, "geometry": {"type": "Polygon", "coordinates": [[[11.0938407, 11.7296847], [11.0951655, 11.7277087], [11.095214, 11.72763], [11.0955138, 11.7277883], [11.0955883, 11.7276601], [11.0958156, 11.7277781], [11.0975472, 11.7286469], [11.0961545, 11.7312835], [11.0938407, 11.7296847]]]}}, {"type": "Feature", "properties": {"name": null, "name:en": null, "amenity": "school", "building": null, "operator:type": null, "capacity:persons": null, "addr:full": null, "addr:city": null, "source": null, "osm_id": 554066086, "osm_type": "ways_poly", "Analysis_Region": "North West"}, "geometry": {"type": "Polygon", "coordinates": [[[5.9848331, 9.0882085], [5.9848582, 9.0878131], [5.9853336, 9.0877983], [5.9859893, 9.0878576], [5.986685, 9.0890932], [5.9854087, 9.0896714], [5.9850884, 9.0890314], [5.9852536, 9.088935], [5.9848331, 9.0882085]]]}}, {"type": "Feature", "properties": {"name": null, "name:en": null, "amenity": null, "building": "school", "operator:type": null, "capacity:persons": null, "addr:full": null, "addr:city": null, "source": null, "osm_id": 544771416, "osm_type": "ways_poly", "Analysis_Region": "North West"}, "geometry": {"type": "Polygon", "coordinates": [[[5.9860119, 9.0888675], [5.9864296, 9.0886276], [5.9865049, 9.0887555], [5.9860872, 9.0889953], [5.9860119, 9.0888675]]]}}, {"type": "Feature", "properties": {"name": null, "name:en": null, "amenity": "school", "building": null, "operator:type": null, "capacity:persons": null, "addr:full": null, "addr:city": null, "source": "Bing", "osm_id": 411277583, "osm_type": "ways_poly", "Analysis_Region": "North West"}, "geometry": {"type": "Polygon", "coordinates": [[[7.895632, 13.3414575], [7.8965573, 13.3415697], [7.8965679, 13.3423371], [7.89564, 13.3423213], [7.895632, 13.3414575]]]}}, {"type": "Feature", "properties": {"name": null, "name:en": null, "amenity": null, "building": "school", "operator:type": null, "capacity:persons": null, "addr:full": null, "addr:city": null, "source": null, "osm_id": 1181006171, "osm_type": "ways_poly", "Analysis_Region": "North West"}, "geometry": {"type": "Polygon", "coordinates": [[[8.4122866, 8.9121363], [8.4123234, 8.911818], [8.4127087, 8.9118615], [8.4126992, 8.9119431], [8.4124006, 8.9119095], [8.4123732, 8.912146], [8.4122866, 8.9121363]]]}}, {"type": "Feature", "properties": {"name": null, "name:en": null, "amenity": null, "building": "school", "operator:type": null, "capacity:persons": null, "addr:full": null, "addr:city": null, "source": null, "osm_id": 1181006172, "osm_type": "ways_poly", "Analysis_Region": "North West"}, "geometry": {"type": "Polygon", "coordinates": [[[8.4127195, 8.9119495], [8.4127314, 8.9118542], [8.4129285, 8.9118782], [8.4129166, 8.9119735], [8.4127195, 8.9119495]]]}}, {"type": "Feature", "properties": {"name": "Central Pilot Primary School Akwanga", "name:en": null, "amenity": null, "building": "school", "operator:type": null, "capacity:persons": null, "addr:full": null, "addr:city": null, "source": null, "osm_id": 1181006173, "osm_type": "ways_poly", "Analysis_Region": "North West"}, "geometry": {"type": "Polygon", "coordinates": [[[8.412956, 8.9119753], [8.4129643, 8.9118942], [8.4134924, 8.9119469], [8.4134841, 8.9120279], [8.412956, 8.9119753]]]}}, {"type": "Feature", "properties": {"name": null, "name:en": null, "amenity": null, "building": "school", "operator:type": null, "capacity:persons": null, "addr:full": null, "addr:city": null, "source": null, "osm_id": 1181006174, "osm_type": "ways_poly", "Analysis_Region": "North West"}, "geometry": {"type": "Polygon", "coordinates": [[[8.4135437, 8.9120433], [8.4135497, 8.9119593], [8.4138254, 8.9119785], [8.4138194, 8.9120625], [8.4135437, 8.9120433]]]}}, {"type": "Feature", "properties": {"name": null, "name:en": null, "amenity": null, "building": "school", "operator:type": null, "capacity:persons": null, "addr:full": null, "addr:city": null, "source": null, "osm_id": 1181006175, "osm_type": "ways_poly", "Analysis_Region": "North West"}, "geometry": {"type": "Polygon", "coordinates": [[[8.4138407, 8.9120611], [8.4138511, 8.9119712], [8.4139957, 8.9119874], [8.4139854, 8.9120773], [8.4138407, 8.9120611]]]}}, {"type": "Feature", "properties": {"name": null, "name:en": null, "amenity": null, "building": "school", "operator:type": null, "capacity:persons": null, "addr:full": null, "addr:city": null, "source": null, "osm_id": 1181006176, "osm_type": "ways_poly", "Analysis_Region": "North West"}, "geometry": {"type": "Polygon", "coordinates": [[[8.4139247, 8.912115], [8.4140052, 8.9121362], [8.4140553, 8.9124984], [8.4139791, 8.9125087], [8.4139247, 8.912115]]]}}, {"type": "Feature", "properties": {"name": null, "name:en": null, "amenity": null, "building": "school", "operator:type": null, "capacity:persons": null, "addr:full": null, "addr:city": null, "source": null, "osm_id": 1181006177, "osm_type": "ways_poly", "Analysis_Region": "North West"}, "geometry": {"type": "Polygon", "coordinates": [[[8.4137924, 8.9116513], [8.4138509, 8.9116361], [8.4138998, 8.9118194], [8.4138413, 8.9118346], [8.4137924, 8.9116513]]]}}, {"type": "Feature", "properties": {"name": null, "name:en": null, "amenity": null, "building": "school", "operator:type": null, "capacity:persons": null, "addr:full": null, "addr:city": null, "source": null, "osm_id": 1236052982, "osm_type": "ways_poly", "Analysis_Region": "North West"}, "geometry": {"type": "Polygon", "coordinates": [[[8.4121093, 8.9125525], [8.4121654, 8.9121281], [8.4122775, 8.9121696], [8.4122401, 8.9125664], [8.4121093, 8.9125525]]]}}, {"type": "Feature", "properties": {"name": null, "name:en": null, "amenity": null, "building": "school", "operator:type": null, "capacity:persons": null, "addr:full": null, "addr:city": null, "source": null, "osm_id": 1236052983, "osm_type": "ways_poly", "Analysis_Region": "North West"}, "geometry": {"type": "Polygon", "coordinates": [[[8.4132909, 8.9116067], [8.4133095, 8.9115329], [8.4133973, 8.9115273], [8.4135991, 8.9115145], [8.4135944, 8.911579], [8.4132909, 8.9116067]]]}}, {"type": "Feature", "properties": {"name": null, "name:en": null, "amenity": null, "building": "school", "operator:type": null, "capacity:persons": null, "addr:full": null, "addr:city": null, "source": null, "osm_id": 1236052984, "osm_type": "ways_poly", "Analysis_Region": "North West"}, "geometry": {"type": "Polygon", "coordinates": [[[8.4133469, 8.9114914], [8.4135897, 8.9114591], [8.4135991, 8.9115145], [8.4133973, 8.9115273], [8.4133469, 8.9114914]]]}}, {"type": "Feature", "properties": {"name": "Yobe State University", "name:en": null, "amenity": "university", "building": null, "operator:type": null, "capacity:persons": null, "addr:full": null, "addr:city": null, "source": null, "osm_id": 845940671, "osm_type": "ways_poly", "Analysis_Region": "North East"}, "geometry": {"type": "Polygon", "coordinates": [[[11.9339633, 11.6803011], [11.9433939, 11.6779476], [11.9423211, 11.6743963], [11.9409156, 11.6723265], [11.9377828, 11.6730357], [11.9355726, 11.6728991], [11.9348752, 11.6726522], [11.9350201, 11.6715174], [11.9355994, 11.6712758], [11.9369996, 11.6715253], [11.9378203, 11.6710709], [11.9374368, 11.6700097], [11.9371229, 11.6688644], [11.9371766, 11.6685282], [11.9383728, 11.6682182], [11.9407332, 11.6696577], [11.9444239, 11.6696472], [11.9487798, 11.6686805], [11.9515157, 11.6696157], [11.9539082, 11.6712968], [11.9542408, 11.6729569], [11.9522989, 11.6750162], [11.9538438, 11.6788092], [11.9548523, 11.6828648], [11.9541711, 11.6843514], [11.9503194, 11.6858066], [11.9488925, 11.6864422], [11.948753, 11.6879026], [11.9484258, 11.6897044], [11.9482112, 11.6903874], [11.9476104, 11.6920894], [11.9471008, 11.6925359], [11.947031, 11.6934814], [11.9486028, 11.693576], [11.9488174, 11.6947527], [11.9505823, 11.6943062], [11.9508719, 11.6945216], [11.9500726, 11.6957823], [11.9493377, 11.696192], [11.9491231, 11.6971743], [11.9485384, 11.6976629], [11.9474548, 11.6986714], [11.9472027, 11.6978835], [11.9468057, 11.6969485], [11.9463229, 11.6952517], [11.9452178, 11.6955827], [11.9439894, 11.6961027], [11.9428843, 11.6964389], [11.9418812, 11.6961868], [11.9410121, 11.6956772], [11.940127, 11.6945583], [11.9397998, 11.6932976], [11.9393384, 11.6911333], [11.9393706, 11.6901457], [11.9406044, 11.6899986], [11.9412374, 11.690629], [11.9426751, 11.6899671], [11.9414306, 11.687351], [11.9409478, 11.6855965], [11.9430613, 11.6850396], [11.944896, 11.6836948], [11.9442308, 11.6824025], [11.9356048, 11.6839679], [11.9339633, 11.6803011]]]}}, {"type": "Feature", "properties": {"name": "shalom primary and secondary school pil gani", "name:en": null, "amenity": null, "building": "school", "operator:type": null, "capacity:persons": null, "addr:full": null, "addr:city": null, "source": null, "osm_id": 1312099590, "osm_type": "ways_poly", "Analysis_Region": "North East"}, "geometry": {"type": "Polygon", "coordinates": [[[9.8884549, 9.1921634], [9.8884945, 9.192127], [9.8885016, 9.1921382], [9.8885609, 9.1921112], [9.8885855, 9.1921453], [9.8885922, 9.1921704], [9.8886205, 9.1922137], [9.8885412, 9.1922766], [9.8885101, 9.1922346], [9.888479, 9.1922486], [9.8884648, 9.1922109], [9.8884549, 9.1921634]]]}}, {"type": "Feature", "properties": {"name": "admin block", "name:en": null, "amenity": null, "building": "school", "operator:type": null, "capacity:persons": null, "addr:full": null, "addr:city": null, "source": null, "osm_id": 220240014, "osm_type": "ways_poly", "Analysis_Region": "North East"}, "geometry": {"type": "Polygon", "coordinates": [[[11.1714489, 10.2606386], [11.1715174, 10.2604789], [11.171663, 10.2605253], [11.1715696, 10.2606914], [11.1714489, 10.2606386]]]}}, {"type": "Feature", "properties": {"name": "Federal University Dutsin Ma - Take off Campus", "name:en": null, "amenity": "university", "building": null, "operator:type": null, "capacity:persons": null, "addr:full": null, "addr:city": "Dutsin Ma", "source": "www.steadfast.com.ng", "osm_id": 392753879, "osm_type": "ways_poly", "Analysis_Region": "North West"}, "geometry": {"type": "Polygon", "coordinates": [[[7.4833993, 12.4732938], [7.4836139, 12.4711253], [7.4876587, 12.4713453], [7.488238, 12.4734509], [7.4848584, 12.4743727], [7.4833993, 12.4732938]]]}}, {"type": "Feature", "properties": {"name": null, "name:en": null, "amenity": null, "building": "school", "operator:type": null, "capacity:persons": null, "addr:full": null, "addr:city": null, "source": null, "osm_id": 670313529, "osm_type": "ways_poly", "Analysis_Region": "North West"}, "geometry": {"type": "Polygon", "coordinates": [[[8.1077734, 9.4749846], [8.1077868, 9.4748893], [8.1078525, 9.4749015], [8.1079933, 9.4749277], [8.1079799, 9.4750282], [8.1077734, 9.4749846]]]}}, {"type": "Feature", "properties": {"name": "Government Secondary School Fori", "name:en": null, "amenity": null, "building": "school", "operator:type": null, "capacity:persons": null, "addr:full": null, "addr:city": null, "source": null, "osm_id": 670313531, "osm_type": "ways_poly", "Analysis_Region": "North West"}, "geometry": {"type": "Polygon", "coordinates": [[[8.1077439, 9.4754343], [8.1077841, 9.4753285], [8.1079611, 9.4753893], [8.1079155, 9.4754952], [8.1077439, 9.4754343]]]}}, {"type": "Feature", "properties": {"name": null, "name:en": null, "amenity": null, "building": "school", "operator:type": null, "capacity:persons": null, "addr:full": null, "addr:city": null, "source": null, "osm_id": 670313542, "osm_type": "ways_poly", "Analysis_Region": "North West"}, "geometry": {"type": "Polygon", "coordinates": [[[8.2126115, 9.5614615], [8.2128409, 9.5611983], [8.2128972, 9.5612539], [8.2126732, 9.5615157], [8.2126115, 9.5614615]]]}}, {"type": "Feature", "properties": {"name": null, "name:en": null, "amenity": null, "building": "school", "operator:type": null, "capacity:persons": null, "addr:full": null, "addr:city": null, "source": null, "osm_id": 670313543, "osm_type": "ways_poly", "Analysis_Region": "North West"}, "geometry": {"type": "Polygon", "coordinates": [[[8.2128972, 9.5616929], [8.2131211, 9.5614298], [8.2131976, 9.5614813], [8.2129562, 9.5617472], [8.2128972, 9.5616929]]]}}, {"type": "Feature", "properties": {"name": "Government Secondary School Afana Bajju", "name:en": null, "amenity": null, "building": "school", "operator:type": null, "capacity:persons": null, "addr:full": null, "addr:city": null, "source": null, "osm_id": 670313544, "osm_type": "ways_poly", "Analysis_Region": "North West"}, "geometry": {"type": "Polygon", "coordinates": [[[8.2125512, 9.5616215], [8.2126196, 9.5615726], [8.2127081, 9.5616929], [8.212633, 9.5617472], [8.2125512, 9.5616215]]]}}, {"type": "Feature", "properties": {"name": "Government Secondary School Fadan Kagoma", "name:en": null, "amenity": "school", "building": null, "operator:type": null, "capacity:persons": null, "addr:full": null, "addr:city": null, "source": null, "osm_id": 670313536, "osm_type": "ways_poly", "Analysis_Region": "North West"}, "geometry": {"type": "Polygon", "coordinates": [[[8.1621431, 9.4860245], [8.1621766, 9.4859214], [8.1623483, 9.4859743], [8.1623402, 9.4859981], [8.1623858, 9.4860113], [8.1623738, 9.4860563], [8.162705, 9.4861846], [8.1627157, 9.4861489], [8.162756, 9.4861661], [8.1627707, 9.4861357], [8.1629303, 9.4862018], [8.1628941, 9.4862957], [8.1628096, 9.486264], [8.1628029, 9.4862891], [8.1627747, 9.4862825], [8.1627654, 9.486305], [8.1627439, 9.4862917], [8.1627077, 9.486391], [8.1626084, 9.4863566], [8.1626366, 9.4862745], [8.1623496, 9.4861661], [8.1623174, 9.4862415], [8.1622276, 9.4862084], [8.1622638, 9.4861118], [8.162249, 9.4861066], [8.1622598, 9.4860867], [8.1622235, 9.4860748], [8.1622303, 9.4860536], [8.1621431, 9.4860245]]]}}, {"type": "Feature", "properties": {"name": null, "name:en": null, "amenity": null, "building": "university", "operator:type": null, "capacity:persons": null, "addr:full": null, "addr:city": null, "source": null, "osm_id": 815316447, "osm_type": "ways_poly", "Analysis_Region": "North West"}, "geometry": {"type": "Polygon", "coordinates": [[[7.2013172, 9.2008982], [7.2014059, 9.2008897], [7.2014262, 9.2009331], [7.2013783, 9.2009462], [7.2013863, 9.2010276], [7.2013384, 9.2010368], [7.2013172, 9.2008982]]]}}, {"type": "Feature", "properties": {"name": null, "name:en": null, "amenity": null, "building": "college", "operator:type": null, "capacity:persons": null, "addr:full": null, "addr:city": null, "source": null, "osm_id": 815265064, "osm_type": "ways_poly", "Analysis_Region": "North West"}, "geometry": {"type": "Polygon", "coordinates": [[[7.2112063, 9.2261654], [7.2112623, 9.2260338], [7.2113802, 9.2260834], [7.2113106, 9.2262188], [7.2112063, 9.2261654]]]}}, {"type": "Feature", "properties": {"name": "Rochas Foundation College, Jos", "name:en": null, "amenity": "school", "building": null, "operator:type": null, "capacity:persons": null, "addr:full": null, "addr:city": null, "source": null, "osm_id": 560719202, "osm_type": "ways_poly", "Analysis_Region": "North West"}, "geometry": {"type": "Polygon", "coordinates": [[[8.8752808, 9.8759926], [8.8769526, 9.8753338], [8.8771829, 9.875934], [8.8778591, 9.8766221], [8.8784461, 9.8774932], [8.8783346, 9.8776543], [8.8783792, 9.87783], [8.8783643, 9.8779398], [8.8783123, 9.8780569], [8.8781935, 9.8781887], [8.8779408, 9.8783351], [8.8776956, 9.8784668], [8.8764783, 9.8789758], [8.8752808, 9.8759926]]]}}, {"type": "Feature", "properties": {"name": null, "name:en": null, "amenity": null, "building": "university", "operator:type": null, "capacity:persons": null, "addr:full": null, "addr:city": null, "source": null, "osm_id": 619270901, "osm_type": "ways_poly", "Analysis_Region": "North West"}, "geometry": {"type": "Polygon", "coordinates": [[[4.5194211, 7.5178032], [4.5200069, 7.5177243], [4.5200167, 7.5177959], [4.5200067, 7.5178032], [4.5194317, 7.5178806], [4.5194211, 7.5178032]]]}}, {"type": "Feature", "properties": {"name": null, "name:en": null, "amenity": null, "building": "university", "operator:type": null, "capacity:persons": null, "addr:full": null, "addr:city": null, "source": null, "osm_id": 619270911, "osm_type": "ways_poly", "Analysis_Region": "North West"}, "geometry": {"type": "Polygon", "coordinates": [[[4.5178698, 7.5191932], [4.5184553, 7.5191084], [4.5184652, 7.5191777], [4.5184676, 7.5191926], [4.5178822, 7.5192773], [4.5178698, 7.5191932]]]}}, {"type": "Feature", "properties": {"name": null, "name:en": null, "amenity": null, "building": "university", "operator:type": null, "capacity:persons": null, "addr:full": null, "addr:city": null, "source": null, "osm_id": 616403567, "osm_type": "ways_poly", "Analysis_Region": "North West"}, "geometry": {"type": "Polygon", "coordinates": [[[4.5145792, 7.5176847], [4.5146743, 7.5176707], [4.5147806, 7.5176551], [4.5148709, 7.5176418], [4.514965, 7.518271], [4.514874, 7.5182844], [4.5147878, 7.5177078], [4.5146814, 7.5177234], [4.5147677, 7.5183008], [4.5146735, 7.5183147], [4.5145792, 7.5176847]]]}}, {"type": "Feature", "properties": {"name": null, "name:en": null, "amenity": null, "building": "university", "operator:type": null, "capacity:persons": null, "addr:full": null, "addr:city": null, "source": null, "osm_id": 616403570, "osm_type": "ways_poly", "Analysis_Region": "North West"}, "geometry": {"type": "Polygon", "coordinates": [[[4.5147806, 7.5183227], [4.5148712, 7.5183092], [4.5149603, 7.5188953], [4.5150635, 7.5188799], [4.5149743, 7.5182931], [4.5150647, 7.5182796], [4.5151609, 7.5189126], [4.5150717, 7.5189259], [4.5149653, 7.5189418], [4.5148767, 7.5189551], [4.5147806, 7.5183227]]]}}, {"type": "Feature", "properties": {"name": "Olumayokun Nursery and Primary School", "name:en": null, "amenity": "school", "building": null, "operator:type": null, "capacity:persons": null, "addr:full": null, "addr:city": null, "source": null, "osm_id": 205737235, "osm_type": "ways_poly", "Analysis_Region": "North West"}, "geometry": {"type": "Polygon", "coordinates": [[[4.7984263, 8.2771758], [4.7987133, 8.2770802], [4.7988152, 8.2776323], [4.7985615, 8.2776956], [4.7984263, 8.2771758]]]}}, {"type": "Feature", "properties": {"name": "Mary Travis", "name:en": null, "amenity": "school", "building": null, "operator:type": null, "capacity:persons": null, "addr:full": null, "addr:city": null, "source": null, "osm_id": 500109319, "osm_type": "ways_poly", "Analysis_Region": "North West"}, "geometry": {"type": "Polygon", "coordinates": [[[7.4632422, 10.541677], [7.4638052, 10.5416386], [7.4638149, 10.5422167], [7.4632646, 10.5422379], [7.4632422, 10.541677]]]}}, {"type": "Feature", "properties": {"name": "Legacy School", "name:en": null, "amenity": "school", "building": null, "operator:type": null, "capacity:persons": null, "addr:full": null, "addr:city": null, "source": null, "osm_id": 500110673, "osm_type": "ways_poly", "Analysis_Region": "North West"}, "geometry": {"type": "Polygon", "coordinates": [[[7.4692981, 10.5348411], [7.4693388, 10.5346984], [7.4702289, 10.5346602], [7.4701348, 10.5350612], [7.469655, 10.5351091], [7.4692981, 10.5348411]]]}}, {"type": "Feature", "properties": {"name": "ziebok High school", "name:en": null, "amenity": "school", "building": null, "operator:type": null, "capacity:persons": null, "addr:full": null, "addr:city": "jos", "source": null, "osm_id": 1180559839, "osm_type": "ways_poly", "Analysis_Region": "North West"}, "geometry": {"type": "Polygon", "coordinates": [[[8.8562354, 9.863935], [8.8565161, 9.8633549], [8.8569372, 9.8627545], [8.8573685, 9.8629839], [8.8572864, 9.8631255], [8.8575192, 9.8632638], [8.8576595, 9.8631188], [8.8577246, 9.8631559], [8.8572761, 9.8643229], [8.8567215, 9.8642588], [8.8562354, 9.863935]]]}}, {"type": "Feature", "properties": {"name": null, "name:en": null, "amenity": null, "building": "school", "operator:type": null, "capacity:persons": null, "addr:full": null, "addr:city": null, "source": null, "osm_id": 750727515, "osm_type": "ways_poly", "Analysis_Region": "North West"}, "geometry": {"type": "Polygon", "coordinates": [[[7.4390293, 9.0563602], [7.439378, 9.0563178], [7.439398, 9.0565534], [7.4390454, 9.0565827], [7.4390293, 9.0563602]]]}}, {"type": "Feature", "properties": {"name": null, "name:en": null, "amenity": "school", "building": null, "operator:type": null, "capacity:persons": null, "addr:full": null, "addr:city": null, "source": null, "osm_id": 543230327, "osm_type": "ways_poly", "Analysis_Region": "North West"}, "geometry": {"type": "Polygon", "coordinates": [[[7.5493429, 8.9432722], [7.5498901, 8.9433994], [7.5499598, 8.9431027], [7.5505177, 8.9432828], [7.5502871, 8.943675], [7.5499438, 8.9440406], [7.5502924, 8.9445811], [7.5498633, 8.9448461], [7.5494127, 8.9451693], [7.5493483, 8.9447878], [7.549359, 8.9446871], [7.5493751, 8.9446288], [7.5493537, 8.9445546], [7.5493429, 8.943728], [7.5493429, 8.9432722]]]}}, {"type": "Feature", "properties": {"name": null, "name:en": null, "amenity": null, "building": "school", "operator:type": null, "capacity:persons": null, "addr:full": null, "addr:city": null, "source": null, "osm_id": 926160058, "osm_type": "ways_poly", "Analysis_Region": "North West"}, "geometry": {"type": "Polygon", "coordinates": [[[7.4259417, 8.9855262], [7.4259437, 8.9854911], [7.4260081, 8.9854947], [7.4260061, 8.9855298], [7.4259417, 8.9855262]]]}}, {"type": "Feature", "properties": {"name": null, "name:en": null, "amenity": null, "building": "school", "operator:type": null, "capacity:persons": null, "addr:full": null, "addr:city": null, "source": null, "osm_id": 927072897, "osm_type": "ways_poly", "Analysis_Region": "North West"}, "geometry": {"type": "Polygon", "coordinates": [[[7.4259948, 8.987008], [7.4260341, 8.9868588], [7.4263074, 8.9869292], [7.4262929, 8.9869842], [7.4261036, 8.9869354], [7.4260908, 8.9869836], [7.4262355, 8.9870208], [7.4262233, 8.9870669], [7.4259948, 8.987008]]]}}, {"type": "Feature", "properties": {"name": null, "name:en": null, "amenity": null, "building": "school", "operator:type": null, "capacity:persons": null, "addr:full": null, "addr:city": null, "source": null, "osm_id": 942207487, "osm_type": "ways_poly", "Analysis_Region": "North West"}, "geometry": {"type": "Polygon", "coordinates": [[[7.4254083, 8.9941031], [7.4254265, 8.9940425], [7.4254748, 8.9940566], [7.4254676, 8.9940806], [7.425489, 8.9940868], [7.4254779, 8.9941236], [7.4254083, 8.9941031]]]}}, {"type": "Feature", "properties": {"name": null, "name:en": null, "amenity": null, "building": "school", "operator:type": null, "capacity:persons": null, "addr:full": null, "addr:city": null, "source": null, "osm_id": 942207488, "osm_type": "ways_poly", "Analysis_Region": "North West"}, "geometry": {"type": "Polygon", "coordinates": [[[7.4254425, 8.993847], [7.4254463, 8.9937687], [7.4254939, 8.9937709], [7.4254902, 8.9938493], [7.4254425, 8.993847]]]}}, {"type": "Feature", "properties": {"name": null, "name:en": null, "amenity": null, "building": "school", "operator:type": null, "capacity:persons": null, "addr:full": null, "addr:city": null, "source": null, "osm_id": 942207489, "osm_type": "ways_poly", "Analysis_Region": "North West"}, "geometry": {"type": "Polygon", "coordinates": [[[7.4255452, 8.9938422], [7.4255568, 8.9937472], [7.4256436, 8.9937575], [7.425632, 8.9938525], [7.4255452, 8.9938422]]]}}, {"type": "Feature", "properties": {"name": null, "name:en": null, "amenity": null, "building": "school", "operator:type": null, "capacity:persons": null, "addr:full": null, "addr:city": null, "source": null, "osm_id": 942207504, "osm_type": "ways_poly", "Analysis_Region": "North West"}, "geometry": {"type": "Polygon", "coordinates": [[[7.4254478, 8.9940092], [7.4254504, 8.9939881], [7.4254651, 8.9939898], [7.4254674, 8.9939717], [7.4254944, 8.9939749], [7.4254896, 8.9940142], [7.4254478, 8.9940092]]]}}, {"type": "Feature", "properties": {"name": "Babban Giji Secondary School, Karkasara", "name:en": null, "amenity": "school", "building": null, "operator:type": null, "capacity:persons": null, "addr:full": null, "addr:city": null, "source": "ehealthafrica.org", "osm_id": 282828753, "osm_type": "ways_poly", "Analysis_Region": "North West"}, "geometry": {"type": "Polygon", "coordinates": [[[8.544, 11.9583], [8.5449, 11.9575], [8.5459, 11.9584], [8.545, 11.9593], [8.544, 11.9583]]]}}, {"type": "Feature", "properties": {"name": null, "name:en": null, "amenity": null, "building": "school", "operator:type": null, "capacity:persons": null, "addr:full": null, "addr:city": null, "source": "Nigerian Red Cross Society", "osm_id": 1154804435, "osm_type": "ways_poly", "Analysis_Region": "North West"}, "geometry": {"type": "Polygon", "coordinates": [[[7.4191612, 9.0136988], [7.4192101, 9.0135978], [7.4193458, 9.0136618], [7.4193134, 9.0137288], [7.4192825, 9.0137143], [7.4192661, 9.0137482], [7.4191612, 9.0136988]]]}}, {"type": "Feature", "properties": {"name": null, "name:en": null, "amenity": null, "building": "university", "operator:type": null, "capacity:persons": null, "addr:full": null, "addr:city": null, "source": null, "osm_id": 595564766, "osm_type": "ways_poly", "Analysis_Region": "North West"}, "geometry": {"type": "Polygon", "coordinates": [[[4.5287035, 7.5218538], [4.5287976, 7.5218398], [4.5288408, 7.5221271], [4.5287477, 7.5221408], [4.5287035, 7.5218538]]]}}, {"type": "Feature", "properties": {"name": "Technical College", "name:en": null, "amenity": "university", "building": null, "operator:type": null, "capacity:persons": null, "addr:full": null, "addr:city": null, "source": null, "osm_id": 798386540, "osm_type": "ways_poly", "Analysis_Region": "North West"}, "geometry": {"type": "Polygon", "coordinates": [[[7.4671492, 10.5573648], [7.4671733, 10.5526844], [7.4676695, 10.552869], [7.4680826, 10.5526238], [7.4682113, 10.552629], [7.4682891, 10.5525737], [7.4684098, 10.5525684], [7.4685278, 10.5525842], [7.4685788, 10.5525737], [7.4686566, 10.5525763], [7.4687424, 10.5525578], [7.4688189, 10.5525196], [7.4688738, 10.5525552], [7.4690723, 10.5524365], [7.469413, 10.5523627], [7.4713012, 10.5530509], [7.4701854, 10.5573753], [7.4671492, 10.5573648]]]}}, {"type": "Feature", "properties": {"name": null, "name:en": null, "amenity": "school", "building": null, "operator:type": null, "capacity:persons": null, "addr:full": null, "addr:city": null, "source": null, "osm_id": 335510563, "osm_type": "ways_poly", "Analysis_Region": "North East"}, "geometry": {"type": "Polygon", "coordinates": [[[10.1904274, 9.698378], [10.1905301, 9.6979325], [10.1913235, 9.6979753], [10.1915324, 9.6982952], [10.1916831, 9.6991316], [10.1912979, 9.699261], [10.1910411, 9.6990904], [10.1906704, 9.6989341], [10.1904274, 9.698378]]]}}, {"type": "Feature", "properties": {"name": "Federal Government College", "name:en": null, "amenity": "school", "building": null, "operator:type": null, "capacity:persons": null, "addr:full": null, "addr:city": null, "source": null, "osm_id": 264962021, "osm_type": "ways_poly", "Analysis_Region": "North East"}, "geometry": {"type": "Polygon", "coordinates": [[[13.1799173, 11.8206523], [13.181324, 11.8135629], [13.1815856, 11.8123272], [13.1834642, 11.8127669], [13.1836106, 11.8128006], [13.1836942, 11.8128198], [13.1838807, 11.8128627], [13.1839289, 11.8128738], [13.1841942, 11.8129348], [13.1851326, 11.8131505], [13.1853283, 11.8131955], [13.1898093, 11.8142254], [13.1891007, 11.8173324], [13.1888321, 11.8182219], [13.1885773, 11.8196789], [13.1881356, 11.8222275], [13.1872129, 11.8221855], [13.185904, 11.8219124], [13.1799173, 11.8206523]]]}}, {"type": "Feature", "properties": {"name": "GSS Doka Boys School", "name:en": null, "amenity": "school", "building": null, "operator:type": "government", "capacity:persons": null, "addr:full": null, "addr:city": "Dadi Riba", "source": null, "osm_id": 43566237, "osm_type": "ways_poly", "Analysis_Region": "North West"}, "geometry": {"type": "Polygon", "coordinates": [[[7.4286442, 10.5032093], [7.4296338, 10.5035192], [7.4296007, 10.504819], [7.4287879, 10.5047958], [7.4287507, 10.5037626], [7.4286442, 10.5032093]]]}}, {"type": "Feature", "properties": {"name": "College of Basic and Remedial Studies, Kaduna State University", "name:en": null, "amenity": "university", "building": null, "operator:type": "government", "capacity:persons": null, "addr:full": null, "addr:city": null, "source": null, "osm_id": 488835906, "osm_type": "ways_poly", "Analysis_Region": "North West"}, "geometry": {"type": "Polygon", "coordinates": [[[7.4319391, 10.507456], [7.4320275, 10.5059], [7.4335349, 10.5059106], [7.4333472, 10.5075694], [7.4319391, 10.507456]]]}}, {"type": "Feature", "properties": {"name": null, "name:en": null, "amenity": null, "building": "school", "operator:type": null, "capacity:persons": null, "addr:full": null, "addr:city": null, "source": null, "osm_id": 787692802, "osm_type": "ways_poly", "Analysis_Region": "North West"}, "geometry": {"type": "Polygon", "coordinates": [[[8.5184029, 8.4690851], [8.5184137, 8.4690384], [8.5185949, 8.4690793], [8.5185776, 8.4691541], [8.5185301, 8.4691434], [8.5185366, 8.4691153], [8.5184029, 8.4690851]]]}}, {"type": "Feature", "properties": {"name": null, "name:en": null, "amenity": null, "building": "school", "operator:type": null, "capacity:persons": null, "addr:full": null, "addr:city": null, "source": null, "osm_id": 787692131, "osm_type": "ways_poly", "Analysis_Region": "North West"}, "geometry": {"type": "Polygon", "coordinates": [[[8.5182453, 8.4698026], [8.5182613, 8.469744], [8.5182857, 8.4697505], [8.5182989, 8.4697023], [8.5184093, 8.4697317], [8.5183802, 8.4698386], [8.5182453, 8.4698026]]]}}, {"type": "Feature", "properties": {"name": null, "name:en": null, "amenity": null, "building": "college", "operator:type": null, "capacity:persons": null, "addr:full": null, "addr:city": null, "source": null, "osm_id": 813505827, "osm_type": "ways_poly", "Analysis_Region": "North West"}, "geometry": {"type": "Polygon", "coordinates": [[[7.2417426, 9.3115449], [7.2418391, 9.3114603], [7.2418671, 9.3114696], [7.2421039, 9.3112621], [7.2420867, 9.3112329], [7.2421739, 9.3111622], [7.2422534, 9.3112436], [7.24223, 9.3112713], [7.2423593, 9.3114142], [7.2423826, 9.3113896], [7.2424465, 9.3114542], [7.2424169, 9.3114803], [7.2425477, 9.3116279], [7.2425726, 9.3116002], [7.2426552, 9.3116893], [7.2425648, 9.3117677], [7.2425399, 9.3117416], [7.2423001, 9.3119537], [7.2423219, 9.3119829], [7.2422285, 9.3120689], [7.2421926, 9.312052], [7.2421319, 9.3119967], [7.2421771, 9.3119491], [7.2420478, 9.3118107], [7.2420089, 9.3118369], [7.2419559, 9.3117708], [7.2419964, 9.3117477], [7.2418578, 9.3115894], [7.241794, 9.3116309], [7.2417426, 9.3115449]]]}}, {"type": "Feature", "properties": {"name": null, "name:en": null, "amenity": null, "building": "school", "operator:type": null, "capacity:persons": null, "addr:full": null, "addr:city": null, "source": null, "osm_id": 291431476, "osm_type": "ways_poly", "Analysis_Region": "North West"}, "geometry": {"type": "Polygon", "coordinates": [[[8.5314847, 11.9665767], [8.5315159, 11.9665367], [8.5315551, 11.9665661], [8.5315735, 11.9665425], [8.5315096, 11.9664946], [8.5315452, 11.966449], [8.53157, 11.9664675], [8.5316082, 11.9664186], [8.5317198, 11.966502], [8.5316822, 11.9665501], [8.5316548, 11.9665297], [8.5316155, 11.9665799], [8.5316429, 11.9666004], [8.5315962, 11.9666601], [8.5314847, 11.9665767]]]}}, {"type": "Feature", "properties": {"name": null, "name:en": null, "amenity": "school", "building": null, "operator:type": null, "capacity:persons": null, "addr:full": null, "addr:city": null, "source": null, "osm_id": 383368160, "osm_type": "ways_poly", "Analysis_Region": "North East"}, "geometry": {"type": "Polygon", "coordinates": [[[13.3224463, 10.1922806], [13.3232456, 10.1922357], [13.3232403, 10.1926449], [13.3227387, 10.1927082], [13.3225429, 10.1926105], [13.3224463, 10.1922806]]]}}, {"type": "Feature", "properties": {"name": null, "name:en": null, "amenity": "school", "building": null, "operator:type": null, "capacity:persons": null, "addr:full": null, "addr:city": null, "source": null, "osm_id": 331767446, "osm_type": "ways_poly", "Analysis_Region": "North East"}, "geometry": {"type": "Polygon", "coordinates": [[[13.9060872, 11.5250399], [13.906527, 11.524856], [13.9066719, 11.525308], [13.9062642, 11.5254131], [13.9060872, 11.5250399]]]}}, {"type": "Feature", "properties": {"name": null, "name:en": null, "amenity": null, "building": "school", "operator:type": null, "capacity:persons": null, "addr:full": null, "addr:city": null, "source": null, "osm_id": 621683710, "osm_type": "ways_poly", "Analysis_Region": "North West"}, "geometry": {"type": "Polygon", "coordinates": [[[4.5446975, 7.51202], [4.5447987, 7.5119667], [4.544889, 7.5121352], [4.5447877, 7.5121885], [4.5446975, 7.51202]]]}}, {"type": "Feature", "properties": {"name": "Postgraduate College", "name:en": null, "amenity": "college", "building": null, "operator:type": null, "capacity:persons": null, "addr:full": null, "addr:city": null, "source": null, "osm_id": 618642097, "osm_type": "ways_poly", "Analysis_Region": "North West"}, "geometry": {"type": "Polygon", "coordinates": [[[4.5295349, 7.5159007], [4.5303248, 7.5157647], [4.5304578, 7.5165496], [4.5296854, 7.5167028], [4.5296558, 7.5165797], [4.5295349, 7.5159007]]]}}, {"type": "Feature", "properties": {"name": null, "name:en": null, "amenity": null, "building": "school", "operator:type": null, "capacity:persons": null, "addr:full": null, "addr:city": null, "source": null, "osm_id": 598416505, "osm_type": "ways_poly", "Analysis_Region": "North West"}, "geometry": {"type": "Polygon", "coordinates": [[[4.5338771, 7.5231125], [4.5340522, 7.5230895], [4.5340624, 7.5231658], [4.5338873, 7.5231889], [4.5338771, 7.5231125]]]}}, {"type": "Feature", "properties": {"name": null, "name:en": null, "amenity": null, "building": "university", "operator:type": null, "capacity:persons": null, "addr:full": null, "addr:city": null, "source": null, "osm_id": 599038675, "osm_type": "ways_poly", "Analysis_Region": "North West"}, "geometry": {"type": "Polygon", "coordinates": [[[4.5297933, 7.5160253], [4.5299286, 7.5160021], [4.5299396, 7.5160656], [4.5298043, 7.5160888], [4.5297933, 7.5160253]]]}}, {"type": "Feature", "properties": {"name": null, "name:en": null, "amenity": null, "building": "university", "operator:type": null, "capacity:persons": null, "addr:full": null, "addr:city": null, "source": null, "osm_id": 599038668, "osm_type": "ways_poly", "Analysis_Region": "North West"}, "geometry": {"type": "Polygon", "coordinates": [[[4.5286449, 7.5176159], [4.5289913, 7.5175602], [4.5290075, 7.517659], [4.5288021, 7.517692], [4.5288197, 7.5177999], [4.5290176, 7.5177681], [4.5290301, 7.5178446], [4.5286937, 7.5178987], [4.5286781, 7.5178035], [4.5287383, 7.5177938], [4.5287238, 7.5177056], [4.5286612, 7.5177156], [4.5286449, 7.5176159]]]}}, {"type": "Feature", "properties": {"name": null, "name:en": null, "amenity": "college", "building": null, "operator:type": null, "capacity:persons": null, "addr:full": null, "addr:city": null, "source": null, "osm_id": 966303720, "osm_type": "ways_poly", "Analysis_Region": "North West"}, "geometry": {"type": "Polygon", "coordinates": [[[4.5878192, 8.4571403], [4.5880248, 8.4570873], [4.5880733, 8.4572714], [4.5878676, 8.4573243], [4.5878192, 8.4571403]]]}}, {"type": "Feature", "properties": {"name": null, "name:en": null, "amenity": null, "building": "university", "operator:type": null, "capacity:persons": null, "addr:full": null, "addr:city": null, "source": null, "osm_id": 599038657, "osm_type": "ways_poly", "Analysis_Region": "North West"}, "geometry": {"type": "Polygon", "coordinates": [[[4.5272945, 7.5198045], [4.5276458, 7.5197563], [4.527666, 7.5199011], [4.5273148, 7.5199494], [4.5272945, 7.5198045]]]}}, {"type": "Feature", "properties": {"name": null, "name:en": null, "amenity": null, "building": "university", "operator:type": null, "capacity:persons": null, "addr:full": null, "addr:city": null, "source": null, "osm_id": 595564768, "osm_type": "ways_poly", "Analysis_Region": "North West"}, "geometry": {"type": "Polygon", "coordinates": [[[4.5283892, 7.5218832], [4.5284723, 7.5218724], [4.5285104, 7.5221604], [4.5284285, 7.5221711], [4.5283892, 7.5218832]]]}}, {"type": "Feature", "properties": {"name": "CTLW", "name:en": null, "amenity": null, "building": "university", "operator:type": null, "capacity:persons": null, "addr:full": null, "addr:city": null, "source": null, "osm_id": 618765182, "osm_type": "ways_poly", "Analysis_Region": "North West"}, "geometry": {"type": "Polygon", "coordinates": [[[4.5253413, 7.5111119], [4.5255144, 7.510835], [4.5256607, 7.5109249], [4.5254876, 7.5112018], [4.5253413, 7.5111119]]]}}, {"type": "Feature", "properties": {"name": null, "name:en": null, "amenity": null, "building": "university", "operator:type": null, "capacity:persons": null, "addr:full": null, "addr:city": null, "source": null, "osm_id": 595843934, "osm_type": "ways_poly", "Analysis_Region": "North West"}, "geometry": {"type": "Polygon", "coordinates": [[[4.5289556, 7.5213836], [4.5290568, 7.5213711], [4.5290886, 7.5216231], [4.5289874, 7.5216356], [4.5289556, 7.5213836]]]}}, {"type": "Feature", "properties": {"name": null, "name:en": null, "amenity": null, "building": "university", "operator:type": null, "capacity:persons": null, "addr:full": null, "addr:city": null, "source": null, "osm_id": 596138861, "osm_type": "ways_poly", "Analysis_Region": "North West"}, "geometry": {"type": "Polygon", "coordinates": [[[4.5265399, 7.5223974], [4.5270893, 7.5223131], [4.5271099, 7.5224454], [4.5265605, 7.5225297], [4.5265399, 7.5223974]]]}}, {"type": "Feature", "properties": {"name": null, "name:en": null, "amenity": null, "building": "university", "operator:type": null, "capacity:persons": null, "addr:full": null, "addr:city": null, "source": null, "osm_id": 595843933, "osm_type": "ways_poly", "Analysis_Region": "North West"}, "geometry": {"type": "Polygon", "coordinates": [[[4.5290103, 7.5211509], [4.529097, 7.5211374], [4.529129, 7.5213388], [4.5290423, 7.5213524], [4.5290103, 7.5211509]]]}}, {"type": "Feature", "properties": {"name": null, "name:en": null, "amenity": null, "building": "university", "operator:type": null, "capacity:persons": null, "addr:full": null, "addr:city": null, "source": null, "osm_id": 596138862, "osm_type": "ways_poly", "Analysis_Region": "North West"}, "geometry": {"type": "Polygon", "coordinates": [[[4.5256525, 7.5217412], [4.5260163, 7.5216854], [4.5260433, 7.5218584], [4.5259895, 7.5218667], [4.5260336, 7.5221481], [4.5267622, 7.5220393], [4.526779, 7.5221499], [4.5258671, 7.522286], [4.5258504, 7.5221754], [4.5259584, 7.5221593], [4.5259143, 7.5218782], [4.5256795, 7.5219142], [4.5256525, 7.5217412]]]}}, {"type": "Feature", "properties": {"name": "National Open University of Nigeria", "name:en": null, "amenity": "university", "building": null, "operator:type": null, "capacity:persons": null, "addr:full": null, "addr:city": null, "source": null, "osm_id": 328327566, "osm_type": "ways_poly", "Analysis_Region": "North West"}, "geometry": {"type": "Polygon", "coordinates": [[[4.5673613, 7.7511446], [4.5678339, 7.7505705], [4.568605, 7.7513221], [4.5690453, 7.7517788], [4.5688354, 7.7520015], [4.5686384, 7.7521987], [4.5684004, 7.7524285], [4.5673613, 7.7511446]]]}}, {"type": "Feature", "properties": {"name": "SSLT", "name:en": null, "amenity": null, "building": "school", "operator:type": null, "capacity:persons": null, "addr:full": null, "addr:city": null, "source": null, "osm_id": 1078465242, "osm_type": "ways_poly", "Analysis_Region": "North West"}, "geometry": {"type": "Polygon", "coordinates": [[[4.673884, 8.4863061], [4.6739043, 8.4861955], [4.6739978, 8.4861372], [4.6741299, 8.4861895], [4.6741706, 8.4862699], [4.674138, 8.4863845], [4.674071, 8.4864267], [4.6739327, 8.4863905], [4.673884, 8.4863061]]]}}, {"type": "Feature", "properties": {"name": "Lecture Rooms (LR)", "name:en": null, "amenity": null, "building": "school", "operator:type": null, "capacity:persons": null, "addr:full": null, "addr:city": null, "source": null, "osm_id": 1078465241, "osm_type": "ways_poly", "Analysis_Region": "North West"}, "geometry": {"type": "Polygon", "coordinates": [[[4.673947, 8.4860005], [4.6739937, 8.4857994], [4.6743495, 8.4858859], [4.6743169, 8.4860769], [4.673947, 8.4860005]]]}}, {"type": "Feature", "properties": {"name": null, "name:en": null, "amenity": null, "building": "school", "operator:type": null, "capacity:persons": null, "addr:full": null, "addr:city": null, "source": null, "osm_id": 946944634, "osm_type": "ways_poly", "Analysis_Region": "North West"}, "geometry": {"type": "Polygon", "coordinates": [[[5.2943554, 7.5950811], [5.2949625, 7.5948782], [5.2950151, 7.5950327], [5.2949228, 7.5950635], [5.2949066, 7.5950157], [5.2945244, 7.5951433], [5.2945462, 7.5952074], [5.2944134, 7.5952518], [5.2943554, 7.5950811]]]}}, {"type": "Feature", "properties": {"name": null, "name:en": null, "amenity": null, "building": "school", "operator:type": null, "capacity:persons": null, "addr:full": null, "addr:city": null, "source": null, "osm_id": 946944640, "osm_type": "ways_poly", "Analysis_Region": "North West"}, "geometry": {"type": "Polygon", "coordinates": [[[5.2941233, 7.5939059], [5.2944806, 7.5937948], [5.2945145, 7.5939019], [5.2941572, 7.594013], [5.2941233, 7.5939059]]]}}, {"type": "Feature", "properties": {"name": "Science Laboratory Technology", "name:en": null, "amenity": null, "building": "school", "operator:type": null, "capacity:persons": null, "addr:full": null, "addr:city": null, "source": null, "osm_id": 946944643, "osm_type": "ways_poly", "Analysis_Region": "North West"}, "geometry": {"type": "Polygon", "coordinates": [[[5.2950616, 7.5920416], [5.2951753, 7.5920186], [5.2951809, 7.5920462], [5.2953013, 7.5920219], [5.2953133, 7.5920803], [5.2953808, 7.5920667], [5.2954527, 7.5924172], [5.2952492, 7.5924582], [5.2952567, 7.5924948], [5.295169, 7.5925125], [5.2951301, 7.592323], [5.295215, 7.5923058], [5.2952218, 7.5923385], [5.2953154, 7.5923196], [5.2952795, 7.5921448], [5.2951821, 7.5921645], [5.2951916, 7.5922104], [5.2951001, 7.5922288], [5.2950616, 7.5920416]]]}}, {"type": "Feature", "properties": {"name": null, "name:en": null, "amenity": null, "building": "school", "operator:type": null, "capacity:persons": null, "addr:full": null, "addr:city": null, "source": null, "osm_id": 598416510, "osm_type": "ways_poly", "Analysis_Region": "North West"}, "geometry": {"type": "Polygon", "coordinates": [[[4.5334408, 7.5235505], [4.5335461, 7.5235299], [4.5335719, 7.5236593], [4.5334665, 7.52368], [4.5334408, 7.5235505]]]}}, {"type": "Feature", "properties": {"name": null, "name:en": null, "amenity": null, "building": "school", "operator:type": null, "capacity:persons": null, "addr:full": null, "addr:city": null, "source": null, "osm_id": 598416511, "osm_type": "ways_poly", "Analysis_Region": "North West"}, "geometry": {"type": "Polygon", "coordinates": [[[4.5335174, 7.5236837], [4.5337602, 7.5236378], [4.5337867, 7.5237752], [4.5335438, 7.5238211], [4.5335174, 7.5236837]]]}}, {"type": "Feature", "properties": {"name": null, "name:en": null, "amenity": null, "building": "school", "operator:type": null, "capacity:persons": null, "addr:full": null, "addr:city": null, "source": null, "osm_id": 598416513, "osm_type": "ways_poly", "Analysis_Region": "North West"}, "geometry": {"type": "Polygon", "coordinates": [[[4.5334936, 7.5238556], [4.533594, 7.5238378], [4.5336154, 7.5239563], [4.5335149, 7.5239741], [4.5334936, 7.5238556]]]}}, {"type": "Feature", "properties": {"name": null, "name:en": null, "amenity": null, "building": "school", "operator:type": null, "capacity:persons": null, "addr:full": null, "addr:city": null, "source": null, "osm_id": 598416500, "osm_type": "ways_poly", "Analysis_Region": "North West"}, "geometry": {"type": "Polygon", "coordinates": [[[4.5331444, 7.5223302], [4.5332785, 7.5223114], [4.5333226, 7.5226197], [4.5331884, 7.5226385], [4.5331444, 7.5223302]]]}}, {"type": "Feature", "properties": {"name": null, "name:en": null, "amenity": null, "building": "school", "operator:type": null, "capacity:persons": null, "addr:full": null, "addr:city": null, "source": null, "osm_id": 598416501, "osm_type": "ways_poly", "Analysis_Region": "North West"}, "geometry": {"type": "Polygon", "coordinates": [[[4.5332061, 7.5227351], [4.5333324, 7.5227146], [4.5333828, 7.5230185], [4.5332565, 7.5230391], [4.5332061, 7.5227351]]]}}, {"type": "Feature", "properties": {"name": null, "name:en": null, "amenity": null, "building": "university", "operator:type": null, "capacity:persons": null, "addr:full": null, "addr:city": null, "source": null, "osm_id": 618217495, "osm_type": "ways_poly", "Analysis_Region": "North West"}, "geometry": {"type": "Polygon", "coordinates": [[[4.513869, 7.5216525], [4.5142979, 7.5215812], [4.5143134, 7.5216729], [4.5138845, 7.5217441], [4.513869, 7.5216525]]]}}, {"type": "Feature", "properties": {"name": null, "name:en": null, "amenity": null, "building": "university", "operator:type": null, "capacity:persons": null, "addr:full": null, "addr:city": null, "source": null, "osm_id": 617970588, "osm_type": "ways_poly", "Analysis_Region": "North West"}, "geometry": {"type": "Polygon", "coordinates": [[[4.5119981, 7.5216405], [4.5120866, 7.5216262], [4.5121742, 7.5221568], [4.5120856, 7.5221711], [4.5119981, 7.5216405]]]}}, {"type": "Feature", "properties": {"name": null, "name:en": null, "amenity": null, "building": "university", "operator:type": null, "capacity:persons": null, "addr:full": null, "addr:city": null, "source": null, "osm_id": 617970586, "osm_type": "ways_poly", "Analysis_Region": "North West"}, "geometry": {"type": "Polygon", "coordinates": [[[4.5117377, 7.5217865], [4.5118337, 7.5217728], [4.5119118, 7.5223119], [4.5118157, 7.5223256], [4.5117377, 7.5217865]]]}}, {"type": "Feature", "properties": {"name": null, "name:en": null, "amenity": null, "building": "university", "operator:type": null, "capacity:persons": null, "addr:full": null, "addr:city": null, "source": null, "osm_id": 619270915, "osm_type": "ways_poly", "Analysis_Region": "North West"}, "geometry": {"type": "Polygon", "coordinates": [[[4.5187722, 7.5195033], [4.5193759, 7.5193919], [4.5193917, 7.5194763], [4.5187881, 7.5195878], [4.5187722, 7.5195033]]]}}, {"type": "Feature", "properties": {"name": null, "name:en": null, "amenity": null, "building": "university", "operator:type": null, "capacity:persons": null, "addr:full": null, "addr:city": null, "source": null, "osm_id": 618217499, "osm_type": "ways_poly", "Analysis_Region": "North West"}, "geometry": {"type": "Polygon", "coordinates": [[[4.5133487, 7.5212278], [4.5137133, 7.5211701], [4.5137265, 7.5212522], [4.5133619, 7.5213099], [4.5133487, 7.5212278]]]}}, {"type": "Feature", "properties": {"name": null, "name:en": null, "amenity": null, "building": "university", "operator:type": null, "capacity:persons": null, "addr:full": null, "addr:city": null, "source": null, "osm_id": 617970596, "osm_type": "ways_poly", "Analysis_Region": "North West"}, "geometry": {"type": "Polygon", "coordinates": [[[4.5130556, 7.5219323], [4.5131636, 7.5219154], [4.513181, 7.5220252], [4.513073, 7.522042], [4.5130556, 7.5219323]]]}}, {"type": "Feature", "properties": {"name": null, "name:en": null, "amenity": null, "building": "university", "operator:type": null, "capacity:persons": null, "addr:full": null, "addr:city": null, "source": null, "osm_id": 617970601, "osm_type": "ways_poly", "Analysis_Region": "North West"}, "geometry": {"type": "Polygon", "coordinates": [[[4.512608, 7.5213391], [4.5131511, 7.521256], [4.5131646, 7.521343], [4.5126216, 7.5214261], [4.512608, 7.5213391]]]}}, {"type": "Feature", "properties": {"name": null, "name:en": null, "amenity": null, "building": "university", "operator:type": null, "capacity:persons": null, "addr:full": null, "addr:city": null, "source": null, "osm_id": 617970597, "osm_type": "ways_poly", "Analysis_Region": "North West"}, "geometry": {"type": "Polygon", "coordinates": [[[4.5128795, 7.5219671], [4.5130313, 7.5219482], [4.5130428, 7.5220389], [4.512891, 7.5220579], [4.5128795, 7.5219671]]]}}, {"type": "Feature", "properties": {"name": null, "name:en": null, "amenity": null, "building": "university", "operator:type": null, "capacity:persons": null, "addr:full": null, "addr:city": null, "source": null, "osm_id": 616403565, "osm_type": "ways_poly", "Analysis_Region": "North West"}, "geometry": {"type": "Polygon", "coordinates": [[[4.5143283, 7.5177383], [4.5144218, 7.5177186], [4.5145154, 7.5183454], [4.5144218, 7.5183595], [4.5143283, 7.5177383]]]}}, {"type": "Feature", "properties": {"name": null, "name:en": null, "amenity": null, "building": "university", "operator:type": null, "capacity:persons": null, "addr:full": null, "addr:city": null, "source": null, "osm_id": 616403564, "osm_type": "ways_poly", "Analysis_Region": "North West"}, "geometry": {"type": "Polygon", "coordinates": [[[4.5141199, 7.5177533], [4.5142205, 7.517737], [4.5143246, 7.5183692], [4.5142239, 7.5183855], [4.5141199, 7.5177533]]]}}, {"type": "Feature", "properties": {"name": null, "name:en": null, "amenity": null, "building": "university", "operator:type": null, "capacity:persons": null, "addr:full": null, "addr:city": null, "source": null, "osm_id": 617970608, "osm_type": "ways_poly", "Analysis_Region": "North West"}, "geometry": {"type": "Polygon", "coordinates": [[[4.5128248, 7.5233618], [4.5129279, 7.5232695], [4.5130655, 7.5234206], [4.5129625, 7.5235128], [4.5128248, 7.5233618]]]}}, {"type": "Feature", "properties": {"name": null, "name:en": null, "amenity": null, "building": "university", "operator:type": null, "capacity:persons": null, "addr:full": null, "addr:city": null, "source": null, "osm_id": 620253743, "osm_type": "ways_poly", "Analysis_Region": "North West"}, "geometry": {"type": "Polygon", "coordinates": [[[4.5168663, 7.5214961], [4.5170996, 7.5214735], [4.5171074, 7.5215523], [4.5168741, 7.5215749], [4.5168663, 7.5214961]]]}}, {"type": "Feature", "properties": {"name": null, "name:en": null, "amenity": null, "building": "university", "operator:type": null, "capacity:persons": null, "addr:full": null, "addr:city": null, "source": null, "osm_id": 620256438, "osm_type": "ways_poly", "Analysis_Region": "North West"}, "geometry": {"type": "Polygon", "coordinates": [[[4.515649, 7.5221053], [4.5162458, 7.5220185], [4.5162568, 7.5220927], [4.5156601, 7.5221796], [4.515649, 7.5221053]]]}}, {"type": "Feature", "properties": {"name": null, "name:en": null, "amenity": null, "building": "university", "operator:type": null, "capacity:persons": null, "addr:full": null, "addr:city": null, "source": null, "osm_id": 599038665, "osm_type": "ways_poly", "Analysis_Region": "North West"}, "geometry": {"type": "Polygon", "coordinates": [[[4.5281023, 7.5182516], [4.5286773, 7.5181706], [4.5286726, 7.5181374], [4.528821, 7.5181165], [4.5288391, 7.5182431], [4.5284241, 7.5183016], [4.5284066, 7.5182784], [4.5281121, 7.5183199], [4.5281023, 7.5182516]]]}}, {"type": "Feature", "properties": {"name": null, "name:en": null, "amenity": null, "building": "university", "operator:type": null, "capacity:persons": null, "addr:full": null, "addr:city": null, "source": null, "osm_id": 595564761, "osm_type": "ways_poly", "Analysis_Region": "North West"}, "geometry": {"type": "Polygon", "coordinates": [[[4.5284292, 7.5221939], [4.528521, 7.5221882], [4.5285392, 7.5224779], [4.5284503, 7.5224835], [4.5284292, 7.5221939]]]}}, {"type": "Feature", "properties": {"name": null, "name:en": null, "amenity": "school", "building": null, "operator:type": null, "capacity:persons": null, "addr:full": null, "addr:city": null, "source": null, "osm_id": 331424746, "osm_type": "ways_poly", "Analysis_Region": "North East"}, "geometry": {"type": "Polygon", "coordinates": [[[14.1468614, 12.7632527], [14.1470452, 12.7628091], [14.1478242, 12.7630602], [14.1475948, 12.7635418], [14.1468614, 12.7632527]]]}}, {"type": "Feature", "properties": {"name": null, "name:en": null, "amenity": "school", "building": null, "operator:type": null, "capacity:persons": null, "addr:full": null, "addr:city": null, "source": null, "osm_id": 586657411, "osm_type": "ways_poly", "Analysis_Region": "North East"}, "geometry": {"type": "Polygon", "coordinates": [[[13.1660354, 11.8271504], [13.1671042, 11.827028], [13.1674154, 11.8283183], [13.1673986, 11.8283278], [13.1673656, 11.8283388], [13.167355, 11.8283141], [13.1672562, 11.8283398], [13.1667368, 11.8284531], [13.1662251, 11.8285618], [13.1660899, 11.8275584], [13.1660354, 11.8271504]]]}}, {"type": "Feature", "properties": {"name": null, "name:en": null, "amenity": "school", "building": null, "operator:type": null, "capacity:persons": null, "addr:full": null, "addr:city": null, "source": null, "osm_id": 476912892, "osm_type": "ways_poly", "Analysis_Region": "North West"}, "geometry": {"type": "Polygon", "coordinates": [[[4.7634509, 7.9422869], [4.7635099, 7.9421076], [4.7636467, 7.9421501], [4.7637969, 7.941749], [4.7653379, 7.9423879], [4.7652051, 7.9430241], [4.7655833, 7.9430838], [4.7656061, 7.9434411], [4.7653164, 7.9434611], [4.7653271, 7.9436324], [4.7650214, 7.9436563], [4.7650147, 7.9435089], [4.764379, 7.9435527], [4.7642368, 7.9433243], [4.763758, 7.9432791], [4.7637594, 7.9428913], [4.7636615, 7.9427438], [4.7634898, 7.9427026], [4.7634509, 7.9422869]]]}}, {"type": "Feature", "properties": {"name": null, "name:en": null, "amenity": "school", "building": null, "operator:type": null, "capacity:persons": null, "addr:full": null, "addr:city": null, "source": null, "osm_id": 476912894, "osm_type": "ways_poly", "Analysis_Region": "North West"}, "geometry": {"type": "Polygon", "coordinates": [[[4.7652051, 7.9430241], [4.7653379, 7.9423879], [4.7674863, 7.9433017], [4.7673415, 7.9436789], [4.7660889, 7.943388], [4.7656061, 7.9434411], [4.7655833, 7.9430838], [4.7652051, 7.9430241]]]}}, {"type": "Feature", "properties": {"name": "Tambayahaya Nursery and Primary School", "name:en": null, "amenity": "school", "building": null, "operator:type": null, "capacity:persons": null, "addr:full": null, "addr:city": null, "source": null, "osm_id": 292190552, "osm_type": "ways_poly", "Analysis_Region": "North West"}, "geometry": {"type": "Polygon", "coordinates": [[[8.5347185, 12.030289], [8.5348585, 12.0300398], [8.5349467, 12.0300873], [8.5348067, 12.0303364], [8.5347185, 12.030289]]]}}, {"type": "Feature", "properties": {"name": null, "name:en": null, "amenity": "school", "building": null, "operator:type": null, "capacity:persons": null, "addr:full": null, "addr:city": null, "source": null, "osm_id": 330371346, "osm_type": "ways_poly", "Analysis_Region": "North East"}, "geometry": {"type": "Polygon", "coordinates": [[[13.3429085, 13.6190385], [13.3435362, 13.6188039], [13.3438902, 13.6196928], [13.3432974, 13.619904], [13.3429085, 13.6190385]]]}}, {"type": "Feature", "properties": {"name": null, "name:en": null, "amenity": null, "building": "school", "operator:type": null, "capacity:persons": null, "addr:full": null, "addr:city": null, "source": null, "osm_id": 527030920, "osm_type": "ways_poly", "Analysis_Region": "North West"}, "geometry": {"type": "Polygon", "coordinates": [[[8.5400293, 11.9651504], [8.5401154, 11.9651862], [8.5400946, 11.965234], [8.5400293, 11.9651504]]]}}, {"type": "Feature", "properties": {"name": null, "name:en": null, "amenity": null, "building": "school", "operator:type": null, "capacity:persons": null, "addr:full": null, "addr:city": null, "source": null, "osm_id": 527037188, "osm_type": "ways_poly", "Analysis_Region": "North West"}, "geometry": {"type": "Polygon", "coordinates": [[[8.5417676, 11.9566233], [8.5418107, 11.9565495], [8.5419054, 11.9566023], [8.5418623, 11.9566762], [8.5417676, 11.9566233]]]}}, {"type": "Feature", "properties": {"name": null, "name:en": null, "amenity": null, "building": "school", "operator:type": null, "capacity:persons": null, "addr:full": null, "addr:city": null, "source": null, "osm_id": 527037449, "osm_type": "ways_poly", "Analysis_Region": "North West"}, "geometry": {"type": "Polygon", "coordinates": [[[8.541396, 11.9563245], [8.5414597, 11.9562601], [8.5416755, 11.9564645], [8.5416119, 11.9565288], [8.541396, 11.9563245]]]}}, {"type": "Feature", "properties": {"name": null, "name:en": null, "amenity": null, "building": "school", "operator:type": null, "capacity:persons": null, "addr:full": null, "addr:city": null, "source": null, "osm_id": 527037450, "osm_type": "ways_poly", "Analysis_Region": "North West"}, "geometry": {"type": "Polygon", "coordinates": [[[8.5413546, 11.9562612], [8.5413711, 11.9562435], [8.541393, 11.9562629], [8.5414149, 11.9562823], [8.5413984, 11.9563001], [8.5413546, 11.9562612]]]}}, {"type": "Feature", "properties": {"name": null, "name:en": null, "amenity": null, "building": "school", "operator:type": null, "capacity:persons": null, "addr:full": null, "addr:city": null, "source": null, "osm_id": 527633877, "osm_type": "ways_poly", "Analysis_Region": "North West"}, "geometry": {"type": "Polygon", "coordinates": [[[8.5709011, 11.9652387], [8.5709024, 11.9650629], [8.5709386, 11.9650498], [8.5709775, 11.9650537], [8.5709829, 11.9652387], [8.5709011, 11.9652387]]]}}, {"type": "Feature", "properties": {"name": null, "name:en": null, "amenity": null, "building": "school", "operator:type": null, "capacity:persons": null, "addr:full": null, "addr:city": null, "source": null, "osm_id": 527633878, "osm_type": "ways_poly", "Analysis_Region": "North West"}, "geometry": {"type": "Polygon", "coordinates": [[[8.5708977, 11.9650437], [8.5709123, 11.9648694], [8.5709462, 11.9648661], [8.5709958, 11.964886], [8.5709845, 11.9650415], [8.5708977, 11.9650437]]]}}, {"type": "Feature", "properties": {"name": null, "name:en": null, "amenity": null, "building": "school", "operator:type": null, "capacity:persons": null, "addr:full": null, "addr:city": null, "source": null, "osm_id": 527633879, "osm_type": "ways_poly", "Analysis_Region": "North West"}, "geometry": {"type": "Polygon", "coordinates": [[[8.570998, 11.9647701], [8.5713747, 11.9646709], [8.5714018, 11.9647359], [8.571024, 11.9648529], [8.570998, 11.9647701]]]}}, {"type": "Feature", "properties": {"name": null, "name:en": null, "amenity": null, "building": "school", "operator:type": null, "capacity:persons": null, "addr:full": null, "addr:city": null, "source": null, "osm_id": 527633880, "osm_type": "ways_poly", "Analysis_Region": "North West"}, "geometry": {"type": "Polygon", "coordinates": [[[8.5709597, 11.9647955], [8.5709789, 11.9647894], [8.5709935, 11.9647845], [8.5710093, 11.9648452], [8.5709806, 11.9648545], [8.5709597, 11.9647955]]]}}, {"type": "Feature", "properties": {"name": null, "name:en": null, "amenity": null, "building": "school", "operator:type": null, "capacity:persons": null, "addr:full": null, "addr:city": null, "source": null, "osm_id": 527633881, "osm_type": "ways_poly", "Analysis_Region": "North West"}, "geometry": {"type": "Polygon", "coordinates": [[[8.571395, 11.9646766], [8.5714249, 11.96467], [8.5714638, 11.9647704], [8.5714018, 11.9647963], [8.5713956, 11.9647522], [8.5714108, 11.9647351], [8.571395, 11.9646766]]]}}, {"type": "Feature", "properties": {"name": null, "name:en": null, "amenity": null, "building": "school", "operator:type": null, "capacity:persons": null, "addr:full": null, "addr:city": null, "source": null, "osm_id": 527633882, "osm_type": "ways_poly", "Analysis_Region": "North West"}, "geometry": {"type": "Polygon", "coordinates": [[[8.5713939, 11.9648658], [8.5714723, 11.9648487], [8.5715264, 11.9650335], [8.5714435, 11.9650534], [8.5713939, 11.9648658]]]}}, {"type": "Feature", "properties": {"name": null, "name:en": null, "amenity": null, "building": "school", "operator:type": null, "capacity:persons": null, "addr:full": null, "addr:city": null, "source": null, "osm_id": 298596961, "osm_type": "ways_poly", "Analysis_Region": "North West"}, "geometry": {"type": "Polygon", "coordinates": [[[8.5465684, 11.9562332], [8.5466122, 11.9561298], [8.5468438, 11.9563808], [8.5467788, 11.9564371], [8.5465684, 11.9562332]]]}}, {"type": "Feature", "properties": {"name": null, "name:en": null, "amenity": null, "building": "school", "operator:type": null, "capacity:persons": null, "addr:full": null, "addr:city": null, "source": null, "osm_id": 295340115, "osm_type": "ways_poly", "Analysis_Region": "North West"}, "geometry": {"type": "Polygon", "coordinates": [[[8.5496225, 11.9715506], [8.5497199, 11.9714572], [8.5498425, 11.9715796], [8.549745, 11.971673], [8.5496225, 11.9715506]]]}}, {"type": "Feature", "properties": {"name": null, "name:en": null, "amenity": null, "building": "school", "operator:type": null, "capacity:persons": null, "addr:full": null, "addr:city": null, "source": null, "osm_id": 527448498, "osm_type": "ways_poly", "Analysis_Region": "North West"}, "geometry": {"type": "Polygon", "coordinates": [[[8.554482, 11.9432848], [8.5545045, 11.9432337], [8.5545521, 11.9432537], [8.5545296, 11.9433049], [8.554482, 11.9432848]]]}}, {"type": "Feature", "properties": {"name": null, "name:en": null, "amenity": null, "building": "school", "operator:type": null, "capacity:persons": null, "addr:full": null, "addr:city": null, "source": null, "osm_id": 289620348, "osm_type": "ways_poly", "Analysis_Region": "North West"}, "geometry": {"type": "Polygon", "coordinates": [[[8.5618349, 11.9578979], [8.5618832, 11.9578201], [8.5620249, 11.9579043], [8.5619767, 11.957982], [8.5618349, 11.9578979]]]}}, {"type": "Feature", "properties": {"name": null, "name:en": null, "amenity": null, "building": "school", "operator:type": null, "capacity:persons": null, "addr:full": null, "addr:city": null, "source": null, "osm_id": 527435066, "osm_type": "ways_poly", "Analysis_Region": "North West"}, "geometry": {"type": "Polygon", "coordinates": [[[8.5356194, 11.9622997], [8.5356698, 11.9622447], [8.5357087, 11.9622787], [8.5356583, 11.9623338], [8.5356194, 11.9622997]]]}}, {"type": "Feature", "properties": {"name": null, "name:en": null, "amenity": null, "building": "school", "operator:type": null, "capacity:persons": null, "addr:full": null, "addr:city": null, "source": null, "osm_id": 527435067, "osm_type": "ways_poly", "Analysis_Region": "North West"}, "geometry": {"type": "Polygon", "coordinates": [[[8.5356631, 11.9623395], [8.5357127, 11.9622797], [8.5357456, 11.962311], [8.5356954, 11.9623669], [8.5356631, 11.9623395]]]}}, {"type": "Feature", "properties": {"name": "Faculty of Natural Science", "name:en": null, "amenity": "university", "building": null, "operator:type": null, "capacity:persons": null, "addr:full": null, "addr:city": null, "source": null, "osm_id": 1217215422, "osm_type": "ways_poly", "Analysis_Region": "North West"}, "geometry": {"type": "Polygon", "coordinates": [[[8.8908637, 9.9497149], [8.8912016, 9.9497096], [8.8912077, 9.9500886], [8.8908698, 9.9500939], [8.8908637, 9.9497149]]]}}, {"type": "Feature", "properties": {"name": null, "name:en": null, "amenity": null, "building": "school", "operator:type": null, "capacity:persons": null, "addr:full": null, "addr:city": null, "source": "bing", "osm_id": 287479471, "osm_type": "ways_poly", "Analysis_Region": "North West"}, "geometry": {"type": "Polygon", "coordinates": [[[8.5637, 11.9797295], [8.5639199, 11.9796559], [8.5639498, 11.9797412], [8.5637299, 11.9798149], [8.5637, 11.9797295]]]}}, {"type": "Feature", "properties": {"name": null, "name:en": null, "amenity": null, "building": "school", "operator:type": null, "capacity:persons": null, "addr:full": null, "addr:city": null, "source": null, "osm_id": 294296078, "osm_type": "ways_poly", "Analysis_Region": "North West"}, "geometry": {"type": "Polygon", "coordinates": [[[8.5580472, 11.9751937], [8.5580741, 11.97512], [8.5582587, 11.9751843], [8.5582319, 11.975258], [8.5580472, 11.9751937]]]}}, {"type": "Feature", "properties": {"name": null, "name:en": null, "amenity": null, "building": "school", "operator:type": null, "capacity:persons": null, "addr:full": null, "addr:city": null, "source": null, "osm_id": 294296083, "osm_type": "ways_poly", "Analysis_Region": "North West"}, "geometry": {"type": "Polygon", "coordinates": [[[8.5576089, 11.9750183], [8.5576438, 11.9749381], [8.557839, 11.9750193], [8.5578042, 11.9750995], [8.5576089, 11.9750183]]]}}, {"type": "Feature", "properties": {"name": null, "name:en": null, "amenity": null, "building": "school", "operator:type": null, "capacity:persons": null, "addr:full": null, "addr:city": null, "source": null, "osm_id": 294296087, "osm_type": "ways_poly", "Analysis_Region": "North West"}, "geometry": {"type": "Polygon", "coordinates": [[[8.5578288, 11.9751047], [8.5578621, 11.9750282], [8.558046, 11.9751048], [8.5580127, 11.9751813], [8.5578288, 11.9751047]]]}}, {"type": "Feature", "properties": {"name": null, "name:en": null, "amenity": null, "building": "school", "operator:type": null, "capacity:persons": null, "addr:full": null, "addr:city": null, "source": null, "osm_id": 295383715, "osm_type": "ways_poly", "Analysis_Region": "North West"}, "geometry": {"type": "Polygon", "coordinates": [[[8.5522967, 11.9677299], [8.552299, 11.9675905], [8.5525803, 11.9675951], [8.5525779, 11.9677345], [8.5522967, 11.9677299]]]}}, {"type": "Feature", "properties": {"name": null, "name:en": null, "amenity": null, "building": "school", "operator:type": null, "capacity:persons": null, "addr:full": null, "addr:city": null, "source": null, "osm_id": 300227080, "osm_type": "ways_poly", "Analysis_Region": "North West"}, "geometry": {"type": "Polygon", "coordinates": [[[8.5355562, 11.9623618], [8.5356108, 11.9623079], [8.5356213, 11.9623109], [8.5356493, 11.9623387], [8.5356639, 11.9623479], [8.5356911, 11.9623685], [8.5357131, 11.9623791], [8.5356502, 11.9624464], [8.5355562, 11.9623618]]]}}, {"type": "Feature", "properties": {"name": null, "name:en": null, "amenity": null, "building": "school", "operator:type": null, "capacity:persons": null, "addr:full": null, "addr:city": null, "source": null, "osm_id": 295360654, "osm_type": "ways_poly", "Analysis_Region": "North West"}, "geometry": {"type": "Polygon", "coordinates": [[[8.5561403, 11.9735995], [8.5562023, 11.9735613], [8.5562216, 11.9735914], [8.5562901, 11.9735494], [8.5563261, 11.9736054], [8.5562736, 11.9736376], [8.5562937, 11.973669], [8.5563232, 11.9736509], [8.5563643, 11.973715], [8.5562569, 11.973781], [8.5561403, 11.9735995]]]}}, {"type": "Feature", "properties": {"name": null, "name:en": null, "amenity": null, "building": "school", "operator:type": null, "capacity:persons": null, "addr:full": null, "addr:city": null, "source": null, "osm_id": 527026529, "osm_type": "ways_poly", "Analysis_Region": "North West"}, "geometry": {"type": "Polygon", "coordinates": [[[8.5580812, 11.9792937], [8.5581969, 11.9792225], [8.5582205, 11.9792593], [8.5581134, 11.9793252], [8.5580812, 11.9792937]]]}}, {"type": "Feature", "properties": {"name": null, "name:en": null, "amenity": null, "building": "school", "operator:type": null, "capacity:persons": null, "addr:full": null, "addr:city": null, "source": "bing", "osm_id": 287479475, "osm_type": "ways_poly", "Analysis_Region": "North West"}, "geometry": {"type": "Polygon", "coordinates": [[[8.563875, 11.9794893], [8.5639666, 11.9794581], [8.5640238, 11.9796184], [8.5639322, 11.9796497], [8.563875, 11.9794893]]]}}, {"type": "Feature", "properties": {"name": null, "name:en": null, "amenity": null, "building": "school", "operator:type": null, "capacity:persons": null, "addr:full": null, "addr:city": null, "source": "bing", "osm_id": 287479478, "osm_type": "ways_poly", "Analysis_Region": "North West"}, "geometry": {"type": "Polygon", "coordinates": [[[8.5637831, 11.9792057], [8.5638715, 11.9791817], [8.563928, 11.9793809], [8.5638396, 11.9794049], [8.5637831, 11.9792057]]]}}, {"type": "Feature", "properties": {"name": null, "name:en": null, "amenity": null, "building": "school", "operator:type": null, "capacity:persons": null, "addr:full": null, "addr:city": null, "source": null, "osm_id": 289620349, "osm_type": "ways_poly", "Analysis_Region": "North West"}, "geometry": {"type": "Polygon", "coordinates": [[[8.5615432, 11.9577364], [8.5615758, 11.9576689], [8.5617614, 11.9577547], [8.5617287, 11.9578222], [8.5615432, 11.9577364]]]}}, {"type": "Feature", "properties": {"name": null, "name:en": null, "amenity": null, "building": "school", "operator:type": null, "capacity:persons": null, "addr:full": null, "addr:city": null, "source": "bing", "osm_id": 287481466, "osm_type": "ways_poly", "Analysis_Region": "North West"}, "geometry": {"type": "Polygon", "coordinates": [[[8.5630324, 11.978985], [8.5632028, 11.9789548], [8.5632167, 11.9790294], [8.5630462, 11.9790596], [8.5630324, 11.978985]]]}}, {"type": "Feature", "properties": {"name": null, "name:en": null, "amenity": null, "building": "school", "operator:type": null, "capacity:persons": null, "addr:full": null, "addr:city": null, "source": null, "osm_id": 295344539, "osm_type": "ways_poly", "Analysis_Region": "North West"}, "geometry": {"type": "Polygon", "coordinates": [[[8.5564163, 11.9741171], [8.556479, 11.9740934], [8.5565811, 11.9742677], [8.5565354, 11.9742877], [8.5564163, 11.9741171]]]}}, {"type": "Feature", "properties": {"name": null, "name:en": null, "amenity": null, "building": "school", "operator:type": null, "capacity:persons": null, "addr:full": null, "addr:city": null, "source": null, "osm_id": 295344540, "osm_type": "ways_poly", "Analysis_Region": "North West"}, "geometry": {"type": "Polygon", "coordinates": [[[8.5560319, 11.9746817], [8.5560458, 11.9744538], [8.5561477, 11.9744597], [8.5561353, 11.9746626], [8.5561248, 11.974688], [8.5560319, 11.9746817]]]}}, {"type": "Feature", "properties": {"name": null, "name:en": null, "amenity": null, "building": "school", "operator:type": null, "capacity:persons": null, "addr:full": null, "addr:city": null, "source": null, "osm_id": 295344541, "osm_type": "ways_poly", "Analysis_Region": "North West"}, "geometry": {"type": "Polygon", "coordinates": [[[8.5567912, 11.9742226], [8.5568706, 11.9741771], [8.5570703, 11.9745109], [8.5569908, 11.9745563], [8.5567912, 11.9742226]]]}}, {"type": "Feature", "properties": {"name": null, "name:en": null, "amenity": null, "building": "school", "operator:type": null, "capacity:persons": null, "addr:full": null, "addr:city": null, "source": null, "osm_id": 295378817, "osm_type": "ways_poly", "Analysis_Region": "North West"}, "geometry": {"type": "Polygon", "coordinates": [[[8.5575998, 11.9748339], [8.5577019, 11.9746206], [8.5577748, 11.974654], [8.5576727, 11.9748673], [8.5575998, 11.9748339]]]}}, {"type": "Feature", "properties": {"name": null, "name:en": null, "amenity": null, "building": "school", "operator:type": null, "capacity:persons": null, "addr:full": null, "addr:city": null, "source": null, "osm_id": 295378820, "osm_type": "ways_poly", "Analysis_Region": "North West"}, "geometry": {"type": "Polygon", "coordinates": [[[8.5577238, 11.9746128], [8.5578484, 11.974452], [8.5579068, 11.9744953], [8.5577822, 11.9746561], [8.5577238, 11.9746128]]]}}, {"type": "Feature", "properties": {"name": null, "name:en": null, "amenity": null, "building": "school", "operator:type": null, "capacity:persons": null, "addr:full": null, "addr:city": null, "source": null, "osm_id": 295378824, "osm_type": "ways_poly", "Analysis_Region": "North West"}, "geometry": {"type": "Polygon", "coordinates": [[[8.5581008, 11.9742696], [8.5583116, 11.9741853], [8.5583455, 11.9742666], [8.5581347, 11.9743509], [8.5581008, 11.9742696]]]}}, {"type": "Feature", "properties": {"name": null, "name:en": null, "amenity": null, "building": "school", "operator:type": null, "capacity:persons": null, "addr:full": null, "addr:city": null, "source": null, "osm_id": 295785840, "osm_type": "ways_poly", "Analysis_Region": "North West"}, "geometry": {"type": "Polygon", "coordinates": [[[8.5583658, 11.9742285], [8.5584615, 11.9741944], [8.5585656, 11.9744741], [8.5584698, 11.9745082], [8.5583658, 11.9742285]]]}}, {"type": "Feature", "properties": {"name": null, "name:en": null, "amenity": null, "building": "school", "operator:type": null, "capacity:persons": null, "addr:full": null, "addr:city": null, "source": null, "osm_id": 295378827, "osm_type": "ways_poly", "Analysis_Region": "North West"}, "geometry": {"type": "Polygon", "coordinates": [[[8.5579631, 11.9747438], [8.5580092, 11.9746515], [8.558214, 11.9747494], [8.5581679, 11.9748417], [8.5579631, 11.9747438]]]}}, {"type": "Feature", "properties": {"name": null, "name:en": null, "amenity": null, "building": "school", "operator:type": null, "capacity:persons": null, "addr:full": null, "addr:city": null, "source": null, "osm_id": 298563265, "osm_type": "ways_poly", "Analysis_Region": "North West"}, "geometry": {"type": "Polygon", "coordinates": [[[8.5455283, 11.9583618], [8.5455884, 11.9583007], [8.5457213, 11.9584257], [8.5456613, 11.9584868], [8.5455283, 11.9583618]]]}}, {"type": "Feature", "properties": {"name": null, "name:en": null, "amenity": null, "building": "school", "operator:type": null, "capacity:persons": null, "addr:full": null, "addr:city": null, "source": null, "osm_id": 527037205, "osm_type": "ways_poly", "Analysis_Region": "North West"}, "geometry": {"type": "Polygon", "coordinates": [[[8.5446036, 11.948585], [8.5446171, 11.9485148], [8.5448981, 11.9485797], [8.5448891, 11.9486633], [8.5446036, 11.948585]]]}}, {"type": "Feature", "properties": {"name": null, "name:en": null, "amenity": null, "building": "school", "operator:type": null, "capacity:persons": null, "addr:full": null, "addr:city": null, "source": null, "osm_id": 527047394, "osm_type": "ways_poly", "Analysis_Region": "North West"}, "geometry": {"type": "Polygon", "coordinates": [[[8.5707879, 11.9618234], [8.5708228, 11.9617288], [8.570852, 11.9617425], [8.570817, 11.9618327], [8.5707879, 11.9618234]]]}}, {"type": "Feature", "properties": {"name": null, "name:en": null, "amenity": null, "building": "school", "operator:type": null, "capacity:persons": null, "addr:full": null, "addr:city": null, "source": null, "osm_id": 527047686, "osm_type": "ways_poly", "Analysis_Region": "North West"}, "geometry": {"type": "Polygon", "coordinates": [[[8.5392523, 11.9492499], [8.5392845, 11.9491515], [8.5396142, 11.9492185], [8.5395845, 11.9493189], [8.5392523, 11.9492499]]]}}, {"type": "Feature", "properties": {"name": null, "name:en": null, "amenity": null, "building": "school", "operator:type": null, "capacity:persons": null, "addr:full": null, "addr:city": null, "source": null, "osm_id": 527049888, "osm_type": "ways_poly", "Analysis_Region": "North West"}, "geometry": {"type": "Polygon", "coordinates": [[[8.5399294, 11.9506906], [8.5401518, 11.9505365], [8.5402075, 11.9506133], [8.539985, 11.9507675], [8.5399294, 11.9506906]]]}}, {"type": "Feature", "properties": {"name": null, "name:en": null, "amenity": null, "building": "school", "operator:type": null, "capacity:persons": null, "addr:full": null, "addr:city": null, "source": null, "osm_id": 527048939, "osm_type": "ways_poly", "Analysis_Region": "North West"}, "geometry": {"type": "Polygon", "coordinates": [[[8.5387545, 11.9505999], [8.5389861, 11.9503968], [8.5390629, 11.9504807], [8.5389093, 11.9506153], [8.538989, 11.9507024], [8.538911, 11.9507707], [8.5387545, 11.9505999]]]}}, {"type": "Feature", "properties": {"name": null, "name:en": null, "amenity": null, "building": "school", "operator:type": null, "capacity:persons": null, "addr:full": null, "addr:city": null, "source": null, "osm_id": 298598350, "osm_type": "ways_poly", "Analysis_Region": "North West"}, "geometry": {"type": "Polygon", "coordinates": [[[8.5633493, 11.9422809], [8.5634216, 11.9422447], [8.5635105, 11.9424148], [8.5634382, 11.942451], [8.5633493, 11.9422809]]]}}, {"type": "Feature", "properties": {"name": null, "name:en": null, "amenity": null, "building": "school", "operator:type": null, "capacity:persons": null, "addr:full": null, "addr:city": null, "source": null, "osm_id": 298819003, "osm_type": "ways_poly", "Analysis_Region": "North West"}, "geometry": {"type": "Polygon", "coordinates": [[[8.5665234, 11.9462998], [8.5670911, 11.9462338], [8.5671002, 11.9463084], [8.5665325, 11.9463745], [8.5665234, 11.9462998]]]}}, {"type": "Feature", "properties": {"name": null, "name:en": null, "amenity": null, "building": "school", "operator:type": null, "capacity:persons": null, "addr:full": null, "addr:city": null, "source": null, "osm_id": 298819064, "osm_type": "ways_poly", "Analysis_Region": "North West"}, "geometry": {"type": "Polygon", "coordinates": [[[8.5665717, 11.9466208], [8.5671337, 11.9465693], [8.5671414, 11.94665], [8.5665794, 11.9467015], [8.5665717, 11.9466208]]]}}, {"type": "Feature", "properties": {"name": null, "name:en": null, "amenity": null, "building": "school", "operator:type": null, "capacity:persons": null, "addr:full": null, "addr:city": null, "source": null, "osm_id": 298819111, "osm_type": "ways_poly", "Analysis_Region": "North West"}, "geometry": {"type": "Polygon", "coordinates": [[[8.5627075, 11.9498992], [8.5629146, 11.9497111], [8.562949, 11.9497473], [8.5627418, 11.9499354], [8.5627075, 11.9498992]]]}}, {"type": "Feature", "properties": {"name": null, "name:en": null, "amenity": null, "building": "school", "operator:type": null, "capacity:persons": null, "addr:full": null, "addr:city": null, "source": null, "osm_id": 298819240, "osm_type": "ways_poly", "Analysis_Region": "North West"}, "geometry": {"type": "Polygon", "coordinates": [[[8.5587087, 11.9508892], [8.5588414, 11.9507609], [8.5588816, 11.9508007], [8.5587489, 11.950929], [8.5587087, 11.9508892]]]}}, {"type": "Feature", "properties": {"name": null, "name:en": null, "amenity": null, "building": "school", "operator:type": null, "capacity:persons": null, "addr:full": null, "addr:city": null, "source": null, "osm_id": 298819576, "osm_type": "ways_poly", "Analysis_Region": "North West"}, "geometry": {"type": "Polygon", "coordinates": [[[8.5586947, 11.9517456], [8.5587918, 11.9516474], [8.5588476, 11.9517002], [8.5587505, 11.9517984], [8.5586947, 11.9517456]]]}}, {"type": "Feature", "properties": {"name": null, "name:en": null, "amenity": null, "building": "school", "operator:type": null, "capacity:persons": null, "addr:full": null, "addr:city": null, "source": null, "osm_id": 298819677, "osm_type": "ways_poly", "Analysis_Region": "North West"}, "geometry": {"type": "Polygon", "coordinates": [[[8.5589837, 11.9511997], [8.559144, 11.9510366], [8.5591811, 11.9510715], [8.5590208, 11.9512346], [8.5589837, 11.9511997]]]}}, {"type": "Feature", "properties": {"name": null, "name:en": null, "amenity": null, "building": "school", "operator:type": null, "capacity:persons": null, "addr:full": null, "addr:city": null, "source": null, "osm_id": 298819699, "osm_type": "ways_poly", "Analysis_Region": "North West"}, "geometry": {"type": "Polygon", "coordinates": [[[8.5587891, 11.9514174], [8.5589461, 11.9512511], [8.5589787, 11.9512806], [8.5588217, 11.9514468], [8.5587891, 11.9514174]]]}}, {"type": "Feature", "properties": {"name": null, "name:en": null, "amenity": null, "building": "school", "operator:type": null, "capacity:persons": null, "addr:full": null, "addr:city": null, "source": null, "osm_id": 298819820, "osm_type": "ways_poly", "Analysis_Region": "North West"}, "geometry": {"type": "Polygon", "coordinates": [[[8.5598504, 11.9511072], [8.5599524, 11.951009], [8.5599839, 11.9510404], [8.559882, 11.9511385], [8.5598504, 11.9511072]]]}}, {"type": "Feature", "properties": {"name": null, "name:en": null, "amenity": null, "building": "school", "operator:type": null, "capacity:persons": null, "addr:full": null, "addr:city": null, "source": null, "osm_id": 298819540, "osm_type": "ways_poly", "Analysis_Region": "North West"}, "geometry": {"type": "Polygon", "coordinates": [[[8.5592301, 11.9516739], [8.5593216, 11.9515717], [8.5593611, 11.9516056], [8.5592696, 11.9517077], [8.5592301, 11.9516739]]]}}, {"type": "Feature", "properties": {"name": null, "name:en": null, "amenity": null, "building": "school", "operator:type": null, "capacity:persons": null, "addr:full": null, "addr:city": null, "source": null, "osm_id": 298819793, "osm_type": "ways_poly", "Analysis_Region": "North West"}, "geometry": {"type": "Polygon", "coordinates": [[[8.5623183, 11.9426697], [8.5625553, 11.9425839], [8.5625935, 11.9426848], [8.5623564, 11.9427706], [8.5623183, 11.9426697]]]}}, {"type": "Feature", "properties": {"name": null, "name:en": null, "amenity": null, "building": "school", "operator:type": null, "capacity:persons": null, "addr:full": null, "addr:city": null, "source": null, "osm_id": 298819857, "osm_type": "ways_poly", "Analysis_Region": "North West"}, "geometry": {"type": "Polygon", "coordinates": [[[8.5630734, 11.942753], [8.5632776, 11.9427089], [8.5632936, 11.9427796], [8.5630893, 11.9428237], [8.5630734, 11.942753]]]}}, {"type": "Feature", "properties": {"name": null, "name:en": null, "amenity": null, "building": "school", "operator:type": null, "capacity:persons": null, "addr:full": null, "addr:city": null, "source": null, "osm_id": 298819694, "osm_type": "ways_poly", "Analysis_Region": "North West"}, "geometry": {"type": "Polygon", "coordinates": [[[8.5661548, 11.9466023], [8.5661982, 11.9466007], [8.5662017, 11.9466903], [8.5661582, 11.9466919], [8.5661548, 11.9466023]]]}}, {"type": "Feature", "properties": {"name": null, "name:en": null, "amenity": null, "building": "school", "operator:type": null, "capacity:persons": null, "addr:full": null, "addr:city": null, "source": null, "osm_id": 298819762, "osm_type": "ways_poly", "Analysis_Region": "North West"}, "geometry": {"type": "Polygon", "coordinates": [[[8.566151, 11.9468554], [8.5662097, 11.9468538], [8.5662143, 11.947006], [8.5661556, 11.9470077], [8.566151, 11.9468554]]]}}, {"type": "Feature", "properties": {"name": null, "name:en": null, "amenity": null, "building": "school", "operator:type": null, "capacity:persons": null, "addr:full": null, "addr:city": null, "source": null, "osm_id": 298819339, "osm_type": "ways_poly", "Analysis_Region": "North West"}, "geometry": {"type": "Polygon", "coordinates": [[[8.5616029, 11.9512681], [8.5617562, 11.951108], [8.5618113, 11.9511584], [8.5616579, 11.9513186], [8.5616029, 11.9512681]]]}}, {"type": "Feature", "properties": {"name": null, "name:en": null, "amenity": null, "building": "school", "operator:type": null, "capacity:persons": null, "addr:full": null, "addr:city": null, "source": null, "osm_id": 298819440, "osm_type": "ways_poly", "Analysis_Region": "North West"}, "geometry": {"type": "Polygon", "coordinates": [[[8.5612474, 11.9514877], [8.5615221, 11.9512302], [8.5615812, 11.9512906], [8.5613065, 11.9515481], [8.5612474, 11.9514877]]]}}, {"type": "Feature", "properties": {"name": null, "name:en": null, "amenity": null, "building": "school", "operator:type": null, "capacity:persons": null, "addr:full": null, "addr:city": null, "source": null, "osm_id": 298819446, "osm_type": "ways_poly", "Analysis_Region": "North West"}, "geometry": {"type": "Polygon", "coordinates": [[[8.5636224, 11.9498481], [8.5637025, 11.9497776], [8.5637468, 11.9498257], [8.5636667, 11.9498962], [8.5636224, 11.9498481]]]}}, {"type": "Feature", "properties": {"name": null, "name:en": null, "amenity": null, "building": "school", "operator:type": null, "capacity:persons": null, "addr:full": null, "addr:city": null, "source": null, "osm_id": 298820022, "osm_type": "ways_poly", "Analysis_Region": "North West"}, "geometry": {"type": "Polygon", "coordinates": [[[8.5598571, 11.9508303], [8.5598949, 11.9507944], [8.5599483, 11.9508482], [8.5599105, 11.9508842], [8.5598571, 11.9508303]]]}}, {"type": "Feature", "properties": {"name": null, "name:en": null, "amenity": null, "building": "school", "operator:type": null, "capacity:persons": null, "addr:full": null, "addr:city": null, "source": null, "osm_id": 527024122, "osm_type": "ways_poly", "Analysis_Region": "North West"}, "geometry": {"type": "Polygon", "coordinates": [[[8.5431365, 11.9619945], [8.54325, 11.9618633], [8.5432979, 11.9619098], [8.5432678, 11.9619395], [8.54329, 11.961961], [8.543306, 11.9619453], [8.5434299, 11.9620657], [8.5434008, 11.9620944], [8.5432617, 11.9619592], [8.5432334, 11.9619871], [8.5434169, 11.9621654], [8.5434611, 11.9621391], [8.5435016, 11.9621785], [8.5434263, 11.9622527], [8.5431365, 11.9619945]]]}}, {"type": "Feature", "properties": {"name": null, "name:en": null, "amenity": null, "building": "school", "operator:type": null, "capacity:persons": null, "addr:full": null, "addr:city": null, "source": null, "osm_id": 527036469, "osm_type": "ways_poly", "Analysis_Region": "North West"}, "geometry": {"type": "Polygon", "coordinates": [[[8.5445742, 11.9582071], [8.5446407, 11.9581454], [8.5448001, 11.9583098], [8.5447336, 11.9583715], [8.5445742, 11.9582071]]]}}, {"type": "Feature", "properties": {"name": null, "name:en": null, "amenity": null, "building": "school", "operator:type": null, "capacity:persons": null, "addr:full": null, "addr:city": null, "source": null, "osm_id": 527054041, "osm_type": "ways_poly", "Analysis_Region": "North West"}, "geometry": {"type": "Polygon", "coordinates": [[[8.5398434, 11.9495681], [8.5399115, 11.9495121], [8.5400252, 11.9496444], [8.5399571, 11.9497004], [8.5398434, 11.9495681]]]}}, {"type": "Feature", "properties": {"name": null, "name:en": null, "amenity": null, "building": "school", "operator:type": null, "capacity:persons": null, "addr:full": null, "addr:city": null, "source": null, "osm_id": 527054042, "osm_type": "ways_poly", "Analysis_Region": "North West"}, "geometry": {"type": "Polygon", "coordinates": [[[8.5399634, 11.949721], [8.5400281, 11.9496661], [8.5400967, 11.9497436], [8.5400319, 11.9497984], [8.5399634, 11.949721]]]}}, {"type": "Feature", "properties": {"name": null, "name:en": null, "amenity": null, "building": "school", "operator:type": null, "capacity:persons": null, "addr:full": null, "addr:city": null, "source": null, "osm_id": 527054043, "osm_type": "ways_poly", "Analysis_Region": "North West"}, "geometry": {"type": "Polygon", "coordinates": [[[8.5400231, 11.9498253], [8.5401046, 11.9497587], [8.5401918, 11.9498608], [8.5401102, 11.9499274], [8.5400231, 11.9498253]]]}}, {"type": "Feature", "properties": {"name": null, "name:en": null, "amenity": null, "building": "school", "operator:type": null, "capacity:persons": null, "addr:full": null, "addr:city": null, "source": null, "osm_id": 527054044, "osm_type": "ways_poly", "Analysis_Region": "North West"}, "geometry": {"type": "Polygon", "coordinates": [[[8.5400885, 11.9499786], [8.54017, 11.9499063], [8.5403507, 11.9501013], [8.5402952, 11.9501506], [8.540177, 11.950023], [8.540151, 11.9500461], [8.5400885, 11.9499786]]]}}, {"type": "Feature", "properties": {"name": null, "name:en": null, "amenity": null, "building": "school", "operator:type": null, "capacity:persons": null, "addr:full": null, "addr:city": null, "source": null, "osm_id": 527038737, "osm_type": "ways_poly", "Analysis_Region": "North West"}, "geometry": {"type": "Polygon", "coordinates": [[[8.560194, 11.9537943], [8.5602497, 11.9537454], [8.5602837, 11.9537732], [8.5602292, 11.9538198], [8.560194, 11.9537943]]]}}, {"type": "Feature", "properties": {"name": null, "name:en": null, "amenity": null, "building": "school", "operator:type": null, "capacity:persons": null, "addr:full": null, "addr:city": null, "source": null, "osm_id": 527038739, "osm_type": "ways_poly", "Analysis_Region": "North West"}, "geometry": {"type": "Polygon", "coordinates": [[[8.5602712, 11.9537143], [8.5603734, 11.9536221], [8.5604052, 11.9536554], [8.5603064, 11.9537565], [8.5602712, 11.9537143]]]}}, {"type": "Feature", "properties": {"name": null, "name:en": null, "amenity": null, "building": "school", "operator:type": null, "capacity:persons": null, "addr:full": null, "addr:city": null, "source": null, "osm_id": 527045314, "osm_type": "ways_poly", "Analysis_Region": "North West"}, "geometry": {"type": "Polygon", "coordinates": [[[8.5461335, 11.9685726], [8.546231, 11.9683956], [8.5462961, 11.9684394], [8.5461965, 11.9686104], [8.5461335, 11.9685726]]]}}, {"type": "Feature", "properties": {"name": null, "name:en": null, "amenity": null, "building": "school", "operator:type": null, "capacity:persons": null, "addr:full": null, "addr:city": null, "source": null, "osm_id": 527034425, "osm_type": "ways_poly", "Analysis_Region": "North West"}, "geometry": {"type": "Polygon", "coordinates": [[[8.539189, 11.9811255], [8.53933, 11.9809605], [8.5393964, 11.9810148], [8.5392554, 11.9811797], [8.539189, 11.9811255]]]}}, {"type": "Feature", "properties": {"name": null, "name:en": null, "amenity": null, "building": "school", "operator:type": null, "capacity:persons": null, "addr:full": null, "addr:city": null, "source": null, "osm_id": 300227025, "osm_type": "ways_poly", "Analysis_Region": "North West"}, "geometry": {"type": "Polygon", "coordinates": [[[8.5356842, 11.9622515], [8.5358461, 11.9620736], [8.5358727, 11.9620969], [8.5357108, 11.9622747], [8.5356842, 11.9622515]]]}}, {"type": "Feature", "properties": {"name": null, "name:en": null, "amenity": null, "building": "school", "operator:type": null, "capacity:persons": null, "addr:full": null, "addr:city": null, "source": null, "osm_id": 300227068, "osm_type": "ways_poly", "Analysis_Region": "North West"}, "geometry": {"type": "Polygon", "coordinates": [[[8.5357162, 11.9622782], [8.5358773, 11.9620997], [8.535907, 11.9621253], [8.5357459, 11.9623038], [8.5357162, 11.9622782]]]}}, {"type": "Feature", "properties": {"name": null, "name:en": null, "amenity": null, "building": "school", "operator:type": null, "capacity:persons": null, "addr:full": null, "addr:city": null, "source": null, "osm_id": 527037185, "osm_type": "ways_poly", "Analysis_Region": "North West"}, "geometry": {"type": "Polygon", "coordinates": [[[8.5597815, 11.9585694], [8.5598592, 11.9585025], [8.5598728, 11.9585177], [8.5597967, 11.9585831], [8.5597815, 11.9585694]]]}}, {"type": "Feature", "properties": {"name": null, "name:en": null, "amenity": null, "building": "school", "operator:type": null, "capacity:persons": null, "addr:full": null, "addr:city": null, "source": null, "osm_id": 527037451, "osm_type": "ways_poly", "Analysis_Region": "North West"}, "geometry": {"type": "Polygon", "coordinates": [[[8.5415595, 11.9562884], [8.5415675, 11.9562643], [8.5416057, 11.9562748], [8.5415977, 11.9563], [8.5415595, 11.9562884]]]}}, {"type": "Feature", "properties": {"name": null, "name:en": null, "amenity": null, "building": "school", "operator:type": null, "capacity:persons": null, "addr:full": null, "addr:city": null, "source": null, "osm_id": 527037649, "osm_type": "ways_poly", "Analysis_Region": "North West"}, "geometry": {"type": "Polygon", "coordinates": [[[8.5604007, 11.9587911], [8.5604525, 11.9587081], [8.560573, 11.95878], [8.5605255, 11.9588563], [8.5604845, 11.9588389], [8.5605031, 11.9588026], [8.5604625, 11.958778], [8.5604398, 11.9588144], [8.5604007, 11.9587911]]]}}, {"type": "Feature", "properties": {"name": null, "name:en": null, "amenity": null, "building": "school", "operator:type": null, "capacity:persons": null, "addr:full": null, "addr:city": null, "source": null, "osm_id": 527024462, "osm_type": "ways_poly", "Analysis_Region": "North West"}, "geometry": {"type": "Polygon", "coordinates": [[[8.5412508, 11.9713752], [8.5412821, 11.9713232], [8.5413353, 11.9713538], [8.5413141, 11.9713891], [8.5412887, 11.9713745], [8.5412786, 11.9713912], [8.5412508, 11.9713752]]]}}, {"type": "Feature", "properties": {"name": "Tambayahaya Nursery and Primary School", "name:en": null, "amenity": "school", "building": null, "operator:type": null, "capacity:persons": null, "addr:full": null, "addr:city": null, "source": null, "osm_id": 292190554, "osm_type": "ways_poly", "Analysis_Region": "North West"}, "geometry": {"type": "Polygon", "coordinates": [[[8.5350166, 12.0304654], [8.535041, 12.0304291], [8.5351952, 12.0305282], [8.5351625, 12.0305768], [8.5351319, 12.0305571], [8.5351402, 12.0305448], [8.5350166, 12.0304654]]]}}, {"type": "Feature", "properties": {"name": null, "name:en": null, "amenity": null, "building": "school", "operator:type": null, "capacity:persons": null, "addr:full": null, "addr:city": null, "source": null, "osm_id": 527043939, "osm_type": "ways_poly", "Analysis_Region": "North West"}, "geometry": {"type": "Polygon", "coordinates": [[[8.5460838, 11.9676529], [8.5461938, 11.9674365], [8.5462533, 11.9674654], [8.5461434, 11.9676818], [8.5460838, 11.9676529]]]}}, {"type": "Feature", "properties": {"name": null, "name:en": null, "amenity": null, "building": "school", "operator:type": null, "capacity:persons": null, "addr:full": null, "addr:city": null, "source": null, "osm_id": 527425840, "osm_type": "ways_poly", "Analysis_Region": "North West"}, "geometry": {"type": "Polygon", "coordinates": [[[8.5394491, 11.9663514], [8.5394738, 11.9663101], [8.5395155, 11.9663468], [8.5394918, 11.9663853], [8.5394491, 11.9663514]]]}}, {"type": "Feature", "properties": {"name": null, "name:en": null, "amenity": null, "building": "school", "operator:type": null, "capacity:persons": null, "addr:full": null, "addr:city": null, "source": null, "osm_id": 527022655, "osm_type": "ways_poly", "Analysis_Region": "North West"}, "geometry": {"type": "Polygon", "coordinates": [[[8.5355308, 11.9743212], [8.5356281, 11.9741887], [8.5356924, 11.9742339], [8.5355951, 11.9743664], [8.5355308, 11.9743212]]]}}, {"type": "Feature", "properties": {"name": null, "name:en": null, "amenity": "school", "building": "yes", "operator:type": null, "capacity:persons": null, "addr:full": null, "addr:city": null, "source": null, "osm_id": 701538220, "osm_type": "ways_poly", "Analysis_Region": "North West"}, "geometry": {"type": "Polygon", "coordinates": [[[4.3167298, 7.8879516], [4.3168399, 7.8879179], [4.3169016, 7.8881158], [4.3167914, 7.8881495], [4.3167298, 7.8879516]]]}}, {"type": "Feature", "properties": {"name": null, "name:en": null, "amenity": "school", "building": null, "operator:type": null, "capacity:persons": null, "addr:full": null, "addr:city": null, "source": null, "osm_id": 290369263, "osm_type": "ways_poly", "Analysis_Region": "North West"}, "geometry": {"type": "Polygon", "coordinates": [[[8.4722179, 12.0528713], [8.472222, 12.0528619], [8.4723009, 12.0526691], [8.4723064, 12.0526338], [8.4723662, 12.0524729], [8.4723807, 12.0524245], [8.4724478, 12.0522392], [8.4724704, 12.0522113], [8.4725367, 12.0520228], [8.4725596, 12.0520485], [8.472757, 12.0521294], [8.4727773, 12.0521438], [8.472968, 12.052231], [8.4730054, 12.0521527], [8.4730399, 12.0521703], [8.4729852, 12.0522792], [8.4729174, 12.0522532], [8.4728703, 12.0523671], [8.4728219, 12.052491], [8.4728293, 12.0525147], [8.4727697, 12.0526757], [8.4727617, 12.0526875], [8.4726969, 12.0528622], [8.4726946, 12.0528754], [8.4726322, 12.053039], [8.4726263, 12.0530589], [8.4725376, 12.0530431], [8.47256, 12.0529627], [8.4722179, 12.0528713]]]}}, {"type": "Feature", "properties": {"name": "Victory Academy", "name:en": null, "amenity": "school", "building": null, "operator:type": "private", "capacity:persons": null, "addr:full": null, "addr:city": null, "source": "Nigerian Red Cross Society", "osm_id": 1156366030, "osm_type": "ways_poly", "Analysis_Region": "North West"}, "geometry": {"type": "Polygon", "coordinates": [[[7.4427408, 8.9498896], [7.442916, 8.9498433], [7.4429407, 8.9499455], [7.4428522, 8.9499665], [7.4428646, 8.9500277], [7.4427717, 8.9500478], [7.4427408, 8.9498896]]]}}, {"type": "Feature", "properties": {"name": null, "name:en": null, "amenity": "school", "building": null, "operator:type": null, "capacity:persons": null, "addr:full": null, "addr:city": null, "source": null, "osm_id": 588418255, "osm_type": "ways_poly", "Analysis_Region": "North West"}, "geometry": {"type": "Polygon", "coordinates": [[[4.5148312, 13.2742863], [4.5151638, 13.2728975], [4.5151694, 13.2728754], [4.5178731, 13.2735019], [4.5179066, 13.2735098], [4.5175577, 13.2748999], [4.5175241, 13.2748919], [4.5148312, 13.2742863]]]}}, {"type": "Feature", "properties": {"name": "Sokoto State University", "name:en": null, "amenity": "university", "building": null, "operator:type": null, "capacity:persons": null, "addr:full": null, "addr:city": null, "source": "MSFsurvey", "osm_id": 797937349, "osm_type": "ways_poly", "Analysis_Region": "North West"}, "geometry": {"type": "Polygon", "coordinates": [[[5.1959203, 12.9394711], [5.1983024, 12.9393232], [5.1988031, 12.9394046], [5.1990383, 12.9396264], [5.19941, 12.9399813], [5.1996376, 12.9406763], [5.1995314, 12.9412308], [5.1994783, 12.941534], [5.1993949, 12.9416966], [5.1989624, 12.9422216], [5.1984162, 12.9425765], [5.197521, 12.9427465], [5.1969824, 12.9427539], [5.1959203, 12.9394711]]]}}, {"type": "Feature", "properties": {"name": null, "name:en": null, "amenity": null, "building": "school", "operator:type": null, "capacity:persons": null, "addr:full": null, "addr:city": null, "source": null, "osm_id": 298819608, "osm_type": "ways_poly", "Analysis_Region": "North West"}, "geometry": {"type": "Polygon", "coordinates": [[[8.5585156, 11.9515563], [8.5586079, 11.9514518], [8.5586582, 11.9514943], [8.558566, 11.9515989], [8.5585156, 11.9515563]]]}}, {"type": "Feature", "properties": {"name": null, "name:en": null, "amenity": null, "building": "school", "operator:type": null, "capacity:persons": null, "addr:full": null, "addr:city": null, "source": null, "osm_id": 298819926, "osm_type": "ways_poly", "Analysis_Region": "North West"}, "geometry": {"type": "Polygon", "coordinates": [[[8.5599321, 11.9507643], [8.5599801, 11.9507161], [8.5600383, 11.9507715], [8.5599904, 11.9508197], [8.5599321, 11.9507643]]]}}, {"type": "Feature", "properties": {"name": null, "name:en": null, "amenity": null, "building": "school", "operator:type": null, "capacity:persons": null, "addr:full": null, "addr:city": null, "source": null, "osm_id": 289620352, "osm_type": "ways_poly", "Analysis_Region": "North West"}, "geometry": {"type": "Polygon", "coordinates": [[[8.5614411, 11.9575283], [8.5615663, 11.9573703], [8.561633, 11.9574209], [8.5615078, 11.9575789], [8.5614411, 11.9575283]]]}}, {"type": "Feature", "properties": {"name": "GSS Lafia East", "name:en": null, "amenity": "school", "building": null, "operator:type": null, "capacity:persons": null, "addr:full": null, "addr:city": null, "source": null, "osm_id": 787692135, "osm_type": "ways_poly", "Analysis_Region": "North West"}, "geometry": {"type": "Polygon", "coordinates": [[[8.5164195, 8.470425], [8.516786, 8.4686934], [8.5187383, 8.4690976], [8.5183718, 8.4708292], [8.5164195, 8.470425]]]}}, {"type": "Feature", "properties": {"name": null, "name:en": null, "amenity": null, "building": "school", "operator:type": null, "capacity:persons": null, "addr:full": null, "addr:city": null, "source": null, "osm_id": 787692134, "osm_type": "ways_poly", "Analysis_Region": "North West"}, "geometry": {"type": "Polygon", "coordinates": [[[8.5167236, 8.469671], [8.5167449, 8.4695902], [8.516794, 8.4696028], [8.5168253, 8.4694837], [8.5171247, 8.4695609], [8.517072, 8.4697609], [8.5167236, 8.469671]]]}}, {"type": "Feature", "properties": {"name": null, "name:en": null, "amenity": null, "building": "school", "operator:type": null, "capacity:persons": null, "addr:full": null, "addr:city": null, "source": null, "osm_id": 787692130, "osm_type": "ways_poly", "Analysis_Region": "North West"}, "geometry": {"type": "Polygon", "coordinates": [[[8.5182768, 8.4696081], [8.5183017, 8.4695151], [8.5184671, 8.4695585], [8.5184424, 8.4696503], [8.5183976, 8.4696385], [8.5183931, 8.4696555], [8.5183171, 8.4696355], [8.5183214, 8.4696198], [8.5182768, 8.4696081]]]}}, {"type": "Feature", "properties": {"name": null, "name:en": null, "amenity": null, "building": "school", "operator:type": null, "capacity:persons": null, "addr:full": null, "addr:city": null, "source": null, "osm_id": 598416503, "osm_type": "ways_poly", "Analysis_Region": "North West"}, "geometry": {"type": "Polygon", "coordinates": [[[4.5338012, 7.5226296], [4.5339456, 7.5226056], [4.5339844, 7.5228353], [4.5338401, 7.5228593], [4.5338012, 7.5226296]]]}}, {"type": "Feature", "properties": {"name": null, "name:en": null, "amenity": null, "building": "university", "operator:type": null, "capacity:persons": null, "addr:full": null, "addr:city": null, "source": null, "osm_id": 595843936, "osm_type": "ways_poly", "Analysis_Region": "North West"}, "geometry": {"type": "Polygon", "coordinates": [[[4.528474, 7.5214954], [4.5285641, 7.5214799], [4.5286078, 7.5217306], [4.5285176, 7.5217461], [4.528474, 7.5214954]]]}}, {"type": "Feature", "properties": {"name": null, "name:en": null, "amenity": null, "building": "university", "operator:type": null, "capacity:persons": null, "addr:full": null, "addr:city": null, "source": null, "osm_id": 595564763, "osm_type": "ways_poly", "Analysis_Region": "North West"}, "geometry": {"type": "Polygon", "coordinates": [[[4.5290172, 7.5217921], [4.5291155, 7.5217794], [4.5291529, 7.5220645], [4.5290561, 7.5220771], [4.5290172, 7.5217921]]]}}, {"type": "Feature", "properties": {"name": null, "name:en": null, "amenity": null, "building": "university", "operator:type": null, "capacity:persons": null, "addr:full": null, "addr:city": null, "source": null, "osm_id": 595564765, "osm_type": "ways_poly", "Analysis_Region": "North West"}, "geometry": {"type": "Polygon", "coordinates": [[[4.5288658, 7.52182], [4.528952, 7.5218085], [4.5289894, 7.5220833], [4.528904, 7.5220947], [4.5288658, 7.52182]]]}}, {"type": "Feature", "properties": {"name": null, "name:en": null, "amenity": null, "building": "university", "operator:type": null, "capacity:persons": null, "addr:full": null, "addr:city": null, "source": null, "osm_id": 595564767, "osm_type": "ways_poly", "Analysis_Region": "North West"}, "geometry": {"type": "Polygon", "coordinates": [[[4.5285524, 7.5218913], [4.5286423, 7.5218797], [4.5286794, 7.5221633], [4.5285902, 7.5221748], [4.5285524, 7.5218913]]]}}, {"type": "Feature", "properties": {"name": null, "name:en": null, "amenity": null, "building": "university", "operator:type": null, "capacity:persons": null, "addr:full": null, "addr:city": null, "source": null, "osm_id": 619270902, "osm_type": "ways_poly", "Analysis_Region": "North West"}, "geometry": {"type": "Polygon", "coordinates": [[[4.5198309, 7.5176476], [4.5204223, 7.5175621], [4.5204339, 7.5176414], [4.5198426, 7.5177269], [4.5198309, 7.5176476]]]}}, {"type": "Feature", "properties": {"name": null, "name:en": null, "amenity": null, "building": "university", "operator:type": null, "capacity:persons": null, "addr:full": null, "addr:city": null, "source": null, "osm_id": 619270920, "osm_type": "ways_poly", "Analysis_Region": "North West"}, "geometry": {"type": "Polygon", "coordinates": [[[4.5185831, 7.520508], [4.5190507, 7.5204307], [4.5190637, 7.5205085], [4.5185962, 7.5205858], [4.5185831, 7.520508]]]}}, {"type": "Feature", "properties": {"name": null, "name:en": null, "amenity": null, "building": "university", "operator:type": null, "capacity:persons": null, "addr:full": null, "addr:city": null, "source": null, "osm_id": 618217513, "osm_type": "ways_poly", "Analysis_Region": "North West"}, "geometry": {"type": "Polygon", "coordinates": [[[4.5145477, 7.5199588], [4.5151122, 7.5198688], [4.5151218, 7.5199285], [4.5145574, 7.5200185], [4.5145477, 7.5199588]]]}}, {"type": "Feature", "properties": {"name": null, "name:en": null, "amenity": null, "building": "university", "operator:type": null, "capacity:persons": null, "addr:full": null, "addr:city": null, "source": null, "osm_id": 617970592, "osm_type": "ways_poly", "Analysis_Region": "North West"}, "geometry": {"type": "Polygon", "coordinates": [[[4.5122534, 7.5222171], [4.5123537, 7.5221991], [4.5123879, 7.5223857], [4.5122877, 7.5224038], [4.5122534, 7.5222171]]]}}, {"type": "Feature", "properties": {"name": null, "name:en": null, "amenity": null, "building": "university", "operator:type": null, "capacity:persons": null, "addr:full": null, "addr:city": null, "source": null, "osm_id": 617970598, "osm_type": "ways_poly", "Analysis_Region": "North West"}, "geometry": {"type": "Polygon", "coordinates": [[[4.5131851, 7.5218556], [4.5133048, 7.5218325], [4.5133166, 7.5218925], [4.5131969, 7.5219157], [4.5131851, 7.5218556]]]}}, {"type": "Feature", "properties": {"name": null, "name:en": null, "amenity": null, "building": "university", "operator:type": null, "capacity:persons": null, "addr:full": null, "addr:city": null, "source": null, "osm_id": 617970613, "osm_type": "ways_poly", "Analysis_Region": "North West"}, "geometry": {"type": "Polygon", "coordinates": [[[4.5134809, 7.5224127], [4.51357, 7.5224001], [4.5136482, 7.5229426], [4.5135591, 7.5229552], [4.5134809, 7.5224127]]]}}, {"type": "Feature", "properties": {"name": null, "name:en": null, "amenity": null, "building": "school", "operator:type": null, "capacity:persons": null, "addr:full": null, "addr:city": null, "source": null, "osm_id": 378033202, "osm_type": "ways_poly", "Analysis_Region": "North West"}, "geometry": {"type": "Polygon", "coordinates": [[[4.5463804, 7.7433984], [4.5464957, 7.7433293], [4.5466298, 7.7435127], [4.5465037, 7.7435978], [4.5463804, 7.7433984]]]}}, {"type": "Feature", "properties": {"name": null, "name:en": null, "amenity": null, "building": "school", "operator:type": null, "capacity:persons": null, "addr:full": null, "addr:city": null, "source": null, "osm_id": 441584474, "osm_type": "ways_poly", "Analysis_Region": "North West"}, "geometry": {"type": "Polygon", "coordinates": [[[4.3970431, 10.4520938], [4.3971048, 10.4520793], [4.3971155, 10.4521122], [4.3970511, 10.4521267], [4.3970431, 10.4520938]]]}}, {"type": "Feature", "properties": {"name": null, "name:en": null, "amenity": "school", "building": null, "operator:type": null, "capacity:persons": null, "addr:full": null, "addr:city": null, "source": null, "osm_id": 418889137, "osm_type": "ways_poly", "Analysis_Region": "North West"}, "geometry": {"type": "Polygon", "coordinates": [[[4.4044773, 10.6340994], [4.4054268, 10.6336723], [4.4060276, 10.6352751], [4.4050298, 10.6355598], [4.4044773, 10.6340994]]]}}, {"type": "Feature", "properties": {"name": null, "name:en": null, "amenity": "school", "building": null, "operator:type": null, "capacity:persons": null, "addr:full": null, "addr:city": null, "source": null, "osm_id": 440250613, "osm_type": "ways_poly", "Analysis_Region": "North West"}, "geometry": {"type": "Polygon", "coordinates": [[[4.4768021, 10.5904954], [4.4768665, 10.5900525], [4.477158, 10.589664], [4.4776952, 10.5900336], [4.4781358, 10.5897801], [4.4775158, 10.5910492], [4.4769898, 10.5908065], [4.4768021, 10.5904954]]]}}, {"type": "Feature", "properties": {"name": null, "name:en": null, "amenity": "school", "building": null, "operator:type": null, "capacity:persons": null, "addr:full": null, "addr:city": null, "source": null, "osm_id": 440250557, "osm_type": "ways_poly", "Analysis_Region": "North West"}, "geometry": {"type": "Polygon", "coordinates": [[[4.4626324, 10.5395046], [4.4627226, 10.5386005], [4.4631265, 10.5386512], [4.4635606, 10.5388878], [4.4635004, 10.5394877], [4.4629976, 10.5395384], [4.4626324, 10.5395046]]]}}, {"type": "Feature", "properties": {"name": "Glory Land Academy", "name:en": null, "amenity": "school", "building": null, "operator:type": null, "capacity:persons": null, "addr:full": null, "addr:city": "Jos", "source": null, "osm_id": 1178004095, "osm_type": "ways_poly", "Analysis_Region": "North West"}, "geometry": {"type": "Polygon", "coordinates": [[[8.8631141, 9.8629038], [8.8631409, 9.8628694], [8.863334, 9.8627241], [8.8635567, 9.8628853], [8.8636237, 9.863131], [8.863216, 9.8632182], [8.8631141, 9.8629038]]]}}, {"type": "Feature", "properties": {"name": "LEA Maiduguri Road", "name:en": null, "amenity": "school", "building": null, "operator:type": null, "capacity:persons": null, "addr:full": null, "addr:city": null, "source": null, "osm_id": 488835909, "osm_type": "ways_poly", "Analysis_Region": "North West"}, "geometry": {"type": "Polygon", "coordinates": [[[7.4336377, 10.50638], [7.4338181, 10.5041278], [7.4341359, 10.5041502], [7.4341386, 10.5041146], [7.4344873, 10.5041449], [7.4348346, 10.5041951], [7.434893, 10.5047449], [7.4350438, 10.5063668], [7.4349956, 10.5063708], [7.4349969, 10.5064974], [7.4336377, 10.50638]]]}}, {"type": "Feature", "properties": {"name": "Directorate of university Degree Affliate Program (DUDAP)", "name:en": null, "amenity": null, "building": "school", "operator:type": null, "capacity:persons": null, "addr:full": null, "addr:city": null, "source": null, "osm_id": 946758614, "osm_type": "ways_poly", "Analysis_Region": "North West"}, "geometry": {"type": "Polygon", "coordinates": [[[5.2942508, 7.5978919], [5.2943283, 7.5978682], [5.2943195, 7.5978399], [5.2944694, 7.5977939], [5.2944804, 7.5978291], [5.2945501, 7.5978078], [5.294575, 7.5978877], [5.2942778, 7.5979787], [5.2942508, 7.5978919]]]}}, {"type": "Feature", "properties": {"name": null, "name:en": null, "amenity": null, "building": "school", "operator:type": null, "capacity:persons": null, "addr:full": null, "addr:city": null, "source": null, "osm_id": 947029439, "osm_type": "ways_poly", "Analysis_Region": "North West"}, "geometry": {"type": "Polygon", "coordinates": [[[5.3101437, 7.6076651], [5.3101681, 7.6076587], [5.3101511, 7.607595], [5.3101653, 7.6075859], [5.3101472, 7.6075199], [5.3102378, 7.6074955], [5.3102585, 7.607571], [5.3102718, 7.6075674], [5.3103307, 7.6077838], [5.3103099, 7.6077893], [5.3103237, 7.6078406], [5.3102481, 7.6078606], [5.3102294, 7.607791], [5.3102089, 7.6077964], [5.3101939, 7.6077403], [5.3101658, 7.6077477], [5.3101437, 7.6076651]]]}}, {"type": "Feature", "properties": {"name": null, "name:en": null, "amenity": "school", "building": null, "operator:type": null, "capacity:persons": null, "addr:full": null, "addr:city": null, "source": null, "osm_id": 327697507, "osm_type": "ways_poly", "Analysis_Region": "North East"}, "geometry": {"type": "Polygon", "coordinates": [[[14.1854223, 12.4923103], [14.1855098, 12.4920027], [14.18621, 12.4922718], [14.1861881, 12.492635], [14.1856149, 12.4926905], [14.1854223, 12.4923103]]]}}, {"type": "Feature", "properties": {"name": null, "name:en": null, "amenity": "school", "building": null, "operator:type": null, "capacity:persons": null, "addr:full": null, "addr:city": null, "source": null, "osm_id": 327708825, "osm_type": "ways_poly", "Analysis_Region": "North East"}, "geometry": {"type": "Polygon", "coordinates": [[[13.9355049, 12.4251191], [13.9357058, 12.4243073], [13.9360513, 12.4239151], [13.9366911, 12.4243393], [13.9365464, 12.425069], [13.9360093, 12.4251875], [13.9355049, 12.4251191]]]}}, {"type": "Feature", "properties": {"name": "Schoo of Environmental Studies", "name:en": null, "amenity": null, "building": "school", "operator:type": null, "capacity:persons": null, "addr:full": null, "addr:city": null, "source": null, "osm_id": 946748262, "osm_type": "ways_poly", "Analysis_Region": "North West"}, "geometry": {"type": "Polygon", "coordinates": [[[5.3035794, 7.5899949], [5.3036607, 7.5899733], [5.3036524, 7.5899426], [5.3040042, 7.5898494], [5.3040267, 7.5899328], [5.3039851, 7.5899438], [5.3040282, 7.5901034], [5.3040655, 7.5900935], [5.3041016, 7.5902272], [5.3040256, 7.5902221], [5.3036664, 7.5903174], [5.3036504, 7.5902582], [5.3035794, 7.5899949]]]}}, {"type": "Feature", "properties": {"name": "Ebunoluwa Int. School", "name:en": null, "amenity": "school", "building": null, "operator:type": null, "capacity:persons": null, "addr:full": null, "addr:city": "Ofatedo", "source": null, "osm_id": 377644615, "osm_type": "ways_poly", "Analysis_Region": "North West"}, "geometry": {"type": "Polygon", "coordinates": [[[4.5089806, 7.7783963], [4.509222, 7.7776638], [4.5098872, 7.7756458], [4.5118613, 7.7761427], [4.5113047, 7.778049], [4.5110218, 7.7790182], [4.5089806, 7.7783963]]]}}, {"type": "Feature", "properties": {"name": null, "name:en": null, "amenity": "school", "building": null, "operator:type": null, "capacity:persons": null, "addr:full": null, "addr:city": null, "source": null, "osm_id": 376531498, "osm_type": "ways_poly", "Analysis_Region": "North West"}, "geometry": {"type": "Polygon", "coordinates": [[[8.5492702, 9.091909], [8.5494633, 9.091872], [8.5499354, 9.0918825], [8.550327, 9.0917607], [8.550622, 9.0919514], [8.5503592, 9.0924123], [8.5496403, 9.092693], [8.5492702, 9.091909]]]}}, {"type": "Feature", "properties": {"name": null, "name:en": null, "amenity": null, "building": "school", "operator:type": null, "capacity:persons": null, "addr:full": null, "addr:city": null, "source": null, "osm_id": 781955637, "osm_type": "ways_poly", "Analysis_Region": "North West"}, "geometry": {"type": "Polygon", "coordinates": [[[7.6590296, 12.8760583], [7.659082, 12.8756768], [7.6591714, 12.8756888], [7.6591159, 12.8760673], [7.6590296, 12.8760583]]]}}, {"type": "Feature", "properties": {"name": null, "name:en": null, "amenity": "school", "building": null, "operator:type": null, "capacity:persons": null, "addr:full": null, "addr:city": null, "source": null, "osm_id": 324220825, "osm_type": "ways_poly", "Analysis_Region": "North West"}, "geometry": {"type": "Polygon", "coordinates": [[[8.8807795, 9.5466898], [8.8809211, 9.5461733], [8.8814449, 9.5463164], [8.8814343, 9.5464665], [8.8821138, 9.5466305], [8.881905, 9.5472727], [8.8813493, 9.5470842], [8.881413, 9.5468225], [8.8807795, 9.5466898]]]}}, {"type": "Feature", "properties": {"name": null, "name:en": null, "amenity": "school", "building": null, "operator:type": null, "capacity:persons": null, "addr:full": null, "addr:city": null, "source": null, "osm_id": 324225136, "osm_type": "ways_poly", "Analysis_Region": "North West"}, "geometry": {"type": "Polygon", "coordinates": [[[8.8903077, 9.5380989], [8.8906167, 9.5379826], [8.8906004, 9.5378302], [8.8912712, 9.5377059], [8.8915151, 9.5384276], [8.8913688, 9.5385519], [8.8904744, 9.5387925], [8.8903077, 9.5380989]]]}}, {"type": "Feature", "properties": {"name": "DEPARTMENT OF SURVEYING AND GEOINFORMATICS", "name:en": null, "amenity": "university", "building": "house", "operator:type": "private", "capacity:persons": null, "addr:full": null, "addr:city": "BIRNI KEBBI", "source": null, "osm_id": 1464574627, "osm_type": "ways_poly", "Analysis_Region": "North West"}, "geometry": {"type": "Polygon", "coordinates": [[[4.2386357, 12.4654023], [4.2386445, 12.4653142], [4.2387118, 12.4653254], [4.2387383, 12.4652036], [4.2386693, 12.4651941], [4.2386914, 12.465081], [4.2388321, 12.4651077], [4.2388392, 12.4650663], [4.2389436, 12.4650835], [4.238933, 12.4651276], [4.2390737, 12.4651492], [4.2390507, 12.4652615], [4.2389781, 12.4652477], [4.2389507, 12.465373], [4.2390285, 12.4653894], [4.2390082, 12.4654697], [4.2388649, 12.4654429], [4.2388596, 12.4654585], [4.2387737, 12.4654421], [4.2387773, 12.4654231], [4.2386357, 12.4654023]]]}}, {"type": "Feature", "properties": {"name": "CTLW", "name:en": null, "amenity": null, "building": "university", "operator:type": null, "capacity:persons": null, "addr:full": null, "addr:city": null, "source": null, "osm_id": 618765180, "osm_type": "ways_poly", "Analysis_Region": "North West"}, "geometry": {"type": "Polygon", "coordinates": [[[4.5249892, 7.5113994], [4.5250683, 7.5112752], [4.525163, 7.5113345], [4.5251023, 7.5114298], [4.5250839, 7.5114587], [4.5249892, 7.5113994]]]}}, {"type": "Feature", "properties": {"name": null, "name:en": null, "amenity": null, "building": "school", "operator:type": null, "capacity:persons": null, "addr:full": null, "addr:city": null, "source": null, "osm_id": 1123694520, "osm_type": "ways_poly", "Analysis_Region": "North East"}, "geometry": {"type": "Polygon", "coordinates": [[[12.4863066, 9.2062286], [12.4864, 9.2061928], [12.4864678, 9.2064037], [12.4863697, 9.206428], [12.4863066, 9.2062286]]]}}, {"type": "Feature", "properties": {"name": null, "name:en": null, "amenity": null, "building": "school", "operator:type": null, "capacity:persons": null, "addr:full": null, "addr:city": null, "source": null, "osm_id": 1123694524, "osm_type": "ways_poly", "Analysis_Region": "North East"}, "geometry": {"type": "Polygon", "coordinates": [[[12.486281, 9.2066803], [12.4862891, 9.2065916], [12.4865495, 9.20661], [12.4865425, 9.2067022], [12.486281, 9.2066803]]]}}, {"type": "Feature", "properties": {"name": null, "name:en": null, "amenity": null, "building": "school", "operator:type": null, "capacity:persons": null, "addr:full": null, "addr:city": null, "source": null, "osm_id": 1123694504, "osm_type": "ways_poly", "Analysis_Region": "North East"}, "geometry": {"type": "Polygon", "coordinates": [[[12.4879874, 9.2076151], [12.4880924, 9.2076144], [12.4880925, 9.2076248], [12.4881349, 9.2076245], [12.4881354, 9.2076934], [12.4880879, 9.2076937], [12.4880891, 9.2078689], [12.4879892, 9.2078696], [12.4879874, 9.2076151]]]}}, {"type": "Feature", "properties": {"name": "Government Girls College", "name:en": null, "amenity": "university", "building": null, "operator:type": null, "capacity:persons": null, "addr:full": null, "addr:city": null, "source": null, "osm_id": 586649111, "osm_type": "ways_poly", "Analysis_Region": "North East"}, "geometry": {"type": "Polygon", "coordinates": [[[13.1402434, 11.834524], [13.1406127, 11.8318983], [13.1406563, 11.8317467], [13.1415302, 11.8318924], [13.1422071, 11.8325691], [13.1428505, 11.8334761], [13.1409012, 11.8351067], [13.1402434, 11.834524]]]}}, {"type": "Feature", "properties": {"name": null, "name:en": null, "amenity": "school", "building": null, "operator:type": null, "capacity:persons": null, "addr:full": null, "addr:city": null, "source": "Bing", "osm_id": 315938898, "osm_type": "ways_poly", "Analysis_Region": "North East"}, "geometry": {"type": "Polygon", "coordinates": [[[13.1911788, 13.5603583], [13.1913988, 13.5594874], [13.1915114, 13.5593727], [13.191933, 13.559518], [13.1921015, 13.559576], [13.1920371, 13.5601132], [13.1920373, 13.5601992], [13.1919832, 13.5604261], [13.1916024, 13.56034], [13.1911788, 13.5603583]]]}}, {"type": "Feature", "properties": {"name": "Kadawa Primary School", "name:en": null, "amenity": null, "building": "school", "operator:type": null, "capacity:persons": null, "addr:full": null, "addr:city": null, "source": null, "osm_id": 641595087, "osm_type": "ways_poly", "Analysis_Region": "North East"}, "geometry": {"type": "Polygon", "coordinates": [[[10.4665519, 12.8786492], [10.4666426, 12.878637], [10.4666745, 12.878864], [10.4665838, 12.8788761], [10.4665519, 12.8786492]]]}}, {"type": "Feature", "properties": {"name": null, "name:en": null, "amenity": null, "building": "school", "operator:type": null, "capacity:persons": null, "addr:full": null, "addr:city": null, "source": null, "osm_id": 770321194, "osm_type": "ways_poly", "Analysis_Region": "North West"}, "geometry": {"type": "Polygon", "coordinates": [[[7.7677228, 10.911012], [7.7677368, 10.9109557], [7.7677567, 10.9109594], [7.7677732, 10.9109625], [7.767769, 10.9109763], [7.767804, 10.9109832], [7.7677886, 10.911034], [7.7677228, 10.911012]]]}}, {"type": "Feature", "properties": {"name": null, "name:en": null, "amenity": "school", "building": null, "operator:type": null, "capacity:persons": null, "addr:full": null, "addr:city": null, "source": null, "osm_id": 640127413, "osm_type": "ways_poly", "Analysis_Region": "North West"}, "geometry": {"type": "Polygon", "coordinates": [[[6.2373319, 8.5447513], [6.2373362, 8.5437197], [6.2382218, 8.5437281], [6.2382474, 8.5433955], [6.2389541, 8.5434123], [6.2390478, 8.544545], [6.2378344, 8.5444986], [6.2378216, 8.5447597], [6.2373319, 8.5447513]]]}}, {"type": "Feature", "properties": {"name": null, "name:en": null, "amenity": "school", "building": null, "operator:type": null, "capacity:persons": null, "addr:full": null, "addr:city": null, "source": null, "osm_id": 775934416, "osm_type": "ways_poly", "Analysis_Region": "North West"}, "geometry": {"type": "Polygon", "coordinates": [[[8.1661172, 9.4371841], [8.1664894, 9.4369341], [8.1665369, 9.4369888], [8.1661568, 9.4372466], [8.1661172, 9.4371841]]]}}, {"type": "Feature", "properties": {"name": null, "name:en": null, "amenity": "school", "building": null, "operator:type": null, "capacity:persons": null, "addr:full": null, "addr:city": null, "source": null, "osm_id": 775934417, "osm_type": "ways_poly", "Analysis_Region": "North West"}, "geometry": {"type": "Polygon", "coordinates": [[[8.1660063, 9.4370201], [8.1663865, 9.4367779], [8.1664182, 9.4368482], [8.166038, 9.4370826], [8.1660063, 9.4370201]]]}}, {"type": "Feature", "properties": {"name": "Abuja Hostel Block 'A'", "name:en": null, "amenity": null, "building": "university", "operator:type": null, "capacity:persons": null, "addr:full": null, "addr:city": "jos", "source": null, "osm_id": 1122583167, "osm_type": "ways_poly", "Analysis_Region": "North West"}, "geometry": {"type": "Polygon", "coordinates": [[[8.8860519, 9.9704096], [8.8862246, 9.9702045], [8.8862636, 9.9702167], [8.8862883, 9.9701958], [8.8864196, 9.9701885], [8.8864185, 9.9701691], [8.8864168, 9.970139], [8.8866511, 9.9701261], [8.8868473, 9.9699226], [8.8869377, 9.9700071], [8.886759, 9.9701923], [8.8867254, 9.9701609], [8.8867077, 9.9701714], [8.8867006, 9.9701905], [8.8865595, 9.9701989], [8.8865619, 9.9702395], [8.8864304, 9.9702473], [8.8862989, 9.970255], [8.8862213, 9.9703472], [8.8861212, 9.9704662], [8.8860519, 9.9704096]]]}}, {"type": "Feature", "properties": {"name": null, "name:en": null, "amenity": null, "building": "university", "operator:type": null, "capacity:persons": null, "addr:full": null, "addr:city": null, "source": null, "osm_id": 619368832, "osm_type": "ways_poly", "Analysis_Region": "North West"}, "geometry": {"type": "Polygon", "coordinates": [[[4.5166836, 7.5176299], [4.5170279, 7.5175801], [4.5170398, 7.517661], [4.5166955, 7.5177107], [4.5166836, 7.5176299]]]}}, {"type": "Feature", "properties": {"name": null, "name:en": null, "amenity": "school", "building": null, "operator:type": null, "capacity:persons": null, "addr:full": null, "addr:city": null, "source": null, "osm_id": 639483780, "osm_type": "ways_poly", "Analysis_Region": "North West"}, "geometry": {"type": "Polygon", "coordinates": [[[6.2145109, 8.6335878], [6.214635, 8.6334069], [6.2150057, 8.6331393], [6.2153469, 8.6329706], [6.2156565, 8.6333472], [6.2154571, 8.633531], [6.21518, 8.6339352], [6.2150347, 8.6342125], [6.2145109, 8.6335878]]]}}, {"type": "Feature", "properties": {"name": null, "name:en": null, "amenity": "school", "building": null, "operator:type": null, "capacity:persons": null, "addr:full": null, "addr:city": null, "source": null, "osm_id": 586657409, "osm_type": "ways_poly", "Analysis_Region": "North East"}, "geometry": {"type": "Polygon", "coordinates": [[[13.1556062, 11.832799], [13.1557497, 11.8316371], [13.1557964, 11.831449], [13.1570726, 11.8313667], [13.1571613, 11.832508], [13.1572022, 11.833235], [13.1556062, 11.832799]]]}}, {"type": "Feature", "properties": {"name": "Federal University of Technology Minna, Bosso Campus", "name:en": null, "amenity": "university", "building": null, "operator:type": "public/government", "capacity:persons": null, "addr:full": null, "addr:city": "Bosso, Minna", "source": null, "osm_id": 1178609012, "osm_type": "ways_poly", "Analysis_Region": "North West"}, "geometry": {"type": "Polygon", "coordinates": [[[6.5220033, 9.6559727], [6.5236887, 9.653122], [6.526262, 9.6516955], [6.526414, 9.6516112], [6.528707, 9.6503401], [6.5297144, 9.6497817], [6.5291758, 9.6558177], [6.5270626, 9.6577182], [6.5260218, 9.6561187], [6.5238285, 9.6578767], [6.5220033, 9.6559727]]]}}, {"type": "Feature", "properties": {"name": "Ramat College Polytechnic Maiduguri", "name:en": null, "amenity": "university", "building": null, "operator:type": null, "capacity:persons": null, "addr:full": null, "addr:city": null, "source": null, "osm_id": 586657405, "osm_type": "ways_poly", "Analysis_Region": "North East"}, "geometry": {"type": "Polygon", "coordinates": [[[13.1297963, 11.8375354], [13.1302915, 11.8351846], [13.1303054, 11.8351151], [13.130425, 11.8345449], [13.1309747, 11.8346668], [13.1353262, 11.8356007], [13.135161, 11.8368121], [13.135141, 11.8377275], [13.1350021, 11.8383653], [13.1341875, 11.8382249], [13.1337948, 11.8412276], [13.130254, 11.8404449], [13.1306532, 11.8384389], [13.1300776, 11.838194], [13.1301692, 11.8376322], [13.1301768, 11.8375732], [13.1297963, 11.8375354]]]}}, {"type": "Feature", "properties": {"name": null, "name:en": null, "amenity": null, "building": "school", "operator:type": null, "capacity:persons": null, "addr:full": null, "addr:city": null, "source": null, "osm_id": 978933734, "osm_type": "ways_poly", "Analysis_Region": "North West"}, "geometry": {"type": "Polygon", "coordinates": [[[8.9022463, 9.8649339], [8.9022774, 9.8646936], [8.9023592, 9.8647039], [8.902328, 9.8649442], [8.9022463, 9.8649339]]]}}, {"type": "Feature", "properties": {"name": null, "name:en": null, "amenity": null, "building": "school", "operator:type": null, "capacity:persons": null, "addr:full": null, "addr:city": null, "source": null, "osm_id": 978933735, "osm_type": "ways_poly", "Analysis_Region": "North West"}, "geometry": {"type": "Polygon", "coordinates": [[[8.9028515, 9.8649881], [8.9028606, 9.8648285], [8.902937, 9.8648327], [8.9029279, 9.8649923], [8.9028515, 9.8649881]]]}}, {"type": "Feature", "properties": {"name": null, "name:en": null, "amenity": null, "building": "school", "operator:type": null, "capacity:persons": null, "addr:full": null, "addr:city": null, "source": null, "osm_id": 978933736, "osm_type": "ways_poly", "Analysis_Region": "North West"}, "geometry": {"type": "Polygon", "coordinates": [[[8.9023861, 9.8647652], [8.9023925, 9.8646945], [8.9027576, 9.8647265], [8.9027512, 9.8647973], [8.9023861, 9.8647652]]]}}, {"type": "Feature", "properties": {"name": null, "name:en": null, "amenity": "school", "building": null, "operator:type": null, "capacity:persons": null, "addr:full": null, "addr:city": null, "source": null, "osm_id": 315928990, "osm_type": "ways_poly", "Analysis_Region": "North East"}, "geometry": {"type": "Polygon", "coordinates": [[[13.3500824, 13.7246057], [13.3503372, 13.72391], [13.3503586, 13.7238995], [13.3508012, 13.7240924], [13.3507771, 13.724207], [13.3505276, 13.7247802], [13.350431, 13.7248063], [13.3501333, 13.7246943], [13.3500824, 13.7246057]]]}}, {"type": "Feature", "properties": {"name": "E-Library and Medicine Hall", "name:en": null, "amenity": "library", "building": "university", "operator:type": null, "capacity:persons": null, "addr:full": null, "addr:city": null, "source": null, "osm_id": 765991257, "osm_type": "ways_poly", "Analysis_Region": "North West"}, "geometry": {"type": "Polygon", "coordinates": [[[7.449773, 10.517898], [7.4498125, 10.5178918], [7.4497993, 10.517807], [7.4499142, 10.5177891], [7.4499238, 10.5178504], [7.4501326, 10.5178177], [7.4501559, 10.5179667], [7.4498293, 10.5180178], [7.4498187, 10.5179497], [7.449782, 10.5179554], [7.449773, 10.517898]]]}}, {"type": "Feature", "properties": {"name": "Air Force Comprehensive School", "name:en": null, "amenity": "school", "building": null, "operator:type": null, "capacity:persons": null, "addr:full": null, "addr:city": "Kwa", "source": null, "osm_id": 677444871, "osm_type": "ways_poly", "Analysis_Region": "North West"}, "geometry": {"type": "Polygon", "coordinates": [[[8.3792431, 12.1434618], [8.3801472, 12.1427651], [8.3813947, 12.1418322], [8.3814853, 12.1417629], [8.3828881, 12.1406783], [8.3861608, 12.1439332], [8.3849659, 12.1452955], [8.383388, 12.1449558], [8.3826292, 12.1449974], [8.37986, 12.1437357], [8.3792431, 12.1434618]]]}}, {"type": "Feature", "properties": {"name": null, "name:en": null, "amenity": "school", "building": null, "operator:type": null, "capacity:persons": null, "addr:full": null, "addr:city": null, "source": null, "osm_id": 586657408, "osm_type": "ways_poly", "Analysis_Region": "North East"}, "geometry": {"type": "Polygon", "coordinates": [[[13.1520384, 11.8294146], [13.1526876, 11.8292714], [13.1529301, 11.8291939], [13.154032, 11.8293161], [13.1536983, 11.830512], [13.1526034, 11.8302982], [13.1520738, 11.8296345], [13.1520384, 11.8294146]]]}}, {"type": "Feature", "properties": {"name": "University of Abuja", "name:en": null, "amenity": "university", "building": null, "operator:type": null, "capacity:persons": null, "addr:full": null, "addr:city": null, "source": null, "osm_id": 1133000152, "osm_type": "ways_poly", "Analysis_Region": "North West"}, "geometry": {"type": "Polygon", "coordinates": [[[7.1683374, 8.9848042], [7.1690779, 8.9771304], [7.1727599, 8.9786913], [7.1693009, 8.9750661], [7.1824629, 8.9729928], [7.1856782, 8.9786174], [7.1783565, 8.9828751], [7.1790546, 8.9842177], [7.1773516, 8.9850924], [7.1769421, 8.983683], [7.1760169, 8.9841081], [7.1683374, 8.9848042]]]}}, {"type": "Feature", "properties": {"name": null, "name:en": null, "amenity": "school", "building": null, "operator:type": null, "capacity:persons": null, "addr:full": null, "addr:city": null, "source": null, "osm_id": 636993002, "osm_type": "ways_poly", "Analysis_Region": "North West"}, "geometry": {"type": "Polygon", "coordinates": [[[6.4304824, 8.584123], [6.4306066, 8.5839119], [6.4308045, 8.5836048], [6.4315227, 8.5831826], [6.4318915, 8.5836279], [6.4310608, 8.5840654], [6.4306143, 8.5842842], [6.4304824, 8.584123]]]}}, {"type": "Feature", "properties": {"name": "Command Secondary School", "name:en": null, "amenity": "school", "building": null, "operator:type": null, "capacity:persons": null, "addr:full": null, "addr:city": null, "source": null, "osm_id": 479611150, "osm_type": "ways_poly", "Analysis_Region": "North West"}, "geometry": {"type": "Polygon", "coordinates": [[[7.4203468, 10.4444749], [7.4203508, 10.4410721], [7.4204809, 10.4392494], [7.4206519, 10.4354101], [7.4284089, 10.435906], [7.429062, 10.4362805], [7.4292625, 10.4364322], [7.4292088, 10.4384739], [7.4291713, 10.4397137], [7.4294019, 10.4413544], [7.4293429, 10.4426733], [7.4296755, 10.4439552], [7.4285383, 10.4441715], [7.4271382, 10.4442454], [7.4250192, 10.4443298], [7.4232275, 10.4444089], [7.4214787, 10.4444881], [7.4203468, 10.4444749]]]}}, {"type": "Feature", "properties": {"name": "Muna Koreri", "name:en": null, "amenity": "school", "building": null, "operator:type": null, "capacity:persons": null, "addr:full": null, "addr:city": null, "source": null, "osm_id": 479576534, "osm_type": "ways_poly", "Analysis_Region": "North East"}, "geometry": {"type": "Polygon", "coordinates": [[[13.2393603, 11.8657276], [13.2396026, 11.8649494], [13.2404742, 11.8651748], [13.2401766, 11.8659711], [13.2393603, 11.8657276]]]}}, {"type": "Feature", "properties": {"name": "College of Islamic Theology - Elkanemi", "name:en": null, "amenity": "college", "building": null, "operator:type": null, "capacity:persons": null, "addr:full": null, "addr:city": null, "source": null, "osm_id": 586649112, "osm_type": "ways_poly", "Analysis_Region": "North East"}, "geometry": {"type": "Polygon", "coordinates": [[[13.1105288, 11.8318914], [13.1115452, 11.8318368], [13.1132108, 11.83165], [13.1139621, 11.8318193], [13.1140387, 11.8326388], [13.1141235, 11.8338582], [13.1106023, 11.8342238], [13.1105288, 11.8318914]]]}}, {"type": "Feature", "properties": {"name": "pilot primary school pil gani", "name:en": null, "amenity": "school", "building": null, "operator:type": null, "capacity:persons": null, "addr:full": null, "addr:city": null, "source": null, "osm_id": 1313889152, "osm_type": "ways_poly", "Analysis_Region": "North East"}, "geometry": {"type": "Polygon", "coordinates": [[[9.8824785, 9.1975846], [9.8824947, 9.1972539], [9.8825825, 9.1972475], [9.8825956, 9.1974979], [9.8831192, 9.1975172], [9.8831192, 9.1973438], [9.8829696, 9.1973438], [9.8828948, 9.1973085], [9.8826671, 9.1972668], [9.8826541, 9.1972283], [9.8827191, 9.197164], [9.8829468, 9.1972379], [9.8831192, 9.1972379], [9.8832038, 9.1972475], [9.8832103, 9.1975814], [9.8827419, 9.1976199], [9.8827517, 9.1977387], [9.8825403, 9.1977227], [9.8825435, 9.1975975], [9.8824785, 9.1975846]]]}}, {"type": "Feature", "properties": {"name": null, "name:en": null, "amenity": null, "building": "school", "operator:type": null, "capacity:persons": null, "addr:full": null, "addr:city": null, "source": null, "osm_id": 298819713, "osm_type": "ways_poly", "Analysis_Region": "North West"}, "geometry": {"type": "Polygon", "coordinates": [[[8.5665884, 11.9467917], [8.5671607, 11.9467425], [8.5671677, 11.9468202], [8.5665954, 11.9468694], [8.5665884, 11.9467917]]]}}, {"type": "Feature", "properties": {"name": "LIVING STONE SCHOOL", "name:en": null, "amenity": null, "building": "school", "operator:type": null, "capacity:persons": null, "addr:full": null, "addr:city": null, "source": null, "osm_id": 527435775, "osm_type": "ways_poly", "Analysis_Region": "North West"}, "geometry": {"type": "Polygon", "coordinates": [[[8.5363193, 11.9615259], [8.536399, 11.9614266], [8.5365052, 11.9615176], [8.5364492, 11.9615844], [8.5364293, 11.9615779], [8.5364066, 11.961602], [8.5363193, 11.9615259]]]}}, {"type": "Feature", "properties": {"name": null, "name:en": null, "amenity": null, "building": "school", "operator:type": null, "capacity:persons": null, "addr:full": null, "addr:city": null, "source": null, "osm_id": 527052912, "osm_type": "ways_poly", "Analysis_Region": "North West"}, "geometry": {"type": "Polygon", "coordinates": [[[8.5459997, 11.9687472], [8.5460824, 11.9685952], [8.5461542, 11.9686326], [8.5460715, 11.9687846], [8.5459997, 11.9687472]]]}}, {"type": "Feature", "properties": {"name": null, "name:en": null, "amenity": null, "building": "school", "operator:type": null, "capacity:persons": null, "addr:full": null, "addr:city": null, "source": null, "osm_id": 298597959, "osm_type": "ways_poly", "Analysis_Region": "North West"}, "geometry": {"type": "Polygon", "coordinates": [[[8.5592141, 11.9392974], [8.559265, 11.9391736], [8.5593234, 11.9391966], [8.5592724, 11.9393204], [8.5592141, 11.9392974]]]}}, {"type": "Feature", "properties": {"name": null, "name:en": null, "amenity": null, "building": "school", "operator:type": null, "capacity:persons": null, "addr:full": null, "addr:city": null, "source": null, "osm_id": 527033122, "osm_type": "ways_poly", "Analysis_Region": "North West"}, "geometry": {"type": "Polygon", "coordinates": [[[8.5531947, 11.9514595], [8.5533926, 11.9512138], [8.5536671, 11.9514255], [8.5534691, 11.9516711], [8.5531947, 11.9514595]]]}}, {"type": "Feature", "properties": {"name": null, "name:en": null, "amenity": null, "building": "school", "operator:type": null, "capacity:persons": null, "addr:full": null, "addr:city": null, "source": null, "osm_id": 527448497, "osm_type": "ways_poly", "Analysis_Region": "North West"}, "geometry": {"type": "Polygon", "coordinates": [[[8.5542379, 11.9431644], [8.5542658, 11.9431055], [8.5545038, 11.9432135], [8.5544713, 11.9432819], [8.554449, 11.9432718], [8.5544438, 11.9432828], [8.5542481, 11.9431939], [8.5542578, 11.9431734], [8.5542379, 11.9431644]]]}}, {"type": "Feature", "properties": {"name": "Vice Chancellor's Mosque", "name:en": null, "amenity": "university", "building": "yes", "operator:type": null, "capacity:persons": null, "addr:full": null, "addr:city": null, "source": null, "osm_id": 284840634, "osm_type": "ways_poly", "Analysis_Region": "North West"}, "geometry": {"type": "Polygon", "coordinates": [[[8.4270336, 11.9731624], [8.4270687, 11.9730531], [8.4272302, 11.9731027], [8.4271676, 11.9732975], [8.4270452, 11.9732599], [8.4270727, 11.9731744], [8.4270336, 11.9731624]]]}}, {"type": "Feature", "properties": {"name": "Islamic School", "name:en": null, "amenity": "kindergarten", "building": null, "operator:type": null, "capacity:persons": null, "addr:full": null, "addr:city": null, "source": null, "osm_id": 586649104, "osm_type": "ways_poly", "Analysis_Region": "North East"}, "geometry": {"type": "Polygon", "coordinates": [[[13.1599621, 11.8218284], [13.1599859, 11.8218103], [13.1612248, 11.8213626], [13.1617851, 11.8222333], [13.1614885, 11.8223681], [13.1608931, 11.8226373], [13.1609143, 11.8226925], [13.1608776, 11.822705], [13.1603014, 11.8229512], [13.159966, 11.8218547], [13.1599621, 11.8218284]]]}}, {"type": "Feature", "properties": {"name": "Government Arabic College", "name:en": null, "amenity": "university", "building": null, "operator:type": "government", "capacity:persons": null, "addr:full": null, "addr:city": "Gombe", "source": null, "osm_id": 393780520, "osm_type": "ways_poly", "Analysis_Region": "North East"}, "geometry": {"type": "Polygon", "coordinates": [[[11.1609976, 10.3057564], [11.161227, 10.3028044], [11.1623712, 10.3028301], [11.1629559, 10.3032286], [11.1667284, 10.3057567], [11.1667056, 10.3058887], [11.1669255, 10.3059836], [11.1669524, 10.3059691], [11.1674939, 10.3062597], [11.1677437, 10.3063623], [11.1677504, 10.3064547], [11.1678294, 10.306485], [11.1679126, 10.3064243], [11.1683605, 10.3066064], [11.1683096, 10.3081951], [11.1682398, 10.3089445], [11.1681916, 10.3096465], [11.1677755, 10.3096521], [11.1673131, 10.3095857], [11.166829, 10.3094565], [11.1665393, 10.3093351], [11.1662228, 10.3090739], [11.1657065, 10.3085553], [11.1652987, 10.3082518], [11.164753, 10.3076251], [11.1637177, 10.3069931], [11.1632589, 10.3066566], [11.1609976, 10.3057564]]]}}, {"type": "Feature", "properties": {"name": null, "name:en": null, "amenity": "school", "building": null, "operator:type": null, "capacity:persons": null, "addr:full": null, "addr:city": null, "source": null, "osm_id": 1078336457, "osm_type": "ways_poly", "Analysis_Region": "North East"}, "geometry": {"type": "Polygon", "coordinates": [[[13.1076904, 11.8234059], [13.1081096, 11.823381], [13.1081043, 11.824097], [13.1081033, 11.8247466], [13.1077071, 11.8247817], [13.1076904, 11.8234059]]]}}, {"type": "Feature", "properties": {"name": "Kashim Ibrahim College", "name:en": null, "amenity": "university", "building": null, "operator:type": null, "capacity:persons": null, "addr:full": null, "addr:city": null, "source": null, "osm_id": 586657404, "osm_type": "ways_poly", "Analysis_Region": "North East"}, "geometry": {"type": "Polygon", "coordinates": [[[13.1250852, 11.8372392], [13.1252008, 11.8366568], [13.1254099, 11.8362323], [13.1259007, 11.8337362], [13.1284267, 11.8340925], [13.1293974, 11.8343084], [13.1287742, 11.8374716], [13.1286804, 11.8378301], [13.1284267, 11.8383645], [13.1282304, 11.8391998], [13.1252745, 11.8386726], [13.1252661, 11.8381321], [13.1250877, 11.8375415], [13.1250852, 11.8372392]]]}}, {"type": "Feature", "properties": {"name": "PG LT", "name:en": null, "amenity": null, "building": "university", "operator:type": null, "capacity:persons": null, "addr:full": null, "addr:city": null, "source": null, "osm_id": 599038674, "osm_type": "ways_poly", "Analysis_Region": "North West"}, "geometry": {"type": "Polygon", "coordinates": [[[4.5298023, 7.5162066], [4.5298824, 7.5161951], [4.5299012, 7.5163243], [4.5302022, 7.5162812], [4.5301825, 7.5161454], [4.5302515, 7.5161356], [4.5302755, 7.5163002], [4.5302506, 7.5163037], [4.530257, 7.5163481], [4.5298747, 7.5164028], [4.529869, 7.5163635], [4.529826, 7.5163696], [4.5298023, 7.5162066]]]}}, {"type": "Feature", "properties": {"name": "Chemical Engineering LAB", "name:en": null, "amenity": null, "building": "university", "operator:type": null, "capacity:persons": null, "addr:full": null, "addr:city": null, "source": null, "osm_id": 599038660, "osm_type": "ways_poly", "Analysis_Region": "North West"}, "geometry": {"type": "Polygon", "coordinates": [[[4.5274307, 7.5192012], [4.5278075, 7.519143], [4.5278209, 7.5192283], [4.5274441, 7.5192865], [4.5274307, 7.5192012]]]}}, {"type": "Feature", "properties": {"name": "SCIENCE PROJECT PRI. SCHOOL, UNGUWA UKU", "name:en": null, "amenity": null, "building": "school", "operator:type": null, "capacity:persons": null, "addr:full": null, "addr:city": null, "source": null, "osm_id": 289620342, "osm_type": "ways_poly", "Analysis_Region": "North West"}, "geometry": {"type": "Polygon", "coordinates": [[[8.5620304, 11.9580506], [8.5621638, 11.9579058], [8.5622141, 11.9579502], [8.5620807, 11.958095], [8.5620304, 11.9580506]]]}}, {"type": "Feature", "properties": {"name": null, "name:en": null, "amenity": null, "building": "school", "operator:type": null, "capacity:persons": null, "addr:full": null, "addr:city": null, "source": null, "osm_id": 295462461, "osm_type": "ways_poly", "Analysis_Region": "North West"}, "geometry": {"type": "Polygon", "coordinates": [[[8.5557946, 11.9644099], [8.5558015, 11.9643314], [8.5559965, 11.964348], [8.5559896, 11.9644264], [8.5557946, 11.9644099]]]}}, {"type": "Feature", "properties": {"name": null, "name:en": null, "amenity": null, "building": "school", "operator:type": null, "capacity:persons": null, "addr:full": null, "addr:city": null, "source": null, "osm_id": 295462465, "osm_type": "ways_poly", "Analysis_Region": "North West"}, "geometry": {"type": "Polygon", "coordinates": [[[8.5555509, 11.9643998], [8.5555556, 11.9643209], [8.5557468, 11.9643319], [8.5557421, 11.9644108], [8.5555509, 11.9643998]]]}}, {"type": "Feature", "properties": {"name": "HAUSAWA MODELBOYS SEC SCHOOL", "name:en": null, "amenity": null, "building": "school", "operator:type": null, "capacity:persons": null, "addr:full": null, "addr:city": null, "source": null, "osm_id": 527028676, "osm_type": "ways_poly", "Analysis_Region": "North West"}, "geometry": {"type": "Polygon", "coordinates": [[[8.5398208, 11.9656036], [8.539904, 11.9654196], [8.5399893, 11.9654565], [8.539906, 11.9656405], [8.5398208, 11.9656036]]]}}, {"type": "Feature", "properties": {"name": "HAUSAWA MODELBOYS SEC SCHOOL", "name:en": null, "amenity": null, "building": "school", "operator:type": null, "capacity:persons": null, "addr:full": null, "addr:city": null, "source": null, "osm_id": 527031404, "osm_type": "ways_poly", "Analysis_Region": "North West"}, "geometry": {"type": "Polygon", "coordinates": [[[8.5402256, 11.9646919], [8.5402353, 11.9646541], [8.5403451, 11.9646809], [8.5403354, 11.9647188], [8.5402256, 11.9646919]]]}}, {"type": "Feature", "properties": {"name": null, "name:en": null, "amenity": null, "building": "school", "operator:type": null, "capacity:persons": null, "addr:full": null, "addr:city": null, "source": null, "osm_id": 527043927, "osm_type": "ways_poly", "Analysis_Region": "North West"}, "geometry": {"type": "Polygon", "coordinates": [[[8.5453545, 11.968362], [8.5454387, 11.9681826], [8.5454919, 11.9682065], [8.5454077, 11.9683859], [8.5453545, 11.968362]]]}}, {"type": "Feature", "properties": {"name": null, "name:en": null, "amenity": null, "building": "school", "operator:type": null, "capacity:persons": null, "addr:full": null, "addr:city": null, "source": null, "osm_id": 527046762, "osm_type": "ways_poly", "Analysis_Region": "North West"}, "geometry": {"type": "Polygon", "coordinates": [[[8.5462534, 11.9683618], [8.5463225, 11.9681928], [8.5463754, 11.9682187], [8.5463205, 11.9684016], [8.5462534, 11.9683618]]]}}, {"type": "Feature", "properties": {"name": null, "name:en": null, "amenity": null, "building": "school", "operator:type": null, "capacity:persons": null, "addr:full": null, "addr:city": null, "source": null, "osm_id": 527046950, "osm_type": "ways_poly", "Analysis_Region": "North West"}, "geometry": {"type": "Polygon", "coordinates": [[[8.5459158, 11.9680577], [8.5459412, 11.9680125], [8.5460758, 11.968085], [8.5460504, 11.9681302], [8.5459158, 11.9680577]]]}}, {"type": "Feature", "properties": {"name": "LIVING STONE SCHOOL", "name:en": null, "amenity": null, "building": "school", "operator:type": null, "capacity:persons": null, "addr:full": null, "addr:city": null, "source": null, "osm_id": 300267162, "osm_type": "ways_poly", "Analysis_Region": "North West"}, "geometry": {"type": "Polygon", "coordinates": [[[8.5359792, 11.9615871], [8.5360632, 11.9614948], [8.5361402, 11.9615618], [8.5360562, 11.9616541], [8.5359792, 11.9615871]]]}}, {"type": "Feature", "properties": {"name": null, "name:en": null, "amenity": null, "building": "school", "operator:type": null, "capacity:persons": null, "addr:full": null, "addr:city": null, "source": null, "osm_id": 527029139, "osm_type": "ways_poly", "Analysis_Region": "North West"}, "geometry": {"type": "Polygon", "coordinates": [[[8.5808776, 11.9574338], [8.5809071, 11.9574338], [8.5809071, 11.9574744], [8.5808776, 11.9574744], [8.5808776, 11.9574338]]]}}, {"type": "Feature", "properties": {"name": "Foundation Nursery and Primary School", "name:en": null, "amenity": "school", "building": null, "operator:type": null, "capacity:persons": null, "addr:full": null, "addr:city": null, "source": null, "osm_id": 292190538, "osm_type": "ways_poly", "Analysis_Region": "North West"}, "geometry": {"type": "Polygon", "coordinates": [[[8.5350772, 12.0325943], [8.5351486, 12.0324828], [8.5353011, 12.0325763], [8.5352297, 12.0326878], [8.5350772, 12.0325943]]]}}, {"type": "Feature", "properties": {"name": null, "name:en": null, "amenity": null, "building": "school", "operator:type": null, "capacity:persons": null, "addr:full": null, "addr:city": null, "source": null, "osm_id": 527533179, "osm_type": "ways_poly", "Analysis_Region": "North West"}, "geometry": {"type": "Polygon", "coordinates": [[[8.5399069, 11.9499584], [8.5399436, 11.9499155], [8.5400536, 11.9499951], [8.5400042, 11.950045], [8.5399069, 11.9499584]]]}}, {"type": "Feature", "properties": {"name": null, "name:en": null, "amenity": null, "building": "school", "operator:type": null, "capacity:persons": null, "addr:full": null, "addr:city": null, "source": null, "osm_id": 527533183, "osm_type": "ways_poly", "Analysis_Region": "North West"}, "geometry": {"type": "Polygon", "coordinates": [[[8.5406772, 11.9503863], [8.540711, 11.9503179], [8.5408937, 11.9503973], [8.5408599, 11.9504668], [8.5406772, 11.9503863]]]}}, {"type": "Feature", "properties": {"name": null, "name:en": null, "amenity": null, "building": "school", "operator:type": null, "capacity:persons": null, "addr:full": null, "addr:city": null, "source": null, "osm_id": 527048937, "osm_type": "ways_poly", "Analysis_Region": "North West"}, "geometry": {"type": "Polygon", "coordinates": [[[8.5386725, 11.9503464], [8.5387644, 11.950264], [8.5389163, 11.9504262], [8.5388245, 11.9505086], [8.5386725, 11.9503464]]]}}, {"type": "Feature", "properties": {"name": null, "name:en": null, "amenity": null, "building": "school", "operator:type": null, "capacity:persons": null, "addr:full": null, "addr:city": null, "source": null, "osm_id": 527050715, "osm_type": "ways_poly", "Analysis_Region": "North West"}, "geometry": {"type": "Polygon", "coordinates": [[[8.5389596, 11.949929], [8.5390836, 11.9498273], [8.5392025, 11.9499544], [8.5390759, 11.9500678], [8.5389596, 11.949929]]]}}, {"type": "Feature", "properties": {"name": null, "name:en": null, "amenity": null, "building": "school", "operator:type": null, "capacity:persons": null, "addr:full": null, "addr:city": null, "source": null, "osm_id": 527031203, "osm_type": "ways_poly", "Analysis_Region": "North West"}, "geometry": {"type": "Polygon", "coordinates": [[[8.5379872, 11.958622], [8.5380003, 11.9585814], [8.5380579, 11.9584028], [8.5381118, 11.9584194], [8.5380411, 11.9586387], [8.5379872, 11.958622]]]}}, {"type": "Feature", "properties": {"name": null, "name:en": null, "amenity": null, "building": "school", "operator:type": null, "capacity:persons": null, "addr:full": null, "addr:city": null, "source": null, "osm_id": 298563281, "osm_type": "ways_poly", "Analysis_Region": "North West"}, "geometry": {"type": "Polygon", "coordinates": [[[8.5447654, 11.9579079], [8.5449119, 11.9577628], [8.5449569, 11.9578062], [8.5448104, 11.9579513], [8.5447654, 11.9579079]]]}}, {"type": "Feature", "properties": {"name": null, "name:en": null, "amenity": null, "building": "school", "operator:type": null, "capacity:persons": null, "addr:full": null, "addr:city": null, "source": null, "osm_id": 527020888, "osm_type": "ways_poly", "Analysis_Region": "North West"}, "geometry": {"type": "Polygon", "coordinates": [[[8.5635084, 11.9743234], [8.5636467, 11.9742376], [8.563707, 11.9743305], [8.5635687, 11.9744164], [8.5635084, 11.9743234]]]}}, {"type": "Feature", "properties": {"name": null, "name:en": null, "amenity": null, "building": "school", "operator:type": null, "capacity:persons": null, "addr:full": null, "addr:city": null, "source": "bing", "osm_id": 287479477, "osm_type": "ways_poly", "Analysis_Region": "North West"}, "geometry": {"type": "Polygon", "coordinates": [[[8.5633124, 11.9796806], [8.5634019, 11.9796524], [8.5634562, 11.9798174], [8.5633667, 11.9798456], [8.5633124, 11.9796806]]]}}, {"type": "Feature", "properties": {"name": null, "name:en": null, "amenity": null, "building": "school", "operator:type": null, "capacity:persons": null, "addr:full": null, "addr:city": null, "source": null, "osm_id": 289657131, "osm_type": "ways_poly", "Analysis_Region": "North West"}, "geometry": {"type": "Polygon", "coordinates": [[[8.5627023, 11.9731398], [8.562761, 11.973106], [8.5628358, 11.9732306], [8.562777, 11.9732643], [8.5627023, 11.9731398]]]}}, {"type": "Feature", "properties": {"name": null, "name:en": null, "amenity": null, "building": "school", "operator:type": null, "capacity:persons": null, "addr:full": null, "addr:city": null, "source": null, "osm_id": 527030866, "osm_type": "ways_poly", "Analysis_Region": "North West"}, "geometry": {"type": "Polygon", "coordinates": [[[8.5722931, 11.9706749], [8.5723597, 11.9704655], [8.5724476, 11.9704923], [8.572381, 11.9707016], [8.5722931, 11.9706749]]]}}, {"type": "Feature", "properties": {"name": null, "name:en": null, "amenity": null, "building": "school", "operator:type": null, "capacity:persons": null, "addr:full": null, "addr:city": null, "source": null, "osm_id": 527043954, "osm_type": "ways_poly", "Analysis_Region": "North West"}, "geometry": {"type": "Polygon", "coordinates": [[[8.5736296, 11.9691228], [8.573667, 11.9690486], [8.573741, 11.9690843], [8.5737036, 11.9691585], [8.5736296, 11.9691228]]]}}, {"type": "Feature", "properties": {"name": null, "name:en": null, "amenity": null, "building": "school", "operator:type": null, "capacity:persons": null, "addr:full": null, "addr:city": null, "source": null, "osm_id": 527043990, "osm_type": "ways_poly", "Analysis_Region": "North West"}, "geometry": {"type": "Polygon", "coordinates": [[[8.5735348, 11.9690457], [8.5735611, 11.9690018], [8.5736333, 11.9690431], [8.5736071, 11.969087], [8.5735348, 11.9690457]]]}}, {"type": "Feature", "properties": {"name": null, "name:en": null, "amenity": null, "building": "school", "operator:type": null, "capacity:persons": null, "addr:full": null, "addr:city": null, "source": null, "osm_id": 527027541, "osm_type": "ways_poly", "Analysis_Region": "North West"}, "geometry": {"type": "Polygon", "coordinates": [[[8.572382, 11.9712646], [8.5727456, 11.97094], [8.5728047, 11.9710033], [8.5724411, 11.9713279], [8.572382, 11.9712646]]]}}, {"type": "Feature", "properties": {"name": null, "name:en": null, "amenity": null, "building": "school", "operator:type": null, "capacity:persons": null, "addr:full": null, "addr:city": null, "source": null, "osm_id": 298598532, "osm_type": "ways_poly", "Analysis_Region": "North West"}, "geometry": {"type": "Polygon", "coordinates": [[[8.5591677, 11.9391155], [8.559184, 11.9390782], [8.5592823, 11.9391194], [8.559266, 11.9391567], [8.5591677, 11.9391155]]]}}, {"type": "Feature", "properties": {"name": null, "name:en": null, "amenity": null, "building": "school", "operator:type": null, "capacity:persons": null, "addr:full": null, "addr:city": null, "source": null, "osm_id": 298598674, "osm_type": "ways_poly", "Analysis_Region": "North West"}, "geometry": {"type": "Polygon", "coordinates": [[[8.560446, 11.9416546], [8.5604969, 11.9415383], [8.5605572, 11.9415636], [8.5605063, 11.9416799], [8.560446, 11.9416546]]]}}, {"type": "Feature", "properties": {"name": null, "name:en": null, "amenity": "school", "building": "yes", "operator:type": null, "capacity:persons": null, "addr:full": null, "addr:city": null, "source": null, "osm_id": 285090317, "osm_type": "ways_poly", "Analysis_Region": "North West"}, "geometry": {"type": "Polygon", "coordinates": [[[8.4223371, 11.9755054], [8.4223566, 11.9754313], [8.4224507, 11.9754549], [8.4224312, 11.9755291], [8.4223371, 11.9755054]]]}}, {"type": "Feature", "properties": {"name": null, "name:en": null, "amenity": null, "building": "school", "operator:type": null, "capacity:persons": null, "addr:full": null, "addr:city": null, "source": null, "osm_id": 1312099591, "osm_type": "ways_poly", "Analysis_Region": "North East"}, "geometry": {"type": "Polygon", "coordinates": [[[9.8885865, 9.1921234], [9.8886263, 9.1920969], [9.8886751, 9.1921763], [9.8886271, 9.1921948], [9.8885865, 9.1921234]]]}}, {"type": "Feature", "properties": {"name": null, "name:en": null, "amenity": null, "building": "school", "operator:type": null, "capacity:persons": null, "addr:full": null, "addr:city": null, "source": null, "osm_id": 1312099592, "osm_type": "ways_poly", "Analysis_Region": "North East"}, "geometry": {"type": "Polygon", "coordinates": [[[9.8883718, 9.1919331], [9.8884206, 9.1918729], [9.888571, 9.1920696], [9.8885255, 9.1921121], [9.8883718, 9.1919331]]]}}, {"type": "Feature", "properties": {"name": "FCT department of mass education", "name:en": null, "amenity": "school", "building": null, "operator:type": "government", "capacity:persons": null, "addr:full": null, "addr:city": null, "source": "Nigerian Red Cross Society", "osm_id": 1075156343, "osm_type": "ways_poly", "Analysis_Region": "North West"}, "geometry": {"type": "Polygon", "coordinates": [[[7.5678796, 8.8213082], [7.569607, 8.8212499], [7.5696177, 8.8217216], [7.5689686, 8.8217588], [7.5689766, 8.8221881], [7.5679279, 8.8222252], [7.5678796, 8.8213082]]]}}, {"type": "Feature", "properties": {"name": null, "name:en": null, "amenity": null, "building": "school", "operator:type": null, "capacity:persons": null, "addr:full": null, "addr:city": null, "source": null, "osm_id": 924521474, "osm_type": "ways_poly", "Analysis_Region": "North West"}, "geometry": {"type": "Polygon", "coordinates": [[[7.5801049, 8.8279697], [7.5801977, 8.8279431], [7.5802474, 8.8281125], [7.5801546, 8.8281391], [7.5801049, 8.8279697]]]}}, {"type": "Feature", "properties": {"name": null, "name:en": null, "amenity": "school", "building": null, "operator:type": null, "capacity:persons": null, "addr:full": null, "addr:city": null, "source": null, "osm_id": 813505826, "osm_type": "ways_poly", "Analysis_Region": "North West"}, "geometry": {"type": "Polygon", "coordinates": [[[7.2402501, 9.3105478], [7.2404372, 9.3103957], [7.240605, 9.3106265], [7.2404069, 9.3107595], [7.2403354, 9.3106862], [7.2404839, 9.3105966], [7.2404262, 9.3105125], [7.2402969, 9.3106048], [7.2402501, 9.3105478]]]}}, {"type": "Feature", "properties": {"name": null, "name:en": null, "amenity": null, "building": "university", "operator:type": null, "capacity:persons": null, "addr:full": null, "addr:city": null, "source": null, "osm_id": 813694597, "osm_type": "ways_poly", "Analysis_Region": "North West"}, "geometry": {"type": "Polygon", "coordinates": [[[7.162932, 9.2502749], [7.1629392, 9.2501343], [7.1630346, 9.2501427], [7.1630454, 9.2501582], [7.163078, 9.2501605], [7.1630828, 9.2501308], [7.1631613, 9.2501355], [7.1631625, 9.2501641], [7.1632542, 9.2501713], [7.1632687, 9.2501534], [7.1633616, 9.2501594], [7.1633447, 9.2503035], [7.1632602, 9.2502987], [7.1632542, 9.2502868], [7.1631939, 9.250282], [7.1631866, 9.2503511], [7.1631009, 9.2503487], [7.1631046, 9.2502737], [7.163031, 9.2502642], [7.1630285, 9.2502808], [7.162932, 9.2502749]]]}}, {"type": "Feature", "properties": {"name": null, "name:en": null, "amenity": null, "building": "school", "operator:type": null, "capacity:persons": null, "addr:full": null, "addr:city": null, "source": null, "osm_id": 750727518, "osm_type": "ways_poly", "Analysis_Region": "North West"}, "geometry": {"type": "Polygon", "coordinates": [[[7.4394115, 9.057236], [7.4394201, 9.0570713], [7.4395036, 9.0570735], [7.4394944, 9.0572318], [7.4394115, 9.057236]]]}}, {"type": "Feature", "properties": {"name": null, "name:en": null, "amenity": null, "building": "school", "operator:type": null, "capacity:persons": null, "addr:full": null, "addr:city": null, "source": null, "osm_id": 1035482370, "osm_type": "ways_poly", "Analysis_Region": "North West"}, "geometry": {"type": "Polygon", "coordinates": [[[7.4671894, 9.0247885], [7.4672994, 9.0247435], [7.4673235, 9.0247938], [7.4672994, 9.0248097], [7.4673477, 9.0249051], [7.4673772, 9.0248998], [7.4673933, 9.0249501], [7.4675032, 9.024921], [7.4675462, 9.0250058], [7.4674228, 9.0250667], [7.467455, 9.0251462], [7.467581, 9.0250932], [7.4676159, 9.0251912], [7.4675274, 9.0252389], [7.4675408, 9.0252839], [7.467514, 9.0252998], [7.4675488, 9.0253793], [7.4675607, 9.0254108], [7.4675998, 9.0254124], [7.4676151, 9.0254864], [7.4675502, 9.0254899], [7.4674845, 9.0255051], [7.4673611, 9.0251912], [7.4674228, 9.0251621], [7.467396, 9.0250773], [7.4673235, 9.0251038], [7.4671894, 9.0247885]]]}}, {"type": "Feature", "properties": {"name": "Hill crest Schools", "name:en": null, "amenity": "school", "building": null, "operator:type": null, "capacity:persons": null, "addr:full": null, "addr:city": "Jos", "source": null, "osm_id": 1178487809, "osm_type": "ways_poly", "Analysis_Region": "North West"}, "geometry": {"type": "Polygon", "coordinates": [[[8.8817705, 9.893579], [8.8818048, 9.8934643], [8.8824621, 9.892783], [8.8837561, 9.8942197], [8.882679, 9.8952626], [8.8818863, 9.8941822], [8.8821008, 9.8940119], [8.8817705, 9.893579]]]}}, {"type": "Feature", "properties": {"name": "P.H.E Department", "name:en": null, "amenity": null, "building": "school", "operator:type": null, "capacity:persons": null, "addr:full": null, "addr:city": "Jos", "source": null, "osm_id": 1122583155, "osm_type": "ways_poly", "Analysis_Region": "North West"}, "geometry": {"type": "Polygon", "coordinates": [[[8.8896722, 9.9731386], [8.8897495, 9.9731129], [8.8898307, 9.9730935], [8.8899117, 9.9734236], [8.8898353, 9.9734418], [8.8897822, 9.9734594], [8.8896722, 9.9731386]]]}}, {"type": "Feature", "properties": {"name": "Taekwondo dojang Hall", "name:en": null, "amenity": null, "building": "school", "operator:type": null, "capacity:persons": null, "addr:full": null, "addr:city": "Jos", "source": null, "osm_id": 1168212479, "osm_type": "ways_poly", "Analysis_Region": "North West"}, "geometry": {"type": "Polygon", "coordinates": [[[8.8872186, 9.9738014], [8.8872206, 9.9737831], [8.8872392, 9.9736141], [8.8877018, 9.9737037], [8.887675, 9.9738747], [8.8872186, 9.9738014]]]}}, {"type": "Feature", "properties": {"name": null, "name:en": null, "amenity": null, "building": "school", "operator:type": null, "capacity:persons": null, "addr:full": null, "addr:city": null, "source": null, "osm_id": 670313527, "osm_type": "ways_poly", "Analysis_Region": "North West"}, "geometry": {"type": "Polygon", "coordinates": [[[8.1080121, 9.4750216], [8.1080201, 9.4749264], [8.1082213, 9.4749528], [8.1082119, 9.4750494], [8.1080121, 9.4750216]]]}}, {"type": "Feature", "properties": {"name": null, "name:en": null, "amenity": null, "building": "school", "operator:type": null, "capacity:persons": null, "addr:full": null, "addr:city": null, "source": null, "osm_id": 1198900471, "osm_type": "ways_poly", "Analysis_Region": "North West"}, "geometry": {"type": "Polygon", "coordinates": [[[8.9128176, 9.925301], [8.9128396, 9.9251793], [8.9128886, 9.9251879], [8.9128666, 9.9253096], [8.9128176, 9.925301]]]}}, {"type": "Feature", "properties": {"name": null, "name:en": null, "amenity": "school", "building": null, "operator:type": null, "capacity:persons": null, "addr:full": null, "addr:city": null, "source": null, "osm_id": 377854344, "osm_type": "ways_poly", "Analysis_Region": "North West"}, "geometry": {"type": "Polygon", "coordinates": [[[8.5307118, 11.9672825], [8.5312513, 11.9665656], [8.5317042, 11.9668843], [8.5318874, 11.9666403], [8.5325, 11.9671], [8.5319485, 11.9680393], [8.531633, 11.9686616], [8.5314549, 11.9685521], [8.5307118, 11.9672825]]]}}, {"type": "Feature", "properties": {"name": null, "name:en": null, "amenity": null, "building": "school", "operator:type": null, "capacity:persons": null, "addr:full": null, "addr:city": null, "source": null, "osm_id": 527020389, "osm_type": "ways_poly", "Analysis_Region": "North West"}, "geometry": {"type": "Polygon", "coordinates": [[[8.5384152, 11.9657262], [8.5384613, 11.9656657], [8.5386497, 11.9658034], [8.5386036, 11.9658638], [8.5384152, 11.9657262]]]}}, {"type": "Feature", "properties": {"name": null, "name:en": null, "amenity": null, "building": "school", "operator:type": null, "capacity:persons": null, "addr:full": null, "addr:city": null, "source": null, "osm_id": 527021718, "osm_type": "ways_poly", "Analysis_Region": "North West"}, "geometry": {"type": "Polygon", "coordinates": [[[8.5387277, 11.965755], [8.5388015, 11.9656725], [8.5390369, 11.9658741], [8.538963, 11.9659566], [8.5387277, 11.965755]]]}}, {"type": "Feature", "properties": {"name": null, "name:en": null, "amenity": null, "building": "school", "operator:type": null, "capacity:persons": null, "addr:full": null, "addr:city": null, "source": null, "osm_id": 527019838, "osm_type": "ways_poly", "Analysis_Region": "North West"}, "geometry": {"type": "Polygon", "coordinates": [[[8.5388041, 11.9661529], [8.538909, 11.9660249], [8.5390656, 11.9661477], [8.5389606, 11.9662758], [8.5388041, 11.9661529]]]}}, {"type": "Feature", "properties": {"name": null, "name:en": null, "amenity": null, "building": "school", "operator:type": null, "capacity:persons": null, "addr:full": null, "addr:city": null, "source": null, "osm_id": 527046193, "osm_type": "ways_poly", "Analysis_Region": "North West"}, "geometry": {"type": "Polygon", "coordinates": [[[8.5447733, 11.9675923], [8.5448042, 11.9675322], [8.5451303, 11.9676926], [8.5450994, 11.9677527], [8.5447733, 11.9675923]]]}}, {"type": "Feature", "properties": {"name": null, "name:en": null, "amenity": null, "building": "school", "operator:type": null, "capacity:persons": null, "addr:full": null, "addr:city": null, "source": null, "osm_id": 527021244, "osm_type": "ways_poly", "Analysis_Region": "North West"}, "geometry": {"type": "Polygon", "coordinates": [[[8.5392331, 11.965742], [8.5392547, 11.9657157], [8.5392783, 11.9657343], [8.5392567, 11.9657606], [8.5392331, 11.965742]]]}}, {"type": "Feature", "properties": {"name": "HAUSAWA MODELBOYS SEC SCHOOL", "name:en": null, "amenity": null, "building": "school", "operator:type": null, "capacity:persons": null, "addr:full": null, "addr:city": null, "source": null, "osm_id": 527028511, "osm_type": "ways_poly", "Analysis_Region": "North West"}, "geometry": {"type": "Polygon", "coordinates": [[[8.5399431, 11.9648649], [8.5399755, 11.9647934], [8.5401349, 11.9648625], [8.5401025, 11.964934], [8.5399431, 11.9648649]]]}}, {"type": "Feature", "properties": {"name": "HAUSAWA MODELBOYS SEC SCHOOL", "name:en": null, "amenity": null, "building": "school", "operator:type": null, "capacity:persons": null, "addr:full": null, "addr:city": null, "source": null, "osm_id": 527024722, "osm_type": "ways_poly", "Analysis_Region": "North West"}, "geometry": {"type": "Polygon", "coordinates": [[[8.5392925, 11.9647225], [8.5393493, 11.964667], [8.5394843, 11.9647991], [8.5394275, 11.9648546], [8.5392925, 11.9647225]]]}}, {"type": "Feature", "properties": {"name": null, "name:en": null, "amenity": null, "building": "school", "operator:type": null, "capacity:persons": null, "addr:full": null, "addr:city": null, "source": null, "osm_id": 527053778, "osm_type": "ways_poly", "Analysis_Region": "North West"}, "geometry": {"type": "Polygon", "coordinates": [[[8.5452497, 11.9684754], [8.5452897, 11.9683967], [8.5454387, 11.9684691], [8.5453987, 11.9685478], [8.5452497, 11.9684754]]]}}, {"type": "Feature", "properties": {"name": null, "name:en": null, "amenity": null, "building": "school", "operator:type": null, "capacity:persons": null, "addr:full": null, "addr:city": null, "source": null, "osm_id": 527041501, "osm_type": "ways_poly", "Analysis_Region": "North West"}, "geometry": {"type": "Polygon", "coordinates": [[[8.5452792, 11.9680305], [8.5453046, 11.9679568], [8.5454522, 11.9680053], [8.5454268, 11.9680791], [8.5452792, 11.9680305]]]}}, {"type": "Feature", "properties": {"name": null, "name:en": null, "amenity": null, "building": "school", "operator:type": null, "capacity:persons": null, "addr:full": null, "addr:city": null, "source": null, "osm_id": 527026910, "osm_type": "ways_poly", "Analysis_Region": "North West"}, "geometry": {"type": "Polygon", "coordinates": [[[8.5582159, 11.9792201], [8.5583144, 11.9791557], [8.558335, 11.9791859], [8.5582365, 11.9792503], [8.5582159, 11.9792201]]]}}, {"type": "Feature", "properties": {"name": null, "name:en": null, "amenity": null, "building": "school", "operator:type": null, "capacity:persons": null, "addr:full": null, "addr:city": null, "source": null, "osm_id": 527037653, "osm_type": "ways_poly", "Analysis_Region": "North West"}, "geometry": {"type": "Polygon", "coordinates": [[[8.5603476, 11.9591021], [8.560369, 11.9590575], [8.56041, 11.9590763], [8.5603886, 11.959121], [8.5603476, 11.9591021]]]}}, {"type": "Feature", "properties": {"name": null, "name:en": null, "amenity": null, "building": "school", "operator:type": null, "capacity:persons": null, "addr:full": null, "addr:city": null, "source": null, "osm_id": 298819005, "osm_type": "ways_poly", "Analysis_Region": "North West"}, "geometry": {"type": "Polygon", "coordinates": [[[8.5620296, 11.9491579], [8.5622746, 11.9489295], [8.5623441, 11.9490009], [8.5620991, 11.9492293], [8.5620296, 11.9491579]]]}}, {"type": "Feature", "properties": {"name": null, "name:en": null, "amenity": null, "building": "school", "operator:type": null, "capacity:persons": null, "addr:full": null, "addr:city": null, "source": null, "osm_id": 289620355, "osm_type": "ways_poly", "Analysis_Region": "North West"}, "geometry": {"type": "Polygon", "coordinates": [[[8.5618028, 11.9572437], [8.5618452, 11.957162], [8.5620063, 11.957242], [8.5619639, 11.9573237], [8.5618028, 11.9572437]]]}}, {"type": "Feature", "properties": {"name": null, "name:en": null, "amenity": null, "building": "school", "operator:type": null, "capacity:persons": null, "addr:full": null, "addr:city": null, "source": null, "osm_id": 289620340, "osm_type": "ways_poly", "Analysis_Region": "North West"}, "geometry": {"type": "Polygon", "coordinates": [[[8.5624943, 11.9578326], [8.5626927, 11.9576114], [8.5627549, 11.9576648], [8.5625565, 11.957886], [8.5624943, 11.9578326]]]}}, {"type": "Feature", "properties": {"name": null, "name:en": null, "amenity": null, "building": "school", "operator:type": null, "capacity:persons": null, "addr:full": null, "addr:city": null, "source": null, "osm_id": 297928449, "osm_type": "ways_poly", "Analysis_Region": "North West"}, "geometry": {"type": "Polygon", "coordinates": [[[8.5432882, 11.9618553], [8.5434044, 11.9617498], [8.5434836, 11.961828], [8.5433623, 11.9619318], [8.5432882, 11.9618553]]]}}, {"type": "Feature", "properties": {"name": null, "name:en": null, "amenity": null, "building": "school", "operator:type": null, "capacity:persons": null, "addr:full": null, "addr:city": null, "source": null, "osm_id": 527022338, "osm_type": "ways_poly", "Analysis_Region": "North West"}, "geometry": {"type": "Polygon", "coordinates": [[[8.5355533, 11.9744842], [8.5355979, 11.9744358], [8.5357375, 11.9745587], [8.5356929, 11.9746071], [8.5355533, 11.9744842]]]}}, {"type": "Feature", "properties": {"name": null, "name:en": null, "amenity": null, "building": "school", "operator:type": null, "capacity:persons": null, "addr:full": null, "addr:city": null, "source": null, "osm_id": 527029743, "osm_type": "ways_poly", "Analysis_Region": "North West"}, "geometry": {"type": "Polygon", "coordinates": [[[8.5547148, 11.9651328], [8.5547242, 11.9650642], [8.5550268, 11.9651328], [8.5550044, 11.9652044], [8.5549822, 11.9651989], [8.5547148, 11.9651328]]]}}, {"type": "Feature", "properties": {"name": null, "name:en": null, "amenity": null, "building": "school", "operator:type": null, "capacity:persons": null, "addr:full": null, "addr:city": null, "source": null, "osm_id": 295462059, "osm_type": "ways_poly", "Analysis_Region": "North West"}, "geometry": {"type": "Polygon", "coordinates": [[[8.5549515, 11.9664023], [8.5549542, 11.9663425], [8.5552804, 11.9663563], [8.5552777, 11.9664161], [8.5549515, 11.9664023]]]}}, {"type": "Feature", "properties": {"name": null, "name:en": null, "amenity": null, "building": "school", "operator:type": null, "capacity:persons": null, "addr:full": null, "addr:city": null, "source": null, "osm_id": 527043412, "osm_type": "ways_poly", "Analysis_Region": "North West"}, "geometry": {"type": "Polygon", "coordinates": [[[8.5733813, 11.969022], [8.5734431, 11.9689451], [8.5734947, 11.9689848], [8.5734329, 11.9690617], [8.5733813, 11.969022]]]}}, {"type": "Feature", "properties": {"name": null, "name:en": null, "amenity": null, "building": "school", "operator:type": null, "capacity:persons": null, "addr:full": null, "addr:city": null, "source": null, "osm_id": 527047001, "osm_type": "ways_poly", "Analysis_Region": "North West"}, "geometry": {"type": "Polygon", "coordinates": [[[8.5566742, 11.9395655], [8.5567193, 11.9394537], [8.5568339, 11.9394979], [8.5567888, 11.9396097], [8.5566742, 11.9395655]]]}}, {"type": "Feature", "properties": {"name": null, "name:en": null, "amenity": null, "building": "school", "operator:type": null, "capacity:persons": null, "addr:full": null, "addr:city": null, "source": null, "osm_id": 527038063, "osm_type": "ways_poly", "Analysis_Region": "North West"}, "geometry": {"type": "Polygon", "coordinates": [[[8.5444856, 11.9484604], [8.544544, 11.9481771], [8.5446187, 11.9481794], [8.5445627, 11.9484696], [8.5444856, 11.9484604]]]}}, {"type": "Feature", "properties": {"name": null, "name:en": null, "amenity": null, "building": "school", "operator:type": null, "capacity:persons": null, "addr:full": null, "addr:city": null, "source": null, "osm_id": 527034139, "osm_type": "ways_poly", "Analysis_Region": "North West"}, "geometry": {"type": "Polygon", "coordinates": [[[8.5395437, 11.950952], [8.5396883, 11.9508424], [8.5397284, 11.9508931], [8.5395838, 11.9510026], [8.5395437, 11.950952]]]}}, {"type": "Feature", "properties": {"name": null, "name:en": null, "amenity": null, "building": "university", "operator:type": null, "capacity:persons": null, "addr:full": null, "addr:city": null, "source": null, "osm_id": 673951427, "osm_type": "ways_poly", "Analysis_Region": "North East"}, "geometry": {"type": "Polygon", "coordinates": [[[10.4538566, 12.8781669], [10.4538607, 12.8781174], [10.4539302, 12.8781228], [10.4539262, 12.8781723], [10.4538566, 12.8781669]]]}}, {"type": "Feature", "properties": {"name": "Kadawa Primary School", "name:en": null, "amenity": "college", "building": null, "operator:type": null, "capacity:persons": null, "addr:full": null, "addr:city": null, "source": null, "osm_id": 641595089, "osm_type": "ways_poly", "Analysis_Region": "North East"}, "geometry": {"type": "Polygon", "coordinates": [[[10.4660379, 12.8788605], [10.4661866, 12.8777873], [10.466891, 12.8778178], [10.4668258, 12.8783798], [10.4667736, 12.8791047], [10.4664549, 12.8790347], [10.4664397, 12.8790284], [10.4660379, 12.8788605]]]}}, {"type": "Feature", "properties": {"name": "Mambayya House Bayero University", "name:en": null, "amenity": "university", "building": null, "operator:type": null, "capacity:persons": null, "addr:full": null, "addr:city": null, "source": "Bing", "osm_id": 185718324, "osm_type": "ways_poly", "Analysis_Region": "North West"}, "geometry": {"type": "Polygon", "coordinates": [[[8.5055229, 12.0152514], [8.5059506, 12.0144722], [8.5069282, 12.0146607], [8.5067613, 12.015479], [8.5055229, 12.0152514]]]}}, {"type": "Feature", "properties": {"name": null, "name:en": null, "amenity": null, "building": "school", "operator:type": null, "capacity:persons": null, "addr:full": null, "addr:city": null, "source": null, "osm_id": 542738414, "osm_type": "ways_poly", "Analysis_Region": "North West"}, "geometry": {"type": "Polygon", "coordinates": [[[8.5365364, 8.4818012], [8.537317, 8.481576], [8.5374959, 8.4822354], [8.5372031, 8.482332], [8.5372194, 8.482155], [8.5369104, 8.4820907], [8.5368616, 8.4824285], [8.536699, 8.4824124], [8.5365364, 8.4818012]]]}}, {"type": "Feature", "properties": {"name": "Poly staff school", "name:en": null, "amenity": null, "building": "school", "operator:type": null, "capacity:persons": null, "addr:full": null, "addr:city": null, "source": null, "osm_id": 935018652, "osm_type": "ways_poly", "Analysis_Region": "North East"}, "geometry": {"type": "Polygon", "coordinates": [[[9.7661919, 10.2533647], [9.7665332, 10.2530015], [9.766596, 10.2530586], [9.7662548, 10.2534219], [9.7661919, 10.2533647]]]}}, {"type": "Feature", "properties": {"name": "Faithful International Academy, Creche, Nursery & Primary", "name:en": null, "amenity": "school", "building": null, "operator:type": "private", "capacity:persons": null, "addr:full": null, "addr:city": null, "source": null, "osm_id": 996840379, "osm_type": "ways_poly", "Analysis_Region": "North West"}, "geometry": {"type": "Polygon", "coordinates": [[[7.4277079, 8.9931502], [7.427759, 8.9929043], [7.4280406, 8.9929614], [7.4279895, 8.9932072], [7.4277079, 8.9931502]]]}}, {"type": "Feature", "properties": {"name": null, "name:en": null, "amenity": null, "building": "school", "operator:type": null, "capacity:persons": null, "addr:full": null, "addr:city": null, "source": null, "osm_id": 927070381, "osm_type": "ways_poly", "Analysis_Region": "North West"}, "geometry": {"type": "Polygon", "coordinates": [[[7.4276498, 8.9933294], [7.4276578, 8.9932787], [7.4278396, 8.9933069], [7.4278176, 8.9934453], [7.4277644, 8.993437], [7.4277783, 8.9933493], [7.4276498, 8.9933294]]]}}, {"type": "Feature", "properties": {"name": null, "name:en": null, "amenity": null, "building": "school", "operator:type": null, "capacity:persons": null, "addr:full": null, "addr:city": null, "source": "microsoft/BuildingFootprints", "osm_id": 1070728836, "osm_type": "ways_poly", "Analysis_Region": "North West"}, "geometry": {"type": "Polygon", "coordinates": [[[4.6223128, 8.4782753], [4.6224762, 8.4782698], [4.622479, 8.4783508], [4.6223156, 8.4783563], [4.6223128, 8.4782753]]]}}, {"type": "Feature", "properties": {"name": "PROF. A. MAHDI ACADEMY (PRIMARY)", "name:en": null, "amenity": "school", "building": null, "operator:type": null, "capacity:persons": null, "addr:full": null, "addr:city": null, "source": null, "osm_id": 914744199, "osm_type": "ways_poly", "Analysis_Region": "North East"}, "geometry": {"type": "Polygon", "coordinates": [[[11.1765614, 10.3118124], [11.1765681, 10.3116528], [11.1768256, 10.3116884], [11.1768215, 10.3118309], [11.1765614, 10.3118124]]]}}, {"type": "Feature", "properties": {"name": "FACULTY OF PHARMACEUTICAL SCIENCES", "name:en": null, "amenity": null, "building": "school", "operator:type": null, "capacity:persons": null, "addr:full": null, "addr:city": null, "source": null, "osm_id": 949141362, "osm_type": "ways_poly", "Analysis_Region": "North East"}, "geometry": {"type": "Polygon", "coordinates": [[[11.1742641, 10.3073096], [11.1742901, 10.3073068], [11.1742832, 10.3072268], [11.1743694, 10.3072195], [11.1743645, 10.3071635], [11.1746845, 10.3071299], [11.1746876, 10.3071578], [11.1748453, 10.3071405], [11.1748524, 10.3072034], [11.1748678, 10.3072017], [11.1748963, 10.3071986], [11.1748977, 10.3072113], [11.1749203, 10.3074112], [11.1748915, 10.3074144], [11.1749065, 10.3075463], [11.1743403, 10.3076083], [11.1743257, 10.3074796], [11.1742839, 10.3074842], [11.1742641, 10.3073096]]]}}, {"type": "Feature", "properties": {"name": null, "name:en": null, "amenity": "school", "building": null, "operator:type": null, "capacity:persons": null, "addr:full": null, "addr:city": null, "source": null, "osm_id": 331133844, "osm_type": "ways_poly", "Analysis_Region": "North East"}, "geometry": {"type": "Polygon", "coordinates": [[[13.2829413, 10.600088], [13.2829967, 10.5994823], [13.2836561, 10.5993491], [13.2835821, 10.6002394], [13.2829413, 10.600088]]]}}, {"type": "Feature", "properties": {"name": "Usman Nufere Memorial Community School", "name:en": null, "amenity": null, "building": "school", "operator:type": null, "capacity:persons": null, "addr:full": null, "addr:city": null, "source": null, "osm_id": 1115073475, "osm_type": "ways_poly", "Analysis_Region": "North East"}, "geometry": {"type": "Polygon", "coordinates": [[[12.4875789, 9.2052641], [12.487626, 9.2051453], [12.4877607, 9.2051803], [12.4877377, 9.2052147], [12.4876496, 9.2051873], [12.4876293, 9.2052351], [12.4877144, 9.2052518], [12.4877016, 9.2052933], [12.4875789, 9.2052641]]]}}, {"type": "Feature", "properties": {"name": null, "name:en": null, "amenity": null, "building": "school", "operator:type": null, "capacity:persons": null, "addr:full": null, "addr:city": null, "source": null, "osm_id": 298819657, "osm_type": "ways_poly", "Analysis_Region": "North West"}, "geometry": {"type": "Polygon", "coordinates": [[[8.5595294, 11.9513807], [8.5596322, 11.9512809], [8.5596584, 11.9513067], [8.5595556, 11.9514065], [8.5595294, 11.9513807]]]}}, {"type": "Feature", "properties": {"name": null, "name:en": null, "amenity": null, "building": "school", "operator:type": null, "capacity:persons": null, "addr:full": null, "addr:city": null, "source": null, "osm_id": 527032538, "osm_type": "ways_poly", "Analysis_Region": "North West"}, "geometry": {"type": "Polygon", "coordinates": [[[8.563456, 11.942496], [8.5635284, 11.9424716], [8.5635873, 11.9426389], [8.5635149, 11.9426633], [8.563456, 11.942496]]]}}, {"type": "Feature", "properties": {"name": "HAUSAWA MODELBOYS SEC SCHOOL", "name:en": null, "amenity": null, "building": "school", "operator:type": null, "capacity:persons": null, "addr:full": null, "addr:city": null, "source": null, "osm_id": 527027366, "osm_type": "ways_poly", "Analysis_Region": "North West"}, "geometry": {"type": "Polygon", "coordinates": [[[8.539443, 11.9648687], [8.5395007, 11.9648087], [8.539651, 11.9649472], [8.5395933, 11.9650072], [8.539443, 11.9648687]]]}}, {"type": "Feature", "properties": {"name": null, "name:en": null, "amenity": null, "building": "school", "operator:type": null, "capacity:persons": null, "addr:full": null, "addr:city": null, "source": null, "osm_id": 527040949, "osm_type": "ways_poly", "Analysis_Region": "North West"}, "geometry": {"type": "Polygon", "coordinates": [[[8.5450153, 11.968185], [8.5451688, 11.967882], [8.5452318, 11.9679126], [8.5451565, 11.9680607], [8.5450783, 11.9682155], [8.5450153, 11.968185]]]}}, {"type": "Feature", "properties": {"name": null, "name:en": null, "amenity": null, "building": "school", "operator:type": null, "capacity:persons": null, "addr:full": null, "addr:city": null, "source": null, "osm_id": 527047612, "osm_type": "ways_poly", "Analysis_Region": "North West"}, "geometry": {"type": "Polygon", "coordinates": [[[8.5442243, 11.9679246], [8.5442709, 11.9678446], [8.5442983, 11.9678599], [8.5442517, 11.9679399], [8.5442243, 11.9679246]]]}}, {"type": "Feature", "properties": {"name": null, "name:en": null, "amenity": null, "building": "school", "operator:type": null, "capacity:persons": null, "addr:full": null, "addr:city": null, "source": null, "osm_id": 527029742, "osm_type": "ways_poly", "Analysis_Region": "North West"}, "geometry": {"type": "Polygon", "coordinates": [[[8.5546203, 11.9653356], [8.5546264, 11.9651169], [8.5546995, 11.9651209], [8.5546884, 11.9653416], [8.5546203, 11.9653356]]]}}, {"type": "Feature", "properties": {"name": null, "name:en": null, "amenity": null, "building": "school", "operator:type": null, "capacity:persons": null, "addr:full": null, "addr:city": null, "source": null, "osm_id": 527036713, "osm_type": "ways_poly", "Analysis_Region": "North West"}, "geometry": {"type": "Polygon", "coordinates": [[[8.5446595, 11.9577825], [8.5448294, 11.9576215], [8.5449012, 11.9576941], [8.5447313, 11.957855], [8.5446595, 11.9577825]]]}}, {"type": "Feature", "properties": {"name": null, "name:en": null, "amenity": null, "building": "school", "operator:type": null, "capacity:persons": null, "addr:full": null, "addr:city": null, "source": null, "osm_id": 295383722, "osm_type": "ways_poly", "Analysis_Region": "North West"}, "geometry": {"type": "Polygon", "coordinates": [[[8.5522815, 11.9677578], [8.5526195, 11.9677578], [8.5526195, 11.9678401], [8.5522815, 11.9678401], [8.5522815, 11.9677578]]]}}, {"type": "Feature", "properties": {"name": null, "name:en": null, "amenity": null, "building": "school", "operator:type": null, "capacity:persons": null, "addr:full": null, "addr:city": null, "source": null, "osm_id": 527028288, "osm_type": "ways_poly", "Analysis_Region": "North West"}, "geometry": {"type": "Polygon", "coordinates": [[[8.5431998, 11.9622233], [8.5432635, 11.9621585], [8.5434101, 11.9622966], [8.5433167, 11.9623916], [8.543208, 11.9622892], [8.5432377, 11.962259], [8.5431998, 11.9622233]]]}}, {"type": "Feature", "properties": {"name": null, "name:en": null, "amenity": null, "building": "school", "operator:type": null, "capacity:persons": null, "addr:full": null, "addr:city": null, "source": null, "osm_id": 298563187, "osm_type": "ways_poly", "Analysis_Region": "North West"}, "geometry": {"type": "Polygon", "coordinates": [[[8.5416357, 11.956387], [8.5416595, 11.9562916], [8.5421057, 11.9563982], [8.5420819, 11.9564936], [8.5416357, 11.956387]]]}}, {"type": "Feature", "properties": {"name": null, "name:en": null, "amenity": null, "building": "school", "operator:type": null, "capacity:persons": null, "addr:full": null, "addr:city": null, "source": null, "osm_id": 527533182, "osm_type": "ways_poly", "Analysis_Region": "North West"}, "geometry": {"type": "Polygon", "coordinates": [[[8.5406084, 11.9507338], [8.540799, 11.950522], [8.5408813, 11.9505926], [8.5406828, 11.9508089], [8.5406084, 11.9507338]]]}}, {"type": "Feature", "properties": {"name": null, "name:en": null, "amenity": null, "building": "school", "operator:type": null, "capacity:persons": null, "addr:full": null, "addr:city": null, "source": null, "osm_id": 527048938, "osm_type": "ways_poly", "Analysis_Region": "North West"}, "geometry": {"type": "Polygon", "coordinates": [[[8.5388204, 11.9502789], [8.5389094, 11.9502145], [8.5390084, 11.9503454], [8.5389195, 11.9504098], [8.5388204, 11.9502789]]]}}, {"type": "Feature", "properties": {"name": null, "name:en": null, "amenity": null, "building": "school", "operator:type": null, "capacity:persons": null, "addr:full": null, "addr:city": null, "source": null, "osm_id": 527050719, "osm_type": "ways_poly", "Analysis_Region": "North West"}, "geometry": {"type": "Polygon", "coordinates": [[[8.5392221, 11.9499769], [8.5393114, 11.9498904], [8.5393732, 11.9499514], [8.5392838, 11.9500379], [8.5392221, 11.9499769]]]}}, {"type": "Feature", "properties": {"name": null, "name:en": null, "amenity": null, "building": "school", "operator:type": null, "capacity:persons": null, "addr:full": null, "addr:city": null, "source": null, "osm_id": 527039363, "osm_type": "ways_poly", "Analysis_Region": "North West"}, "geometry": {"type": "Polygon", "coordinates": [[[8.5435949, 11.9542388], [8.5436055, 11.9540986], [8.5437382, 11.9541234], [8.5437265, 11.9542572], [8.5435949, 11.9542388]]]}}, {"type": "Feature", "properties": {"name": null, "name:en": null, "amenity": null, "building": "school", "operator:type": null, "capacity:persons": null, "addr:full": null, "addr:city": null, "source": "bing", "osm_id": 287479476, "osm_type": "ways_poly", "Analysis_Region": "North West"}, "geometry": {"type": "Polygon", "coordinates": [[[8.5636965, 11.9789984], [8.5637924, 11.9789693], [8.5638481, 11.9791444], [8.5637522, 11.9791736], [8.5636965, 11.9789984]]]}}, {"type": "Feature", "properties": {"name": null, "name:en": null, "amenity": null, "building": "school", "operator:type": null, "capacity:persons": null, "addr:full": null, "addr:city": null, "source": null, "osm_id": 295344542, "osm_type": "ways_poly", "Analysis_Region": "North West"}, "geometry": {"type": "Polygon", "coordinates": [[[8.5565568, 11.9743409], [8.5566387, 11.9742967], [8.5567896, 11.9745645], [8.5567077, 11.9746086], [8.5565568, 11.9743409]]]}}, {"type": "Feature", "properties": {"name": null, "name:en": null, "amenity": null, "building": "school", "operator:type": null, "capacity:persons": null, "addr:full": null, "addr:city": null, "source": null, "osm_id": 295344543, "osm_type": "ways_poly", "Analysis_Region": "North West"}, "geometry": {"type": "Polygon", "coordinates": [[[8.5565487, 11.9741041], [8.5566893, 11.9740335], [8.5567284, 11.9741079], [8.5565878, 11.9741785], [8.5565487, 11.9741041]]]}}, {"type": "Feature", "properties": {"name": null, "name:en": null, "amenity": null, "building": "school", "operator:type": null, "capacity:persons": null, "addr:full": null, "addr:city": null, "source": null, "osm_id": 294296081, "osm_type": "ways_poly", "Analysis_Region": "North West"}, "geometry": {"type": "Polygon", "coordinates": [[[8.5582837, 11.9751274], [8.5583567, 11.974937], [8.5584371, 11.9749666], [8.5583641, 11.9751569], [8.5582837, 11.9751274]]]}}, {"type": "Feature", "properties": {"name": null, "name:en": null, "amenity": null, "building": "school", "operator:type": null, "capacity:persons": null, "addr:full": null, "addr:city": null, "source": null, "osm_id": 295378814, "osm_type": "ways_poly", "Analysis_Region": "North West"}, "geometry": {"type": "Polygon", "coordinates": [[[8.5582104, 11.9748339], [8.5582514, 11.9747522], [8.5584284, 11.9748371], [8.5583874, 11.9749189], [8.5582104, 11.9748339]]]}}, {"type": "Feature", "properties": {"name": null, "name:en": null, "amenity": null, "building": "school", "operator:type": null, "capacity:persons": null, "addr:full": null, "addr:city": null, "source": null, "osm_id": 527020498, "osm_type": "ways_poly", "Analysis_Region": "North West"}, "geometry": {"type": "Polygon", "coordinates": [[[8.5635986, 11.9741411], [8.5637579, 11.9740337], [8.5639276, 11.9742746], [8.5637683, 11.974382], [8.5635986, 11.9741411]]]}}, {"type": "Feature", "properties": {"name": null, "name:en": null, "amenity": null, "building": "school", "operator:type": null, "capacity:persons": null, "addr:full": null, "addr:city": null, "source": null, "osm_id": 527021217, "osm_type": "ways_poly", "Analysis_Region": "North West"}, "geometry": {"type": "Polygon", "coordinates": [[[8.5633877, 11.9742881], [8.563421, 11.9742661], [8.5634587, 11.9743209], [8.5634253, 11.9743428], [8.5633877, 11.9742881]]]}}, {"type": "Feature", "properties": {"name": null, "name:en": null, "amenity": null, "building": "school", "operator:type": null, "capacity:persons": null, "addr:full": null, "addr:city": null, "source": null, "osm_id": 295787465, "osm_type": "ways_poly", "Analysis_Region": "North West"}, "geometry": {"type": "Polygon", "coordinates": [[[8.5623953, 11.9734379], [8.5624602, 11.9733972], [8.5625639, 11.9735555], [8.562499, 11.9735962], [8.5623953, 11.9734379]]]}}, {"type": "Feature", "properties": {"name": null, "name:en": null, "amenity": null, "building": "school", "operator:type": null, "capacity:persons": null, "addr:full": null, "addr:city": null, "source": null, "osm_id": 295787935, "osm_type": "ways_poly", "Analysis_Region": "North West"}, "geometry": {"type": "Polygon", "coordinates": [[[8.5624489, 11.9732998], [8.5625547, 11.9732272], [8.5625949, 11.9732833], [8.5624891, 11.9733559], [8.5624489, 11.9732998]]]}}, {"type": "Feature", "properties": {"name": null, "name:en": null, "amenity": null, "building": "school", "operator:type": null, "capacity:persons": null, "addr:full": null, "addr:city": null, "source": null, "osm_id": 527020940, "osm_type": "ways_poly", "Analysis_Region": "North West"}, "geometry": {"type": "Polygon", "coordinates": [[[8.5807159, 11.9645193], [8.5807305, 11.9644278], [8.5809207, 11.9644567], [8.5809061, 11.9645482], [8.5807159, 11.9645193]]]}}, {"type": "Feature", "properties": {"name": "Centre for Excellence", "name:en": null, "amenity": "university", "building": null, "operator:type": null, "capacity:persons": null, "addr:full": null, "addr:city": null, "source": null, "osm_id": 285880582, "osm_type": "ways_poly", "Analysis_Region": "North West"}, "geometry": {"type": "Polygon", "coordinates": [[[8.4271242, 11.9711615], [8.4272784, 11.9698664], [8.4280025, 11.969946], [8.4278011, 11.9712579], [8.4271242, 11.9711615]]]}}, {"type": "Feature", "properties": {"name": "NOWA Educational centre", "name:en": null, "amenity": "school", "building": null, "operator:type": null, "capacity:persons": null, "addr:full": null, "addr:city": "Karshi Development area, karu Karshi express way", "source": null, "osm_id": 303985706, "osm_type": "ways_poly", "Analysis_Region": "North West"}, "geometry": {"type": "Polygon", "coordinates": [[[7.603925, 8.8858461], [7.6040108, 8.8857931], [7.6044668, 8.8856288], [7.6053037, 8.8854433], [7.6059903, 8.8853903], [7.6069184, 8.8853903], [7.6074387, 8.8853585], [7.6075996, 8.8855334], [7.6075996, 8.8862383], [7.6076855, 8.8865298], [7.6075567, 8.8869167], [7.6071759, 8.8874573], [7.6061298, 8.8878283], [7.6056148, 8.8878601], [7.6054807, 8.8878442], [7.605191, 8.887028], [7.6049282, 8.8864079], [7.6041611, 8.8865139], [7.603925, 8.8858461]]]}}, {"type": "Feature", "properties": {"name": null, "name:en": null, "amenity": null, "building": "school", "operator:type": null, "capacity:persons": null, "addr:full": null, "addr:city": null, "source": null, "osm_id": 294296084, "osm_type": "ways_poly", "Analysis_Region": "North West"}, "geometry": {"type": "Polygon", "coordinates": [[[8.557527, 11.9761163], [8.5575569, 11.9759903], [8.5576962, 11.9760219], [8.5576663, 11.9761479], [8.557527, 11.9761163]]]}}, {"type": "Feature", "properties": {"name": null, "name:en": null, "amenity": null, "building": "school", "operator:type": null, "capacity:persons": null, "addr:full": null, "addr:city": null, "source": null, "osm_id": 294189926, "osm_type": "ways_poly", "Analysis_Region": "North West"}, "geometry": {"type": "Polygon", "coordinates": [[[8.5531433, 11.9790499], [8.5531453, 11.9788751], [8.5532427, 11.9788762], [8.5532407, 11.9790509], [8.5531433, 11.9790499]]]}}, {"type": "Feature", "properties": {"name": null, "name:en": null, "amenity": null, "building": "school", "operator:type": null, "capacity:persons": null, "addr:full": null, "addr:city": null, "source": null, "osm_id": 527030705, "osm_type": "ways_poly", "Analysis_Region": "North West"}, "geometry": {"type": "Polygon", "coordinates": [[[8.5430861, 11.9620864], [8.5431343, 11.9620366], [8.5432183, 11.9621142], [8.5431701, 11.9621641], [8.5430861, 11.9620864]]]}}, {"type": "Feature", "properties": {"name": null, "name:en": null, "amenity": null, "building": "school", "operator:type": null, "capacity:persons": null, "addr:full": null, "addr:city": null, "source": null, "osm_id": 527024390, "osm_type": "ways_poly", "Analysis_Region": "North West"}, "geometry": {"type": "Polygon", "coordinates": [[[8.5411589, 11.9716654], [8.5411881, 11.9716173], [8.5412753, 11.971668], [8.541246, 11.9717162], [8.5411589, 11.9716654]]]}}, {"type": "Feature", "properties": {"name": null, "name:en": null, "amenity": null, "building": "school", "operator:type": null, "capacity:persons": null, "addr:full": null, "addr:city": null, "source": null, "osm_id": 298597980, "osm_type": "ways_poly", "Analysis_Region": "North West"}, "geometry": {"type": "Polygon", "coordinates": [[[8.5590976, 11.9392607], [8.5591164, 11.939204], [8.5591622, 11.9392186], [8.5591434, 11.9392752], [8.5590976, 11.9392607]]]}}, {"type": "Feature", "properties": {"name": null, "name:en": null, "amenity": null, "building": "school", "operator:type": null, "capacity:persons": null, "addr:full": null, "addr:city": null, "source": null, "osm_id": 290366208, "osm_type": "ways_poly", "Analysis_Region": "North West"}, "geometry": {"type": "Polygon", "coordinates": [[[8.4721473, 12.0528327], [8.4722262, 12.0526399], [8.4723009, 12.0526691], [8.472222, 12.0528619], [8.4721473, 12.0528327]]]}}, {"type": "Feature", "properties": {"name": null, "name:en": null, "amenity": null, "building": "school", "operator:type": null, "capacity:persons": null, "addr:full": null, "addr:city": null, "source": null, "osm_id": 298819500, "osm_type": "ways_poly", "Analysis_Region": "North West"}, "geometry": {"type": "Polygon", "coordinates": [[[8.5661364, 11.946117], [8.5661834, 11.9461158], [8.5661914, 11.9464305], [8.5661444, 11.9464316], [8.5661364, 11.946117]]]}}, {"type": "Feature", "properties": {"name": null, "name:en": null, "amenity": null, "building": "school", "operator:type": null, "capacity:persons": null, "addr:full": null, "addr:city": null, "source": null, "osm_id": 298819270, "osm_type": "ways_poly", "Analysis_Region": "North West"}, "geometry": {"type": "Polygon", "coordinates": [[[8.5621929, 11.9475707], [8.5623418, 11.9474282], [8.5623914, 11.9474777], [8.5622424, 11.9476202], [8.5621929, 11.9475707]]]}}, {"type": "Feature", "properties": {"name": null, "name:en": null, "amenity": null, "building": "school", "operator:type": null, "capacity:persons": null, "addr:full": null, "addr:city": null, "source": null, "osm_id": 298819912, "osm_type": "ways_poly", "Analysis_Region": "North West"}, "geometry": {"type": "Polygon", "coordinates": [[[8.5614904, 11.9470861], [8.5617332, 11.9468549], [8.5618036, 11.9469257], [8.5615608, 11.9471569], [8.5614904, 11.9470861]]]}}, {"type": "Feature", "properties": {"name": null, "name:en": null, "amenity": null, "building": "school", "operator:type": null, "capacity:persons": null, "addr:full": null, "addr:city": null, "source": null, "osm_id": 298820003, "osm_type": "ways_poly", "Analysis_Region": "North West"}, "geometry": {"type": "Polygon", "coordinates": [[[8.5611472, 11.9472065], [8.5612703, 11.9470671], [8.5613314, 11.9471187], [8.5612083, 11.9472581], [8.5611472, 11.9472065]]]}}, {"type": "Feature", "properties": {"name": "Higer Ground international academic pil Gani", "name:en": null, "amenity": "school", "building": "yes", "operator:type": null, "capacity:persons": null, "addr:full": null, "addr:city": null, "source": null, "osm_id": 1311731205, "osm_type": "ways_poly", "Analysis_Region": "North East"}, "geometry": {"type": "Polygon", "coordinates": [[[9.8896776, 9.1919877], [9.8898327, 9.1919078], [9.8898938, 9.1919703], [9.8898606, 9.1920386], [9.8897646, 9.1921297], [9.8896776, 9.1919877]]]}}, {"type": "Feature", "properties": {"name": null, "name:en": null, "amenity": "school", "building": null, "operator:type": null, "capacity:persons": null, "addr:full": null, "addr:city": null, "source": null, "osm_id": 586657407, "osm_type": "ways_poly", "Analysis_Region": "North East"}, "geometry": {"type": "Polygon", "coordinates": [[[13.1197254, 11.8307433], [13.1205997, 11.8307163], [13.1205973, 11.8307734], [13.1211081, 11.830822], [13.1212082, 11.8313772], [13.1211468, 11.8319556], [13.1212184, 11.833127], [13.1206141, 11.8332883], [13.1200138, 11.8333661], [13.1198562, 11.8320971], [13.1197254, 11.8307433]]]}}, {"type": "Feature", "properties": {"name": null, "name:en": null, "amenity": null, "building": "school", "operator:type": null, "capacity:persons": null, "addr:full": null, "addr:city": null, "source": null, "osm_id": 759665516, "osm_type": "ways_poly", "Analysis_Region": "North West"}, "geometry": {"type": "Polygon", "coordinates": [[[6.451204, 9.5324556], [6.4512638, 9.5323806], [6.4512964, 9.5324074], [6.4512611, 9.5324556], [6.4513318, 9.53252], [6.4512937, 9.5325495], [6.451204, 9.5324556]]]}}, {"type": "Feature", "properties": {"name": "Lano Community Secondary School", "name:en": null, "amenity": "school", "building": null, "operator:type": null, "capacity:persons": null, "addr:full": null, "addr:city": null, "source": null, "osm_id": 914861914, "osm_type": "ways_poly", "Analysis_Region": "North East"}, "geometry": {"type": "Polygon", "coordinates": [[[11.4744035, 10.1731968], [11.4756534, 10.1731413], [11.475935, 10.1738673], [11.4750767, 10.1738647], [11.4744732, 10.1737855], [11.4744035, 10.1731968]]]}}, {"type": "Feature", "properties": {"name": null, "name:en": null, "amenity": null, "building": "school", "operator:type": null, "capacity:persons": null, "addr:full": null, "addr:city": null, "source": null, "osm_id": 670313541, "osm_type": "ways_poly", "Analysis_Region": "North West"}, "geometry": {"type": "Polygon", "coordinates": [[[8.2128811, 9.5619455], [8.2131332, 9.5617498], [8.2132137, 9.5618662], [8.2129562, 9.5620566], [8.2128811, 9.5619455]]]}}, {"type": "Feature", "properties": {"name": null, "name:en": null, "amenity": null, "building": "college", "operator:type": null, "capacity:persons": null, "addr:full": null, "addr:city": null, "source": null, "osm_id": 830191283, "osm_type": "ways_poly", "Analysis_Region": "North West"}, "geometry": {"type": "Polygon", "coordinates": [[[7.5842202, 12.8910301], [7.5842403, 12.890932], [7.5843583, 12.8908392], [7.5844214, 12.8909189], [7.5844066, 12.8910915], [7.5843275, 12.891149], [7.5842202, 12.8910301]]]}}, {"type": "Feature", "properties": {"name": null, "name:en": null, "amenity": null, "building": "college", "operator:type": null, "capacity:persons": null, "addr:full": null, "addr:city": null, "source": null, "osm_id": 830191287, "osm_type": "ways_poly", "Analysis_Region": "North West"}, "geometry": {"type": "Polygon", "coordinates": [[[7.5829906, 12.8958815], [7.5830121, 12.8957272], [7.5833259, 12.8957638], [7.5833085, 12.8959116], [7.5831462, 12.8958867], [7.5831328, 12.8960005], [7.583295, 12.8960305], [7.5832749, 12.8961416], [7.5829946, 12.8961103], [7.5830201, 12.8958802], [7.5829906, 12.8958815]]]}}, {"type": "Feature", "properties": {"name": null, "name:en": null, "amenity": null, "building": "college", "operator:type": null, "capacity:persons": null, "addr:full": null, "addr:city": null, "source": null, "osm_id": 830191278, "osm_type": "ways_poly", "Analysis_Region": "North West"}, "geometry": {"type": "Polygon", "coordinates": [[[7.5824003, 12.8911194], [7.582464, 12.8910729], [7.5825198, 12.8910746], [7.5825251, 12.8910306], [7.5826375, 12.891034], [7.582633, 12.8910867], [7.5829056, 12.8908633], [7.5829233, 12.8908486], [7.5829303, 12.8908305], [7.5829303, 12.8908184], [7.5829241, 12.8908055], [7.5829162, 12.8907977], [7.5828941, 12.8907943], [7.5827366, 12.8905855], [7.5827472, 12.8905717], [7.5827268, 12.890551], [7.5827074, 12.8905485], [7.5826959, 12.8905786], [7.5825862, 12.8905648], [7.5825915, 12.8905105], [7.5825242, 12.890501], [7.5824787, 12.8904486], [7.5825407, 12.8903961], [7.5826047, 12.890401], [7.5826057, 12.8904268], [7.5827094, 12.8904367], [7.5827104, 12.8904635], [7.5827765, 12.8904704], [7.583033, 12.8907839], [7.5830188, 12.8908909], [7.5827021, 12.8911479], [7.5826313, 12.8911444], [7.5826277, 12.8911703], [7.5825251, 12.89116], [7.5825242, 12.891185], [7.5824561, 12.8911755], [7.5824003, 12.8911194]]]}}, {"type": "Feature", "properties": {"name": null, "name:en": null, "amenity": null, "building": "college", "operator:type": null, "capacity:persons": null, "addr:full": null, "addr:city": null, "source": null, "osm_id": 830191279, "osm_type": "ways_poly", "Analysis_Region": "North West"}, "geometry": {"type": "Polygon", "coordinates": [[[7.5824745, 12.8908045], [7.582485, 12.8907271], [7.5825177, 12.8907067], [7.5827091, 12.8907226], [7.582743, 12.8907636], [7.5827337, 12.8908353], [7.582701, 12.8908671], [7.5824978, 12.8908387], [7.5824745, 12.8908045]]]}}, {"type": "Feature", "properties": {"name": null, "name:en": null, "amenity": null, "building": "college", "operator:type": null, "capacity:persons": null, "addr:full": null, "addr:city": null, "source": null, "osm_id": 830191280, "osm_type": "ways_poly", "Analysis_Region": "North West"}, "geometry": {"type": "Polygon", "coordinates": [[[7.5821627, 12.8908284], [7.5821896, 12.8906463], [7.5822456, 12.8905985], [7.5823449, 12.8907283], [7.5823344, 12.8908171], [7.5822293, 12.8908888], [7.5821627, 12.8908284]]]}}, {"type": "Feature", "properties": {"name": "Government Science College Basaura", "name:en": null, "amenity": "school", "building": null, "operator:type": null, "capacity:persons": null, "addr:full": null, "addr:city": null, "source": null, "osm_id": 1358623355, "osm_type": "ways_poly", "Analysis_Region": "North West"}, "geometry": {"type": "Polygon", "coordinates": [[[4.2589069, 12.3211246], [4.2590916, 12.3205269], [4.2590969, 12.3205075], [4.2591791, 12.3201699], [4.2594496, 12.3192308], [4.2599232, 12.3191936], [4.2618425, 12.3190513], [4.2622631, 12.319016], [4.2622977, 12.3190338], [4.2623383, 12.3190676], [4.2623465, 12.3191292], [4.261936, 12.3210128], [4.2616371, 12.3209676], [4.2615755, 12.3214673], [4.2595196, 12.3217277], [4.2594993, 12.3212015], [4.2589179, 12.3212352], [4.2589069, 12.3211246]]]}}, {"type": "Feature", "properties": {"name": "Isiyaka Rabiu College of Quranic Studies", "name:en": null, "amenity": "university", "building": null, "operator:type": null, "capacity:persons": null, "addr:full": null, "addr:city": "Sharada", "source": "steadfast.com.ng", "osm_id": 441894679, "osm_type": "ways_poly", "Analysis_Region": "North West"}, "geometry": {"type": "Polygon", "coordinates": [[[8.4937146, 11.9790578], [8.4941009, 11.9778194], [8.495914, 11.9784754], [8.4958067, 11.979168], [8.4952918, 11.9790001], [8.4951577, 11.9794514], [8.4937146, 11.9790578]]]}}, {"type": "Feature", "properties": {"name": "Dangote Business School", "name:en": null, "amenity": "university", "building": null, "operator:type": null, "capacity:persons": null, "addr:full": null, "addr:city": null, "source": null, "osm_id": 285879815, "osm_type": "ways_poly", "Analysis_Region": "North West"}, "geometry": {"type": "Polygon", "coordinates": [[[8.4263768, 11.9677365], [8.4266904, 11.9663], [8.427933, 11.9669725], [8.4276951, 11.9675352], [8.4272383, 11.9681165], [8.4271631, 11.9680655], [8.426779, 11.967872], [8.4263768, 11.9677365]]]}}, {"type": "Feature", "properties": {"name": "Modibbo Adama University of Technology", "name:en": null, "amenity": "university", "building": null, "operator:type": null, "capacity:persons": null, "addr:full": null, "addr:city": null, "source": null, "osm_id": 670573837, "osm_type": "ways_poly", "Analysis_Region": "North East"}, "geometry": {"type": "Polygon", "coordinates": [[[12.4837118, 9.3512524], [12.4851735, 9.3474467], [12.4856615, 9.3460078], [12.4909615, 9.3479769], [12.4929356, 9.3431389], [12.495017, 9.3434353], [12.4983703, 9.3361519], [12.5002366, 9.3377476], [12.5002903, 9.3377979], [12.5018191, 9.339071], [12.5037718, 9.3406881], [12.5039408, 9.3407939], [12.5045295, 9.3411089], [12.5048879, 9.3413535], [12.5049774, 9.3414146], [12.5050068, 9.3414211], [12.5050431, 9.3414291], [12.5064164, 9.3421702], [12.507138, 9.3423819], [12.5071835, 9.3425195], [12.5072479, 9.3425366], [12.5073217, 9.3425555], [12.5073686, 9.3425672], [12.5074545, 9.3424798], [12.5079775, 9.3426439], [12.5079891, 9.347564], [12.5079936, 9.3478048], [12.5079614, 9.3489481], [12.505762, 9.3490249], [12.5055203, 9.3529889], [12.5044454, 9.3529565], [12.5044164, 9.35354], [12.5029276, 9.3533066], [12.5014883, 9.357877], [12.4837118, 9.3512524]]]}}, {"type": "Feature", "properties": {"name": null, "name:en": null, "amenity": "school", "building": "school", "operator:type": null, "capacity:persons": null, "addr:full": null, "addr:city": null, "source": null, "osm_id": 1359096199, "osm_type": "ways_poly", "Analysis_Region": "North West"}, "geometry": {"type": "Polygon", "coordinates": [[[4.2584641, 12.3206362], [4.2587665, 12.3206341], [4.2587671, 12.3207238], [4.2584648, 12.320726], [4.2584641, 12.3206362]]]}}, {"type": "Feature", "properties": {"name": null, "name:en": null, "amenity": "school", "building": "school", "operator:type": null, "capacity:persons": null, "addr:full": null, "addr:city": null, "source": null, "osm_id": 1359096200, "osm_type": "ways_poly", "Analysis_Region": "North West"}, "geometry": {"type": "Polygon", "coordinates": [[[4.2585421, 12.3201548], [4.2585609, 12.3200657], [4.2587136, 12.3200964], [4.2586948, 12.3201855], [4.2585421, 12.3201548]]]}}, {"type": "Feature", "properties": {"name": null, "name:en": null, "amenity": "school", "building": "school", "operator:type": null, "capacity:persons": null, "addr:full": null, "addr:city": null, "source": null, "osm_id": 1359096201, "osm_type": "ways_poly", "Analysis_Region": "North West"}, "geometry": {"type": "Polygon", "coordinates": [[[4.2588839, 12.3205917], [4.2589228, 12.3203598], [4.2590168, 12.3203748], [4.2589779, 12.3206067], [4.2588839, 12.3205917]]]}}, {"type": "Feature", "properties": {"name": null, "name:en": null, "amenity": null, "building": "school", "operator:type": null, "capacity:persons": null, "addr:full": null, "addr:city": null, "source": null, "osm_id": 750776597, "osm_type": "ways_poly", "Analysis_Region": "North West"}, "geometry": {"type": "Polygon", "coordinates": [[[7.3799713, 9.1324623], [7.3800709, 9.1323965], [7.380225, 9.1326237], [7.380268, 9.1325953], [7.3803307, 9.1326877], [7.38014, 9.1328138], [7.3800753, 9.1327186], [7.3801234, 9.1326867], [7.3799713, 9.1324623]]]}}, {"type": "Feature", "properties": {"name": null, "name:en": null, "amenity": null, "building": "school", "operator:type": null, "capacity:persons": null, "addr:full": null, "addr:city": null, "source": null, "osm_id": 752548406, "osm_type": "ways_poly", "Analysis_Region": "North West"}, "geometry": {"type": "Polygon", "coordinates": [[[7.4395485, 9.0572625], [7.4395554, 9.0572181], [7.4396113, 9.0572194], [7.4396072, 9.0572733], [7.4395485, 9.0572625]]]}}, {"type": "Feature", "properties": {"name": "International School of IITA", "name:en": null, "amenity": "school", "building": null, "operator:type": null, "capacity:persons": null, "addr:full": null, "addr:city": null, "source": null, "osm_id": 750749015, "osm_type": "ways_poly", "Analysis_Region": "North West"}, "geometry": {"type": "Polygon", "coordinates": [[[3.9094197, 7.5016853], [3.9094367, 7.5012866], [3.9095362, 7.5012907], [3.9095227, 7.5016079], [3.9098971, 7.5016236], [3.9098861, 7.5018813], [3.9096505, 7.5018714], [3.909654, 7.5017905], [3.9097514, 7.5017946], [3.9097555, 7.5016994], [3.9094197, 7.5016853]]]}}, {"type": "Feature", "properties": {"name": null, "name:en": null, "amenity": null, "building": "school", "operator:type": null, "capacity:persons": null, "addr:full": null, "addr:city": null, "source": null, "osm_id": 1165450880, "osm_type": "ways_poly", "Analysis_Region": "North West"}, "geometry": {"type": "Polygon", "coordinates": [[[7.3539598, 8.9807741], [7.3539876, 8.9807841], [7.3540145, 8.9808157], [7.3540145, 8.9808872], [7.3540045, 8.9808866], [7.3539599, 8.9808854], [7.3539598, 8.9807741]]]}}, {"type": "Feature", "properties": {"name": "Babylove Nursery and Primary School", "name:en": null, "amenity": null, "building": "school", "operator:type": null, "capacity:persons": null, "addr:full": null, "addr:city": null, "source": null, "osm_id": 1165450879, "osm_type": "ways_poly", "Analysis_Region": "North West"}, "geometry": {"type": "Polygon", "coordinates": [[[7.3536376, 8.9809448], [7.3536705, 8.9809442], [7.3536698, 8.9809022], [7.3539357, 8.980898], [7.353938, 8.9810415], [7.3536393, 8.9810463], [7.3536376, 8.9809448]]]}}, {"type": "Feature", "properties": {"name": null, "name:en": null, "amenity": null, "building": "school", "operator:type": null, "capacity:persons": null, "addr:full": null, "addr:city": null, "source": null, "osm_id": 1165450881, "osm_type": "ways_poly", "Analysis_Region": "North West"}, "geometry": {"type": "Polygon", "coordinates": [[[7.3539468, 8.9809362], [7.3539475, 8.9809103], [7.3539619, 8.9809106], [7.3540065, 8.9809118], [7.3540059, 8.9809377], [7.3539468, 8.9809362]]]}}, {"type": "Feature", "properties": {"name": "Hudaibiyya Primary School", "name:en": null, "amenity": "school", "building": null, "operator:type": null, "capacity:persons": null, "addr:full": null, "addr:city": null, "source": null, "osm_id": 289283056, "osm_type": "ways_poly", "Analysis_Region": "North West"}, "geometry": {"type": "Polygon", "coordinates": [[[8.5204184, 11.9742237], [8.5206169, 11.9741472], [8.5206456, 11.9742184], [8.5204472, 11.974295], [8.5204184, 11.9742237]]]}}, {"type": "Feature", "properties": {"name": null, "name:en": null, "amenity": "school", "building": null, "operator:type": null, "capacity:persons": null, "addr:full": null, "addr:city": null, "source": null, "osm_id": 739827414, "osm_type": "ways_poly", "Analysis_Region": "North West"}, "geometry": {"type": "Polygon", "coordinates": [[[7.6877019, 9.1732438], [7.6877515, 9.1731405], [7.6877233, 9.1730849], [7.6877206, 9.1730717], [7.687836, 9.1729949], [7.6879527, 9.1729552], [7.6879875, 9.1730465], [7.6880316, 9.1730935], [7.6880501, 9.1731132], [7.688072, 9.1731008], [7.6881297, 9.1731617], [7.6880251, 9.1732359], [7.6879178, 9.1732968], [7.6877743, 9.1733365], [7.6877019, 9.1732438]]]}}, {"type": "Feature", "properties": {"name": null, "name:en": null, "amenity": "school", "building": null, "operator:type": null, "capacity:persons": null, "addr:full": null, "addr:city": null, "source": null, "osm_id": 739860688, "osm_type": "ways_poly", "Analysis_Region": "North West"}, "geometry": {"type": "Polygon", "coordinates": [[[7.6796968, 9.172137], [7.679792, 9.1721079], [7.6798403, 9.1720668], [7.6799476, 9.1720456], [7.680079, 9.1720192], [7.6802064, 9.1720019], [7.6802279, 9.1720284], [7.6802413, 9.1720801], [7.680244, 9.1721535], [7.6801441, 9.1721807], [7.6800589, 9.1722085], [7.6799825, 9.1722515], [7.6798511, 9.1722992], [7.6797733, 9.1722892], [7.6797102, 9.1722694], [7.6797022, 9.1722164], [7.6796968, 9.172137]]]}}, {"type": "Feature", "properties": {"name": null, "name:en": null, "amenity": "school", "building": null, "operator:type": null, "capacity:persons": null, "addr:full": null, "addr:city": null, "source": null, "osm_id": 343517565, "osm_type": "ways_poly", "Analysis_Region": "North West"}, "geometry": {"type": "Polygon", "coordinates": [[[5.9984206, 11.8671448], [5.9985869, 11.866171], [5.9992252, 11.8663679], [5.9988685, 11.8672236], [5.9984206, 11.8671448]]]}}, {"type": "Feature", "properties": {"name": null, "name:en": null, "amenity": null, "building": "school", "operator:type": null, "capacity:persons": null, "addr:full": null, "addr:city": null, "source": null, "osm_id": 343516209, "osm_type": "ways_poly", "Analysis_Region": "North West"}, "geometry": {"type": "Polygon", "coordinates": [[[6.0908388, 11.9051479], [6.0908468, 11.9049589], [6.0909943, 11.904972], [6.0909809, 11.9051793], [6.0908388, 11.9051479]]]}}, {"type": "Feature", "properties": {"name": "L.G.E.A. Primary School", "name:en": null, "amenity": "school", "building": null, "operator:type": null, "capacity:persons": null, "addr:full": null, "addr:city": null, "source": null, "osm_id": 1189288283, "osm_type": "ways_poly", "Analysis_Region": "North West"}, "geometry": {"type": "Polygon", "coordinates": [[[8.5407181, 7.7262154], [8.5408048, 7.7250475], [8.5415374, 7.7252106], [8.5413501, 7.7263583], [8.5407181, 7.7262154]]]}}, {"type": "Feature", "properties": {"name": null, "name:en": null, "amenity": "school", "building": null, "operator:type": null, "capacity:persons": null, "addr:full": null, "addr:city": null, "source": null, "osm_id": 737942420, "osm_type": "ways_poly", "Analysis_Region": "North West"}, "geometry": {"type": "Polygon", "coordinates": [[[7.6245895, 9.2007134], [7.6246016, 9.200491], [7.6250052, 9.2004301], [7.6251675, 9.2004699], [7.6251769, 9.200912], [7.6250696, 9.2010246], [7.624678, 9.2010325], [7.6246941, 9.2007412], [7.6245895, 9.2007134]]]}}, {"type": "Feature", "properties": {"name": "Moremi High School", "name:en": null, "amenity": "school", "building": null, "operator:type": null, "capacity:persons": null, "addr:full": null, "addr:city": null, "source": null, "osm_id": 621683717, "osm_type": "ways_poly", "Analysis_Region": "North West"}, "geometry": {"type": "Polygon", "coordinates": [[[4.5439232, 7.5108089], [4.5454521, 7.5101495], [4.54601, 7.5109578], [4.5462567, 7.511362], [4.5461065, 7.5115482], [4.5463427, 7.5121862], [4.5458008, 7.5124044], [4.545098, 7.5127714], [4.5439232, 7.5108089]]]}}, {"type": "Feature", "properties": {"name": null, "name:en": null, "amenity": null, "building": "school", "operator:type": null, "capacity:persons": null, "addr:full": null, "addr:city": null, "source": null, "osm_id": 621683702, "osm_type": "ways_poly", "Analysis_Region": "North West"}, "geometry": {"type": "Polygon", "coordinates": [[[4.5443, 7.5112403], [4.5447782, 7.5109914], [4.544829, 7.5110873], [4.5443508, 7.5113363], [4.5443, 7.5112403]]]}}, {"type": "Feature", "properties": {"name": null, "name:en": null, "amenity": null, "building": "school", "operator:type": null, "capacity:persons": null, "addr:full": null, "addr:city": null, "source": null, "osm_id": 621683704, "osm_type": "ways_poly", "Analysis_Region": "North West"}, "geometry": {"type": "Polygon", "coordinates": [[[4.5451268, 7.5111121], [4.5452282, 7.5110619], [4.5453478, 7.5112992], [4.5452479, 7.5113487], [4.5452103, 7.5112741], [4.5451965, 7.5112809], [4.5451574, 7.5112033], [4.5451697, 7.5111972], [4.5451268, 7.5111121]]]}}, {"type": "Feature", "properties": {"name": null, "name:en": null, "amenity": null, "building": "school", "operator:type": null, "capacity:persons": null, "addr:full": null, "addr:city": null, "source": null, "osm_id": 621683705, "osm_type": "ways_poly", "Analysis_Region": "North West"}, "geometry": {"type": "Polygon", "coordinates": [[[4.5457451, 7.511192], [4.5458578, 7.5111329], [4.5460709, 7.5115322], [4.5459582, 7.5115914], [4.5457451, 7.511192]]]}}, {"type": "Feature", "properties": {"name": null, "name:en": null, "amenity": null, "building": "school", "operator:type": null, "capacity:persons": null, "addr:full": null, "addr:city": null, "source": null, "osm_id": 621683715, "osm_type": "ways_poly", "Analysis_Region": "North West"}, "geometry": {"type": "Polygon", "coordinates": [[[4.5452185, 7.5119709], [4.5453826, 7.5118821], [4.5454219, 7.5119534], [4.5452578, 7.5120422], [4.5452185, 7.5119709]]]}}, {"type": "Feature", "properties": {"name": null, "name:en": null, "amenity": "school", "building": null, "operator:type": null, "capacity:persons": null, "addr:full": null, "addr:city": null, "source": null, "osm_id": 288493026, "osm_type": "ways_poly", "Analysis_Region": "North West"}, "geometry": {"type": "Polygon", "coordinates": [[[8.5381325, 12.0188076], [8.5382664, 12.0188057], [8.5382711, 12.0191205], [8.5382453, 12.0191209], [8.5382447, 12.0190817], [8.5382055, 12.0190822], [8.5382061, 12.0191221], [8.5381372, 12.0191231], [8.5381325, 12.0188076]]]}}, {"type": "Feature", "properties": {"name": "Faith Nursery and Primary School", "name:en": null, "amenity": "school", "building": null, "operator:type": null, "capacity:persons": null, "addr:full": null, "addr:city": null, "source": null, "osm_id": 292190534, "osm_type": "ways_poly", "Analysis_Region": "North West"}, "geometry": {"type": "Polygon", "coordinates": [[[8.5341165, 12.0308731], [8.5341777, 12.0307998], [8.5343285, 12.0309204], [8.5342673, 12.0309936], [8.5341165, 12.0308731]]]}}, {"type": "Feature", "properties": {"name": "Tambayahaya Nursery and Primary School", "name:en": null, "amenity": "school", "building": null, "operator:type": null, "capacity:persons": null, "addr:full": null, "addr:city": null, "source": null, "osm_id": 292190553, "osm_type": "ways_poly", "Analysis_Region": "North West"}, "geometry": {"type": "Polygon", "coordinates": [[[8.534879, 12.0303842], [8.5350252, 12.0301441], [8.5351255, 12.0302025], [8.5349793, 12.0304426], [8.534879, 12.0303842]]]}}, {"type": "Feature", "properties": {"name": "Tony Chetta Collage", "name:en": null, "amenity": "school", "building": null, "operator:type": null, "capacity:persons": null, "addr:full": null, "addr:city": null, "source": null, "osm_id": 292190557, "osm_type": "ways_poly", "Analysis_Region": "North West"}, "geometry": {"type": "Polygon", "coordinates": [[[8.5310234, 12.0286847], [8.5311788, 12.028607], [8.5311884, 12.0287164], [8.5310671, 12.0287735], [8.5310234, 12.0286847]]]}}, {"type": "Feature", "properties": {"name": "Tony Chetta Collage", "name:en": null, "amenity": "school", "building": null, "operator:type": null, "capacity:persons": null, "addr:full": null, "addr:city": null, "source": null, "osm_id": 292190556, "osm_type": "ways_poly", "Analysis_Region": "North West"}, "geometry": {"type": "Polygon", "coordinates": [[[8.5307131, 12.0286413], [8.5307863, 12.0285764], [8.5310082, 12.0287968], [8.530927, 12.0288561], [8.5307131, 12.0286413]]]}}, {"type": "Feature", "properties": {"name": "Tony Chetta Collage", "name:en": null, "amenity": "school", "building": null, "operator:type": null, "capacity:persons": null, "addr:full": null, "addr:city": null, "source": null, "osm_id": 292190558, "osm_type": "ways_poly", "Analysis_Region": "North West"}, "geometry": {"type": "Polygon", "coordinates": [[[8.5308966, 12.0284668], [8.5312198, 12.0284092], [8.531271, 12.0286837], [8.5311683, 12.0287033], [8.5311598, 12.0286177], [8.5311342, 12.0286292], [8.5311093, 12.0285003], [8.5309095, 12.0285359], [8.5308966, 12.0284668]]]}}, {"type": "Feature", "properties": {"name": "ECWA Secondary School", "name:en": null, "amenity": null, "building": "school", "operator:type": null, "capacity:persons": null, "addr:full": null, "addr:city": null, "source": null, "osm_id": 292062197, "osm_type": "ways_poly", "Analysis_Region": "North West"}, "geometry": {"type": "Polygon", "coordinates": [[[8.5446837, 12.0164329], [8.5447308, 12.0164256], [8.544722, 12.0163718], [8.5449986, 12.0163287], [8.5450205, 12.0164635], [8.544744, 12.0165066], [8.5447385, 12.0164731], [8.5446914, 12.0164804], [8.5446837, 12.0164329]]]}}, {"type": "Feature", "properties": {"name": "ECWA Secondary School", "name:en": null, "amenity": null, "building": "school", "operator:type": null, "capacity:persons": null, "addr:full": null, "addr:city": null, "source": null, "osm_id": 292051730, "osm_type": "ways_poly", "Analysis_Region": "North West"}, "geometry": {"type": "Polygon", "coordinates": [[[8.5441785, 12.0163035], [8.5448675, 12.0161813], [8.5448795, 12.0162461], [8.5441906, 12.0163683], [8.5441785, 12.0163035]]]}}, {"type": "Feature", "properties": {"name": "ECWA Secondary School", "name:en": null, "amenity": null, "building": "school", "operator:type": null, "capacity:persons": null, "addr:full": null, "addr:city": null, "source": null, "osm_id": 292062194, "osm_type": "ways_poly", "Analysis_Region": "North West"}, "geometry": {"type": "Polygon", "coordinates": [[[8.5441836, 12.0169097], [8.5445906, 12.0168371], [8.5446081, 12.0169307], [8.544201, 12.0170033], [8.5441836, 12.0169097]]]}}, {"type": "Feature", "properties": {"name": "Prime Collage International", "name:en": null, "amenity": "school", "building": null, "operator:type": null, "capacity:persons": null, "addr:full": null, "addr:city": null, "source": null, "osm_id": 291763685, "osm_type": "ways_poly", "Analysis_Region": "North West"}, "geometry": {"type": "Polygon", "coordinates": [[[8.5570608, 11.993964], [8.5575112, 11.9939513], [8.5573614, 11.9945504], [8.5570848, 11.994514], [8.5570608, 11.993964]]]}}, {"type": "Feature", "properties": {"name": "Faculty of Arts (Block 1)", "name:en": null, "amenity": null, "building": "university", "operator:type": null, "capacity:persons": null, "addr:full": null, "addr:city": null, "source": null, "osm_id": 617712370, "osm_type": "ways_poly", "Analysis_Region": "North West"}, "geometry": {"type": "Polygon", "coordinates": [[[4.5238549, 7.5202851], [4.5245169, 7.520187], [4.524542, 7.5203535], [4.52388, 7.5204516], [4.5238549, 7.5202851]]]}}, {"type": "Feature", "properties": {"name": "Faculty of Arts (Block 3)", "name:en": null, "amenity": null, "building": "university", "operator:type": null, "capacity:persons": null, "addr:full": null, "addr:city": null, "source": null, "osm_id": 617712373, "osm_type": "ways_poly", "Analysis_Region": "North West"}, "geometry": {"type": "Polygon", "coordinates": [[[4.5236649, 7.5191337], [4.5243336, 7.5190175], [4.5243652, 7.5191964], [4.5236966, 7.5193126], [4.5236649, 7.5191337]]]}}, {"type": "Feature", "properties": {"name": "AUD II", "name:en": null, "amenity": null, "building": "university", "operator:type": null, "capacity:persons": null, "addr:full": null, "addr:city": null, "source": null, "osm_id": 617712374, "osm_type": "ways_poly", "Analysis_Region": "North West"}, "geometry": {"type": "Polygon", "coordinates": [[[4.5241218, 7.5193548], [4.5243949, 7.519312], [4.5244263, 7.5195087], [4.5241531, 7.5195515], [4.5241218, 7.5193548]]]}}, {"type": "Feature", "properties": {"name": "AUD I", "name:en": null, "amenity": null, "building": "university", "operator:type": null, "capacity:persons": null, "addr:full": null, "addr:city": null, "source": null, "osm_id": 617712371, "osm_type": "ways_poly", "Analysis_Region": "North West"}, "geometry": {"type": "Polygon", "coordinates": [[[4.5242312, 7.5199232], [4.5244909, 7.5198828], [4.5245219, 7.5200791], [4.5242623, 7.5201195], [4.5242312, 7.5199232]]]}}, {"type": "Feature", "properties": {"name": null, "name:en": null, "amenity": null, "building": "university", "operator:type": null, "capacity:persons": null, "addr:full": null, "addr:city": null, "source": null, "osm_id": 620253741, "osm_type": "ways_poly", "Analysis_Region": "North West"}, "geometry": {"type": "Polygon", "coordinates": [[[4.5163999, 7.5213525], [4.5170201, 7.5212654], [4.5170342, 7.5213642], [4.5164141, 7.5214513], [4.5163999, 7.5213525]]]}}, {"type": "Feature", "properties": {"name": null, "name:en": null, "amenity": null, "building": "university", "operator:type": null, "capacity:persons": null, "addr:full": null, "addr:city": null, "source": null, "osm_id": 620253746, "osm_type": "ways_poly", "Analysis_Region": "North West"}, "geometry": {"type": "Polygon", "coordinates": [[[4.517308, 7.5216527], [4.5177805, 7.5215836], [4.5177936, 7.521672], [4.5173211, 7.5217411], [4.517308, 7.5216527]]]}}, {"type": "Feature", "properties": {"name": null, "name:en": null, "amenity": null, "building": "university", "operator:type": null, "capacity:persons": null, "addr:full": null, "addr:city": null, "source": null, "osm_id": 620256422, "osm_type": "ways_poly", "Analysis_Region": "North West"}, "geometry": {"type": "Polygon", "coordinates": [[[4.5172627, 7.5223082], [4.5178586, 7.5222253], [4.51787, 7.5223059], [4.5172741, 7.5223887], [4.5172627, 7.5223082]]]}}, {"type": "Feature", "properties": {"name": null, "name:en": null, "amenity": null, "building": "university", "operator:type": null, "capacity:persons": null, "addr:full": null, "addr:city": null, "source": null, "osm_id": 620256425, "osm_type": "ways_poly", "Analysis_Region": "North West"}, "geometry": {"type": "Polygon", "coordinates": [[[4.5169848, 7.5229298], [4.517579, 7.522834], [4.5175921, 7.522914], [4.5169979, 7.5230099], [4.5169848, 7.5229298]]]}}, {"type": "Feature", "properties": {"name": null, "name:en": null, "amenity": null, "building": "university", "operator:type": null, "capacity:persons": null, "addr:full": null, "addr:city": null, "source": null, "osm_id": 620256435, "osm_type": "ways_poly", "Analysis_Region": "North West"}, "geometry": {"type": "Polygon", "coordinates": [[[4.5153217, 7.5226292], [4.515907, 7.5225451], [4.5159184, 7.5226229], [4.5153331, 7.5227071], [4.5153217, 7.5226292]]]}}, {"type": "Feature", "properties": {"name": null, "name:en": null, "amenity": null, "building": "university", "operator:type": null, "capacity:persons": null, "addr:full": null, "addr:city": null, "source": null, "osm_id": 620256436, "osm_type": "ways_poly", "Analysis_Region": "North West"}, "geometry": {"type": "Polygon", "coordinates": [[[4.5152471, 7.5222727], [4.5158347, 7.5221898], [4.5158473, 7.5222776], [4.5152597, 7.5223605], [4.5152471, 7.5222727]]]}}, {"type": "Feature", "properties": {"name": null, "name:en": null, "amenity": null, "building": "university", "operator:type": null, "capacity:persons": null, "addr:full": null, "addr:city": null, "source": null, "osm_id": 620256433, "osm_type": "ways_poly", "Analysis_Region": "North West"}, "geometry": {"type": "Polygon", "coordinates": [[[4.5157327, 7.5226685], [4.5163312, 7.5225659], [4.5163474, 7.5226587], [4.5157489, 7.5227613], [4.5157327, 7.5226685]]]}}, {"type": "Feature", "properties": {"name": null, "name:en": null, "amenity": null, "building": "university", "operator:type": null, "capacity:persons": null, "addr:full": null, "addr:city": null, "source": null, "osm_id": 620256432, "osm_type": "ways_poly", "Analysis_Region": "North West"}, "geometry": {"type": "Polygon", "coordinates": [[[4.5159765, 7.5230829], [4.5165851, 7.5229836], [4.5165997, 7.5230715], [4.5159911, 7.5231708], [4.5159765, 7.5230829]]]}}, {"type": "Feature", "properties": {"name": null, "name:en": null, "amenity": null, "building": "university", "operator:type": null, "capacity:persons": null, "addr:full": null, "addr:city": null, "source": null, "osm_id": 620256427, "osm_type": "ways_poly", "Analysis_Region": "North West"}, "geometry": {"type": "Polygon", "coordinates": [[[4.5164056, 7.5228975], [4.5169955, 7.5228047], [4.517008, 7.5228829], [4.5164181, 7.5229757], [4.5164056, 7.5228975]]]}}, {"type": "Feature", "properties": {"name": null, "name:en": null, "amenity": null, "building": "university", "operator:type": null, "capacity:persons": null, "addr:full": null, "addr:city": null, "source": null, "osm_id": 620256430, "osm_type": "ways_poly", "Analysis_Region": "North West"}, "geometry": {"type": "Polygon", "coordinates": [[[4.516449, 7.5233339], [4.5170549, 7.523245], [4.5170664, 7.5233214], [4.5164604, 7.5234104], [4.516449, 7.5233339]]]}}, {"type": "Feature", "properties": {"name": null, "name:en": null, "amenity": null, "building": "university", "operator:type": null, "capacity:persons": null, "addr:full": null, "addr:city": null, "source": null, "osm_id": 620256416, "osm_type": "ways_poly", "Analysis_Region": "North West"}, "geometry": {"type": "Polygon", "coordinates": [[[4.5163992, 7.5220463], [4.5167651, 7.521999], [4.5167829, 7.5221342], [4.5164169, 7.5221814], [4.5163992, 7.5220463]]]}}, {"type": "Feature", "properties": {"name": null, "name:en": null, "amenity": null, "building": "university", "operator:type": null, "capacity:persons": null, "addr:full": null, "addr:city": null, "source": null, "osm_id": 620256418, "osm_type": "ways_poly", "Analysis_Region": "North West"}, "geometry": {"type": "Polygon", "coordinates": [[[4.5164242, 7.5218742], [4.5166542, 7.5218338], [4.5166743, 7.5219469], [4.5164444, 7.5219873], [4.5164242, 7.5218742]]]}}, {"type": "Feature", "properties": {"name": null, "name:en": null, "amenity": null, "building": "university", "operator:type": null, "capacity:persons": null, "addr:full": null, "addr:city": null, "source": null, "osm_id": 620256421, "osm_type": "ways_poly", "Analysis_Region": "North West"}, "geometry": {"type": "Polygon", "coordinates": [[[4.5168705, 7.5225041], [4.5174676, 7.5223995], [4.5174834, 7.5224879], [4.5168863, 7.5225926], [4.5168705, 7.5225041]]]}}, {"type": "Feature", "properties": {"name": null, "name:en": null, "amenity": null, "building": "school", "operator:type": null, "capacity:persons": null, "addr:full": null, "addr:city": null, "source": null, "osm_id": 290366193, "osm_type": "ways_poly", "Analysis_Region": "North West"}, "geometry": {"type": "Polygon", "coordinates": [[[8.4721639, 12.0529433], [8.4721864, 12.0528629], [8.4722179, 12.0528713], [8.47256, 12.0529627], [8.4725376, 12.0530431], [8.4721639, 12.0529433]]]}}, {"type": "Feature", "properties": {"name": null, "name:en": null, "amenity": null, "building": "school", "operator:type": null, "capacity:persons": null, "addr:full": null, "addr:city": null, "source": null, "osm_id": 290366194, "osm_type": "ways_poly", "Analysis_Region": "North West"}, "geometry": {"type": "Polygon", "coordinates": [[[8.4725362, 12.0529076], [8.4725941, 12.0527391], [8.4726909, 12.0527709], [8.4726586, 12.052865], [8.472633, 12.0529394], [8.4725362, 12.0529076]]]}}, {"type": "Feature", "properties": {"name": null, "name:en": null, "amenity": null, "building": "school", "operator:type": null, "capacity:persons": null, "addr:full": null, "addr:city": null, "source": null, "osm_id": 290366200, "osm_type": "ways_poly", "Analysis_Region": "North West"}, "geometry": {"type": "Polygon", "coordinates": [[[8.4728219, 12.052491], [8.4728703, 12.0523671], [8.4729174, 12.0522532], [8.4729852, 12.0522792], [8.4728897, 12.052517], [8.4728219, 12.052491]]]}}, {"type": "Feature", "properties": {"name": null, "name:en": null, "amenity": null, "building": "school", "operator:type": null, "capacity:persons": null, "addr:full": null, "addr:city": null, "source": null, "osm_id": 290366202, "osm_type": "ways_poly", "Analysis_Region": "North West"}, "geometry": {"type": "Polygon", "coordinates": [[[8.4727697, 12.0526757], [8.4728293, 12.0525147], [8.4729149, 12.052545], [8.4728553, 12.052706], [8.4727697, 12.0526757]]]}}, {"type": "Feature", "properties": {"name": null, "name:en": null, "amenity": null, "building": "school", "operator:type": null, "capacity:persons": null, "addr:full": null, "addr:city": null, "source": null, "osm_id": 290366203, "osm_type": "ways_poly", "Analysis_Region": "North West"}, "geometry": {"type": "Polygon", "coordinates": [[[8.4726969, 12.0528622], [8.4727617, 12.0526875], [8.4728479, 12.052718], [8.4727832, 12.0528928], [8.4726969, 12.0528622]]]}}, {"type": "Feature", "properties": {"name": null, "name:en": null, "amenity": null, "building": "school", "operator:type": null, "capacity:persons": null, "addr:full": null, "addr:city": null, "source": null, "osm_id": 290366204, "osm_type": "ways_poly", "Analysis_Region": "North West"}, "geometry": {"type": "Polygon", "coordinates": [[[8.4726322, 12.053039], [8.4726946, 12.0528754], [8.4727778, 12.0529062], [8.4727198, 12.0530689], [8.4726322, 12.053039]]]}}, {"type": "Feature", "properties": {"name": "Yanmmata S.P.School", "name:en": null, "amenity": null, "building": "school", "operator:type": null, "capacity:persons": null, "addr:full": null, "addr:city": null, "source": null, "osm_id": 290366209, "osm_type": "ways_poly", "Analysis_Region": "North West"}, "geometry": {"type": "Polygon", "coordinates": [[[8.4723705, 12.052626], [8.4724066, 12.0525317], [8.4725655, 12.0525899], [8.4725294, 12.0526843], [8.4723705, 12.052626]]]}}, {"type": "Feature", "properties": {"name": null, "name:en": null, "amenity": null, "building": "school", "operator:type": null, "capacity:persons": null, "addr:full": null, "addr:city": null, "source": null, "osm_id": 290366214, "osm_type": "ways_poly", "Analysis_Region": "North West"}, "geometry": {"type": "Polygon", "coordinates": [[[8.4725596, 12.0520485], [8.4725889, 12.05198], [8.4727864, 12.0520609], [8.472757, 12.0521294], [8.4725596, 12.0520485]]]}}, {"type": "Feature", "properties": {"name": null, "name:en": null, "amenity": null, "building": "school", "operator:type": null, "capacity:persons": null, "addr:full": null, "addr:city": null, "source": null, "osm_id": 290366211, "osm_type": "ways_poly", "Analysis_Region": "North West"}, "geometry": {"type": "Polygon", "coordinates": [[[8.4723142, 12.0524015], [8.4723813, 12.0522161], [8.4724478, 12.0522392], [8.4723807, 12.0524245], [8.4723142, 12.0524015]]]}}, {"type": "Feature", "properties": {"name": null, "name:en": null, "amenity": null, "building": "school", "operator:type": null, "capacity:persons": null, "addr:full": null, "addr:city": null, "source": null, "osm_id": 290366191, "osm_type": "ways_poly", "Analysis_Region": "North West"}, "geometry": {"type": "Polygon", "coordinates": [[[8.4723109, 12.0527245], [8.4723263, 12.0526772], [8.4723392, 12.0526375], [8.4725226, 12.0526945], [8.4724943, 12.0527816], [8.4723109, 12.0527245]]]}}, {"type": "Feature", "properties": {"name": null, "name:en": null, "amenity": null, "building": "school", "operator:type": null, "capacity:persons": null, "addr:full": null, "addr:city": null, "source": null, "osm_id": 290366197, "osm_type": "ways_poly", "Analysis_Region": "North West"}, "geometry": {"type": "Polygon", "coordinates": [[[8.4726284, 12.0526889], [8.472696, 12.0524974], [8.4727695, 12.0525222], [8.4727161, 12.0526735], [8.4727019, 12.0527138], [8.4726284, 12.0526889]]]}}, {"type": "Feature", "properties": {"name": null, "name:en": null, "amenity": null, "building": "school", "operator:type": null, "capacity:persons": null, "addr:full": null, "addr:city": null, "source": null, "osm_id": 290366198, "osm_type": "ways_poly", "Analysis_Region": "North West"}, "geometry": {"type": "Polygon", "coordinates": [[[8.4727013, 12.0524759], [8.4727713, 12.0522808], [8.4728464, 12.0523066], [8.4727764, 12.0525017], [8.4727013, 12.0524759]]]}}, {"type": "Feature", "properties": {"name": null, "name:en": null, "amenity": null, "building": "school", "operator:type": null, "capacity:persons": null, "addr:full": null, "addr:city": null, "source": null, "osm_id": 290366210, "osm_type": "ways_poly", "Analysis_Region": "North West"}, "geometry": {"type": "Polygon", "coordinates": [[[8.4722287, 12.0526061], [8.4722885, 12.0524453], [8.4723662, 12.0524729], [8.4723064, 12.0526338], [8.4722287, 12.0526061]]]}}, {"type": "Feature", "properties": {"name": null, "name:en": null, "amenity": null, "building": "school", "operator:type": null, "capacity:persons": null, "addr:full": null, "addr:city": null, "source": null, "osm_id": 290366212, "osm_type": "ways_poly", "Analysis_Region": "North West"}, "geometry": {"type": "Polygon", "coordinates": [[[8.4723963, 12.0521864], [8.4724625, 12.0519979], [8.4725367, 12.0520228], [8.4724704, 12.0522113], [8.4723963, 12.0521864]]]}}, {"type": "Feature", "properties": {"name": null, "name:en": null, "amenity": null, "building": "school", "operator:type": null, "capacity:persons": null, "addr:full": null, "addr:city": null, "source": null, "osm_id": 290366215, "osm_type": "ways_poly", "Analysis_Region": "North West"}, "geometry": {"type": "Polygon", "coordinates": [[[8.4727773, 12.0521438], [8.4728147, 12.0520656], [8.4730054, 12.0521527], [8.472968, 12.052231], [8.4727773, 12.0521438]]]}}, {"type": "Feature", "properties": {"name": null, "name:en": null, "amenity": null, "building": "school", "operator:type": null, "capacity:persons": null, "addr:full": null, "addr:city": null, "source": null, "osm_id": 1221356601, "osm_type": "ways_poly", "Analysis_Region": "North West"}, "geometry": {"type": "Polygon", "coordinates": [[[8.9002274, 9.9073986], [8.9002856, 9.9073524], [8.9005912, 9.9077258], [8.9005329, 9.9077721], [8.9002274, 9.9073986]]]}}, {"type": "Feature", "properties": {"name": null, "name:en": null, "amenity": null, "building": "school", "operator:type": null, "capacity:persons": null, "addr:full": null, "addr:city": null, "source": null, "osm_id": 1221356602, "osm_type": "ways_poly", "Analysis_Region": "North West"}, "geometry": {"type": "Polygon", "coordinates": [[[8.8998673, 9.9077682], [8.8999411, 9.9076933], [8.9001453, 9.9078883], [8.9000715, 9.9079633], [8.8998673, 9.9077682]]]}}, {"type": "Feature", "properties": {"name": null, "name:en": null, "amenity": null, "building": "school", "operator:type": null, "capacity:persons": null, "addr:full": null, "addr:city": null, "source": null, "osm_id": 1221356603, "osm_type": "ways_poly", "Analysis_Region": "North West"}, "geometry": {"type": "Polygon", "coordinates": [[[8.8997212, 9.9076474], [8.9001768, 9.9072979], [8.9002309, 9.9073664], [8.8997753, 9.9077158], [8.8997212, 9.9076474]]]}}, {"type": "Feature", "properties": {"name": null, "name:en": null, "amenity": null, "building": "school", "operator:type": null, "capacity:persons": null, "addr:full": null, "addr:city": null, "source": null, "osm_id": 1221356604, "osm_type": "ways_poly", "Analysis_Region": "North West"}, "geometry": {"type": "Polygon", "coordinates": [[[8.9001622, 9.9080575], [8.9004802, 9.9077442], [8.9005343, 9.9077975], [8.9002162, 9.9081108], [8.9001622, 9.9080575]]]}}, {"type": "Feature", "properties": {"name": "Hassan Gwarzo School", "name:en": null, "amenity": "school", "building": null, "operator:type": null, "capacity:persons": null, "addr:full": null, "addr:city": null, "source": "steadfast.com.ng", "osm_id": 378619394, "osm_type": "ways_poly", "Analysis_Region": "North West"}, "geometry": {"type": "Polygon", "coordinates": [[[8.5381145, 11.9494389], [8.538251, 11.9491866], [8.5385848, 11.9489639], [8.5396211, 11.9492097], [8.5397555, 11.9493085], [8.5398573, 11.9493769], [8.5400566, 11.949669], [8.5404814, 11.9501589], [8.5413918, 11.9505745], [8.539518, 11.9529495], [8.5381448, 11.9496319], [8.5381145, 11.9494389]]]}}, {"type": "Feature", "properties": {"name": "HAUSAWA MODELBOYS SEC SCHOOL", "name:en": null, "amenity": "school", "building": null, "operator:type": null, "capacity:persons": null, "addr:full": null, "addr:city": null, "source": null, "osm_id": 282830150, "osm_type": "ways_poly", "Analysis_Region": "North West"}, "geometry": {"type": "Polygon", "coordinates": [[[8.538, 11.9661], [8.5385902, 11.9654255], [8.5387, 11.9653], [8.5388749, 11.9651001], [8.5394, 11.9645], [8.5397, 11.9648], [8.5401, 11.9644], [8.5405, 11.9648], [8.5402, 11.9652], [8.5406, 11.9656], [8.5399566, 11.9662974], [8.5392717, 11.967176], [8.538, 11.9661]]]}}, {"type": "Feature", "properties": {"name": "National library", "name:en": null, "amenity": "school", "building": null, "operator:type": null, "capacity:persons": null, "addr:full": null, "addr:city": null, "source": "common knowledge", "osm_id": 248639375, "osm_type": "ways_poly", "Analysis_Region": "North West"}, "geometry": {"type": "Polygon", "coordinates": [[[8.8744817, 9.8833135], [8.8755048, 9.8833511], [8.8755403, 9.8841463], [8.8745198, 9.8841745], [8.8744817, 9.8833135]]]}}, {"type": "Feature", "properties": {"name": null, "name:en": null, "amenity": null, "building": "university", "operator:type": null, "capacity:persons": null, "addr:full": null, "addr:city": null, "source": null, "osm_id": 619270917, "osm_type": "ways_poly", "Analysis_Region": "North West"}, "geometry": {"type": "Polygon", "coordinates": [[[4.5185149, 7.5199804], [4.5191014, 7.5198953], [4.5191138, 7.5199791], [4.5185272, 7.5200641], [4.5185149, 7.5199804]]]}}, {"type": "Feature", "properties": {"name": null, "name:en": null, "amenity": null, "building": "university", "operator:type": null, "capacity:persons": null, "addr:full": null, "addr:city": null, "source": null, "osm_id": 619270916, "osm_type": "ways_poly", "Analysis_Region": "North West"}, "geometry": {"type": "Polygon", "coordinates": [[[4.5188529, 7.5197882], [4.5194663, 7.5196986], [4.5194787, 7.5197825], [4.5188654, 7.5198722], [4.5188529, 7.5197882]]]}}, {"type": "Feature", "properties": {"name": null, "name:en": null, "amenity": null, "building": "university", "operator:type": null, "capacity:persons": null, "addr:full": null, "addr:city": null, "source": null, "osm_id": 619270903, "osm_type": "ways_poly", "Analysis_Region": "North West"}, "geometry": {"type": "Polygon", "coordinates": [[[4.5197506, 7.517311], [4.5203538, 7.5172073], [4.5203677, 7.5172868], [4.5197645, 7.5173905], [4.5197506, 7.517311]]]}}, {"type": "Feature", "properties": {"name": null, "name:en": null, "amenity": null, "building": "university", "operator:type": null, "capacity:persons": null, "addr:full": null, "addr:city": null, "source": null, "osm_id": 619270905, "osm_type": "ways_poly", "Analysis_Region": "North West"}, "geometry": {"type": "Polygon", "coordinates": [[[4.5193252, 7.5171027], [4.51944, 7.5170866], [4.5194501, 7.5171573], [4.5193352, 7.5171733], [4.5193252, 7.5171027]]]}}, {"type": "Feature", "properties": {"name": null, "name:en": null, "amenity": null, "building": "university", "operator:type": null, "capacity:persons": null, "addr:full": null, "addr:city": null, "source": null, "osm_id": 619270913, "osm_type": "ways_poly", "Analysis_Region": "North West"}, "geometry": {"type": "Polygon", "coordinates": [[[4.5182593, 7.519023], [4.518866, 7.5189287], [4.5188786, 7.5190085], [4.5182719, 7.5191027], [4.5182593, 7.519023]]]}}, {"type": "Feature", "properties": {"name": null, "name:en": null, "amenity": null, "building": "university", "operator:type": null, "capacity:persons": null, "addr:full": null, "addr:city": null, "source": null, "osm_id": 619270914, "osm_type": "ways_poly", "Analysis_Region": "North West"}, "geometry": {"type": "Polygon", "coordinates": [[[4.5183961, 7.5194577], [4.519001, 7.5193455], [4.5190161, 7.5194257], [4.5184112, 7.5195379], [4.5183961, 7.5194577]]]}}, {"type": "Feature", "properties": {"name": null, "name:en": null, "amenity": null, "building": "university", "operator:type": null, "capacity:persons": null, "addr:full": null, "addr:city": null, "source": null, "osm_id": 619270919, "osm_type": "ways_poly", "Analysis_Region": "North West"}, "geometry": {"type": "Polygon", "coordinates": [[[4.5190028, 7.5205634], [4.5195665, 7.5204769], [4.519579, 7.520557], [4.5190153, 7.5206435], [4.5190028, 7.5205634]]]}}, {"type": "Feature", "properties": {"name": "FACULTY OF ART AND SOCIAL SIENCES", "name:en": null, "amenity": null, "building": "school", "operator:type": null, "capacity:persons": null, "addr:full": null, "addr:city": null, "source": null, "osm_id": 949143203, "osm_type": "ways_poly", "Analysis_Region": "North East"}, "geometry": {"type": "Polygon", "coordinates": [[[11.1752387, 10.3083455], [11.1754362, 10.3081963], [11.1753992, 10.3081489], [11.1754012, 10.3080788], [11.175419, 10.3080225], [11.175263, 10.3078681], [11.1753916, 10.3077423], [11.1754664, 10.3078163], [11.1755248, 10.3077592], [11.1756403, 10.3078735], [11.1757626, 10.3077539], [11.1758172, 10.3078081], [11.1758949, 10.3077321], [11.176044, 10.3078796], [11.175885, 10.3080351], [11.1759041, 10.3080887], [11.1759054, 10.3081492], [11.1758869, 10.3081973], [11.1760444, 10.3083624], [11.1758907, 10.3085044], [11.1758195, 10.3084297], [11.1757569, 10.3084874], [11.1756479, 10.3083732], [11.1755264, 10.3084855], [11.1754756, 10.3084323], [11.1753872, 10.3085139], [11.1752934, 10.3084156], [11.1752387, 10.3083455]]]}}, {"type": "Feature", "properties": {"name": null, "name:en": null, "amenity": null, "building": "university", "operator:type": null, "capacity:persons": null, "addr:full": null, "addr:city": null, "source": null, "osm_id": 618217494, "osm_type": "ways_poly", "Analysis_Region": "North West"}, "geometry": {"type": "Polygon", "coordinates": [[[4.5134151, 7.5216514], [4.5137869, 7.521592], [4.5138014, 7.5216814], [4.5134296, 7.5217407], [4.5134151, 7.5216514]]]}}, {"type": "Feature", "properties": {"name": null, "name:en": null, "amenity": null, "building": "university", "operator:type": null, "capacity:persons": null, "addr:full": null, "addr:city": null, "source": null, "osm_id": 618217497, "osm_type": "ways_poly", "Analysis_Region": "North West"}, "geometry": {"type": "Polygon", "coordinates": [[[4.5138416, 7.5214327], [4.5142645, 7.5213656], [4.5142784, 7.521452], [4.5138555, 7.5215191], [4.5138416, 7.5214327]]]}}, {"type": "Feature", "properties": {"name": null, "name:en": null, "amenity": null, "building": "university", "operator:type": null, "capacity:persons": null, "addr:full": null, "addr:city": null, "source": null, "osm_id": 618217498, "osm_type": "ways_poly", "Analysis_Region": "North West"}, "geometry": {"type": "Polygon", "coordinates": [[[4.5138075, 7.5212372], [4.5142303, 7.5211643], [4.5142457, 7.5212523], [4.5138229, 7.5213252], [4.5138075, 7.5212372]]]}}, {"type": "Feature", "properties": {"name": null, "name:en": null, "amenity": null, "building": "university", "operator:type": null, "capacity:persons": null, "addr:full": null, "addr:city": null, "source": null, "osm_id": 618217509, "osm_type": "ways_poly", "Analysis_Region": "North West"}, "geometry": {"type": "Polygon", "coordinates": [[[4.5150957, 7.5206764], [4.5158155, 7.5205924], [4.5158271, 7.52069], [4.5151073, 7.5207741], [4.5150957, 7.5206764]]]}}, {"type": "Feature", "properties": {"name": null, "name:en": null, "amenity": null, "building": "university", "operator:type": null, "capacity:persons": null, "addr:full": null, "addr:city": null, "source": null, "osm_id": 618217501, "osm_type": "ways_poly", "Analysis_Region": "North West"}, "geometry": {"type": "Polygon", "coordinates": [[[4.5133142, 7.5210114], [4.5136759, 7.5209497], [4.5136924, 7.5210448], [4.5133307, 7.5211065], [4.5133142, 7.5210114]]]}}, {"type": "Feature", "properties": {"name": null, "name:en": null, "amenity": null, "building": "university", "operator:type": null, "capacity:persons": null, "addr:full": null, "addr:city": null, "source": null, "osm_id": 618217512, "osm_type": "ways_poly", "Analysis_Region": "North West"}, "geometry": {"type": "Polygon", "coordinates": [[[4.5149741, 7.5200125], [4.5155228, 7.5199231], [4.5155325, 7.5199819], [4.5149839, 7.5200713], [4.5149741, 7.5200125]]]}}, {"type": "Feature", "properties": {"name": null, "name:en": null, "amenity": null, "building": "university", "operator:type": null, "capacity:persons": null, "addr:full": null, "addr:city": null, "source": null, "osm_id": 618217510, "osm_type": "ways_poly", "Analysis_Region": "North West"}, "geometry": {"type": "Polygon", "coordinates": [[[4.5149923, 7.5203203], [4.5157073, 7.520213], [4.5157224, 7.5203114], [4.5150074, 7.5204188], [4.5149923, 7.5203203]]]}}, {"type": "Feature", "properties": {"name": null, "name:en": null, "amenity": null, "building": "university", "operator:type": null, "capacity:persons": null, "addr:full": null, "addr:city": null, "source": null, "osm_id": 617970589, "osm_type": "ways_poly", "Analysis_Region": "North West"}, "geometry": {"type": "Polygon", "coordinates": [[[4.5121467, 7.521601], [4.5122308, 7.5215883], [4.5123126, 7.5221189], [4.5122285, 7.5221316], [4.5121467, 7.521601]]]}}, {"type": "Feature", "properties": {"name": null, "name:en": null, "amenity": null, "building": "university", "operator:type": null, "capacity:persons": null, "addr:full": null, "addr:city": null, "source": null, "osm_id": 617970585, "osm_type": "ways_poly", "Analysis_Region": "North West"}, "geometry": {"type": "Polygon", "coordinates": [[[4.511605, 7.5219251], [4.5116926, 7.5219115], [4.5117781, 7.5224547], [4.5116905, 7.5224682], [4.511605, 7.5219251]]]}}, {"type": "Feature", "properties": {"name": null, "name:en": null, "amenity": null, "building": "university", "operator:type": null, "capacity:persons": null, "addr:full": null, "addr:city": null, "source": null, "osm_id": 617970587, "osm_type": "ways_poly", "Analysis_Region": "North West"}, "geometry": {"type": "Polygon", "coordinates": [[[4.511884, 7.5217648], [4.5119761, 7.5217516], [4.5120546, 7.5222918], [4.5119626, 7.522305], [4.511884, 7.5217648]]]}}, {"type": "Feature", "properties": {"name": null, "name:en": null, "amenity": null, "building": "university", "operator:type": null, "capacity:persons": null, "addr:full": null, "addr:city": null, "source": null, "osm_id": 617970591, "osm_type": "ways_poly", "Analysis_Region": "North West"}, "geometry": {"type": "Polygon", "coordinates": [[[4.5124268, 7.5214474], [4.5125187, 7.5214331], [4.512602, 7.5219619], [4.5125101, 7.5219761], [4.5124268, 7.5214474]]]}}, {"type": "Feature", "properties": {"name": null, "name:en": null, "amenity": null, "building": "university", "operator:type": null, "capacity:persons": null, "addr:full": null, "addr:city": null, "source": null, "osm_id": 617970593, "osm_type": "ways_poly", "Analysis_Region": "North West"}, "geometry": {"type": "Polygon", "coordinates": [[[4.512735, 7.5220182], [4.5128559, 7.5220003], [4.5128917, 7.5222372], [4.5127708, 7.5222552], [4.512735, 7.5220182]]]}}, {"type": "Feature", "properties": {"name": null, "name:en": null, "amenity": null, "building": "university", "operator:type": null, "capacity:persons": null, "addr:full": null, "addr:city": null, "source": null, "osm_id": 617970599, "osm_type": "ways_poly", "Analysis_Region": "North West"}, "geometry": {"type": "Polygon", "coordinates": [[[4.5126771, 7.5217664], [4.5132276, 7.5216744], [4.513242, 7.521759], [4.5126914, 7.5218509], [4.5126771, 7.5217664]]]}}, {"type": "Feature", "properties": {"name": null, "name:en": null, "amenity": null, "building": "university", "operator:type": null, "capacity:persons": null, "addr:full": null, "addr:city": null, "source": null, "osm_id": 617970616, "osm_type": "ways_poly", "Analysis_Region": "North West"}, "geometry": {"type": "Polygon", "coordinates": [[[4.5140489, 7.5222746], [4.5141368, 7.5222634], [4.5141484, 7.5223522], [4.5140605, 7.5223635], [4.5140489, 7.5222746]]]}}, {"type": "Feature", "properties": {"name": null, "name:en": null, "amenity": null, "building": "university", "operator:type": null, "capacity:persons": null, "addr:full": null, "addr:city": null, "source": null, "osm_id": 617970600, "osm_type": "ways_poly", "Analysis_Region": "North West"}, "geometry": {"type": "Polygon", "coordinates": [[[4.5126409, 7.5215598], [4.5131894, 7.5214654], [4.5132043, 7.5215503], [4.5126558, 7.5216446], [4.5126409, 7.5215598]]]}}, {"type": "Feature", "properties": {"name": null, "name:en": null, "amenity": null, "building": "university", "operator:type": null, "capacity:persons": null, "addr:full": null, "addr:city": null, "source": null, "osm_id": 617970602, "osm_type": "ways_poly", "Analysis_Region": "North West"}, "geometry": {"type": "Polygon", "coordinates": [[[4.5125762, 7.5211267], [4.5131259, 7.5210438], [4.5131396, 7.5211331], [4.5125899, 7.521216], [4.5125762, 7.5211267]]]}}, {"type": "Feature", "properties": {"name": null, "name:en": null, "amenity": null, "building": "university", "operator:type": null, "capacity:persons": null, "addr:full": null, "addr:city": null, "source": null, "osm_id": 617970606, "osm_type": "ways_poly", "Analysis_Region": "North West"}, "geometry": {"type": "Polygon", "coordinates": [[[4.5127119, 7.5226323], [4.5128102, 7.5225506], [4.5129455, 7.5227105], [4.5128472, 7.5227923], [4.5127119, 7.5226323]]]}}, {"type": "Feature", "properties": {"name": null, "name:en": null, "amenity": null, "building": "university", "operator:type": null, "capacity:persons": null, "addr:full": null, "addr:city": null, "source": null, "osm_id": 617970607, "osm_type": "ways_poly", "Analysis_Region": "North West"}, "geometry": {"type": "Polygon", "coordinates": [[[4.512775, 7.5229599], [4.5128725, 7.5228845], [4.5130074, 7.5230558], [4.5129099, 7.5231312], [4.512775, 7.5229599]]]}}, {"type": "Feature", "properties": {"name": null, "name:en": null, "amenity": null, "building": "university", "operator:type": null, "capacity:persons": null, "addr:full": null, "addr:city": null, "source": null, "osm_id": 617970609, "osm_type": "ways_poly", "Analysis_Region": "North West"}, "geometry": {"type": "Polygon", "coordinates": [[[4.51268, 7.5232536], [4.5127433, 7.5232422], [4.5127664, 7.5233678], [4.5127031, 7.5233792], [4.51268, 7.5232536]]]}}, {"type": "Feature", "properties": {"name": null, "name:en": null, "amenity": null, "building": "university", "operator:type": null, "capacity:persons": null, "addr:full": null, "addr:city": null, "source": null, "osm_id": 617970614, "osm_type": "ways_poly", "Analysis_Region": "North West"}, "geometry": {"type": "Polygon", "coordinates": [[[4.5136473, 7.5223873], [4.5137456, 7.5223731], [4.5138253, 7.5229158], [4.5137271, 7.52293], [4.5136473, 7.5223873]]]}}, {"type": "Feature", "properties": {"name": null, "name:en": null, "amenity": null, "building": "university", "operator:type": null, "capacity:persons": null, "addr:full": null, "addr:city": null, "source": null, "osm_id": 617970629, "osm_type": "ways_poly", "Analysis_Region": "North West"}, "geometry": {"type": "Polygon", "coordinates": [[[4.5134038, 7.5230588], [4.5134976, 7.5230455], [4.5135772, 7.5235979], [4.5134834, 7.5236112], [4.5134038, 7.5230588]]]}}, {"type": "Feature", "properties": {"name": null, "name:en": null, "amenity": null, "building": "university", "operator:type": null, "capacity:persons": null, "addr:full": null, "addr:city": null, "source": null, "osm_id": 617712419, "osm_type": "ways_poly", "Analysis_Region": "North West"}, "geometry": {"type": "Polygon", "coordinates": [[[4.5201771, 7.5178608], [4.5202196, 7.517801], [4.5202607, 7.5178297], [4.5202918, 7.517786], [4.5204005, 7.5178618], [4.5203271, 7.5179654], [4.5201771, 7.5178608]]]}}, {"type": "Feature", "properties": {"name": "COMPOREHENSIVE DAY GABKKA.", "name:en": null, "amenity": "school", "building": null, "operator:type": null, "capacity:persons": null, "addr:full": null, "addr:city": null, "source": null, "osm_id": 1318489558, "osm_type": "ways_poly", "Analysis_Region": "North East"}, "geometry": {"type": "Polygon", "coordinates": [[[11.1622767, 10.271832], [11.1622983, 10.2714136], [11.1630686, 10.2715137], [11.1637063, 10.2715955], [11.163654, 10.2720442], [11.163654, 10.2724474], [11.1630224, 10.2723989], [11.1622983, 10.2722625], [11.1622767, 10.271832]]]}}, {"type": "Feature", "properties": {"name": null, "name:en": null, "amenity": null, "building": "school", "operator:type": null, "capacity:persons": null, "addr:full": null, "addr:city": null, "source": null, "osm_id": 726977083, "osm_type": "ways_poly", "Analysis_Region": "North West"}, "geometry": {"type": "Polygon", "coordinates": [[[8.8611144, 9.7563383], [8.8612068, 9.7563211], [8.8612551, 9.756574], [8.8611627, 9.7565911], [8.8611144, 9.7563383]]]}}, {"type": "Feature", "properties": {"name": null, "name:en": null, "amenity": null, "building": "school", "operator:type": null, "capacity:persons": null, "addr:full": null, "addr:city": null, "source": null, "osm_id": 726977081, "osm_type": "ways_poly", "Analysis_Region": "North West"}, "geometry": {"type": "Polygon", "coordinates": [[[8.8613448, 9.7565688], [8.8615919, 9.7565064], [8.8616455, 9.7567125], [8.8613983, 9.7567749], [8.8613448, 9.7565688]]]}}, {"type": "Feature", "properties": {"name": null, "name:en": null, "amenity": null, "building": "school", "operator:type": null, "capacity:persons": null, "addr:full": null, "addr:city": null, "source": null, "osm_id": 726977085, "osm_type": "ways_poly", "Analysis_Region": "North West"}, "geometry": {"type": "Polygon", "coordinates": [[[8.8610543, 9.7558952], [8.8612501, 9.7557815], [8.8612716, 9.7558687], [8.8612018, 9.7559163], [8.8612716, 9.7560961], [8.8611267, 9.7561516], [8.8610838, 9.756067], [8.861108, 9.7560485], [8.8610543, 9.7558952]]]}}, {"type": "Feature", "properties": {"name": null, "name:en": null, "amenity": "school", "building": null, "operator:type": null, "capacity:persons": null, "addr:full": null, "addr:city": null, "source": null, "osm_id": 724322304, "osm_type": "ways_poly", "Analysis_Region": "North West"}, "geometry": {"type": "Polygon", "coordinates": [[[3.6725503, 10.2766324], [3.6731404, 10.2765426], [3.6733872, 10.2773661], [3.6727971, 10.2776142], [3.6726093, 10.2771285], [3.6727488, 10.2770758], [3.6725503, 10.2766324]]]}}, {"type": "Feature", "properties": {"name": "Faculty of Computer Science & Information Technology/Centre for Information Technology", "name:en": null, "amenity": "university", "building": null, "operator:type": null, "capacity:persons": null, "addr:full": null, "addr:city": null, "source": null, "osm_id": 284840642, "osm_type": "ways_poly", "Analysis_Region": "North West"}, "geometry": {"type": "Polygon", "coordinates": [[[8.4245514, 11.974656], [8.4246145, 11.9746014], [8.4246229, 11.9746104], [8.4246498, 11.9745886], [8.4246237, 11.9745608], [8.4246475, 11.9745405], [8.4246706, 11.9745638], [8.424686, 11.9745495], [8.4246744, 11.9745382], [8.4246852, 11.974527], [8.4246475, 11.9744871], [8.4246752, 11.9744615], [8.4246944, 11.974463], [8.4247352, 11.9745051], [8.4247504, 11.9744924], [8.4247574, 11.9744986], [8.4247873, 11.9744747], [8.424765, 11.9744476], [8.424783, 11.9744305], [8.4248107, 11.9744577], [8.4248379, 11.9744364], [8.4248325, 11.9744295], [8.4248966, 11.97438], [8.4250173, 11.9745327], [8.4249591, 11.9745832], [8.4249526, 11.9745784], [8.4249069, 11.9746188], [8.4250276, 11.9747709], [8.4249124, 11.9748645], [8.4247873, 11.9747156], [8.4246775, 11.974805], [8.4245514, 11.974656]]]}}, {"type": "Feature", "properties": {"name": "Laboratory & Learning Resource Centre", "name:en": null, "amenity": "university", "building": "yes", "operator:type": null, "capacity:persons": null, "addr:full": null, "addr:city": null, "source": null, "osm_id": 285879814, "osm_type": "ways_poly", "Analysis_Region": "North West"}, "geometry": {"type": "Polygon", "coordinates": [[[8.4304206, 11.9730614], [8.4305005, 11.9728912], [8.430599, 11.9729225], [8.4305134, 11.9730927], [8.4304206, 11.9730614]]]}}, {"type": "Feature", "properties": {"name": "Zonal Advanced Spaced Applications Laboratory", "name:en": null, "amenity": "university", "building": "yes", "operator:type": null, "capacity:persons": null, "addr:full": null, "addr:city": null, "source": null, "osm_id": 285879823, "osm_type": "ways_poly", "Analysis_Region": "North West"}, "geometry": {"type": "Polygon", "coordinates": [[[8.4304222, 11.975511], [8.4304655, 11.9754451], [8.4305532, 11.9754939], [8.4305724, 11.9755031], [8.4305413, 11.9755466], [8.4305273, 11.9755388], [8.4305094, 11.9755602], [8.4304222, 11.975511]]]}}, {"type": "Feature", "properties": {"name": "Security Office", "name:en": null, "amenity": "university", "building": "yes", "operator:type": null, "capacity:persons": null, "addr:full": null, "addr:city": null, "source": null, "osm_id": 285879817, "osm_type": "ways_poly", "Analysis_Region": "North West"}, "geometry": {"type": "Polygon", "coordinates": [[[8.4287577, 11.9682073], [8.4287817, 11.9681631], [8.42891, 11.9682211], [8.4288804, 11.9682666], [8.4287577, 11.9682073]]]}}, {"type": "Feature", "properties": {"name": "Security Office", "name:en": null, "amenity": "university", "building": "yes", "operator:type": null, "capacity:persons": null, "addr:full": null, "addr:city": null, "source": null, "osm_id": 285879816, "osm_type": "ways_poly", "Analysis_Region": "North West"}, "geometry": {"type": "Polygon", "coordinates": [[[8.428453, 11.9682087], [8.4284728, 11.9681686], [8.4284544, 11.9681521], [8.4284854, 11.9681065], [8.4285532, 11.9681452], [8.4285391, 11.9681742], [8.4285814, 11.9681976], [8.428618, 11.9681521], [8.4286843, 11.9681949], [8.4286152, 11.9682873], [8.428635, 11.968297], [8.4285927, 11.9683591], [8.4284742, 11.9682777], [8.4284925, 11.9682528], [8.4284784, 11.9682445], [8.4284854, 11.9682266], [8.428453, 11.9682087]]]}}, {"type": "Feature", "properties": {"name": "Zonal Advanced Spaced Applications Laboratory", "name:en": null, "amenity": "university", "building": "yes", "operator:type": null, "capacity:persons": null, "addr:full": null, "addr:city": null, "source": null, "osm_id": 285879818, "osm_type": "ways_poly", "Analysis_Region": "North West"}, "geometry": {"type": "Polygon", "coordinates": [[[8.4300745, 11.9749143], [8.4301902, 11.9746606], [8.430264, 11.9747016], [8.4303159, 11.974686], [8.4303558, 11.9747055], [8.4303617, 11.9747406], [8.4304475, 11.9748011], [8.4303099, 11.9750392], [8.4302001, 11.9749787], [8.4301782, 11.9749826], [8.4301662, 11.9749592], [8.4300745, 11.9749143]]]}}, {"type": "Feature", "properties": {"name": "Zonal Advanced Spaced Applications Laboratory", "name:en": null, "amenity": "university", "building": "yes", "operator:type": null, "capacity:persons": null, "addr:full": null, "addr:city": null, "source": null, "osm_id": 285879822, "osm_type": "ways_poly", "Analysis_Region": "North West"}, "geometry": {"type": "Polygon", "coordinates": [[[8.429484, 11.9758998], [8.4295897, 11.9757164], [8.4297014, 11.9757866], [8.4296037, 11.975974], [8.429484, 11.9758998]]]}}, {"type": "Feature", "properties": {"name": "Musa Abdullahi Auditorium", "name:en": null, "amenity": "university", "building": "yes", "operator:type": null, "capacity:persons": null, "addr:full": null, "addr:city": null, "source": "bing", "osm_id": 284840629, "osm_type": "ways_poly", "Analysis_Region": "North West"}, "geometry": {"type": "Polygon", "coordinates": [[[8.4278447, 11.9731777], [8.4278508, 11.9731092], [8.4278831, 11.9731062], [8.42794, 11.9730686], [8.4279477, 11.973037], [8.428023, 11.973043], [8.4280261, 11.9730686], [8.4281215, 11.9730837], [8.4281876, 11.9731814], [8.4281768, 11.9732762], [8.4282245, 11.9732792], [8.4282153, 11.9733935], [8.4281061, 11.9734673], [8.4279954, 11.9734492], [8.4280015, 11.973392], [8.4279185, 11.973377], [8.4278447, 11.9732762], [8.4278639, 11.9731807], [8.4278447, 11.9731777]]]}}, {"type": "Feature", "properties": {"name": "Department of Sociology and Geography", "name:en": null, "amenity": "university", "building": "yes", "operator:type": null, "capacity:persons": null, "addr:full": null, "addr:city": null, "source": null, "osm_id": 285879810, "osm_type": "ways_poly", "Analysis_Region": "North West"}, "geometry": {"type": "Polygon", "coordinates": [[[8.4299184, 11.9716861], [8.4299889, 11.9715233], [8.4301159, 11.9715702], [8.4300397, 11.971733], [8.4299184, 11.9716861]]]}}, {"type": "Feature", "properties": {"name": "Centre for Research in Nigeria Languages and Folklore", "name:en": null, "amenity": "university", "building": "yes", "operator:type": null, "capacity:persons": null, "addr:full": null, "addr:city": null, "source": null, "osm_id": 285879807, "osm_type": "ways_poly", "Analysis_Region": "North West"}, "geometry": {"type": "Polygon", "coordinates": [[[8.4300361, 11.9714181], [8.4300402, 11.9713102], [8.4300944, 11.9713144], [8.4300911, 11.9714167], [8.4300361, 11.9714181]]]}}, {"type": "Feature", "properties": {"name": "Department of Education", "name:en": null, "amenity": "university", "building": "yes", "operator:type": null, "capacity:persons": null, "addr:full": null, "addr:city": null, "source": null, "osm_id": 285879809, "osm_type": "ways_poly", "Analysis_Region": "North West"}, "geometry": {"type": "Polygon", "coordinates": [[[8.429631, 11.9737988], [8.4297165, 11.9736423], [8.4298012, 11.9736943], [8.4297165, 11.9738394], [8.429631, 11.9737988]]]}}, {"type": "Feature", "properties": {"name": "Faculty of Education Complex", "name:en": null, "amenity": "university", "building": "yes", "operator:type": null, "capacity:persons": null, "addr:full": null, "addr:city": null, "source": null, "osm_id": 285879811, "osm_type": "ways_poly", "Analysis_Region": "North West"}, "geometry": {"type": "Polygon", "coordinates": [[[8.4301805, 11.9729779], [8.4302553, 11.9727185], [8.4303033, 11.9725556], [8.4303371, 11.9725598], [8.4303583, 11.9725349], [8.430426, 11.9725529], [8.430433, 11.9725722], [8.4304669, 11.9725888], [8.4303188, 11.9730165], [8.4302948, 11.9730179], [8.4302482, 11.9730248], [8.4302031, 11.9729848], [8.4301805, 11.9729779]]]}}, {"type": "Feature", "properties": {"name": "Zonal Advanced Spaced Applications Laboratory", "name:en": null, "amenity": "university", "building": "yes", "operator:type": null, "capacity:persons": null, "addr:full": null, "addr:city": null, "source": null, "osm_id": 285879819, "osm_type": "ways_poly", "Analysis_Region": "North West"}, "geometry": {"type": "Polygon", "coordinates": [[[8.4296515, 11.9756754], [8.4296894, 11.9755934], [8.4296635, 11.9755719], [8.4296954, 11.9755056], [8.4297373, 11.9755212], [8.4298191, 11.9753495], [8.4297872, 11.9753319], [8.4298151, 11.9752675], [8.4297573, 11.9752382], [8.4298929, 11.9750138], [8.4300326, 11.9749826], [8.4301044, 11.9750119], [8.4300505, 11.9750977], [8.4300186, 11.975088], [8.4299568, 11.9751094], [8.429871, 11.9752734], [8.4299129, 11.9753007], [8.4298969, 11.9753592], [8.4299169, 11.9753924], [8.4298151, 11.9755817], [8.4297812, 11.9755817], [8.4297513, 11.9756227], [8.4297852, 11.9756402], [8.4297373, 11.9757203], [8.4296515, 11.9756754]]]}}, {"type": "Feature", "properties": {"name": "Zonal Advanced Spaced Applications Laboratory", "name:en": null, "amenity": "university", "building": "yes", "operator:type": null, "capacity:persons": null, "addr:full": null, "addr:city": null, "source": null, "osm_id": 285879820, "osm_type": "ways_poly", "Analysis_Region": "North West"}, "geometry": {"type": "Polygon", "coordinates": [[[8.4290989, 11.9751953], [8.4291229, 11.9751738], [8.4291169, 11.9751329], [8.4291668, 11.975127], [8.4292585, 11.9751036], [8.4292865, 11.9751172], [8.4293044, 11.9750919], [8.4293862, 11.975125], [8.4293762, 11.9751563], [8.4294002, 11.9751758], [8.4294122, 11.9752109], [8.4293603, 11.9752168], [8.4293304, 11.975209], [8.4292605, 11.9751719], [8.4292127, 11.9751836], [8.4291807, 11.9752421], [8.4291947, 11.9752812], [8.4292585, 11.9753202], [8.4293044, 11.9753924], [8.4292725, 11.975408], [8.4292426, 11.9754041], [8.4292226, 11.9754158], [8.4291548, 11.9753768], [8.4291648, 11.9753534], [8.4291289, 11.9753378], [8.4290989, 11.9751953]]]}}, {"type": "Feature", "properties": {"name": "Zonal Advanced Spaced Applications Laboratory", "name:en": null, "amenity": "university", "building": "yes", "operator:type": null, "capacity:persons": null, "addr:full": null, "addr:city": null, "source": null, "osm_id": 285879821, "osm_type": "ways_poly", "Analysis_Region": "North West"}, "geometry": {"type": "Polygon", "coordinates": [[[8.4298231, 11.9756695], [8.4300007, 11.975367], [8.4300725, 11.9754178], [8.4299109, 11.9757105], [8.4298231, 11.9756695]]]}}, {"type": "Feature", "properties": {"name": null, "name:en": null, "amenity": "school", "building": null, "operator:type": null, "capacity:persons": null, "addr:full": null, "addr:city": null, "source": null, "osm_id": 723068152, "osm_type": "ways_poly", "Analysis_Region": "North West"}, "geometry": {"type": "Polygon", "coordinates": [[[3.8744321, 10.6417817], [3.8744858, 10.6412571], [3.8755909, 10.6413599], [3.8755426, 10.6418713], [3.8744321, 10.6417817]]]}}, {"type": "Feature", "properties": {"name": null, "name:en": null, "amenity": "school", "building": null, "operator:type": null, "capacity:persons": null, "addr:full": null, "addr:city": null, "source": null, "osm_id": 501057244, "osm_type": "ways_poly", "Analysis_Region": "North West"}, "geometry": {"type": "Polygon", "coordinates": [[[3.7297565, 11.1575716], [3.7306201, 11.1573242], [3.730706, 11.1579505], [3.7309313, 11.1579715], [3.7308186, 11.1586821], [3.7299603, 11.1585873], [3.7297565, 11.1575716]]]}}, {"type": "Feature", "properties": {"name": "Ladoke Akintola University of Technology Teaching Hospital", "name:en": null, "amenity": "university", "building": null, "operator:type": null, "capacity:persons": null, "addr:full": null, "addr:city": null, "source": null, "osm_id": 432922503, "osm_type": "ways_poly", "Analysis_Region": "North West"}, "geometry": {"type": "Polygon", "coordinates": [[[4.2513943, 8.1516581], [4.2526668, 8.150429], [4.2531844, 8.1513501], [4.2531166, 8.1513775], [4.2531382, 8.1516703], [4.2533847, 8.1516947], [4.2539454, 8.1527927], [4.2525161, 8.154066], [4.2513943, 8.1516581]]]}}, {"type": "Feature", "properties": {"name": null, "name:en": null, "amenity": null, "building": "school", "operator:type": null, "capacity:persons": null, "addr:full": null, "addr:city": null, "source": "microsoft/BuildingFootprints", "osm_id": 1219649705, "osm_type": "ways_poly", "Analysis_Region": "North West"}, "geometry": {"type": "Polygon", "coordinates": [[[8.9413539, 9.9011904], [8.9414432, 9.9011852], [8.941461, 9.9014801], [8.9413717, 9.9014853], [8.9413539, 9.9011904]]]}}, {"type": "Feature", "properties": {"name": null, "name:en": null, "amenity": null, "building": "school", "operator:type": null, "capacity:persons": null, "addr:full": null, "addr:city": null, "source": null, "osm_id": 1219649706, "osm_type": "ways_poly", "Analysis_Region": "North West"}, "geometry": {"type": "Polygon", "coordinates": [[[8.9410027, 9.9013504], [8.9410162, 9.9013108], [8.9410044, 9.9012381], [8.941333, 9.9011935], [8.9413464, 9.9012778], [8.941105, 9.9013207], [8.9411938, 9.901428], [8.9413498, 9.9014033], [8.9413581, 9.9015189], [8.9411503, 9.9015486], [8.9410027, 9.9013504]]]}}, {"type": "Feature", "properties": {"name": null, "name:en": null, "amenity": null, "building": "university", "operator:type": null, "capacity:persons": null, "addr:full": null, "addr:city": null, "source": null, "osm_id": 599038676, "osm_type": "ways_poly", "Analysis_Region": "North West"}, "geometry": {"type": "Polygon", "coordinates": [[[4.5299624, 7.5159742], [4.5302315, 7.5159326], [4.5302339, 7.5159664], [4.5302352, 7.5159978], [4.5299734, 7.5160441], [4.5299624, 7.5159742]]]}}, {"type": "Feature", "properties": {"name": "Faculty of Arts (Block 2)", "name:en": null, "amenity": null, "building": "university", "operator:type": null, "capacity:persons": null, "addr:full": null, "addr:city": null, "source": null, "osm_id": 617712372, "osm_type": "ways_poly", "Analysis_Region": "North West"}, "geometry": {"type": "Polygon", "coordinates": [[[4.5237545, 7.5197261], [4.5242246, 7.5196505], [4.5244325, 7.5196171], [4.5244548, 7.5197533], [4.5237768, 7.5198623], [4.5237545, 7.5197261]]]}}, {"type": "Feature", "properties": {"name": null, "name:en": null, "amenity": null, "building": "university", "operator:type": null, "capacity:persons": null, "addr:full": null, "addr:city": null, "source": null, "osm_id": 619270922, "osm_type": "ways_poly", "Analysis_Region": "North West"}, "geometry": {"type": "Polygon", "coordinates": [[[4.5182766, 7.5195738], [4.5184273, 7.519553], [4.5184574, 7.5197664], [4.5184795, 7.5199233], [4.5183288, 7.5199442], [4.5182766, 7.5195738]]]}}, {"type": "Feature", "properties": {"name": null, "name:en": null, "amenity": "school", "building": null, "operator:type": null, "capacity:persons": null, "addr:full": null, "addr:city": null, "source": null, "osm_id": 335510559, "osm_type": "ways_poly", "Analysis_Region": "North East"}, "geometry": {"type": "Polygon", "coordinates": [[[9.8791596, 10.3166372], [9.8792185, 10.3143613], [9.8805603, 10.3153146], [9.880326, 10.3166837], [9.8791596, 10.3166372]]]}}, {"type": "Feature", "properties": {"name": "Afe Babalola Administrative Building", "name:en": null, "amenity": null, "building": "school", "operator:type": null, "capacity:persons": null, "addr:full": null, "addr:city": null, "source": null, "osm_id": 946754601, "osm_type": "ways_poly", "Analysis_Region": "North West"}, "geometry": {"type": "Polygon", "coordinates": [[[5.2972598, 7.5937805], [5.2974041, 7.5937405], [5.2973768, 7.5936437], [5.2974736, 7.5936169], [5.2974655, 7.593588], [5.2975702, 7.593559], [5.2976059, 7.5936857], [5.2976841, 7.593664], [5.2976773, 7.5936399], [5.2977896, 7.5936088], [5.2977955, 7.5936297], [5.297853, 7.5936138], [5.2979135, 7.5938287], [5.2977168, 7.5938831], [5.297733, 7.5939408], [5.2975702, 7.5939859], [5.297557, 7.5939392], [5.2973227, 7.594004], [5.2972598, 7.5937805]]]}}, {"type": "Feature", "properties": {"name": "International Community School", "name:en": null, "amenity": "school", "building": null, "operator:type": null, "capacity:persons": null, "addr:full": null, "addr:city": null, "source": null, "osm_id": 446826428, "osm_type": "ways_poly", "Analysis_Region": "North West"}, "geometry": {"type": "Polygon", "coordinates": [[[7.4150596, 9.0532942], [7.4154619, 9.0527538], [7.4168191, 9.0525419], [7.4171947, 9.0535432], [7.4157677, 9.0541047], [7.4150596, 9.0532942]]]}}, {"type": "Feature", "properties": {"name": null, "name:en": null, "amenity": "school", "building": null, "operator:type": null, "capacity:persons": null, "addr:full": null, "addr:city": null, "source": null, "osm_id": 704093794, "osm_type": "ways_poly", "Analysis_Region": "North West"}, "geometry": {"type": "Polygon", "coordinates": [[[4.3194904, 7.8944031], [4.3196437, 7.8940006], [4.3196725, 7.8937219], [4.3212818, 7.8937013], [4.3213343, 7.8937262], [4.3213957, 7.8939049], [4.3214133, 7.8945176], [4.3212189, 7.8951487], [4.3208746, 7.8957352], [4.3203591, 7.8950805], [4.3194904, 7.8944031]]]}}, {"type": "Feature", "properties": {"name": null, "name:en": null, "amenity": "school", "building": null, "operator:type": null, "capacity:persons": null, "addr:full": null, "addr:city": null, "source": null, "osm_id": 967832624, "osm_type": "ways_poly", "Analysis_Region": "North West"}, "geometry": {"type": "Polygon", "coordinates": [[[4.5304614, 8.4800312], [4.5304654, 8.4799158], [4.5306746, 8.4799158], [4.5306746, 8.4800312], [4.5304614, 8.4800312]]]}}, {"type": "Feature", "properties": {"name": null, "name:en": null, "amenity": "school", "building": null, "operator:type": null, "capacity:persons": null, "addr:full": null, "addr:city": null, "source": null, "osm_id": 967832623, "osm_type": "ways_poly", "Analysis_Region": "North West"}, "geometry": {"type": "Polygon", "coordinates": [[[4.5306912, 8.4801129], [4.530802, 8.4801055], [4.5308164, 8.4803133], [4.5307055, 8.4803207], [4.5306912, 8.4801129]]]}}, {"type": "Feature", "properties": {"name": "Turim Primary School", "name:en": null, "amenity": null, "building": "school", "operator:type": null, "capacity:persons": null, "addr:full": null, "addr:city": null, "source": null, "osm_id": 1320109159, "osm_type": "ways_poly", "Analysis_Region": "North East"}, "geometry": {"type": "Polygon", "coordinates": [[[9.6934504, 12.4357494], [9.6934857, 12.4356779], [9.6936741, 12.4357666], [9.6936388, 12.4358381], [9.6934504, 12.4357494]]]}}, {"type": "Feature", "properties": {"name": "Kadawa Primary School", "name:en": null, "amenity": null, "building": "school", "operator:type": null, "capacity:persons": null, "addr:full": null, "addr:city": null, "source": null, "osm_id": 641595088, "osm_type": "ways_poly", "Analysis_Region": "North East"}, "geometry": {"type": "Polygon", "coordinates": [[[10.4663416, 12.8783564], [10.4665823, 12.8783271], [10.4666426, 12.878637], [10.4665519, 12.8786492], [10.4665317, 12.8784275], [10.466359, 12.8784475], [10.4663416, 12.8783564]]]}}, {"type": "Feature", "properties": {"name": null, "name:en": null, "amenity": "school", "building": null, "operator:type": null, "capacity:persons": null, "addr:full": null, "addr:city": null, "source": null, "osm_id": 702904428, "osm_type": "ways_poly", "Analysis_Region": "North West"}, "geometry": {"type": "Polygon", "coordinates": [[[4.3176833, 7.9080088], [4.3177181, 7.9079637], [4.3179421, 7.9078176], [4.3181433, 7.9076382], [4.3186274, 7.9072477], [4.3192121, 7.9077843], [4.3195045, 7.9080327], [4.3194039, 7.908135], [4.3193395, 7.9082094], [4.3193302, 7.9082353], [4.3193074, 7.9082546], [4.3192799, 7.9082685], [4.3192651, 7.9082924], [4.3191679, 7.9083927], [4.3190646, 7.9084684], [4.3186516, 7.908859], [4.3183136, 7.9091406], [4.3182371, 7.9090158], [4.3181124, 7.9088218], [4.3179783, 7.9085933], [4.3178549, 7.9083808], [4.317812, 7.9082506], [4.3176833, 7.9080088]]]}}, {"type": "Feature", "properties": {"name": "Westwood Park School, Jos", "name:en": null, "amenity": "school", "building": null, "operator:type": null, "capacity:persons": null, "addr:full": null, "addr:city": "Jos", "source": null, "osm_id": 561997907, "osm_type": "ways_poly", "Analysis_Region": "North West"}, "geometry": {"type": "Polygon", "coordinates": [[[8.8866478, 9.8681397], [8.8880632, 9.8678404], [8.8876154, 9.8686755], [8.8866878, 9.8688252], [8.8866478, 9.8681397]]]}}, {"type": "Feature", "properties": {"name": null, "name:en": null, "amenity": null, "building": "university", "operator:type": null, "capacity:persons": null, "addr:full": null, "addr:city": null, "source": null, "osm_id": 618765183, "osm_type": "ways_poly", "Analysis_Region": "North West"}, "geometry": {"type": "Polygon", "coordinates": [[[4.5254606, 7.5112635], [4.5256631, 7.5109506], [4.5259046, 7.5111042], [4.5258494, 7.5111896], [4.5256992, 7.5110941], [4.525552, 7.5113216], [4.5254606, 7.5112635]]]}}, {"type": "Feature", "properties": {"name": null, "name:en": null, "amenity": "school", "building": "yes", "operator:type": null, "capacity:persons": null, "addr:full": null, "addr:city": null, "source": null, "osm_id": 701538236, "osm_type": "ways_poly", "Analysis_Region": "North West"}, "geometry": {"type": "Polygon", "coordinates": [[[4.3159151, 7.8860478], [4.3159546, 7.886032], [4.3159854, 7.8861077], [4.315946, 7.8861235], [4.3159151, 7.8860478]]]}}, {"type": "Feature", "properties": {"name": null, "name:en": null, "amenity": "school", "building": "yes", "operator:type": null, "capacity:persons": null, "addr:full": null, "addr:city": null, "source": null, "osm_id": 701538038, "osm_type": "ways_poly", "Analysis_Region": "North West"}, "geometry": {"type": "Polygon", "coordinates": [[[4.317627, 7.8850144], [4.3176793, 7.8850038], [4.3176912, 7.8850614], [4.3176389, 7.8850721], [4.317627, 7.8850144]]]}}, {"type": "Feature", "properties": {"name": null, "name:en": null, "amenity": "school", "building": "yes", "operator:type": null, "capacity:persons": null, "addr:full": null, "addr:city": null, "source": null, "osm_id": 701538224, "osm_type": "ways_poly", "Analysis_Region": "North West"}, "geometry": {"type": "Polygon", "coordinates": [[[4.3157038, 7.8879888], [4.3157573, 7.8879352], [4.3157192, 7.8878996], [4.3157735, 7.8878426], [4.3159184, 7.8879781], [4.315872, 7.8880268], [4.3158844, 7.8880389], [4.3158205, 7.888103], [4.3157038, 7.8879888]]]}}, {"type": "Feature", "properties": {"name": "Government Day Secondary School (GDSS) Howei", "name:en": null, "amenity": "school", "building": null, "operator:type": null, "capacity:persons": null, "addr:full": null, "addr:city": null, "source": null, "osm_id": 1304919106, "osm_type": "ways_poly", "Analysis_Region": "North East"}, "geometry": {"type": "Polygon", "coordinates": [[[11.3681647, 8.9574565], [11.368264, 8.9572724], [11.3683552, 8.9571584], [11.3688245, 8.9566577], [11.3688487, 8.9566179], [11.3689414, 8.9565125], [11.3695259, 8.9569995], [11.3696869, 8.9568855], [11.3700758, 8.9572896], [11.3700423, 8.9573161], [11.3702783, 8.9576128], [11.3700825, 8.9577784], [11.3695662, 8.9583388], [11.369357, 8.9581719], [11.369369, 8.958144], [11.3688447, 8.9578182], [11.3687883, 8.9579043], [11.3681862, 8.9574856], [11.3681647, 8.9574565]]]}}, {"type": "Feature", "properties": {"name": null, "name:en": null, "amenity": null, "building": "school", "operator:type": null, "capacity:persons": null, "addr:full": null, "addr:city": null, "source": null, "osm_id": 289620345, "osm_type": "ways_poly", "Analysis_Region": "North West"}, "geometry": {"type": "Polygon", "coordinates": [[[8.5623078, 11.9577113], [8.562387, 11.9575522], [8.5624588, 11.9575864], [8.5623797, 11.9577455], [8.5623078, 11.9577113]]]}}, {"type": "Feature", "properties": {"name": null, "name:en": null, "amenity": null, "building": "school", "operator:type": null, "capacity:persons": null, "addr:full": null, "addr:city": null, "source": null, "osm_id": 289620346, "osm_type": "ways_poly", "Analysis_Region": "North West"}, "geometry": {"type": "Polygon", "coordinates": [[[8.5623289, 11.9574799], [8.5623616, 11.9574175], [8.5625183, 11.9574963], [8.5624856, 11.9575586], [8.5623289, 11.9574799]]]}}, {"type": "Feature", "properties": {"name": null, "name:en": null, "amenity": null, "building": "school", "operator:type": null, "capacity:persons": null, "addr:full": null, "addr:city": null, "source": null, "osm_id": 289620347, "osm_type": "ways_poly", "Analysis_Region": "North West"}, "geometry": {"type": "Polygon", "coordinates": [[[8.5620895, 11.9573841], [8.5621337, 11.9573034], [8.5623268, 11.9574047], [8.5622826, 11.9574854], [8.5620895, 11.9573841]]]}}, {"type": "Feature", "properties": {"name": null, "name:en": null, "amenity": null, "building": "school", "operator:type": null, "capacity:persons": null, "addr:full": null, "addr:city": null, "source": null, "osm_id": 527048940, "osm_type": "ways_poly", "Analysis_Region": "North West"}, "geometry": {"type": "Polygon", "coordinates": [[[8.5390502, 11.9507977], [8.5391295, 11.9507511], [8.5392228, 11.9509029], [8.5393475, 11.9508295], [8.5393967, 11.9509095], [8.5391927, 11.9510296], [8.5390502, 11.9507977]]]}}, {"type": "Feature", "properties": {"name": null, "name:en": null, "amenity": null, "building": "school", "operator:type": null, "capacity:persons": null, "addr:full": null, "addr:city": null, "source": null, "osm_id": 298818960, "osm_type": "ways_poly", "Analysis_Region": "North West"}, "geometry": {"type": "Polygon", "coordinates": [[[8.5593309, 11.9516587], [8.5593746, 11.9516167], [8.5594031, 11.9516451], [8.5593594, 11.9516871], [8.5593309, 11.9516587]]]}}, {"type": "Feature", "properties": {"name": null, "name:en": null, "amenity": null, "building": "school", "operator:type": null, "capacity:persons": null, "addr:full": null, "addr:city": null, "source": null, "osm_id": 527050215, "osm_type": "ways_poly", "Analysis_Region": "North West"}, "geometry": {"type": "Polygon", "coordinates": [[[8.539291, 11.9503235], [8.5394223, 11.9502137], [8.5395997, 11.9504167], [8.5394683, 11.9505266], [8.539291, 11.9503235]]]}}, {"type": "Feature", "properties": {"name": null, "name:en": null, "amenity": null, "building": "school", "operator:type": null, "capacity:persons": null, "addr:full": null, "addr:city": null, "source": null, "osm_id": 527050214, "osm_type": "ways_poly", "Analysis_Region": "North West"}, "geometry": {"type": "Polygon", "coordinates": [[[8.539123, 11.9506589], [8.5394063, 11.9504633], [8.5394575, 11.9505343], [8.5391742, 11.9507298], [8.539123, 11.9506589]]]}}, {"type": "Feature", "properties": {"name": "Lassandi Primary School", "name:en": null, "amenity": "school", "building": null, "operator:type": null, "capacity:persons": null, "addr:full": null, "addr:city": null, "source": null, "osm_id": 1304936333, "osm_type": "ways_poly", "Analysis_Region": "North East"}, "geometry": {"type": "Polygon", "coordinates": [[[11.3581571, 8.944883], [11.3584264, 8.9440482], [11.3591661, 8.9442673], [11.3588997, 8.9451195], [11.3585251, 8.9449953], [11.3585214, 8.9450045], [11.3581571, 8.944883]]]}}, {"type": "Feature", "properties": {"name": "ECWA Bingham Nursery and Primary School", "name:en": null, "amenity": null, "building": "school", "operator:type": null, "capacity:persons": null, "addr:full": null, "addr:city": null, "source": null, "osm_id": 1304919122, "osm_type": "ways_poly", "Analysis_Region": "North East"}, "geometry": {"type": "Polygon", "coordinates": [[[11.367001, 8.9560867], [11.367054, 8.9560118], [11.3671424, 8.9560728], [11.3670895, 8.9561477], [11.367001, 8.9560867]]]}}, {"type": "Feature", "properties": {"name": null, "name:en": null, "amenity": null, "building": "university", "operator:type": null, "capacity:persons": null, "addr:full": null, "addr:city": null, "source": null, "osm_id": 619368828, "osm_type": "ways_poly", "Analysis_Region": "North West"}, "geometry": {"type": "Polygon", "coordinates": [[[4.5166914, 7.5182859], [4.5170309, 7.5182394], [4.5170419, 7.5183184], [4.5167024, 7.5183649], [4.5166914, 7.5182859]]]}}, {"type": "Feature", "properties": {"name": null, "name:en": null, "amenity": "school", "building": null, "operator:type": null, "capacity:persons": null, "addr:full": null, "addr:city": null, "source": null, "osm_id": 640127407, "osm_type": "ways_poly", "Analysis_Region": "North West"}, "geometry": {"type": "Polygon", "coordinates": [[[6.2379538, 8.5362258], [6.2382748, 8.5361456], [6.2385975, 8.5360654], [6.2389676, 8.5361088], [6.2388561, 8.5369309], [6.238241, 8.5370212], [6.2379538, 8.5362258]]]}}, {"type": "Feature", "properties": {"name": null, "name:en": null, "amenity": null, "building": "school", "operator:type": null, "capacity:persons": null, "addr:full": null, "addr:city": null, "source": null, "osm_id": 960783340, "osm_type": "ways_poly", "Analysis_Region": "North West"}, "geometry": {"type": "Polygon", "coordinates": [[[4.5828208, 8.4422367], [4.5831853, 8.4419525], [4.5832349, 8.4420148], [4.5828703, 8.4422989], [4.5828208, 8.4422367]]]}}, {"type": "Feature", "properties": {"name": null, "name:en": null, "amenity": "school", "building": null, "operator:type": null, "capacity:persons": null, "addr:full": null, "addr:city": null, "source": null, "osm_id": 327684766, "osm_type": "ways_poly", "Analysis_Region": "North East"}, "geometry": {"type": "Polygon", "coordinates": [[[14.1784784, 12.4823261], [14.1786608, 12.4818494], [14.1792509, 12.4821218], [14.1790416, 12.4826089], [14.1784784, 12.4823261]]]}}, {"type": "Feature", "properties": {"name": null, "name:en": null, "amenity": null, "building": "school", "operator:type": null, "capacity:persons": null, "addr:full": null, "addr:city": null, "source": null, "osm_id": 600977653, "osm_type": "ways_poly", "Analysis_Region": "North West"}, "geometry": {"type": "Polygon", "coordinates": [[[6.5302858, 9.6343843], [6.5303103, 9.6342706], [6.5303729, 9.6342837], [6.5303484, 9.6343974], [6.5302858, 9.6343843]]]}}, {"type": "Feature", "properties": {"name": null, "name:en": null, "amenity": "school", "building": null, "operator:type": null, "capacity:persons": null, "addr:full": null, "addr:city": null, "source": null, "osm_id": 600982153, "osm_type": "ways_poly", "Analysis_Region": "North West"}, "geometry": {"type": "Polygon", "coordinates": [[[6.5300968, 9.6350784], [6.530408, 9.6331745], [6.5316954, 9.6335077], [6.5311429, 9.6353323], [6.5300968, 9.6350784]]]}}, {"type": "Feature", "properties": {"name": "Windsor Locks School", "name:en": null, "amenity": "school", "building": "school", "operator:type": null, "capacity:persons": null, "addr:full": null, "addr:city": "Abuja", "source": null, "osm_id": 1303059154, "osm_type": "ways_poly", "Analysis_Region": "North West"}, "geometry": {"type": "Polygon", "coordinates": [[[7.4038276, 9.0732105], [7.4044572, 9.0731337], [7.4044715, 9.0733077], [7.4042857, 9.0733171], [7.4041238, 9.0733312], [7.4038276, 9.0732105]]]}}, {"type": "Feature", "properties": {"name": null, "name:en": null, "amenity": "school", "building": null, "operator:type": null, "capacity:persons": null, "addr:full": null, "addr:city": null, "source": null, "osm_id": 307947130, "osm_type": "ways_poly", "Analysis_Region": "North East"}, "geometry": {"type": "Polygon", "coordinates": [[[10.1803622, 11.6865526], [10.1805392, 11.6858014], [10.1813197, 11.6860667], [10.1819635, 11.6861455], [10.181891, 11.6868835], [10.1818669, 11.6868862], [10.1812956, 11.6868625], [10.1803622, 11.6865526]]]}}, {"type": "Feature", "properties": {"name": "Centre for African Entrepreneurship Research & Traininng", "name:en": null, "amenity": "university", "building": "yes", "operator:type": null, "capacity:persons": null, "addr:full": null, "addr:city": null, "source": null, "osm_id": 285879806, "osm_type": "ways_poly", "Analysis_Region": "North West"}, "geometry": {"type": "Polygon", "coordinates": [[[8.4288378, 11.9743396], [8.4288877, 11.9742342], [8.4288538, 11.9742196], [8.4288912, 11.974132], [8.4290288, 11.9741915], [8.4289415, 11.9743845], [8.4288378, 11.9743396]]]}}, {"type": "Feature", "properties": {"name": "St louis girls secoundary school", "name:en": null, "amenity": "school", "building": null, "operator:type": null, "capacity:persons": null, "addr:full": null, "addr:city": null, "source": null, "osm_id": 1180559825, "osm_type": "ways_poly", "Analysis_Region": "North West"}, "geometry": {"type": "Polygon", "coordinates": [[[8.8773641, 9.9260289], [8.8781601, 9.9247322], [8.8785983, 9.9248738], [8.8803922, 9.9249547], [8.8803579, 9.925791], [8.8797613, 9.9274089], [8.8773641, 9.9260289]]]}}, {"type": "Feature", "properties": {"name": "Islamiya", "name:en": null, "amenity": null, "building": "school", "operator:type": null, "capacity:persons": null, "addr:full": null, "addr:city": null, "source": null, "osm_id": 726973780, "osm_type": "ways_poly", "Analysis_Region": "North West"}, "geometry": {"type": "Polygon", "coordinates": [[[8.8601456, 9.7600739], [8.8608695, 9.76006], [8.8608714, 9.7601551], [8.8601475, 9.7601691], [8.8601456, 9.7600739]]]}}, {"type": "Feature", "properties": {"name": null, "name:en": null, "amenity": null, "building": "school", "operator:type": null, "capacity:persons": null, "addr:full": null, "addr:city": null, "source": null, "osm_id": 726973781, "osm_type": "ways_poly", "Analysis_Region": "North West"}, "geometry": {"type": "Polygon", "coordinates": [[[8.8608982, 9.7599921], [8.8609864, 9.7599872], [8.8609948, 9.7601348], [8.8609066, 9.7601397], [8.8608982, 9.7599921]]]}}, {"type": "Feature", "properties": {"name": null, "name:en": null, "amenity": null, "building": "school", "operator:type": null, "capacity:persons": null, "addr:full": null, "addr:city": null, "source": null, "osm_id": 726973782, "osm_type": "ways_poly", "Analysis_Region": "North West"}, "geometry": {"type": "Polygon", "coordinates": [[[8.8602018, 9.7595545], [8.860211, 9.7593195], [8.8603184, 9.7593236], [8.8603091, 9.7595586], [8.8602018, 9.7595545]]]}}, {"type": "Feature", "properties": {"name": null, "name:en": null, "amenity": null, "building": "school", "operator:type": null, "capacity:persons": null, "addr:full": null, "addr:city": null, "source": null, "osm_id": 726977082, "osm_type": "ways_poly", "Analysis_Region": "North West"}, "geometry": {"type": "Polygon", "coordinates": [[[8.8613368, 9.7562315], [8.861553, 9.7562068], [8.8615619, 9.7562823], [8.8614806, 9.7562917], [8.8614907, 9.7563772], [8.8615951, 9.7563652], [8.8616078, 9.7564725], [8.861366, 9.7565002], [8.8613566, 9.7564206], [8.8614215, 9.7564132], [8.8614174, 9.7563785], [8.8613429, 9.756387], [8.8613373, 9.7563396], [8.861401, 9.7563323], [8.8613969, 9.7562979], [8.8613453, 9.7563038], [8.8613368, 9.7562315]]]}}, {"type": "Feature", "properties": {"name": "Little Angel Schools", "name:en": null, "amenity": "school", "building": null, "operator:type": null, "capacity:persons": null, "addr:full": null, "addr:city": null, "source": null, "osm_id": 593702171, "osm_type": "ways_poly", "Analysis_Region": "North West"}, "geometry": {"type": "Polygon", "coordinates": [[[7.6298308, 13.004439], [7.629837, 13.0043846], [7.6301413, 13.004191], [7.6304579, 13.0040095], [7.6306752, 13.0038764], [7.6309298, 13.0041547], [7.6309112, 13.0042152], [7.6308739, 13.0044209], [7.6308243, 13.0045177], [7.6307249, 13.004554], [7.6305511, 13.0046145], [7.6298308, 13.004439]]]}}, {"type": "Feature", "properties": {"name": null, "name:en": null, "amenity": null, "building": "school", "operator:type": null, "capacity:persons": null, "addr:full": null, "addr:city": null, "source": null, "osm_id": 295465434, "osm_type": "ways_poly", "Analysis_Region": "North West"}, "geometry": {"type": "Polygon", "coordinates": [[[8.5530624, 11.9677425], [8.5532175, 11.9677374], [8.5532197, 11.9678013], [8.5530646, 11.9678065], [8.5530624, 11.9677425]]]}}, {"type": "Feature", "properties": {"name": null, "name:en": null, "amenity": null, "building": "school", "operator:type": null, "capacity:persons": null, "addr:full": null, "addr:city": null, "source": null, "osm_id": 289231825, "osm_type": "ways_poly", "Analysis_Region": "North West"}, "geometry": {"type": "Polygon", "coordinates": [[[8.5622796, 11.9502403], [8.5626177, 11.9499073], [8.5628701, 11.9501526], [8.562532, 11.9504856], [8.5622796, 11.9502403]]]}}, {"type": "Feature", "properties": {"name": null, "name:en": null, "amenity": null, "building": "school", "operator:type": null, "capacity:persons": null, "addr:full": null, "addr:city": null, "source": null, "osm_id": 289231826, "osm_type": "ways_poly", "Analysis_Region": "North West"}, "geometry": {"type": "Polygon", "coordinates": [[[8.5626439, 11.9505868], [8.5628175, 11.9504169], [8.5629107, 11.9505081], [8.5627371, 11.950678], [8.5626439, 11.9505868]]]}}, {"type": "Feature", "properties": {"name": null, "name:en": null, "amenity": null, "building": "school", "operator:type": null, "capacity:persons": null, "addr:full": null, "addr:city": null, "source": null, "osm_id": 527028646, "osm_type": "ways_poly", "Analysis_Region": "North West"}, "geometry": {"type": "Polygon", "coordinates": [[[8.580469, 11.9572491], [8.5804986, 11.9571675], [8.5806127, 11.9572072], [8.5806922, 11.9572349], [8.5806625, 11.9573165], [8.580469, 11.9572491]]]}}, {"type": "Feature", "properties": {"name": null, "name:en": null, "amenity": null, "building": "school", "operator:type": null, "capacity:persons": null, "addr:full": null, "addr:city": null, "source": null, "osm_id": 297928461, "osm_type": "ways_poly", "Analysis_Region": "North West"}, "geometry": {"type": "Polygon", "coordinates": [[[8.5428614, 11.9619348], [8.5429583, 11.9618504], [8.5430003, 11.961883], [8.543029, 11.9619057], [8.5429455, 11.962013], [8.5428614, 11.9619348]]]}}, {"type": "Feature", "properties": {"name": null, "name:en": null, "amenity": null, "building": "school", "operator:type": null, "capacity:persons": null, "addr:full": null, "addr:city": null, "source": null, "osm_id": 527030240, "osm_type": "ways_poly", "Analysis_Region": "North West"}, "geometry": {"type": "Polygon", "coordinates": [[[8.5893847, 11.9606122], [8.5894003, 11.9605155], [8.5896008, 11.9605737], [8.5895762, 11.9606582], [8.5893847, 11.9606122]]]}}, {"type": "Feature", "properties": {"name": null, "name:en": null, "amenity": null, "building": "school", "operator:type": null, "capacity:persons": null, "addr:full": null, "addr:city": null, "source": null, "osm_id": 289620339, "osm_type": "ways_poly", "Analysis_Region": "North West"}, "geometry": {"type": "Polygon", "coordinates": [[[8.5625978, 11.9567286], [8.5626308, 11.9566461], [8.562973, 11.9567775], [8.56294, 11.9568599], [8.5625978, 11.9567286]]]}}, {"type": "Feature", "properties": {"name": null, "name:en": null, "amenity": null, "building": "school", "operator:type": null, "capacity:persons": null, "addr:full": null, "addr:city": null, "source": null, "osm_id": 298563212, "osm_type": "ways_poly", "Analysis_Region": "North West"}, "geometry": {"type": "Polygon", "coordinates": [[[8.5440967, 11.9583887], [8.5441772, 11.958309], [8.5443531, 11.9584789], [8.5442726, 11.9585586], [8.5440967, 11.9583887]]]}}, {"type": "Feature", "properties": {"name": null, "name:en": null, "amenity": null, "building": "school", "operator:type": null, "capacity:persons": null, "addr:full": null, "addr:city": null, "source": null, "osm_id": 527038640, "osm_type": "ways_poly", "Analysis_Region": "North West"}, "geometry": {"type": "Polygon", "coordinates": [[[8.555994, 11.9771634], [8.5560047, 11.9771148], [8.5561737, 11.977145], [8.5561697, 11.9771922], [8.555994, 11.9771634]]]}}, {"type": "Feature", "properties": {"name": null, "name:en": null, "amenity": null, "building": "school", "operator:type": null, "capacity:persons": null, "addr:full": null, "addr:city": null, "source": null, "osm_id": 527030102, "osm_type": "ways_poly", "Analysis_Region": "North West"}, "geometry": {"type": "Polygon", "coordinates": [[[8.5399164, 11.9654083], [8.5399378, 11.9653624], [8.5400221, 11.9654], [8.5400008, 11.9654459], [8.5399164, 11.9654083]]]}}, {"type": "Feature", "properties": {"name": null, "name:en": null, "amenity": null, "building": "school", "operator:type": null, "capacity:persons": null, "addr:full": null, "addr:city": null, "source": null, "osm_id": 527020496, "osm_type": "ways_poly", "Analysis_Region": "North West"}, "geometry": {"type": "Polygon", "coordinates": [[[8.5390683, 11.9661039], [8.5391804, 11.9659542], [8.5392641, 11.9660142], [8.539152, 11.9661639], [8.5390683, 11.9661039]]]}}, {"type": "Feature", "properties": {"name": null, "name:en": null, "amenity": null, "building": "school", "operator:type": null, "capacity:persons": null, "addr:full": null, "addr:city": null, "source": null, "osm_id": 527020964, "osm_type": "ways_poly", "Analysis_Region": "North West"}, "geometry": {"type": "Polygon", "coordinates": [[[8.5390834, 11.965738], [8.5391406, 11.9656731], [8.5392912, 11.9658], [8.539234, 11.9658649], [8.5390834, 11.965738]]]}}, {"type": "Feature", "properties": {"name": null, "name:en": null, "amenity": null, "building": "school", "operator:type": null, "capacity:persons": null, "addr:full": null, "addr:city": null, "source": null, "osm_id": 527024076, "osm_type": "ways_poly", "Analysis_Region": "North West"}, "geometry": {"type": "Polygon", "coordinates": [[[8.5395808, 11.9660942], [8.5396262, 11.9660331], [8.5398301, 11.966178], [8.5397848, 11.9662391], [8.5396266, 11.9661267], [8.5395808, 11.9660942]]]}}, {"type": "Feature", "properties": {"name": null, "name:en": null, "amenity": null, "building": "school", "operator:type": null, "capacity:persons": null, "addr:full": null, "addr:city": null, "source": null, "osm_id": 527030253, "osm_type": "ways_poly", "Analysis_Region": "North West"}, "geometry": {"type": "Polygon", "coordinates": [[[8.5399444, 11.9653493], [8.5399685, 11.9652872], [8.5400461, 11.965316], [8.540022, 11.9653781], [8.5399444, 11.9653493]]]}}, {"type": "Feature", "properties": {"name": null, "name:en": null, "amenity": null, "building": "school", "operator:type": null, "capacity:persons": null, "addr:full": null, "addr:city": null, "source": null, "osm_id": 289648016, "osm_type": "ways_poly", "Analysis_Region": "North West"}, "geometry": {"type": "Polygon", "coordinates": [[[8.555909, 11.9652328], [8.5559373, 11.9648678], [8.5560079, 11.9648731], [8.5559796, 11.9652381], [8.555909, 11.9652328]]]}}, {"type": "Feature", "properties": {"name": null, "name:en": null, "amenity": null, "building": "school", "operator:type": null, "capacity:persons": null, "addr:full": null, "addr:city": null, "source": null, "osm_id": 298819134, "osm_type": "ways_poly", "Analysis_Region": "North West"}, "geometry": {"type": "Polygon", "coordinates": [[[8.5596559, 11.9494987], [8.5597116, 11.9494419], [8.5600806, 11.9497888], [8.5600249, 11.9498455], [8.5596559, 11.9494987]]]}}, {"type": "Feature", "properties": {"name": null, "name:en": null, "amenity": null, "building": "school", "operator:type": null, "capacity:persons": null, "addr:full": null, "addr:city": null, "source": null, "osm_id": 527037181, "osm_type": "ways_poly", "Analysis_Region": "North West"}, "geometry": {"type": "Polygon", "coordinates": [[[8.5597538, 11.9586032], [8.5597687, 11.9585881], [8.5598049, 11.9586223], [8.55979, 11.9586374], [8.5597538, 11.9586032]]]}}, {"type": "Feature", "properties": {"name": null, "name:en": null, "amenity": null, "building": "school", "operator:type": null, "capacity:persons": null, "addr:full": null, "addr:city": null, "source": null, "osm_id": 289620338, "osm_type": "ways_poly", "Analysis_Region": "North West"}, "geometry": {"type": "Polygon", "coordinates": [[[8.5629779, 11.9568743], [8.5630103, 11.9567967], [8.5632759, 11.9569028], [8.5632435, 11.9569804], [8.5629779, 11.9568743]]]}}, {"type": "Feature", "properties": {"name": null, "name:en": null, "amenity": null, "building": "school", "operator:type": null, "capacity:persons": null, "addr:full": null, "addr:city": null, "source": null, "osm_id": 289620337, "osm_type": "ways_poly", "Analysis_Region": "North West"}, "geometry": {"type": "Polygon", "coordinates": [[[8.5631838, 11.9559658], [8.5632222, 11.9559004], [8.5635633, 11.9560918], [8.5635251, 11.9561571], [8.5634473, 11.9561134], [8.5634262, 11.9561494], [8.5633313, 11.9560962], [8.5633523, 11.9560603], [8.5631838, 11.9559658]]]}}, {"type": "Feature", "properties": {"name": null, "name:en": null, "amenity": null, "building": "school", "operator:type": null, "capacity:persons": null, "addr:full": null, "addr:city": null, "source": null, "osm_id": 298819219, "osm_type": "ways_poly", "Analysis_Region": "North West"}, "geometry": {"type": "Polygon", "coordinates": [[[8.5584869, 11.9509016], [8.5586128, 11.9507695], [8.5586468, 11.9508005], [8.5585209, 11.9509327], [8.5584869, 11.9509016]]]}}, {"type": "Feature", "properties": {"name": null, "name:en": null, "amenity": null, "building": "school", "operator:type": null, "capacity:persons": null, "addr:full": null, "addr:city": null, "source": null, "osm_id": 289620363, "osm_type": "ways_poly", "Analysis_Region": "North West"}, "geometry": {"type": "Polygon", "coordinates": [[[8.5623734, 11.957262], [8.5624141, 11.9572043], [8.5626215, 11.9573444], [8.5625808, 11.9574021], [8.5623734, 11.957262]]]}}, {"type": "Feature", "properties": {"name": null, "name:en": null, "amenity": null, "building": "school", "operator:type": null, "capacity:persons": null, "addr:full": null, "addr:city": null, "source": null, "osm_id": 527023013, "osm_type": "ways_poly", "Analysis_Region": "North West"}, "geometry": {"type": "Polygon", "coordinates": [[[8.5381202, 11.966102], [8.5382414, 11.9659632], [8.5383056, 11.9660168], [8.5381844, 11.9661557], [8.5381202, 11.966102]]]}}, {"type": "Feature", "properties": {"name": null, "name:en": null, "amenity": null, "building": "school", "operator:type": null, "capacity:persons": null, "addr:full": null, "addr:city": null, "source": null, "osm_id": 527047688, "osm_type": "ways_poly", "Analysis_Region": "North West"}, "geometry": {"type": "Polygon", "coordinates": [[[8.5385994, 11.9499398], [8.5387184, 11.9498434], [8.5388911, 11.9500363], [8.5387875, 11.9501357], [8.5385994, 11.9499398]]]}}, {"type": "Feature", "properties": {"name": null, "name:en": null, "amenity": null, "building": "school", "operator:type": null, "capacity:persons": null, "addr:full": null, "addr:city": null, "source": null, "osm_id": 527034229, "osm_type": "ways_poly", "Analysis_Region": "North West"}, "geometry": {"type": "Polygon", "coordinates": [[[8.5396544, 11.9503329], [8.5397185, 11.9502849], [8.539984, 11.9506243], [8.5399198, 11.9506723], [8.5396544, 11.9503329]]]}}, {"type": "Feature", "properties": {"name": null, "name:en": null, "amenity": "school", "building": "yes", "operator:type": null, "capacity:persons": null, "addr:full": null, "addr:city": null, "source": null, "osm_id": 285709439, "osm_type": "ways_poly", "Analysis_Region": "North West"}, "geometry": {"type": "Polygon", "coordinates": [[[8.4272159, 11.9657384], [8.4272375, 11.9656866], [8.4274454, 11.9657388], [8.4274154, 11.9658593], [8.4273142, 11.9658318], [8.4272159, 11.9657384]]]}}, {"type": "Feature", "properties": {"name": null, "name:en": null, "amenity": null, "building": "school", "operator:type": null, "capacity:persons": null, "addr:full": null, "addr:city": null, "source": null, "osm_id": 298819725, "osm_type": "ways_poly", "Analysis_Region": "North West"}, "geometry": {"type": "Polygon", "coordinates": [[[8.5612492, 11.9509315], [8.5614083, 11.9507669], [8.5614599, 11.9508147], [8.5613008, 11.9509793], [8.5612492, 11.9509315]]]}}, {"type": "Feature", "properties": {"name": null, "name:en": null, "amenity": null, "building": "school", "operator:type": null, "capacity:persons": null, "addr:full": null, "addr:city": null, "source": null, "osm_id": 298819018, "osm_type": "ways_poly", "Analysis_Region": "North West"}, "geometry": {"type": "Polygon", "coordinates": [[[8.5596225, 11.9513609], [8.5596644, 11.9513187], [8.5596935, 11.9513464], [8.5596516, 11.9513886], [8.5596225, 11.9513609]]]}}, {"type": "Feature", "properties": {"name": "Hassan Usman Katsina Polytechnic", "name:en": null, "amenity": "university", "building": null, "operator:type": null, "capacity:persons": null, "addr:full": null, "addr:city": null, "source": null, "osm_id": 441261577, "osm_type": "ways_poly", "Analysis_Region": "North West"}, "geometry": {"type": "Polygon", "coordinates": [[[7.5889859, 12.9252671], [7.5890234, 12.9200673], [7.5890636, 12.9199471], [7.5891656, 12.9199], [7.5952247, 12.9199105], [7.5953239, 12.919934], [7.5953722, 12.9200307], [7.5954419, 12.9255887], [7.5953963, 12.9256671], [7.5953186, 12.9257142], [7.5894257, 12.9257377], [7.5892568, 12.925688], [7.5890905, 12.9255756], [7.5890154, 12.9254318], [7.5889859, 12.9252671]]]}}, {"type": "Feature", "properties": {"name": null, "name:en": null, "amenity": null, "building": "school", "operator:type": null, "capacity:persons": null, "addr:full": null, "addr:city": null, "source": null, "osm_id": 527036326, "osm_type": "ways_poly", "Analysis_Region": "North West"}, "geometry": {"type": "Polygon", "coordinates": [[[8.5791852, 11.956382], [8.579239, 11.9561916], [8.5794851, 11.9562581], [8.5794589, 11.956351], [8.5792843, 11.9563038], [8.5792568, 11.9564014], [8.5791852, 11.956382]]]}}, {"type": "Feature", "properties": {"name": null, "name:en": null, "amenity": null, "building": "school", "operator:type": null, "capacity:persons": null, "addr:full": null, "addr:city": null, "source": null, "osm_id": 527028498, "osm_type": "ways_poly", "Analysis_Region": "North West"}, "geometry": {"type": "Polygon", "coordinates": [[[8.5804444, 11.9574434], [8.5804603, 11.9572776], [8.5805396, 11.9572849], [8.5805237, 11.9574507], [8.5804444, 11.9574434]]]}}, {"type": "Feature", "properties": {"name": null, "name:en": null, "amenity": "school", "building": null, "operator:type": null, "capacity:persons": null, "addr:full": null, "addr:city": null, "source": null, "osm_id": 844264498, "osm_type": "ways_poly", "Analysis_Region": "North West"}, "geometry": {"type": "Polygon", "coordinates": [[[8.4235583, 12.091489], [8.4240544, 12.0904998], [8.4254458, 12.0910746], [8.4250807, 12.092049], [8.4235583, 12.091489]]]}}, {"type": "Feature", "properties": {"name": null, "name:en": null, "amenity": null, "building": "school", "operator:type": null, "capacity:persons": null, "addr:full": null, "addr:city": null, "source": "bing", "osm_id": 287479474, "osm_type": "ways_poly", "Analysis_Region": "North West"}, "geometry": {"type": "Polygon", "coordinates": [[[8.5634964, 11.9797829], [8.5636711, 11.9797328], [8.5637028, 11.9798385], [8.5635281, 11.9798886], [8.5634964, 11.9797829]]]}}, {"type": "Feature", "properties": {"name": null, "name:en": null, "amenity": null, "building": "school", "operator:type": null, "capacity:persons": null, "addr:full": null, "addr:city": null, "source": null, "osm_id": 527021642, "osm_type": "ways_poly", "Analysis_Region": "North West"}, "geometry": {"type": "Polygon", "coordinates": [[[8.5636049, 11.9744204], [8.5637041, 11.9743558], [8.5637283, 11.9743913], [8.5636291, 11.9744559], [8.5636049, 11.9744204]]]}}, {"type": "Feature", "properties": {"name": null, "name:en": null, "amenity": "school", "building": null, "operator:type": null, "capacity:persons": null, "addr:full": null, "addr:city": null, "source": null, "osm_id": 475689767, "osm_type": "ways_poly", "Analysis_Region": "North West"}, "geometry": {"type": "Polygon", "coordinates": [[[8.9639733, 12.6431382], [8.9648316, 12.642866], [8.9648692, 12.6431801], [8.9655075, 12.642976], [8.9658509, 12.643892], [8.9650945, 12.6441013], [8.9648584, 12.6438292], [8.9641342, 12.6439967], [8.9639733, 12.6431382]]]}}, {"type": "Feature", "properties": {"name": null, "name:en": null, "amenity": null, "building": "school", "operator:type": null, "capacity:persons": null, "addr:full": null, "addr:city": null, "source": null, "osm_id": 527033986, "osm_type": "ways_poly", "Analysis_Region": "North West"}, "geometry": {"type": "Polygon", "coordinates": [[[8.5392922, 11.9507144], [8.539371, 11.9506619], [8.539484, 11.9508243], [8.5394052, 11.9508768], [8.5392922, 11.9507144]]]}}, {"type": "Feature", "properties": {"name": null, "name:en": null, "amenity": null, "building": "school", "operator:type": null, "capacity:persons": null, "addr:full": null, "addr:city": null, "source": null, "osm_id": 297928470, "osm_type": "ways_poly", "Analysis_Region": "North West"}, "geometry": {"type": "Polygon", "coordinates": [[[8.5429626, 11.9620308], [8.5430547, 11.961939], [8.5431371, 11.9620181], [8.543045, 11.9621099], [8.5429626, 11.9620308]]]}}, {"type": "Feature", "properties": {"name": null, "name:en": null, "amenity": null, "building": "school", "operator:type": null, "capacity:persons": null, "addr:full": null, "addr:city": null, "source": null, "osm_id": 298818906, "osm_type": "ways_poly", "Analysis_Region": "North West"}, "geometry": {"type": "Polygon", "coordinates": [[[8.5662406, 11.9461013], [8.5663047, 11.946095], [8.5663288, 11.9463301], [8.5662646, 11.9463364], [8.5662406, 11.9461013]]]}}, {"type": "Feature", "properties": {"name": null, "name:en": null, "amenity": null, "building": "school", "operator:type": null, "capacity:persons": null, "addr:full": null, "addr:city": null, "source": null, "osm_id": 527043786, "osm_type": "ways_poly", "Analysis_Region": "North West"}, "geometry": {"type": "Polygon", "coordinates": [[[8.5735718, 11.9691962], [8.5736109, 11.969155], [8.5736799, 11.9692177], [8.5736407, 11.969259], [8.5735718, 11.9691962]]]}}, {"type": "Feature", "properties": {"name": "Tambayahaya Nursery and Primary School", "name:en": null, "amenity": "school", "building": null, "operator:type": null, "capacity:persons": null, "addr:full": null, "addr:city": null, "source": null, "osm_id": 292190555, "osm_type": "ways_poly", "Analysis_Region": "North West"}, "geometry": {"type": "Polygon", "coordinates": [[[8.5351382, 12.0304291], [8.5352579, 12.0302592], [8.5353281, 12.0303066], [8.5352007, 12.0304873], [8.5351552, 12.0304566], [8.5351629, 12.0304457], [8.5351382, 12.0304291]]]}}, {"type": "Feature", "properties": {"name": null, "name:en": null, "amenity": null, "building": "school", "operator:type": null, "capacity:persons": null, "addr:full": null, "addr:city": null, "source": null, "osm_id": 298819454, "osm_type": "ways_poly", "Analysis_Region": "North West"}, "geometry": {"type": "Polygon", "coordinates": [[[8.5593759, 11.9502712], [8.5597579, 11.9499085], [8.5598337, 11.949985], [8.5594517, 11.9503477], [8.5593759, 11.9502712]]]}}, {"type": "Feature", "properties": {"name": "LEA Primary and Secondary School, Galadinma", "name:en": null, "amenity": "school", "building": "yes", "operator:type": null, "capacity:persons": null, "addr:full": null, "addr:city": "Abuja", "source": null, "osm_id": 1327897361, "osm_type": "ways_poly", "Analysis_Region": "North West"}, "geometry": {"type": "Polygon", "coordinates": [[[7.3853617, 9.1168227], [7.3853884, 9.1167902], [7.3857356, 9.1167253], [7.3859656, 9.1168571], [7.3861217, 9.1172749], [7.385563, 9.1175832], [7.3853617, 9.1168227]]]}}, {"type": "Feature", "properties": {"name": "St murumba college", "name:en": null, "amenity": "school", "building": null, "operator:type": null, "capacity:persons": null, "addr:full": null, "addr:city": "Jos", "source": null, "osm_id": 1180559822, "osm_type": "ways_poly", "Analysis_Region": "North West"}, "geometry": {"type": "Polygon", "coordinates": [[[8.8660224, 9.9464797], [8.8664058, 9.9453804], [8.8668577, 9.9443351], [8.8682613, 9.9448544], [8.8678916, 9.9456299], [8.8670494, 9.9470529], [8.8660224, 9.9464797]]]}}, {"type": "Feature", "properties": {"name": "rhemaville", "name:en": null, "amenity": "school", "building": null, "operator:type": null, "capacity:persons": null, "addr:full": null, "addr:city": null, "source": null, "osm_id": 1180559832, "osm_type": "ways_poly", "Analysis_Region": "North West"}, "geometry": {"type": "Polygon", "coordinates": [[[8.8547317, 9.8571514], [8.85559, 9.8571925], [8.8554946, 9.8576565], [8.8552026, 9.8575331], [8.8548092, 9.8574803], [8.8547317, 9.8571514]]]}}, {"type": "Feature", "properties": {"name": null, "name:en": null, "amenity": null, "building": "school", "operator:type": null, "capacity:persons": null, "addr:full": null, "addr:city": null, "source": null, "osm_id": 726977084, "osm_type": "ways_poly", "Analysis_Region": "North West"}, "geometry": {"type": "Polygon", "coordinates": [[[8.8613052, 9.7557945], [8.8614938, 9.7557729], [8.8615301, 9.7560808], [8.8613868, 9.7560972], [8.8613889, 9.7561145], [8.8613435, 9.7561197], [8.8613052, 9.7557945]]]}}, {"type": "Feature", "properties": {"name": null, "name:en": null, "amenity": null, "building": "school", "operator:type": null, "capacity:persons": null, "addr:full": null, "addr:city": null, "source": null, "osm_id": 776017201, "osm_type": "ways_poly", "Analysis_Region": "North West"}, "geometry": {"type": "Polygon", "coordinates": [[[7.4734629, 10.5929401], [7.4734776, 10.5928874], [7.4735722, 10.5929085], [7.4735567, 10.5929527], [7.4735366, 10.5929481], [7.4735353, 10.5929599], [7.4734629, 10.5929401]]]}}, {"type": "Feature", "properties": {"name": null, "name:en": null, "amenity": null, "building": "university", "operator:type": null, "capacity:persons": null, "addr:full": null, "addr:city": null, "source": null, "osm_id": 599038655, "osm_type": "ways_poly", "Analysis_Region": "North West"}, "geometry": {"type": "Polygon", "coordinates": [[[4.5271073, 7.5203917], [4.5273107, 7.5203384], [4.5273341, 7.5204263], [4.5271307, 7.5204796], [4.5271073, 7.5203917]]]}}, {"type": "Feature", "properties": {"name": null, "name:en": null, "amenity": null, "building": "university", "operator:type": null, "capacity:persons": null, "addr:full": null, "addr:city": null, "source": null, "osm_id": 599038667, "osm_type": "ways_poly", "Analysis_Region": "North West"}, "geometry": {"type": "Polygon", "coordinates": [[[4.5286967, 7.5179701], [4.5290383, 7.5179192], [4.5290543, 7.5180247], [4.5289216, 7.5180444], [4.5289303, 7.5181018], [4.528848, 7.5181141], [4.5288383, 7.5180498], [4.5287117, 7.5180686], [4.5286967, 7.5179701]]]}}, {"type": "Feature", "properties": {"name": null, "name:en": null, "amenity": null, "building": "university", "operator:type": null, "capacity:persons": null, "addr:full": null, "addr:city": null, "source": null, "osm_id": 599038656, "osm_type": "ways_poly", "Analysis_Region": "North West"}, "geometry": {"type": "Polygon", "coordinates": [[[4.5275823, 7.5199653], [4.5279726, 7.5199088], [4.5279856, 7.5199969], [4.5275953, 7.5200534], [4.5275823, 7.5199653]]]}}, {"type": "Feature", "properties": {"name": null, "name:en": null, "amenity": null, "building": "school", "operator:type": null, "capacity:persons": null, "addr:full": null, "addr:city": null, "source": null, "osm_id": 598416506, "osm_type": "ways_poly", "Analysis_Region": "North West"}, "geometry": {"type": "Polygon", "coordinates": [[[4.5339096, 7.5232544], [4.5340888, 7.5232241], [4.534102, 7.5233007], [4.5339227, 7.523331], [4.5339096, 7.5232544]]]}}, {"type": "Feature", "properties": {"name": null, "name:en": null, "amenity": null, "building": "school", "operator:type": null, "capacity:persons": null, "addr:full": null, "addr:city": null, "source": null, "osm_id": 598416502, "osm_type": "ways_poly", "Analysis_Region": "North West"}, "geometry": {"type": "Polygon", "coordinates": [[[4.5332909, 7.5231551], [4.5334067, 7.5231387], [4.5334471, 7.5234189], [4.5333313, 7.5234353], [4.5332909, 7.5231551]]]}}, {"type": "Feature", "properties": {"name": null, "name:en": null, "amenity": null, "building": "school", "operator:type": null, "capacity:persons": null, "addr:full": null, "addr:city": null, "source": null, "osm_id": 598416498, "osm_type": "ways_poly", "Analysis_Region": "North West"}, "geometry": {"type": "Polygon", "coordinates": [[[4.5337963, 7.5221884], [4.5341165, 7.5221431], [4.5341358, 7.522277], [4.5338156, 7.5223223], [4.5337963, 7.5221884]]]}}, {"type": "Feature", "properties": {"name": null, "name:en": null, "amenity": null, "building": "school", "operator:type": null, "capacity:persons": null, "addr:full": null, "addr:city": null, "source": null, "osm_id": 598416499, "osm_type": "ways_poly", "Analysis_Region": "North West"}, "geometry": {"type": "Polygon", "coordinates": [[[4.5334065, 7.522271], [4.5337201, 7.5222203], [4.5337402, 7.5223427], [4.5334266, 7.5223933], [4.5334065, 7.522271]]]}}, {"type": "Feature", "properties": {"name": null, "name:en": null, "amenity": null, "building": "school", "operator:type": null, "capacity:persons": null, "addr:full": null, "addr:city": null, "source": null, "osm_id": 598416512, "osm_type": "ways_poly", "Analysis_Region": "North West"}, "geometry": {"type": "Polygon", "coordinates": [[[4.5333159, 7.523745], [4.5334181, 7.5237291], [4.5334472, 7.523912], [4.5333449, 7.5239279], [4.5333159, 7.523745]]]}}, {"type": "Feature", "properties": {"name": "Obafemi Awolowo University Staff School", "name:en": null, "amenity": "school", "building": null, "operator:type": null, "capacity:persons": null, "addr:full": null, "addr:city": null, "source": null, "osm_id": 598416497, "osm_type": "ways_poly", "Analysis_Region": "North West"}, "geometry": {"type": "Polygon", "coordinates": [[[4.5327512, 7.5219003], [4.5332178, 7.5218376], [4.5332494, 7.5219474], [4.5342301, 7.5219317], [4.5343804, 7.5219238], [4.5346572, 7.5234998], [4.5350289, 7.5234998], [4.5351712, 7.5247151], [4.5332494, 7.5249738], [4.5327512, 7.5219003]]]}}, {"type": "Feature", "properties": {"name": null, "name:en": null, "amenity": null, "building": "school", "operator:type": null, "capacity:persons": null, "addr:full": null, "addr:city": null, "source": null, "osm_id": 1123437779, "osm_type": "ways_poly", "Analysis_Region": "North East"}, "geometry": {"type": "Polygon", "coordinates": [[[12.4886432, 9.2066925], [12.4886808, 9.2066157], [12.4888699, 9.2067004], [12.4888323, 9.2067745], [12.4886432, 9.2066925]]]}}, {"type": "Feature", "properties": {"name": "Government Day Secondary School Deba", "name:en": null, "amenity": "school", "building": null, "operator:type": null, "capacity:persons": null, "addr:full": null, "addr:city": "Deba", "source": null, "osm_id": 481372894, "osm_type": "ways_poly", "Analysis_Region": "North East"}, "geometry": {"type": "Polygon", "coordinates": [[[11.3748765, 10.2192205], [11.377328, 10.2178954], [11.3774192, 10.2198804], [11.3754129, 10.220609], [11.3748765, 10.2192205]]]}}, {"type": "Feature", "properties": {"name": null, "name:en": null, "amenity": null, "building": "school", "operator:type": null, "capacity:persons": null, "addr:full": null, "addr:city": null, "source": null, "osm_id": 1123979483, "osm_type": "ways_poly", "Analysis_Region": "North East"}, "geometry": {"type": "Polygon", "coordinates": [[[12.4893288, 9.2106036], [12.489342, 9.2105032], [12.4895499, 9.2105297], [12.4895367, 9.2106302], [12.4893288, 9.2106036]]]}}, {"type": "Feature", "properties": {"name": null, "name:en": null, "amenity": null, "building": "school", "operator:type": null, "capacity:persons": null, "addr:full": null, "addr:city": null, "source": null, "osm_id": 1123979484, "osm_type": "ways_poly", "Analysis_Region": "North East"}, "geometry": {"type": "Polygon", "coordinates": [[[12.4894881, 9.2104567], [12.4895032, 9.2102765], [12.4895807, 9.2102829], [12.4895656, 9.210463], [12.4894881, 9.2104567]]]}}, {"type": "Feature", "properties": {"name": null, "name:en": null, "amenity": null, "building": "school", "operator:type": null, "capacity:persons": null, "addr:full": null, "addr:city": null, "source": null, "osm_id": 1123979482, "osm_type": "ways_poly", "Analysis_Region": "North East"}, "geometry": {"type": "Polygon", "coordinates": [[[12.4889259, 9.2105645], [12.4889363, 9.2104664], [12.4892037, 9.2104941], [12.4891932, 9.2105922], [12.4889259, 9.2105645]]]}}, {"type": "Feature", "properties": {"name": null, "name:en": null, "amenity": null, "building": "school", "operator:type": null, "capacity:persons": null, "addr:full": null, "addr:city": null, "source": null, "osm_id": 1123979485, "osm_type": "ways_poly", "Analysis_Region": "North East"}, "geometry": {"type": "Polygon", "coordinates": [[[12.4888405, 9.210162], [12.4889907, 9.21015], [12.4889978, 9.2102366], [12.4888476, 9.2102486], [12.4888405, 9.210162]]]}}, {"type": "Feature", "properties": {"name": "AG Modern", "name:en": null, "amenity": null, "building": "school", "operator:type": null, "capacity:persons": null, "addr:full": null, "addr:city": null, "source": null, "osm_id": 912607945, "osm_type": "ways_poly", "Analysis_Region": "North East"}, "geometry": {"type": "Polygon", "coordinates": [[[11.4814901, 10.9158704], [11.4815318, 10.9158698], [11.4815313, 10.9158396], [11.4817286, 10.9158365], [11.4817295, 10.9158932], [11.4815292, 10.9158963], [11.4815302, 10.9159607], [11.4814916, 10.9159613], [11.4814901, 10.9158704]]]}}, {"type": "Feature", "properties": {"name": null, "name:en": null, "amenity": null, "building": "school", "operator:type": null, "capacity:persons": null, "addr:full": null, "addr:city": null, "source": "Nigerian Red Cross Society", "osm_id": 941433383, "osm_type": "ways_poly", "Analysis_Region": "North West"}, "geometry": {"type": "Polygon", "coordinates": [[[7.4403736, 8.957378], [7.4403754, 8.9573161], [7.4406445, 8.9573237], [7.4406427, 8.9573855], [7.440437, 8.9573798], [7.4403736, 8.957378]]]}}, {"type": "Feature", "properties": {"name": null, "name:en": null, "amenity": null, "building": "school", "operator:type": null, "capacity:persons": null, "addr:full": null, "addr:city": null, "source": null, "osm_id": 1115073451, "osm_type": "ways_poly", "Analysis_Region": "North East"}, "geometry": {"type": "Polygon", "coordinates": [[[12.4884058, 9.206727], [12.488421, 9.2065046], [12.4885221, 9.2065125], [12.4885049, 9.2067329], [12.4884058, 9.206727]]]}}, {"type": "Feature", "properties": {"name": null, "name:en": null, "amenity": null, "building": "school", "operator:type": null, "capacity:persons": null, "addr:full": null, "addr:city": null, "source": null, "osm_id": 1123694480, "osm_type": "ways_poly", "Analysis_Region": "North East"}, "geometry": {"type": "Polygon", "coordinates": [[[12.4879319, 9.2069525], [12.4881283, 9.2069464], [12.4881301, 9.2070407], [12.4879319, 9.2070442], [12.4879319, 9.2069525]]]}}, {"type": "Feature", "properties": {"name": null, "name:en": null, "amenity": null, "building": "school", "operator:type": null, "capacity:persons": null, "addr:full": null, "addr:city": null, "source": null, "osm_id": 1123694514, "osm_type": "ways_poly", "Analysis_Region": "North East"}, "geometry": {"type": "Polygon", "coordinates": [[[12.4868436, 9.2078267], [12.4869008, 9.2078128], [12.4868985, 9.2078002], [12.4869662, 9.2077817], [12.4869697, 9.2078002], [12.4870304, 9.2077817], [12.4870269, 9.2077725], [12.4870596, 9.2077621], [12.4870923, 9.2078843], [12.4868798, 9.2079442], [12.4868436, 9.2078267]]]}}, {"type": "Feature", "properties": {"name": null, "name:en": null, "amenity": "school", "building": null, "operator:type": null, "capacity:persons": null, "addr:full": null, "addr:city": null, "source": null, "osm_id": 324265011, "osm_type": "ways_poly", "Analysis_Region": "North East"}, "geometry": {"type": "Polygon", "coordinates": [[[11.5913092, 13.2958685], [11.5915667, 13.2956962], [11.5918617, 13.295999], [11.5915452, 13.29626], [11.5913092, 13.2958685]]]}}, {"type": "Feature", "properties": {"name": "Air Force Girls Comprehensive School", "name:en": null, "amenity": "school", "building": null, "operator:type": null, "capacity:persons": null, "addr:full": null, "addr:city": null, "source": null, "osm_id": 1242528089, "osm_type": "ways_poly", "Analysis_Region": "North West"}, "geometry": {"type": "Polygon", "coordinates": [[[7.262432, 8.9774245], [7.2624411, 8.977344], [7.2624773, 8.9772187], [7.2626494, 8.9769055], [7.2628397, 8.976552], [7.2630118, 8.9765386], [7.2635237, 8.9769905], [7.263578, 8.9769323], [7.2639575, 8.9773497], [7.2638331, 8.9774911], [7.2637975, 8.9775368], [7.2637834, 8.9775772], [7.2637329, 8.9776512], [7.2637244, 8.9777551], [7.2636822, 8.9778272], [7.2637003, 8.9780106], [7.2637774, 8.9781664], [7.2638226, 8.9783149], [7.2639268, 8.9784625], [7.2649188, 8.9794871], [7.2650321, 8.9796034], [7.2643843, 8.9802746], [7.2639359, 8.9798987], [7.2633787, 8.9793887], [7.263732, 8.9788965], [7.2637049, 8.9788428], [7.2633108, 8.9783909], [7.2626803, 8.9777247], [7.2624909, 8.9775185], [7.2624547, 8.9774692], [7.262432, 8.9774245]]]}}, {"type": "Feature", "properties": {"name": null, "name:en": null, "amenity": null, "building": "school", "operator:type": null, "capacity:persons": null, "addr:full": null, "addr:city": null, "source": null, "osm_id": 621683716, "osm_type": "ways_poly", "Analysis_Region": "North West"}, "geometry": {"type": "Polygon", "coordinates": [[[4.5454075, 7.5118781], [4.5455625, 7.5117964], [4.5455998, 7.5118659], [4.5454448, 7.5119476], [4.5454075, 7.5118781]]]}}, {"type": "Feature", "properties": {"name": null, "name:en": null, "amenity": null, "building": "school", "operator:type": null, "capacity:persons": null, "addr:full": null, "addr:city": null, "source": null, "osm_id": 598416507, "osm_type": "ways_poly", "Analysis_Region": "North West"}, "geometry": {"type": "Polygon", "coordinates": [[[4.534209, 7.5233727], [4.5344164, 7.5233378], [4.5344307, 7.5234211], [4.5342233, 7.5234561], [4.534209, 7.5233727]]]}}, {"type": "Feature", "properties": {"name": null, "name:en": null, "amenity": null, "building": "university", "operator:type": null, "capacity:persons": null, "addr:full": null, "addr:city": null, "source": null, "osm_id": 620253744, "osm_type": "ways_poly", "Analysis_Region": "North West"}, "geometry": {"type": "Polygon", "coordinates": [[[4.5172981, 7.5215136], [4.517778, 7.5214307], [4.5177934, 7.5215184], [4.5173135, 7.5216014], [4.5172981, 7.5215136]]]}}, {"type": "Feature", "properties": {"name": null, "name:en": null, "amenity": null, "building": "university", "operator:type": null, "capacity:persons": null, "addr:full": null, "addr:city": null, "source": null, "osm_id": 595843949, "osm_type": "ways_poly", "Analysis_Region": "North West"}, "geometry": {"type": "Polygon", "coordinates": [[[4.5271597, 7.5232204], [4.5272422, 7.5232104], [4.5272667, 7.5234095], [4.5271842, 7.5234195], [4.5271597, 7.5232204]]]}}, {"type": "Feature", "properties": {"name": null, "name:en": null, "amenity": null, "building": "school", "operator:type": null, "capacity:persons": null, "addr:full": null, "addr:city": null, "source": null, "osm_id": 621683706, "osm_type": "ways_poly", "Analysis_Region": "North West"}, "geometry": {"type": "Polygon", "coordinates": [[[4.5455258, 7.5113058], [4.5456311, 7.5112495], [4.5458446, 7.511642], [4.5457392, 7.5116983], [4.5455258, 7.5113058]]]}}, {"type": "Feature", "properties": {"name": null, "name:en": null, "amenity": null, "building": "university", "operator:type": null, "capacity:persons": null, "addr:full": null, "addr:city": null, "source": null, "osm_id": 619270906, "osm_type": "ways_poly", "Analysis_Region": "North West"}, "geometry": {"type": "Polygon", "coordinates": [[[4.5196472, 7.516934], [4.5198873, 7.5168992], [4.5198909, 7.5169237], [4.5199074, 7.5170358], [4.5196674, 7.5170705], [4.5196554, 7.5169892], [4.5196472, 7.516934]]]}}, {"type": "Feature", "properties": {"name": null, "name:en": null, "amenity": null, "building": "university", "operator:type": null, "capacity:persons": null, "addr:full": null, "addr:city": null, "source": null, "osm_id": 618217496, "osm_type": "ways_poly", "Analysis_Region": "North West"}, "geometry": {"type": "Polygon", "coordinates": [[[4.5133778, 7.5214307], [4.5137601, 7.5213693], [4.5137754, 7.5214627], [4.5133931, 7.5215242], [4.5133778, 7.5214307]]]}}, {"type": "Feature", "properties": {"name": null, "name:en": null, "amenity": null, "building": "university", "operator:type": null, "capacity:persons": null, "addr:full": null, "addr:city": null, "source": null, "osm_id": 618217500, "osm_type": "ways_poly", "Analysis_Region": "North West"}, "geometry": {"type": "Polygon", "coordinates": [[[4.5137754, 7.5210089], [4.5141985, 7.520949], [4.5142139, 7.5210554], [4.5137908, 7.5211153], [4.5137754, 7.5210089]]]}}, {"type": "Feature", "properties": {"name": null, "name:en": null, "amenity": null, "building": "university", "operator:type": null, "capacity:persons": null, "addr:full": null, "addr:city": null, "source": null, "osm_id": 595843947, "osm_type": "ways_poly", "Analysis_Region": "North West"}, "geometry": {"type": "Polygon", "coordinates": [[[4.5273438, 7.5226847], [4.5280411, 7.5225792], [4.528068, 7.522754], [4.5273707, 7.5228595], [4.5273438, 7.5226847]]]}}, {"type": "Feature", "properties": {"name": null, "name:en": null, "amenity": "school", "building": "yes", "operator:type": null, "capacity:persons": null, "addr:full": null, "addr:city": null, "source": null, "osm_id": 701538254, "osm_type": "ways_poly", "Analysis_Region": "North West"}, "geometry": {"type": "Polygon", "coordinates": [[[4.3168675, 7.8873896], [4.3169363, 7.88731], [4.3170382, 7.8873963], [4.3169694, 7.887476], [4.3168675, 7.8873896]]]}}, {"type": "Feature", "properties": {"name": null, "name:en": null, "amenity": null, "building": "university", "operator:type": null, "capacity:persons": null, "addr:full": null, "addr:city": null, "source": null, "osm_id": 595564758, "osm_type": "ways_poly", "Analysis_Region": "North West"}, "geometry": {"type": "Polygon", "coordinates": [[[4.5289017, 7.5221385], [4.5289835, 7.522126], [4.5290265, 7.5224041], [4.5289423, 7.5224169], [4.5289309, 7.5223431], [4.5289017, 7.5221385]]]}}, {"type": "Feature", "properties": {"name": null, "name:en": null, "amenity": null, "building": "university", "operator:type": null, "capacity:persons": null, "addr:full": null, "addr:city": null, "source": null, "osm_id": 595843932, "osm_type": "ways_poly", "Analysis_Region": "North West"}, "geometry": {"type": "Polygon", "coordinates": [[[4.5289036, 7.5208773], [4.5289975, 7.520872], [4.5290122, 7.5211278], [4.5289183, 7.521133], [4.5289036, 7.5208773]]]}}, {"type": "Feature", "properties": {"name": null, "name:en": null, "amenity": null, "building": "university", "operator:type": null, "capacity:persons": null, "addr:full": null, "addr:city": null, "source": null, "osm_id": 595843938, "osm_type": "ways_poly", "Analysis_Region": "North West"}, "geometry": {"type": "Polygon", "coordinates": [[[4.5282219, 7.5214975], [4.5283131, 7.5214894], [4.5283406, 7.5217917], [4.5282495, 7.5217999], [4.5282219, 7.5214975]]]}}, {"type": "Feature", "properties": {"name": null, "name:en": null, "amenity": null, "building": "university", "operator:type": null, "capacity:persons": null, "addr:full": null, "addr:city": null, "source": null, "osm_id": 595843940, "osm_type": "ways_poly", "Analysis_Region": "North West"}, "geometry": {"type": "Polygon", "coordinates": [[[4.5296284, 7.5216614], [4.5297795, 7.5216405], [4.5298178, 7.5219132], [4.5296843, 7.5219316], [4.5296725, 7.5218474], [4.5297399, 7.5218381], [4.5297243, 7.521727], [4.5296392, 7.5217387], [4.5296284, 7.5216614]]]}}, {"type": "Feature", "properties": {"name": "Civil Engineering Building", "name:en": null, "amenity": null, "building": "university", "operator:type": null, "capacity:persons": null, "addr:full": null, "addr:city": null, "source": null, "osm_id": 595564741, "osm_type": "ways_poly", "Analysis_Region": "North West"}, "geometry": {"type": "Polygon", "coordinates": [[[4.5287084, 7.5230157], [4.5289308, 7.5229774], [4.5288992, 7.522797], [4.5291526, 7.5227544], [4.5292193, 7.522743], [4.5292632, 7.5227342], [4.529292, 7.5228986], [4.5295076, 7.5228615], [4.5295848, 7.523302], [4.5292773, 7.523355], [4.5292537, 7.5231433], [4.5289692, 7.5232004], [4.5289899, 7.5233877], [4.5287799, 7.5234238], [4.5287084, 7.5230157]]]}}, {"type": "Feature", "properties": {"name": null, "name:en": null, "amenity": null, "building": "university", "operator:type": null, "capacity:persons": null, "addr:full": null, "addr:city": null, "source": null, "osm_id": 595843946, "osm_type": "ways_poly", "Analysis_Region": "North West"}, "geometry": {"type": "Polygon", "coordinates": [[[4.5275604, 7.522915], [4.5278372, 7.5228741], [4.5278498, 7.5229524], [4.5281015, 7.5229209], [4.5281246, 7.5230286], [4.5278545, 7.5230686], [4.5278488, 7.5230306], [4.5275836, 7.5230698], [4.5275604, 7.522915]]]}}, {"type": "Feature", "properties": {"name": null, "name:en": null, "amenity": null, "building": "school", "operator:type": null, "capacity:persons": null, "addr:full": null, "addr:city": null, "source": null, "osm_id": 813518380, "osm_type": "ways_poly", "Analysis_Region": "North West"}, "geometry": {"type": "Polygon", "coordinates": [[[7.2002486, 9.2653316], [7.2004278, 9.2652837], [7.2004763, 9.2655159], [7.2003438, 9.2655527], [7.2003233, 9.265503], [7.2004259, 9.2654735], [7.2003923, 9.2653353], [7.2002523, 9.2653777], [7.2002486, 9.2653316]]]}}, {"type": "Feature", "properties": {"name": "Ajose", "name:en": null, "amenity": null, "building": "university", "operator:type": null, "capacity:persons": null, "addr:full": null, "addr:city": null, "source": null, "osm_id": 595564742, "osm_type": "ways_poly", "Analysis_Region": "North West"}, "geometry": {"type": "Polygon", "coordinates": [[[4.5264666, 7.5214856], [4.5266652, 7.5212156], [4.5269273, 7.5214052], [4.5267287, 7.5216751], [4.5264666, 7.5214856]]]}}, {"type": "Feature", "properties": {"name": null, "name:en": null, "amenity": null, "building": "university", "operator:type": null, "capacity:persons": null, "addr:full": null, "addr:city": null, "source": null, "osm_id": 595564757, "osm_type": "ways_poly", "Analysis_Region": "North West"}, "geometry": {"type": "Polygon", "coordinates": [[[4.5290528, 7.5221092], [4.5291283, 7.5221006], [4.5291613, 7.5223836], [4.5290861, 7.5223922], [4.5290528, 7.5221092]]]}}, {"type": "Feature", "properties": {"name": null, "name:en": null, "amenity": null, "building": "university", "operator:type": null, "capacity:persons": null, "addr:full": null, "addr:city": null, "source": null, "osm_id": 595564759, "osm_type": "ways_poly", "Analysis_Region": "North West"}, "geometry": {"type": "Polygon", "coordinates": [[[4.5287499, 7.522155], [4.5288288, 7.522146], [4.5288614, 7.5224281], [4.5287834, 7.5224369], [4.5287499, 7.522155]]]}}, {"type": "Feature", "properties": {"name": null, "name:en": null, "amenity": null, "building": "university", "operator:type": null, "capacity:persons": null, "addr:full": null, "addr:city": null, "source": null, "osm_id": 595564769, "osm_type": "ways_poly", "Analysis_Region": "North West"}, "geometry": {"type": "Polygon", "coordinates": [[[4.5285358, 7.5225759], [4.5286839, 7.5225532], [4.5287068, 7.5226996], [4.5285586, 7.5227223], [4.5285358, 7.5225759]]]}}, {"type": "Feature", "properties": {"name": null, "name:en": null, "amenity": null, "building": "school", "operator:type": null, "capacity:persons": null, "addr:full": null, "addr:city": null, "source": null, "osm_id": 527022606, "osm_type": "ways_poly", "Analysis_Region": "North West"}, "geometry": {"type": "Polygon", "coordinates": [[[8.5410226, 11.9715384], [8.5411729, 11.9712629], [8.5412708, 11.971314], [8.5411205, 11.9715895], [8.5410226, 11.9715384]]]}}, {"type": "Feature", "properties": {"name": null, "name:en": null, "amenity": "school", "building": "yes", "operator:type": null, "capacity:persons": null, "addr:full": null, "addr:city": null, "source": null, "osm_id": 285090313, "osm_type": "ways_poly", "Analysis_Region": "North West"}, "geometry": {"type": "Polygon", "coordinates": [[[8.423352, 11.9728593], [8.4234119, 11.972778], [8.4237333, 11.9730048], [8.4237919, 11.9729398], [8.4234659, 11.9726952], [8.4235197, 11.9726364], [8.4235448, 11.9726192], [8.4235978, 11.9726563], [8.4235796, 11.9726816], [8.4239058, 11.9729274], [8.4238678, 11.9729847], [8.4239105, 11.9730265], [8.4238518, 11.9730938], [8.4238108, 11.9730652], [8.4237428, 11.9731348], [8.423352, 11.9728593]]]}}, {"type": "Feature", "properties": {"name": null, "name:en": null, "amenity": "school", "building": null, "operator:type": null, "capacity:persons": null, "addr:full": null, "addr:city": null, "source": "Bing", "osm_id": 185718327, "osm_type": "ways_poly", "Analysis_Region": "North West"}, "geometry": {"type": "Polygon", "coordinates": [[[8.5047937, 12.0201792], [8.5053424, 12.0187816], [8.5053789, 12.0186924], [8.5054071, 12.0186185], [8.5057831, 12.0187541], [8.5058821, 12.0188132], [8.5060209, 12.0188802], [8.5064482, 12.0191104], [8.5060581, 12.0198068], [8.5056774, 12.0205607], [8.5048266, 12.0202527], [8.5047937, 12.0201792]]]}}, {"type": "Feature", "properties": {"name": null, "name:en": null, "amenity": null, "building": "school", "operator:type": null, "capacity:persons": null, "addr:full": null, "addr:city": null, "source": null, "osm_id": 781955636, "osm_type": "ways_poly", "Analysis_Region": "North West"}, "geometry": {"type": "Polygon", "coordinates": [[[7.6590635, 12.8761844], [7.6590728, 12.8760913], [7.6593901, 12.8761274], [7.6593778, 12.8762175], [7.6590635, 12.8761844]]]}}, {"type": "Feature", "properties": {"name": null, "name:en": null, "amenity": null, "building": "school", "operator:type": null, "capacity:persons": null, "addr:full": null, "addr:city": null, "source": null, "osm_id": 781955638, "osm_type": "ways_poly", "Analysis_Region": "North West"}, "geometry": {"type": "Polygon", "coordinates": [[[7.6593562, 12.8758573], [7.6593732, 12.8757356], [7.6594579, 12.8757432], [7.6594394, 12.8758678], [7.6593562, 12.8758573]]]}}, {"type": "Feature", "properties": {"name": null, "name:en": null, "amenity": null, "building": "school", "operator:type": null, "capacity:persons": null, "addr:full": null, "addr:city": null, "source": null, "osm_id": 781955639, "osm_type": "ways_poly", "Analysis_Region": "North West"}, "geometry": {"type": "Polygon", "coordinates": [[[7.6590928, 12.8756636], [7.6591036, 12.8755825], [7.6594718, 12.875626], [7.6594666, 12.875662], [7.6594595, 12.8757116], [7.6590928, 12.8756636]]]}}, {"type": "Feature", "properties": {"name": null, "name:en": null, "amenity": "school", "building": null, "operator:type": null, "capacity:persons": null, "addr:full": null, "addr:city": null, "source": null, "osm_id": 781955642, "osm_type": "ways_poly", "Analysis_Region": "North West"}, "geometry": {"type": "Polygon", "coordinates": [[[7.6589988, 12.8761772], [7.6590789, 12.875575], [7.659615, 12.875635], [7.6595319, 12.8762387], [7.6594456, 12.8762252], [7.6589988, 12.8761772]]]}}, {"type": "Feature", "properties": {"name": "Staff school office", "name:en": null, "amenity": null, "building": "school", "operator:type": null, "capacity:persons": null, "addr:full": null, "addr:city": null, "source": null, "osm_id": 935018653, "osm_type": "ways_poly", "Analysis_Region": "North East"}, "geometry": {"type": "Polygon", "coordinates": [[[9.7667183, 10.253076], [9.7667973, 10.2530003], [9.7668859, 10.2530899], [9.7668069, 10.2531656], [9.7667183, 10.253076]]]}}, {"type": "Feature", "properties": {"name": null, "name:en": null, "amenity": "school", "building": null, "operator:type": null, "capacity:persons": null, "addr:full": null, "addr:city": null, "source": "bing", "osm_id": 318896382, "osm_type": "ways_poly", "Analysis_Region": "North West"}, "geometry": {"type": "Polygon", "coordinates": [[[4.3906555, 11.8994233], [4.390806, 11.8983177], [4.3918208, 11.8985248], [4.3915722, 11.8995222], [4.3906555, 11.8994233]]]}}, {"type": "Feature", "properties": {"name": null, "name:en": null, "amenity": null, "building": "university", "operator:type": null, "capacity:persons": null, "addr:full": null, "addr:city": null, "source": null, "osm_id": 813506704, "osm_type": "ways_poly", "Analysis_Region": "North West"}, "geometry": {"type": "Polygon", "coordinates": [[[7.2767143, 9.2424147], [7.2767896, 9.2421229], [7.2770042, 9.2421787], [7.277087, 9.2421861], [7.2771021, 9.242201], [7.2770757, 9.2423311], [7.277055, 9.242463], [7.2768762, 9.2424574], [7.2767143, 9.2424147]]]}}, {"type": "Feature", "properties": {"name": "Dadin Kowa Islamiyya Primary School", "name:en": null, "amenity": null, "building": "school", "operator:type": null, "capacity:persons": null, "addr:full": null, "addr:city": null, "source": null, "osm_id": 289797222, "osm_type": "ways_poly", "Analysis_Region": "North West"}, "geometry": {"type": "Polygon", "coordinates": [[[8.4752886, 12.0576076], [8.4753702, 12.0573647], [8.4753829, 12.0573271], [8.4756672, 12.0574185], [8.4755728, 12.057699], [8.4752886, 12.0576076]]]}}, {"type": "Feature", "properties": {"name": "Department of Business Administration and Entrepreneurship", "name:en": null, "amenity": "university", "building": null, "operator:type": null, "capacity:persons": null, "addr:full": null, "addr:city": null, "source": null, "osm_id": 284840643, "osm_type": "ways_poly", "Analysis_Region": "North West"}, "geometry": {"type": "Polygon", "coordinates": [[[8.4284855, 11.9736112], [8.4286197, 11.9735048], [8.4286381, 11.9735297], [8.4287042, 11.9736135], [8.4287923, 11.9737274], [8.4287951, 11.9737451], [8.4288424, 11.9737467], [8.4288825, 11.973764], [8.4289054, 11.9737839], [8.4289257, 11.9738154], [8.4289353, 11.9738606], [8.4289287, 11.9739002], [8.428915, 11.9739271], [8.4288916, 11.9739526], [8.4288508, 11.9739743], [8.4288258, 11.9739813], [8.4288022, 11.9739791], [8.4287717, 11.973972], [8.4287382, 11.9739531], [8.4287224, 11.9739378], [8.4287113, 11.9739227], [8.4287001, 11.9738989], [8.4286952, 11.9738794], [8.4286939, 11.9738606], [8.4286956, 11.973842], [8.4286999, 11.9738248], [8.4287142, 11.9737961], [8.4286507, 11.9738452], [8.4286203, 11.9738048], [8.4286431, 11.9737856], [8.4285942, 11.9737197], [8.428579, 11.9737303], [8.4284855, 11.9736112]]]}}, {"type": "Feature", "properties": {"name": "Government School", "name:en": null, "amenity": "school", "building": null, "operator:type": null, "capacity:persons": null, "addr:full": null, "addr:city": null, "source": null, "osm_id": 291763683, "osm_type": "ways_poly", "Analysis_Region": "North West"}, "geometry": {"type": "Polygon", "coordinates": [[[8.557263, 11.9949402], [8.5573782, 11.9945817], [8.5574218, 11.9944061], [8.5575392, 11.9939529], [8.5582358, 11.9939368], [8.558269, 11.9942791], [8.5583056, 11.9947759], [8.557263, 11.9949402]]]}}, {"type": "Feature", "properties": {"name": "Abbas Maje Nassarawa Secondary Secondary", "name:en": null, "amenity": "school", "building": null, "operator:type": null, "capacity:persons": null, "addr:full": null, "addr:city": null, "source": null, "osm_id": 292190529, "osm_type": "ways_poly", "Analysis_Region": "North West"}, "geometry": {"type": "Polygon", "coordinates": [[[8.5357522, 12.0330605], [8.5358775, 12.0328562], [8.5359532, 12.0329006], [8.5358665, 12.0330421], [8.5359517, 12.033092], [8.5359578, 12.0330822], [8.5359837, 12.0330974], [8.5359984, 12.0330735], [8.5360463, 12.0331016], [8.5360335, 12.0331223], [8.5360521, 12.0331333], [8.5360439, 12.0331466], [8.5361483, 12.0332079], [8.5362349, 12.0330666], [8.5363065, 12.0331086], [8.5361886, 12.0333009], [8.5361199, 12.0332606], [8.5361082, 12.0332797], [8.5358176, 12.0331092], [8.5358223, 12.0331016], [8.5357522, 12.0330605]]]}}, {"type": "Feature", "properties": {"name": "Abbas Maje Nassarawa Secondary Secondary", "name:en": null, "amenity": "school", "building": null, "operator:type": null, "capacity:persons": null, "addr:full": null, "addr:city": null, "source": null, "osm_id": 292190530, "osm_type": "ways_poly", "Analysis_Region": "North West"}, "geometry": {"type": "Polygon", "coordinates": [[[8.5359852, 12.0330016], [8.5360224, 12.0329401], [8.5362147, 12.0330513], [8.5361776, 12.0331128], [8.5359852, 12.0330016]]]}}, {"type": "Feature", "properties": {"name": "LIVING STONE SCHOOL", "name:en": null, "amenity": null, "building": "school", "operator:type": null, "capacity:persons": null, "addr:full": null, "addr:city": null, "source": null, "osm_id": 300267090, "osm_type": "ways_poly", "Analysis_Region": "North West"}, "geometry": {"type": "Polygon", "coordinates": [[[8.5360768, 11.9616606], [8.5361599, 11.9615766], [8.5362191, 11.9616326], [8.536136, 11.9617166], [8.5360768, 11.9616606]]]}}, {"type": "Feature", "properties": {"name": null, "name:en": null, "amenity": null, "building": "school", "operator:type": null, "capacity:persons": null, "addr:full": null, "addr:city": null, "source": null, "osm_id": 527044083, "osm_type": "ways_poly", "Analysis_Region": "North West"}, "geometry": {"type": "Polygon", "coordinates": [[[8.5466317, 11.9676966], [8.546707, 11.9675789], [8.5468428, 11.967662], [8.5468003, 11.9677284], [8.5467762, 11.9677245], [8.5467484, 11.967768], [8.5466317, 11.9676966]]]}}, {"type": "Feature", "properties": {"name": null, "name:en": null, "amenity": "school", "building": null, "operator:type": null, "capacity:persons": null, "addr:full": null, "addr:city": null, "source": null, "osm_id": 322574215, "osm_type": "ways_poly", "Analysis_Region": "North East"}, "geometry": {"type": "Polygon", "coordinates": [[[13.8457913, 12.8602714], [13.8463523, 12.8585433], [13.8480924, 12.8591458], [13.8475232, 12.8608263], [13.8457913, 12.8602714]]]}}, {"type": "Feature", "properties": {"name": null, "name:en": null, "amenity": "school", "building": null, "operator:type": null, "capacity:persons": null, "addr:full": null, "addr:city": null, "source": null, "osm_id": 322574662, "osm_type": "ways_poly", "Analysis_Region": "North East"}, "geometry": {"type": "Polygon", "coordinates": [[[13.6897412, 12.7171663], [13.6897829, 12.7169682], [13.6897917, 12.7169265], [13.6898285, 12.716752], [13.6898389, 12.7167023], [13.6898813, 12.7165012], [13.6899145, 12.716508], [13.6904604, 12.7166197], [13.6902924, 12.7172494], [13.6902829, 12.7172848], [13.6897412, 12.7171663]]]}}, {"type": "Feature", "properties": {"name": null, "name:en": null, "amenity": "school", "building": null, "operator:type": null, "capacity:persons": null, "addr:full": null, "addr:city": null, "source": "Bing", "osm_id": 414261393, "osm_type": "ways_poly", "Analysis_Region": "North East"}, "geometry": {"type": "Polygon", "coordinates": [[[11.6670513, 13.3145567], [11.6670942, 13.3144262], [11.6672921, 13.3144865], [11.6672471, 13.3146141], [11.6670513, 13.3145567]]]}}, {"type": "Feature", "properties": {"name": "College of Arabic and Islamic Studies", "name:en": null, "amenity": "school", "building": null, "operator:type": null, "capacity:persons": null, "addr:full": null, "addr:city": null, "source": null, "osm_id": 593756036, "osm_type": "ways_poly", "Analysis_Region": "North West"}, "geometry": {"type": "Polygon", "coordinates": [[[7.5979699, 12.9765318], [7.5983088, 12.9764263], [7.5994719, 12.9763855], [7.6007808, 12.9762705], [7.6020692, 12.9760727], [7.6018001, 12.9767409], [7.6015104, 12.9776191], [7.6011134, 12.9787901], [7.6008667, 12.9794592], [7.5993646, 12.9794801], [7.5989998, 12.9784346], [7.598678, 12.9778073], [7.5979699, 12.9765318]]]}}, {"type": "Feature", "properties": {"name": "LT 1", "name:en": null, "amenity": null, "building": "school", "operator:type": null, "capacity:persons": null, "addr:full": null, "addr:city": null, "source": null, "osm_id": 1078532864, "osm_type": "ways_poly", "Analysis_Region": "North West"}, "geometry": {"type": "Polygon", "coordinates": [[[4.673322, 8.481792], [4.673384, 8.4817176], [4.6734613, 8.4817025], [4.6735517, 8.4817709], [4.6735598, 8.4818674], [4.6735019, 8.4819478], [4.6734064, 8.4819548], [4.6733301, 8.4818905], [4.673322, 8.481792]]]}}, {"type": "Feature", "properties": {"name": "St. Annes Nurs & Pri School", "name:en": null, "amenity": "school", "building": null, "operator:type": null, "capacity:persons": null, "addr:full": null, "addr:city": null, "source": null, "osm_id": 479663935, "osm_type": "ways_poly", "Analysis_Region": "North West"}, "geometry": {"type": "Polygon", "coordinates": [[[7.4215712, 10.4725899], [7.422864, 10.4722682], [7.4235131, 10.4741883], [7.4228318, 10.474758], [7.4225314, 10.4749162], [7.4216248, 10.4745839], [7.4216892, 10.4740247], [7.4216945, 10.4734339], [7.4215712, 10.4725899]]]}}, {"type": "Feature", "properties": {"name": "Baze University", "name:en": null, "amenity": "university", "building": null, "operator:type": null, "capacity:persons": null, "addr:full": null, "addr:city": "Abuja", "source": null, "osm_id": 798017176, "osm_type": "ways_poly", "Analysis_Region": "North West"}, "geometry": {"type": "Polygon", "coordinates": [[[7.4020123, 9.0080195], [7.4022679, 9.0073281], [7.4027751, 9.0059562], [7.4029836, 9.0053606], [7.4031019, 9.0048466], [7.4031207, 9.0045015], [7.4030982, 9.0039375], [7.404882, 9.0037046], [7.4047345, 9.0032416], [7.4055235, 9.0030561], [7.4062218, 9.0028162], [7.4066522, 9.0035417], [7.4068614, 9.0041033], [7.4069439, 9.0045013], [7.406993, 9.0049128], [7.4069657, 9.0054374], [7.4068166, 9.0060554], [7.4065825, 9.0065935], [7.4060926, 9.0073381], [7.4044955, 9.0094383], [7.4040517, 9.0095766], [7.4028757, 9.0087664], [7.402048, 9.0082719], [7.4020123, 9.0080195]]]}}, {"type": "Feature", "properties": {"name": null, "name:en": null, "amenity": null, "building": "school", "operator:type": null, "capacity:persons": null, "addr:full": null, "addr:city": null, "source": null, "osm_id": 621683701, "osm_type": "ways_poly", "Analysis_Region": "North West"}, "geometry": {"type": "Polygon", "coordinates": [[[4.5444272, 7.5114894], [4.5449082, 7.5112315], [4.5449637, 7.5113333], [4.5444828, 7.5115912], [4.5444272, 7.5114894]]]}}, {"type": "Feature", "properties": {"name": null, "name:en": null, "amenity": null, "building": "school", "operator:type": null, "capacity:persons": null, "addr:full": null, "addr:city": null, "source": null, "osm_id": 598416504, "osm_type": "ways_poly", "Analysis_Region": "North West"}, "geometry": {"type": "Polygon", "coordinates": [[[4.5338698, 7.5229806], [4.5340432, 7.5229521], [4.5340567, 7.523033], [4.5338833, 7.5230615], [4.5338698, 7.5229806]]]}}, {"type": "Feature", "properties": {"name": null, "name:en": null, "amenity": null, "building": "university", "operator:type": null, "capacity:persons": null, "addr:full": null, "addr:city": null, "source": null, "osm_id": 617970590, "osm_type": "ways_poly", "Analysis_Region": "North West"}, "geometry": {"type": "Polygon", "coordinates": [[[4.5122716, 7.5214642], [4.5123664, 7.5214496], [4.5124508, 7.5219882], [4.512356, 7.5220028], [4.5122716, 7.5214642]]]}}, {"type": "Feature", "properties": {"name": null, "name:en": null, "amenity": null, "building": "university", "operator:type": null, "capacity:persons": null, "addr:full": null, "addr:city": null, "source": null, "osm_id": 616403575, "osm_type": "ways_poly", "Analysis_Region": "North West"}, "geometry": {"type": "Polygon", "coordinates": [[[4.5149437, 7.5180332], [4.5150051, 7.5180224], [4.5150278, 7.5181494], [4.5149664, 7.5181601], [4.5149437, 7.5180332]]]}}, {"type": "Feature", "properties": {"name": null, "name:en": null, "amenity": null, "building": "university", "operator:type": null, "capacity:persons": null, "addr:full": null, "addr:city": null, "source": null, "osm_id": 595564760, "osm_type": "ways_poly", "Analysis_Region": "North West"}, "geometry": {"type": "Polygon", "coordinates": [[[4.5285833, 7.5221894], [4.5286699, 7.522177], [4.5287103, 7.5224556], [4.5286237, 7.5224679], [4.5285833, 7.5221894]]]}}, {"type": "Feature", "properties": {"name": null, "name:en": null, "amenity": null, "building": "school", "operator:type": null, "capacity:persons": null, "addr:full": null, "addr:city": null, "source": null, "osm_id": 621683709, "osm_type": "ways_poly", "Analysis_Region": "North West"}, "geometry": {"type": "Polygon", "coordinates": [[[4.5447531, 7.5117572], [4.5448544, 7.5117058], [4.5450387, 7.5120634], [4.5449373, 7.5121148], [4.5447531, 7.5117572]]]}}, {"type": "Feature", "properties": {"name": null, "name:en": null, "amenity": null, "building": "university", "operator:type": null, "capacity:persons": null, "addr:full": null, "addr:city": null, "source": null, "osm_id": 619270904, "osm_type": "ways_poly", "Analysis_Region": "North West"}, "geometry": {"type": "Polygon", "coordinates": [[[4.519337, 7.5172606], [4.5199489, 7.5171601], [4.519962, 7.5172381], [4.51935, 7.5173386], [4.519337, 7.5172606]]]}}, {"type": "Feature", "properties": {"name": null, "name:en": null, "amenity": null, "building": "school", "operator:type": null, "capacity:persons": null, "addr:full": null, "addr:city": null, "source": "microsoft/BuildingFootprints", "osm_id": 1070728366, "osm_type": "ways_poly", "Analysis_Region": "North West"}, "geometry": {"type": "Polygon", "coordinates": [[[4.6222181, 8.4782829], [4.6223065, 8.4782803], [4.622309, 8.4783636], [4.6222206, 8.4783662], [4.6222181, 8.4782829]]]}}, {"type": "Feature", "properties": {"name": "LT 2", "name:en": null, "amenity": null, "building": "school", "operator:type": null, "capacity:persons": null, "addr:full": null, "addr:city": null, "source": null, "osm_id": 1078532863, "osm_type": "ways_poly", "Analysis_Region": "North West"}, "geometry": {"type": "Polygon", "coordinates": [[[4.6734379, 8.4822011], [4.6734816, 8.4821348], [4.6735558, 8.4821237], [4.6735944, 8.4821629], [4.6735863, 8.4822403], [4.6735476, 8.4822916], [4.6734867, 8.4823067], [4.6734389, 8.4822654], [4.6734379, 8.4822011]]]}}, {"type": "Feature", "properties": {"name": "Faculty of CIS", "name:en": null, "amenity": null, "building": "school", "operator:type": null, "capacity:persons": null, "addr:full": null, "addr:city": null, "source": null, "osm_id": 1079750388, "osm_type": "ways_poly", "Analysis_Region": "North West"}, "geometry": {"type": "Polygon", "coordinates": [[[4.6741803, 8.4890522], [4.6742851, 8.488528], [4.6747303, 8.4886179], [4.6746009, 8.4891573], [4.6741803, 8.4890522]]]}}, {"type": "Feature", "properties": {"name": null, "name:en": null, "amenity": null, "building": "school", "operator:type": null, "capacity:persons": null, "addr:full": null, "addr:city": null, "source": null, "osm_id": 770381610, "osm_type": "ways_poly", "Analysis_Region": "North West"}, "geometry": {"type": "Polygon", "coordinates": [[[7.4729833, 10.5927168], [7.4730167, 10.5926541], [7.4730839, 10.5926849], [7.4730483, 10.5927818], [7.4729898, 10.5927636], [7.4729879, 10.592729], [7.4729833, 10.5927168]]]}}, {"type": "Feature", "properties": {"name": null, "name:en": null, "amenity": null, "building": "school", "operator:type": null, "capacity:persons": null, "addr:full": null, "addr:city": null, "source": null, "osm_id": 928651882, "osm_type": "ways_poly", "Analysis_Region": "North West"}, "geometry": {"type": "Polygon", "coordinates": [[[7.439524, 8.9495993], [7.4396065, 8.9495841], [7.4396606, 8.9498695], [7.4395782, 8.9498847], [7.439524, 8.9495993]]]}}, {"type": "Feature", "properties": {"name": null, "name:en": null, "amenity": null, "building": "school", "operator:type": null, "capacity:persons": null, "addr:full": null, "addr:city": null, "source": null, "osm_id": 1123694522, "osm_type": "ways_poly", "Analysis_Region": "North East"}, "geometry": {"type": "Polygon", "coordinates": [[[12.4859704, 9.2065824], [12.4859821, 9.2064959], [12.4862378, 9.2065374], [12.4862226, 9.2066262], [12.4859704, 9.2065824]]]}}, {"type": "Feature", "properties": {"name": null, "name:en": null, "amenity": null, "building": "school", "operator:type": null, "capacity:persons": null, "addr:full": null, "addr:city": null, "source": null, "osm_id": 1123694523, "osm_type": "ways_poly", "Analysis_Region": "North East"}, "geometry": {"type": "Polygon", "coordinates": [[[12.4859529, 9.2066965], [12.4859622, 9.206602], [12.4862167, 9.2066458], [12.4862039, 9.2067391], [12.4859529, 9.2066965]]]}}, {"type": "Feature", "properties": {"name": null, "name:en": null, "amenity": "school", "building": null, "operator:type": null, "capacity:persons": null, "addr:full": null, "addr:city": null, "source": null, "osm_id": 381163208, "osm_type": "ways_poly", "Analysis_Region": "North East"}, "geometry": {"type": "Polygon", "coordinates": [[[12.1688423, 10.6214271], [12.169047, 10.619908], [12.1698665, 10.6198103], [12.1698826, 10.6207715], [12.1698073, 10.6214607], [12.1692298, 10.6215167], [12.1688423, 10.6214271]]]}}, {"type": "Feature", "properties": {"name": null, "name:en": null, "amenity": "school", "building": null, "operator:type": null, "capacity:persons": null, "addr:full": null, "addr:city": null, "source": null, "osm_id": 335148659, "osm_type": "ways_poly", "Analysis_Region": "North East"}, "geometry": {"type": "Polygon", "coordinates": [[[14.1164896, 12.0730822], [14.1166347, 12.0724175], [14.1173966, 12.0725657], [14.1172559, 12.0732368], [14.1164896, 12.0730822]]]}}, {"type": "Feature", "properties": {"name": null, "name:en": null, "amenity": "school", "building": null, "operator:type": null, "capacity:persons": null, "addr:full": null, "addr:city": null, "source": null, "osm_id": 358572697, "osm_type": "ways_poly", "Analysis_Region": "North East"}, "geometry": {"type": "Polygon", "coordinates": [[[13.6910476, 12.4332463], [13.6912315, 12.4327211], [13.6917069, 12.4328798], [13.6915911, 12.4332107], [13.6915313, 12.4333815], [13.6915231, 12.4334051], [13.6910476, 12.4332463]]]}}, {"type": "Feature", "properties": {"name": null, "name:en": null, "amenity": null, "building": "school", "operator:type": null, "capacity:persons": null, "addr:full": null, "addr:city": null, "source": null, "osm_id": 1123694521, "osm_type": "ways_poly", "Analysis_Region": "North East"}, "geometry": {"type": "Polygon", "coordinates": [[[12.4859307, 9.2064706], [12.4859517, 9.2062735], [12.4860358, 9.2062862], [12.4860113, 9.2064844], [12.4859307, 9.2064706]]]}}, {"type": "Feature", "properties": {"name": null, "name:en": null, "amenity": null, "building": "school", "operator:type": null, "capacity:persons": null, "addr:full": null, "addr:city": null, "source": null, "osm_id": 1123979486, "osm_type": "ways_poly", "Analysis_Region": "North East"}, "geometry": {"type": "Polygon", "coordinates": [[[12.4890737, 9.2101289], [12.4893936, 9.2101188], [12.4893955, 9.2101772], [12.4890756, 9.2101874], [12.4890737, 9.2101289]]]}}, {"type": "Feature", "properties": {"name": null, "name:en": null, "amenity": null, "building": "school", "operator:type": null, "capacity:persons": null, "addr:full": null, "addr:city": null, "source": null, "osm_id": 1115073450, "osm_type": "ways_poly", "Analysis_Region": "North East"}, "geometry": {"type": "Polygon", "coordinates": [[[12.4881945, 9.206497], [12.4883986, 9.2064933], [12.4883948, 9.2065839], [12.4882019, 9.2065877], [12.4881945, 9.206497]]]}}, {"type": "Feature", "properties": {"name": null, "name:en": null, "amenity": null, "building": "school", "operator:type": null, "capacity:persons": null, "addr:full": null, "addr:city": null, "source": null, "osm_id": 1123694475, "osm_type": "ways_poly", "Analysis_Region": "North East"}, "geometry": {"type": "Polygon", "coordinates": [[[12.4874214, 9.2065392], [12.4874325, 9.2064574], [12.4875212, 9.2064701], [12.4875242, 9.2064487], [12.48761, 9.2064603], [12.487607, 9.2064845], [12.4876847, 9.2064931], [12.4876759, 9.2065715], [12.4875685, 9.2065582], [12.487565, 9.206583], [12.4875212, 9.2065784], [12.4875247, 9.2065513], [12.4874214, 9.2065392]]]}}, {"type": "Feature", "properties": {"name": null, "name:en": null, "amenity": "school", "building": null, "operator:type": null, "capacity:persons": null, "addr:full": null, "addr:city": null, "source": null, "osm_id": 233520937, "osm_type": "ways_poly", "Analysis_Region": "North East"}, "geometry": {"type": "Polygon", "coordinates": [[[11.1706967, 10.2608323], [11.170804, 10.2604997], [11.1709265, 10.2602837], [11.1719747, 10.2605848], [11.1716821, 10.2611771], [11.1706967, 10.2608323]]]}}, {"type": "Feature", "properties": {"name": null, "name:en": null, "amenity": "school", "building": null, "operator:type": null, "capacity:persons": null, "addr:full": null, "addr:city": null, "source": null, "osm_id": 636153576, "osm_type": "ways_poly", "Analysis_Region": "North West"}, "geometry": {"type": "Polygon", "coordinates": [[[6.2920537, 8.5817294], [6.2928412, 8.5809798], [6.2933792, 8.5815553], [6.292582, 8.5822903], [6.2920537, 8.5817294]]]}}, {"type": "Feature", "properties": {"name": "Yerma - Government Girls Secondary School (GGSS)", "name:en": null, "amenity": "school", "building": null, "operator:type": null, "capacity:persons": null, "addr:full": null, "addr:city": null, "source": null, "osm_id": 586657402, "osm_type": "ways_poly", "Analysis_Region": "North East"}, "geometry": {"type": "Polygon", "coordinates": [[[13.117746, 11.8340405], [13.1209609, 11.8336999], [13.1212061, 11.8346675], [13.1215343, 11.8359176], [13.1202887, 11.8361459], [13.1203519, 11.8363046], [13.1197113, 11.8363433], [13.1197469, 11.8367845], [13.1186547, 11.8369265], [13.1185844, 11.8356738], [13.1180545, 11.835697], [13.1179794, 11.8349539], [13.1178844, 11.8349655], [13.117746, 11.8340405]]]}}, {"type": "Feature", "properties": {"name": null, "name:en": null, "amenity": "school", "building": null, "operator:type": null, "capacity:persons": null, "addr:full": null, "addr:city": null, "source": null, "osm_id": 775934418, "osm_type": "ways_poly", "Analysis_Region": "North West"}, "geometry": {"type": "Polygon", "coordinates": [[[8.1658875, 9.4368794], [8.1662677, 9.4366138], [8.1663231, 9.4366919], [8.165943, 9.4369498], [8.1658875, 9.4368794]]]}}, {"type": "Feature", "properties": {"name": null, "name:en": null, "amenity": "school", "building": null, "operator:type": null, "capacity:persons": null, "addr:full": null, "addr:city": null, "source": null, "osm_id": 775934419, "osm_type": "ways_poly", "Analysis_Region": "North West"}, "geometry": {"type": "Polygon", "coordinates": [[[8.1658004, 9.4367232], [8.1661568, 9.436481], [8.1661964, 9.4365513], [8.1658717, 9.4367701], [8.1658004, 9.4367232]]]}}, {"type": "Feature", "properties": {"name": null, "name:en": null, "amenity": null, "building": "university", "operator:type": null, "capacity:persons": null, "addr:full": null, "addr:city": null, "source": null, "osm_id": 620253750, "osm_type": "ways_poly", "Analysis_Region": "North West"}, "geometry": {"type": "Polygon", "coordinates": [[[4.5168139, 7.5219141], [4.5169563, 7.5218941], [4.5169444, 7.5218102], [4.5172557, 7.5217667], [4.5172684, 7.5218563], [4.5171239, 7.5218765], [4.5171358, 7.5219605], [4.5168267, 7.5220037], [4.5168139, 7.5219141]]]}}, {"type": "Feature", "properties": {"name": null, "name:en": null, "amenity": null, "building": "university", "operator:type": null, "capacity:persons": null, "addr:full": null, "addr:city": null, "source": null, "osm_id": 620256424, "osm_type": "ways_poly", "Analysis_Region": "North West"}, "geometry": {"type": "Polygon", "coordinates": [[[4.5173478, 7.5227534], [4.517946, 7.5226616], [4.5179583, 7.5227402], [4.5173601, 7.522832], [4.5173478, 7.5227534]]]}}, {"type": "Feature", "properties": {"name": "Ecole de Dagaya", "name:en": null, "amenity": "school", "building": null, "operator:type": null, "capacity:persons": null, "addr:full": null, "addr:city": null, "source": null, "osm_id": 960875653, "osm_type": "ways_poly", "Analysis_Region": "North East"}, "geometry": {"type": "Polygon", "coordinates": [[[13.0615779, 13.5513318], [13.0619571, 13.5504227], [13.0625228, 13.5504775], [13.0625028, 13.5509351], [13.0623533, 13.5513331], [13.0618303, 13.5513487], [13.0615779, 13.5513318]]]}}, {"type": "Feature", "properties": {"name": "LR 301 and LR 302", "name:en": null, "amenity": "university", "building": null, "operator:type": null, "capacity:persons": null, "addr:full": null, "addr:city": null, "source": null, "osm_id": 1420723319, "osm_type": "ways_poly", "Analysis_Region": "North West"}, "geometry": {"type": "Polygon", "coordinates": [[[7.4424029, 10.6126632], [7.4424117, 10.6124661], [7.4426901, 10.6124884], [7.4426771, 10.6126805], [7.4424029, 10.6126632]]]}}, {"type": "Feature", "properties": {"name": null, "name:en": null, "amenity": null, "building": "university", "operator:type": null, "capacity:persons": null, "addr:full": null, "addr:city": null, "source": null, "osm_id": 617970619, "osm_type": "ways_poly", "Analysis_Region": "North West"}, "geometry": {"type": "Polygon", "coordinates": [[[4.5142887, 7.5222928], [4.5143847, 7.5222797], [4.5144593, 7.5228164], [4.5143632, 7.5228295], [4.5142887, 7.5222928]]]}}, {"type": "Feature", "properties": {"name": null, "name:en": null, "amenity": null, "building": "university", "operator:type": null, "capacity:persons": null, "addr:full": null, "addr:city": null, "source": null, "osm_id": 617970620, "osm_type": "ways_poly", "Analysis_Region": "North West"}, "geometry": {"type": "Polygon", "coordinates": [[[4.5144625, 7.5222583], [4.5145491, 7.5222454], [4.5146311, 7.5227841], [4.5145445, 7.5227971], [4.5144625, 7.5222583]]]}}, {"type": "Feature", "properties": {"name": null, "name:en": null, "amenity": null, "building": "university", "operator:type": null, "capacity:persons": null, "addr:full": null, "addr:city": null, "source": null, "osm_id": 617970622, "osm_type": "ways_poly", "Analysis_Region": "North West"}, "geometry": {"type": "Polygon", "coordinates": [[[4.5147281, 7.5228516], [4.5148218, 7.5228381], [4.5149022, 7.5233854], [4.5148085, 7.523399], [4.5147281, 7.5228516]]]}}, {"type": "Feature", "properties": {"name": null, "name:en": null, "amenity": null, "building": "university", "operator:type": null, "capacity:persons": null, "addr:full": null, "addr:city": null, "source": null, "osm_id": 617970623, "osm_type": "ways_poly", "Analysis_Region": "North West"}, "geometry": {"type": "Polygon", "coordinates": [[[4.514546, 7.522884], [4.5146476, 7.5228681], [4.5147339, 7.5234095], [4.5146323, 7.5234255], [4.514546, 7.522884]]]}}, {"type": "Feature", "properties": {"name": null, "name:en": null, "amenity": null, "building": "university", "operator:type": null, "capacity:persons": null, "addr:full": null, "addr:city": null, "source": null, "osm_id": 617970624, "osm_type": "ways_poly", "Analysis_Region": "North West"}, "geometry": {"type": "Polygon", "coordinates": [[[4.5143798, 7.522907], [4.514475, 7.5228924], [4.5145595, 7.5234352], [4.5144644, 7.5234498], [4.5143798, 7.522907]]]}}, {"type": "Feature", "properties": {"name": null, "name:en": null, "amenity": null, "building": "university", "operator:type": null, "capacity:persons": null, "addr:full": null, "addr:city": null, "source": null, "osm_id": 617970625, "osm_type": "ways_poly", "Analysis_Region": "North West"}, "geometry": {"type": "Polygon", "coordinates": [[[4.5141587, 7.523315], [4.5143519, 7.5232843], [4.5143669, 7.5233766], [4.5141737, 7.5234074], [4.5141587, 7.523315]]]}}, {"type": "Feature", "properties": {"name": null, "name:en": null, "amenity": null, "building": "university", "operator:type": null, "capacity:persons": null, "addr:full": null, "addr:city": null, "source": null, "osm_id": 617970626, "osm_type": "ways_poly", "Analysis_Region": "North West"}, "geometry": {"type": "Polygon", "coordinates": [[[4.5139198, 7.5229758], [4.5140186, 7.5229604], [4.5141054, 7.5235042], [4.5140065, 7.5235197], [4.5139198, 7.5229758]]]}}, {"type": "Feature", "properties": {"name": null, "name:en": null, "amenity": null, "building": "university", "operator:type": null, "capacity:persons": null, "addr:full": null, "addr:city": null, "source": null, "osm_id": 617970627, "osm_type": "ways_poly", "Analysis_Region": "North West"}, "geometry": {"type": "Polygon", "coordinates": [[[4.5137425, 7.5229967], [4.5138397, 7.5229821], [4.5139243, 7.5235374], [4.5138271, 7.5235519], [4.5137425, 7.5229967]]]}}, {"type": "Feature", "properties": {"name": null, "name:en": null, "amenity": null, "building": "university", "operator:type": null, "capacity:persons": null, "addr:full": null, "addr:city": null, "source": null, "osm_id": 617970628, "osm_type": "ways_poly", "Analysis_Region": "North West"}, "geometry": {"type": "Polygon", "coordinates": [[[4.5135788, 7.5230335], [4.5136754, 7.5230197], [4.5137545, 7.5235651], [4.5136579, 7.5235788], [4.5135788, 7.5230335]]]}}, {"type": "Feature", "properties": {"name": null, "name:en": null, "amenity": null, "building": "university", "operator:type": null, "capacity:persons": null, "addr:full": null, "addr:city": null, "source": null, "osm_id": 617970615, "osm_type": "ways_poly", "Analysis_Region": "North West"}, "geometry": {"type": "Polygon", "coordinates": [[[4.5138269, 7.522356], [4.5139129, 7.5223439], [4.5139906, 7.5228884], [4.5139045, 7.5229005], [4.5138269, 7.522356]]]}}, {"type": "Feature", "properties": {"name": null, "name:en": null, "amenity": null, "building": "university", "operator:type": null, "capacity:persons": null, "addr:full": null, "addr:city": null, "source": null, "osm_id": 617970617, "osm_type": "ways_poly", "Analysis_Region": "North West"}, "geometry": {"type": "Polygon", "coordinates": [[[4.5140609, 7.5224067], [4.5141475, 7.522393], [4.5141743, 7.5225589], [4.5140878, 7.5225727], [4.5140609, 7.5224067]]]}}, {"type": "Feature", "properties": {"name": null, "name:en": null, "amenity": null, "building": "university", "operator:type": null, "capacity:persons": null, "addr:full": null, "addr:city": null, "source": null, "osm_id": 617970618, "osm_type": "ways_poly", "Analysis_Region": "North West"}, "geometry": {"type": "Polygon", "coordinates": [[[4.51408, 7.5226085], [4.5142054, 7.522592], [4.514239, 7.5228427], [4.5141135, 7.5228591], [4.51408, 7.5226085]]]}}, {"type": "Feature", "properties": {"name": null, "name:en": null, "amenity": null, "building": "university", "operator:type": null, "capacity:persons": null, "addr:full": null, "addr:city": null, "source": null, "osm_id": 617970621, "osm_type": "ways_poly", "Analysis_Region": "North West"}, "geometry": {"type": "Polygon", "coordinates": [[[4.5146358, 7.5222349], [4.5147277, 7.522222], [4.5148045, 7.5227608], [4.5147127, 7.5227737], [4.5146358, 7.5222349]]]}}, {"type": "Feature", "properties": {"name": "National Defence College", "name:en": null, "amenity": "college", "building": null, "operator:type": null, "capacity:persons": null, "addr:full": null, "addr:city": null, "source": null, "osm_id": 421755139, "osm_type": "ways_poly", "Analysis_Region": "North West"}, "geometry": {"type": "Polygon", "coordinates": [[[7.4861033, 9.04773], [7.4870664, 9.0462389], [7.4886136, 9.0472176], [7.4876753, 9.0486995], [7.4861033, 9.04773]]]}}, {"type": "Feature", "properties": {"name": "Divine Mercy Secondary School", "name:en": null, "amenity": "school", "building": null, "operator:type": null, "capacity:persons": null, "addr:full": null, "addr:city": null, "source": null, "osm_id": 564766890, "osm_type": "ways_poly", "Analysis_Region": "North West"}, "geometry": {"type": "Polygon", "coordinates": [[[7.5095392, 9.0490752], [7.5099222, 9.0485056], [7.5103285, 9.0486232], [7.5106414, 9.0487085], [7.5110874, 9.0488123], [7.5114469, 9.0488792], [7.5112952, 9.0491398], [7.5110874, 9.0494119], [7.5107955, 9.0498615], [7.5095392, 9.0490752]]]}}, {"type": "Feature", "properties": {"name": "Chemical Engineering Lecture Theatre", "name:en": null, "amenity": null, "building": "university", "operator:type": null, "capacity:persons": null, "addr:full": null, "addr:city": null, "source": null, "osm_id": 599038661, "osm_type": "ways_poly", "Analysis_Region": "North West"}, "geometry": {"type": "Polygon", "coordinates": [[[4.5285121, 7.5190738], [4.5287199, 7.5190366], [4.5287455, 7.5191769], [4.5286712, 7.5191902], [4.5286872, 7.5192779], [4.5287173, 7.5192725], [4.5287224, 7.5193008], [4.5287515, 7.5192956], [4.5287567, 7.5193239], [4.5288318, 7.5193105], [4.5288552, 7.5194399], [4.5287431, 7.5194599], [4.5287497, 7.519496], [4.5287206, 7.5195012], [4.5287352, 7.5195822], [4.5288064, 7.5195695], [4.5288279, 7.5196886], [4.528635, 7.5197229], [4.528614, 7.519607], [4.5286747, 7.5195962], [4.5286626, 7.5195295], [4.5286235, 7.5195364], [4.5286196, 7.5195147], [4.5285588, 7.5195255], [4.5285423, 7.5194345], [4.5285304, 7.5193693], [4.5285785, 7.5193608], [4.5285688, 7.5193076], [4.5286191, 7.5192986], [4.5286033, 7.5192122], [4.5285394, 7.5192236], [4.5285121, 7.5190738]]]}}, {"type": "Feature", "properties": {"name": "University Senate Building", "name:en": null, "amenity": null, "building": "university", "operator:type": null, "capacity:persons": null, "addr:full": null, "addr:city": null, "source": null, "osm_id": 617712377, "osm_type": "ways_poly", "Analysis_Region": "North West"}, "geometry": {"type": "Polygon", "coordinates": [[[4.5231567, 7.5184134], [4.5236058, 7.5183473], [4.5236285, 7.5185017], [4.5233458, 7.5185433], [4.5233789, 7.5187683], [4.5237935, 7.5187073], [4.523818, 7.5188736], [4.5235893, 7.5189072], [4.5235012, 7.5189202], [4.523237, 7.5189591], [4.5231567, 7.5184134]]]}}, {"type": "Feature", "properties": {"name": null, "name:en": null, "amenity": null, "building": "school", "operator:type": null, "capacity:persons": null, "addr:full": null, "addr:city": null, "source": null, "osm_id": 925810388, "osm_type": "ways_poly", "Analysis_Region": "North West"}, "geometry": {"type": "Polygon", "coordinates": [[[7.4177341, 9.020127], [7.4177919, 9.019939], [7.4180391, 9.020013], [7.41802, 9.0200754], [7.4178288, 9.0200182], [7.4177903, 9.0201438], [7.4177341, 9.020127]]]}}, {"type": "Feature", "properties": {"name": null, "name:en": null, "amenity": null, "building": "school", "operator:type": null, "capacity:persons": null, "addr:full": null, "addr:city": null, "source": null, "osm_id": 925810389, "osm_type": "ways_poly", "Analysis_Region": "North West"}, "geometry": {"type": "Polygon", "coordinates": [[[7.4175491, 9.0199929], [7.4176027, 9.0198508], [7.4176497, 9.0198681], [7.4175961, 9.0200102], [7.4175491, 9.0199929]]]}}, {"type": "Feature", "properties": {"name": "MJ Salasi International School", "name:en": null, "amenity": "school", "building": null, "operator:type": "private", "capacity:persons": null, "addr:full": null, "addr:city": null, "source": "Nigerian Red Cross Society", "osm_id": 1154998433, "osm_type": "ways_poly", "Analysis_Region": "North West"}, "geometry": {"type": "Polygon", "coordinates": [[[7.4174756, 9.0202164], [7.4175491, 9.0199929], [7.4176027, 9.0198508], [7.4176497, 9.0198681], [7.4180391, 9.020013], [7.41802, 9.0200754], [7.4179055, 9.0203408], [7.4174756, 9.0202164]]]}}, {"type": "Feature", "properties": {"name": null, "name:en": null, "amenity": null, "building": "school", "operator:type": null, "capacity:persons": null, "addr:full": null, "addr:city": null, "source": null, "osm_id": 378033193, "osm_type": "ways_poly", "Analysis_Region": "North West"}, "geometry": {"type": "Polygon", "coordinates": [[[4.545234, 7.743719], [4.5453223, 7.7436675], [4.5456009, 7.7441363], [4.5455126, 7.7441878], [4.545234, 7.743719]]]}}, {"type": "Feature", "properties": {"name": "College of Education", "name:en": null, "amenity": "university", "building": null, "operator:type": null, "capacity:persons": null, "addr:full": null, "addr:city": null, "source": null, "osm_id": 307949216, "osm_type": "ways_poly", "Analysis_Region": "North East"}, "geometry": {"type": "Polygon", "coordinates": [[[10.2094045, 11.6783856], [10.2095386, 11.6777973], [10.209619, 11.6771984], [10.2096351, 11.6748081], [10.2118909, 11.6746951], [10.2128645, 11.6745612], [10.2136906, 11.6744272], [10.214465, 11.6743018], [10.2181986, 11.6733562], [10.2201915, 11.6728913], [10.2202076, 11.6731618], [10.2207158, 11.6820202], [10.2210096, 11.687141], [10.2098873, 11.6878521], [10.2097036, 11.6847488], [10.2096396, 11.6836691], [10.2095039, 11.6813762], [10.2094971, 11.681171], [10.2094045, 11.6783856]]]}}, {"type": "Feature", "properties": {"name": null, "name:en": null, "amenity": null, "building": "school", "operator:type": null, "capacity:persons": null, "addr:full": null, "addr:city": null, "source": "Nigerian Red Cross Society", "osm_id": 924986873, "osm_type": "ways_poly", "Analysis_Region": "North West"}, "geometry": {"type": "Polygon", "coordinates": [[[7.419878, 9.0140372], [7.4199388, 9.0139145], [7.4200207, 9.013954], [7.4199599, 9.0140768], [7.419878, 9.0140372]]]}}, {"type": "Feature", "properties": {"name": null, "name:en": null, "amenity": null, "building": "school", "operator:type": null, "capacity:persons": null, "addr:full": null, "addr:city": null, "source": "Nigerian Red Cross Society", "osm_id": 941446836, "osm_type": "ways_poly", "Analysis_Region": "North West"}, "geometry": {"type": "Polygon", "coordinates": [[[7.4189586, 9.0139801], [7.4189972, 9.0139017], [7.4190625, 9.0139331], [7.4190239, 9.0140115], [7.4189586, 9.0139801]]]}}, {"type": "Feature", "properties": {"name": null, "name:en": null, "amenity": null, "building": "school", "operator:type": null, "capacity:persons": null, "addr:full": null, "addr:city": null, "source": "Nigerian Red Cross Society", "osm_id": 941446837, "osm_type": "ways_poly", "Analysis_Region": "North West"}, "geometry": {"type": "Polygon", "coordinates": [[[7.4189161, 9.014062], [7.4189547, 9.0139836], [7.41902, 9.0140149], [7.4189814, 9.0140933], [7.4189161, 9.014062]]]}}, {"type": "Feature", "properties": {"name": null, "name:en": null, "amenity": null, "building": "school", "operator:type": null, "capacity:persons": null, "addr:full": null, "addr:city": null, "source": "Nigerian Red Cross Society", "osm_id": 941446839, "osm_type": "ways_poly", "Analysis_Region": "North West"}, "geometry": {"type": "Polygon", "coordinates": [[[7.4188567, 9.014373], [7.418899, 9.0142887], [7.4191684, 9.0144206], [7.4191261, 9.0145048], [7.4188567, 9.014373]]]}}, {"type": "Feature", "properties": {"name": null, "name:en": null, "amenity": null, "building": "school", "operator:type": null, "capacity:persons": null, "addr:full": null, "addr:city": null, "source": "Nigerian Red Cross Society", "osm_id": 941446840, "osm_type": "ways_poly", "Analysis_Region": "North West"}, "geometry": {"type": "Polygon", "coordinates": [[[7.4190162, 9.0141192], [7.4190543, 9.0140346], [7.419274, 9.014131], [7.4192359, 9.0142156], [7.4190162, 9.0141192]]]}}, {"type": "Feature", "properties": {"name": null, "name:en": null, "amenity": null, "building": "school", "operator:type": null, "capacity:persons": null, "addr:full": null, "addr:city": null, "source": null, "osm_id": 544771408, "osm_type": "ways_poly", "Analysis_Region": "North West"}, "geometry": {"type": "Polygon", "coordinates": [[[5.9848729, 9.0881859], [5.9853787, 9.0879167], [5.9854488, 9.0880451], [5.9849429, 9.0883143], [5.9848729, 9.0881859]]]}}, {"type": "Feature", "properties": {"name": null, "name:en": null, "amenity": null, "building": "school", "operator:type": null, "capacity:persons": null, "addr:full": null, "addr:city": null, "source": null, "osm_id": 544771420, "osm_type": "ways_poly", "Analysis_Region": "North West"}, "geometry": {"type": "Polygon", "coordinates": [[[5.9855867, 9.0881374], [5.9860201, 9.0879033], [5.9860914, 9.088032], [5.985658, 9.088266], [5.9855867, 9.0881374]]]}}, {"type": "Feature", "properties": {"name": null, "name:en": null, "amenity": null, "building": "school", "operator:type": null, "capacity:persons": null, "addr:full": null, "addr:city": null, "source": null, "osm_id": 544771409, "osm_type": "ways_poly", "Analysis_Region": "North West"}, "geometry": {"type": "Polygon", "coordinates": [[[5.9852679, 9.0886421], [5.9855611, 9.0884839], [5.985595, 9.0885463], [5.9852927, 9.0887], [5.9852679, 9.0886421]]]}}, {"type": "Feature", "properties": {"name": null, "name:en": null, "amenity": null, "building": "school", "operator:type": null, "capacity:persons": null, "addr:full": null, "addr:city": null, "source": null, "osm_id": 544771410, "osm_type": "ways_poly", "Analysis_Region": "North West"}, "geometry": {"type": "Polygon", "coordinates": [[[5.985383, 9.0888514], [5.9856874, 9.0886955], [5.9857123, 9.0887601], [5.985419, 9.0889182], [5.985383, 9.0888514]]]}}, {"type": "Feature", "properties": {"name": null, "name:en": null, "amenity": "school", "building": null, "operator:type": null, "capacity:persons": null, "addr:full": null, "addr:city": null, "source": null, "osm_id": 739781458, "osm_type": "ways_poly", "Analysis_Region": "North West"}, "geometry": {"type": "Polygon", "coordinates": [[[7.6270035, 9.1922884], [7.6272261, 9.192246], [7.6275172, 9.1922142], [7.627552, 9.1927901], [7.6274769, 9.192802], [7.6273629, 9.1928378], [7.6272355, 9.1928497], [7.6271698, 9.1927822], [7.6271228, 9.1927107], [7.6270933, 9.1926432], [7.6270491, 9.1924949], [7.6270035, 9.1922884]]]}}, {"type": "Feature", "properties": {"name": null, "name:en": null, "amenity": "school", "building": null, "operator:type": null, "capacity:persons": null, "addr:full": null, "addr:city": null, "source": null, "osm_id": 763344261, "osm_type": "ways_poly", "Analysis_Region": "North West"}, "geometry": {"type": "Polygon", "coordinates": [[[8.8103458, 11.1988097], [8.8103646, 11.1986124], [8.8105363, 11.1985176], [8.8107294, 11.1983835], [8.8108689, 11.1983137], [8.8110915, 11.1983308], [8.8112792, 11.198444], [8.8113812, 11.1985334], [8.811408, 11.1987045], [8.8113543, 11.1988676], [8.8112578, 11.1989991], [8.8110613, 11.1990347], [8.8109091, 11.1990097], [8.8107079, 11.1989834], [8.8103458, 11.1988097]]]}}, {"type": "Feature", "properties": {"name": null, "name:en": null, "amenity": "school", "building": null, "operator:type": null, "capacity:persons": null, "addr:full": null, "addr:city": null, "source": null, "osm_id": 763396174, "osm_type": "ways_poly", "Analysis_Region": "North West"}, "geometry": {"type": "Polygon", "coordinates": [[[8.6533722, 12.5074784], [8.6536592, 12.5066195], [8.6542761, 12.5068499], [8.6539891, 12.5076486], [8.6533722, 12.5074784]]]}}, {"type": "Feature", "properties": {"name": "Young Elite Primary School", "name:en": null, "amenity": null, "building": "school", "operator:type": null, "capacity:persons": null, "addr:full": null, "addr:city": null, "source": null, "osm_id": 303149486, "osm_type": "ways_poly", "Analysis_Region": "North West"}, "geometry": {"type": "Polygon", "coordinates": [[[8.5704665, 11.9881454], [8.5704758, 11.9879387], [8.5706778, 11.9879478], [8.5706696, 11.9881522], [8.5704665, 11.9881454]]]}}, {"type": "Feature", "properties": {"name": null, "name:en": null, "amenity": null, "building": "university", "operator:type": null, "capacity:persons": null, "addr:full": null, "addr:city": null, "source": "microsoft/BuildingFootprints", "osm_id": 1115932627, "osm_type": "ways_poly", "Analysis_Region": "North West"}, "geometry": {"type": "Polygon", "coordinates": [[[4.5179949, 7.5181732], [4.5183943, 7.5181201], [4.5184207, 7.518316], [4.5183508, 7.5183253], [4.5183594, 7.5183892], [4.5183134, 7.5183953], [4.5183148, 7.5184057], [4.5180314, 7.5184433], [4.5179949, 7.5181732]]]}}, {"type": "Feature", "properties": {"name": null, "name:en": null, "amenity": null, "building": "school", "operator:type": null, "capacity:persons": null, "addr:full": null, "addr:city": null, "source": null, "osm_id": 1283323820, "osm_type": "ways_poly", "Analysis_Region": "North West"}, "geometry": {"type": "Polygon", "coordinates": [[[5.1891516, 13.1007886], [5.1891812, 13.1007134], [5.1892664, 13.1007453], [5.1892368, 13.1008204], [5.1891516, 13.1007886]]]}}, {"type": "Feature", "properties": {"name": "MECHANICAL & AEROSPACE GROUND ENGINEERING", "name:en": null, "amenity": "university", "building": null, "operator:type": null, "capacity:persons": null, "addr:full": null, "addr:city": null, "source": "microsoft/BuildingFootprints", "osm_id": 1247357523, "osm_type": "ways_poly", "Analysis_Region": "North West"}, "geometry": {"type": "Polygon", "coordinates": [[[7.4412947, 10.6091648], [7.4413207, 10.6085173], [7.4416019, 10.6085282], [7.4415759, 10.6091757], [7.4412947, 10.6091648]]]}}, {"type": "Feature", "properties": {"name": null, "name:en": null, "amenity": "school", "building": null, "operator:type": null, "capacity:persons": null, "addr:full": null, "addr:city": null, "source": null, "osm_id": 1207751536, "osm_type": "ways_poly", "Analysis_Region": "North West"}, "geometry": {"type": "Polygon", "coordinates": [[[6.5498911, 9.6235046], [6.5499231, 9.6232228], [6.5504072, 9.6233148], [6.5503693, 9.6235592], [6.5498911, 9.6235046]]]}}, {"type": "Feature", "properties": {"name": "Hall C", "name:en": null, "amenity": "university", "building": null, "operator:type": null, "capacity:persons": null, "addr:full": null, "addr:city": null, "source": null, "osm_id": 1247352829, "osm_type": "ways_poly", "Analysis_Region": "North West"}, "geometry": {"type": "Polygon", "coordinates": [[[7.4397632, 10.6120267], [7.4397759, 10.6118018], [7.440098, 10.6118194], [7.4400961, 10.6118517], [7.4401457, 10.6118545], [7.4401375, 10.6119977], [7.4400433, 10.6119926], [7.4400404, 10.6120419], [7.4397632, 10.6120267]]]}}, {"type": "Feature", "properties": {"name": "AMAO hall", "name:en": null, "amenity": "university", "building": null, "operator:type": null, "capacity:persons": null, "addr:full": null, "addr:city": null, "source": "microsoft/BuildingFootprints", "osm_id": 1247357516, "osm_type": "ways_poly", "Analysis_Region": "North West"}, "geometry": {"type": "Polygon", "coordinates": [[[7.440108, 10.6099364], [7.4401187, 10.6096558], [7.4403074, 10.6096628], [7.4402966, 10.6099434], [7.440108, 10.6099364]]]}}, {"type": "Feature", "properties": {"name": "Hall A, Hall B", "name:en": null, "amenity": "university", "building": null, "operator:type": null, "capacity:persons": null, "addr:full": null, "addr:city": null, "source": "microsoft/BuildingFootprints", "osm_id": 1247357608, "osm_type": "ways_poly", "Analysis_Region": "North West"}, "geometry": {"type": "Polygon", "coordinates": [[[7.4397858, 10.6115434], [7.4397962, 10.6113172], [7.4400787, 10.6113297], [7.4400766, 10.6113745], [7.4401662, 10.6113785], [7.4401603, 10.6115074], [7.4401148, 10.6115053], [7.440113, 10.6115433], [7.440283, 10.6115509], [7.44027, 10.6118338], [7.4401087, 10.6118266], [7.4401092, 10.6118175], [7.4400402, 10.6118144], [7.4400521, 10.6115553], [7.4397858, 10.6115434]]]}}, {"type": "Feature", "properties": {"name": "AFIT Electrical Electronics Departmen", "name:en": null, "amenity": "university", "building": null, "operator:type": null, "capacity:persons": null, "addr:full": null, "addr:city": null, "source": null, "osm_id": 1247365994, "osm_type": "ways_poly", "Analysis_Region": "North West"}, "geometry": {"type": "Polygon", "coordinates": [[[7.4404372, 10.6111037], [7.4404774, 10.6105027], [7.4406592, 10.6105144], [7.440619, 10.6111154], [7.4404372, 10.6111037]]]}}, {"type": "Feature", "properties": {"name": null, "name:en": null, "amenity": "school", "building": null, "operator:type": null, "capacity:persons": null, "addr:full": null, "addr:city": null, "source": "Bing", "osm_id": 315937798, "osm_type": "ways_poly", "Analysis_Region": "North East"}, "geometry": {"type": "Polygon", "coordinates": [[[13.1381247, 13.5559624], [13.1381593, 13.5558734], [13.138173, 13.5557433], [13.1383098, 13.5553522], [13.1388758, 13.5555973], [13.1388275, 13.5561814], [13.1387548, 13.5561811], [13.1382535, 13.5560249], [13.1381247, 13.5559624]]]}}, {"type": "Feature", "properties": {"name": null, "name:en": null, "amenity": "school", "building": null, "operator:type": null, "capacity:persons": null, "addr:full": null, "addr:city": null, "source": "Bing", "osm_id": 414716071, "osm_type": "ways_poly", "Analysis_Region": "North East"}, "geometry": {"type": "Polygon", "coordinates": [[[13.1376742, 13.5567026], [13.1378083, 13.5560091], [13.1382428, 13.5560769], [13.1382535, 13.5563428], [13.1381516, 13.5567235], [13.1376742, 13.5567026]]]}}, {"type": "Feature", "properties": {"name": "Voyage International school", "name:en": null, "amenity": null, "building": "school", "operator:type": null, "capacity:persons": null, "addr:full": null, "addr:city": null, "source": null, "osm_id": 1207250022, "osm_type": "ways_poly", "Analysis_Region": "North West"}, "geometry": {"type": "Polygon", "coordinates": [[[7.431098, 9.00147], [7.43125, 9.0014117], [7.4313, 9.0016272], [7.4311427, 9.0016608], [7.431098, 9.00147]]]}}, {"type": "Feature", "properties": {"name": "GLOWING AGES ACADEMY", "name:en": null, "amenity": null, "building": "school", "operator:type": null, "capacity:persons": null, "addr:full": null, "addr:city": null, "source": null, "osm_id": 1207250014, "osm_type": "ways_poly", "Analysis_Region": "North West"}, "geometry": {"type": "Polygon", "coordinates": [[[7.4361326, 9.0125456], [7.4362112, 9.0123725], [7.4364071, 9.0125115], [7.436339, 9.0127107], [7.4361326, 9.0125456]]]}}, {"type": "Feature", "properties": {"name": null, "name:en": null, "amenity": null, "building": "school", "operator:type": null, "capacity:persons": null, "addr:full": null, "addr:city": null, "source": null, "osm_id": 298819637, "osm_type": "ways_poly", "Analysis_Region": "North West"}, "geometry": {"type": "Polygon", "coordinates": [[[8.5611163, 11.9492303], [8.5611563, 11.949191], [8.5612239, 11.949276], [8.5612411, 11.9492703], [8.5612696, 11.9493078], [8.5612589, 11.949316], [8.5612087, 11.949343], [8.5611163, 11.9492303]]]}}, {"type": "Feature", "properties": {"name": "HAUSAWA MODELBOYS SEC SCHOOL", "name:en": null, "amenity": null, "building": "school", "operator:type": null, "capacity:persons": null, "addr:full": null, "addr:city": null, "source": null, "osm_id": 527024685, "osm_type": "ways_poly", "Analysis_Region": "North West"}, "geometry": {"type": "Polygon", "coordinates": [[[8.5396938, 11.9658178], [8.5398053, 11.9656225], [8.539884, 11.9656656], [8.5397766, 11.9658536], [8.5397591, 11.965844], [8.5397424, 11.9658732], [8.5396939, 11.9658467], [8.5397064, 11.9658247], [8.5396938, 11.9658178]]]}}, {"type": "Feature", "properties": {"name": "ECWA L. CRAWFORD SECONDARY SCHOOL KALTUNGO", "name:en": null, "amenity": null, "building": "school", "operator:type": null, "capacity:persons": null, "addr:full": null, "addr:city": "KALTUNGO", "source": null, "osm_id": 1206202381, "osm_type": "ways_poly", "Analysis_Region": "North East"}, "geometry": {"type": "Polygon", "coordinates": [[[11.3129264, 9.827242], [11.3137944, 9.8272612], [11.3140968, 9.8293514], [11.3130922, 9.8294187], [11.3129264, 9.827242]]]}}, {"type": "Feature", "properties": {"name": "KINGS INTERNATIONAL ACADEMY", "name:en": null, "amenity": null, "building": "school", "operator:type": null, "capacity:persons": null, "addr:full": null, "addr:city": "KALTUNGO", "source": null, "osm_id": 1206205521, "osm_type": "ways_poly", "Analysis_Region": "North East"}, "geometry": {"type": "Polygon", "coordinates": [[[11.3093322, 9.8345794], [11.3097906, 9.834565], [11.3098442, 9.8351656], [11.309381, 9.83518], [11.3093322, 9.8345794]]]}}, {"type": "Feature", "properties": {"name": "SCHOOL OF NURSING GOMBE", "name:en": null, "amenity": "school", "building": "school", "operator:type": null, "capacity:persons": null, "addr:full": null, "addr:city": "GOMBE", "source": null, "osm_id": 1206060126, "osm_type": "ways_poly", "Analysis_Region": "North East"}, "geometry": {"type": "Polygon", "coordinates": [[[11.1548755, 10.2882169], [11.1550383, 10.2879105], [11.1555126, 10.287012], [11.1558523, 10.2867195], [11.1562133, 10.286434], [11.1564115, 10.2863156], [11.1566663, 10.2865733], [11.1573459, 10.2873672], [11.1570486, 10.2877294], [11.1568858, 10.2879383], [11.1566239, 10.2879105], [11.156362, 10.2878339], [11.1560859, 10.2877155], [11.1558948, 10.2878896], [11.1555904, 10.2884259], [11.1554418, 10.2887114], [11.1552223, 10.2888437], [11.1549675, 10.2887671], [11.1548755, 10.2882169]]]}}, {"type": "Feature", "properties": {"name": "Faithview Academy", "name:en": null, "amenity": null, "building": "school", "operator:type": null, "capacity:persons": null, "addr:full": null, "addr:city": "Lokoja", "source": null, "osm_id": 1117081061, "osm_type": "ways_poly", "Analysis_Region": "North West"}, "geometry": {"type": "Polygon", "coordinates": [[[6.7383474, 7.7533467], [6.7387974, 7.7533128], [6.7388031, 7.7533871], [6.7383531, 7.753421], [6.7383474, 7.7533467]]]}}, {"type": "Feature", "properties": {"name": "Mechanical Lecture Room", "name:en": null, "amenity": "university", "building": null, "operator:type": null, "capacity:persons": null, "addr:full": null, "addr:city": null, "source": null, "osm_id": 1247352827, "osm_type": "ways_poly", "Analysis_Region": "North West"}, "geometry": {"type": "Polygon", "coordinates": [[[7.4417393, 10.6122153], [7.4417425, 10.6121373], [7.4417708, 10.6121385], [7.4417735, 10.6120741], [7.4417451, 10.612073], [7.4417502, 10.6119505], [7.4421089, 10.6119648], [7.442101, 10.6121561], [7.4420727, 10.612155], [7.4420706, 10.6122075], [7.4419998, 10.6122047], [7.4419976, 10.6122573], [7.4417722, 10.6122483], [7.4417735, 10.6122166], [7.4417393, 10.6122153]]]}}, {"type": "Feature", "properties": {"name": "GENERAL STUDIES UNIT", "name:en": null, "amenity": "university", "building": null, "operator:type": null, "capacity:persons": null, "addr:full": null, "addr:city": null, "source": "microsoft/BuildingFootprints", "osm_id": 1247357568, "osm_type": "ways_poly", "Analysis_Region": "North West"}, "geometry": {"type": "Polygon", "coordinates": [[[7.4421479, 10.6092237], [7.4421545, 10.609038], [7.4425965, 10.6090532], [7.4425899, 10.6092389], [7.4421479, 10.6092237]]]}}, {"type": "Feature", "properties": {"name": null, "name:en": null, "amenity": null, "building": "school", "operator:type": null, "capacity:persons": null, "addr:full": null, "addr:city": null, "source": null, "osm_id": 954924662, "osm_type": "ways_poly", "Analysis_Region": "North East"}, "geometry": {"type": "Polygon", "coordinates": [[[11.1701332, 10.301287], [11.1701903, 10.301266], [11.1702146, 10.30133], [11.1701575, 10.3013509], [11.1701332, 10.301287]]]}}, {"type": "Feature", "properties": {"name": null, "name:en": null, "amenity": null, "building": "school", "operator:type": null, "capacity:persons": null, "addr:full": null, "addr:city": null, "source": null, "osm_id": 531978210, "osm_type": "ways_poly", "Analysis_Region": "North West"}, "geometry": {"type": "Polygon", "coordinates": [[[7.7353049, 11.1110843], [7.7355887, 11.110735], [7.7356537, 11.1107859], [7.7353699, 11.1111352], [7.7353049, 11.1110843]]]}}, {"type": "Feature", "properties": {"name": null, "name:en": null, "amenity": null, "building": "school", "operator:type": null, "capacity:persons": null, "addr:full": null, "addr:city": null, "source": null, "osm_id": 531978212, "osm_type": "ways_poly", "Analysis_Region": "North West"}, "geometry": {"type": "Polygon", "coordinates": [[[7.7347551, 11.1109946], [7.7348728, 11.1108504], [7.7349494, 11.1109106], [7.7348922, 11.1109807], [7.7351761, 11.1112041], [7.7352281, 11.1111404], [7.7352956, 11.1111935], [7.7351831, 11.1113312], [7.7347551, 11.1109946]]]}}, {"type": "Feature", "properties": {"name": "UNIVERSAL PRIMARYY SCHOOL ALKAHIRA", "name:en": null, "amenity": "school", "building": "yes", "operator:type": null, "capacity:persons": null, "addr:full": null, "addr:city": null, "source": null, "osm_id": 1203315570, "osm_type": "ways_poly", "Analysis_Region": "North East"}, "geometry": {"type": "Polygon", "coordinates": [[[11.1691945, 10.3130436], [11.1692066, 10.3128114], [11.1695217, 10.3128312], [11.1695043, 10.3130489], [11.1691945, 10.3130436]]]}}, {"type": "Feature", "properties": {"name": "NURAIN SCHOOL ALKAHIRA", "name:en": null, "amenity": "school", "building": null, "operator:type": null, "capacity:persons": null, "addr:full": null, "addr:city": null, "source": null, "osm_id": 1203329236, "osm_type": "ways_poly", "Analysis_Region": "North East"}, "geometry": {"type": "Polygon", "coordinates": [[[11.160181, 10.3187957], [11.1608543, 10.3185582], [11.1609347, 10.3187192], [11.161388, 10.3197589], [11.1611761, 10.3198301], [11.1611896, 10.3198776], [11.1606317, 10.3199805], [11.160181, 10.3187957]]]}}, {"type": "Feature", "properties": {"name": "FCE (T) GOMBE", "name:en": null, "amenity": "school", "building": null, "operator:type": null, "capacity:persons": null, "addr:full": null, "addr:city": null, "source": null, "osm_id": 1203331098, "osm_type": "ways_poly", "Analysis_Region": "North East"}, "geometry": {"type": "Polygon", "coordinates": [[[11.1450031, 10.3118346], [11.1538437, 10.304854], [11.1551526, 10.3088441], [11.1558607, 10.3116096], [11.1559894, 10.3121585], [11.1567619, 10.3123907], [11.1589077, 10.316614], [11.160002, 10.3184346], [11.1605599, 10.3202079], [11.1610749, 10.320229], [11.1629632, 10.3240288], [11.1637142, 10.3270898], [11.1485007, 10.3288842], [11.1482432, 10.325211], [11.1479213, 10.3230367], [11.1471703, 10.3179701], [11.1457541, 10.3140431], [11.1450031, 10.3118346]]]}}, {"type": "Feature", "properties": {"name": null, "name:en": null, "amenity": null, "building": "school", "operator:type": null, "capacity:persons": null, "addr:full": null, "addr:city": null, "source": null, "osm_id": 752613308, "osm_type": "ways_poly", "Analysis_Region": "North West"}, "geometry": {"type": "Polygon", "coordinates": [[[7.379878, 9.1326048], [7.379937, 9.1325041], [7.379996, 9.13261], [7.3799209, 9.1326895], [7.379878, 9.1326048]]]}}, {"type": "Feature", "properties": {"name": null, "name:en": null, "amenity": null, "building": "school", "operator:type": null, "capacity:persons": null, "addr:full": null, "addr:city": null, "source": null, "osm_id": 1370727740, "osm_type": "ways_poly", "Analysis_Region": "North East"}, "geometry": {"type": "Polygon", "coordinates": [[[9.8940885, 9.1893364], [9.8941258, 9.1892262], [9.8941875, 9.1892557], [9.8941487, 9.1893581], [9.8940885, 9.1893364]]]}}, {"type": "Feature", "properties": {"name": "Faculty of social and management science", "name:en": null, "amenity": "university", "building": null, "operator:type": null, "capacity:persons": null, "addr:full": null, "addr:city": null, "source": "microsoft/BuildingFootprints", "osm_id": 1248101620, "osm_type": "ways_poly", "Analysis_Region": "North West"}, "geometry": {"type": "Polygon", "coordinates": [[[7.4448695, 10.6096825], [7.4449168, 10.6096223], [7.4448738, 10.6095897], [7.4449736, 10.6094624], [7.44502, 10.6094975], [7.445081, 10.6094199], [7.445128, 10.6094556], [7.445154, 10.6094225], [7.4452532, 10.6094977], [7.445226, 10.6095324], [7.4452747, 10.6095694], [7.4452125, 10.6096487], [7.4452478, 10.6096755], [7.4451032, 10.6098598], [7.4448695, 10.6096825]]]}}, {"type": "Feature", "properties": {"name": "Faculty of science and computing", "name:en": null, "amenity": "university", "building": null, "operator:type": null, "capacity:persons": null, "addr:full": null, "addr:city": null, "source": "microsoft/BuildingFootprints", "osm_id": 1248101632, "osm_type": "ways_poly", "Analysis_Region": "North West"}, "geometry": {"type": "Polygon", "coordinates": [[[7.4444439, 10.6093532], [7.4444928, 10.6092859], [7.4444466, 10.6092535], [7.4445449, 10.6091183], [7.4445981, 10.6091557], [7.4446527, 10.6090806], [7.4447024, 10.6091155], [7.4447265, 10.6090824], [7.4448331, 10.6091572], [7.4448026, 10.6091991], [7.4448435, 10.6092278], [7.4447838, 10.6093098], [7.4448229, 10.6093372], [7.4446872, 10.609524], [7.4444439, 10.6093532]]]}}, {"type": "Feature", "properties": {"name": null, "name:en": null, "amenity": null, "building": "university", "operator:type": null, "capacity:persons": null, "addr:full": null, "addr:city": null, "source": null, "osm_id": 848569828, "osm_type": "ways_poly", "Analysis_Region": "North West"}, "geometry": {"type": "Polygon", "coordinates": [[[8.8811188, 9.9656851], [8.8812791, 9.9656837], [8.8812802, 9.9658166], [8.8811199, 9.9658179], [8.8811188, 9.9656851]]]}}, {"type": "Feature", "properties": {"name": null, "name:en": null, "amenity": null, "building": "university", "operator:type": null, "capacity:persons": null, "addr:full": null, "addr:city": null, "source": null, "osm_id": 848569833, "osm_type": "ways_poly", "Analysis_Region": "North West"}, "geometry": {"type": "Polygon", "coordinates": [[[8.880929, 9.965792], [8.8809344, 9.965774], [8.8809471, 9.96576], [8.8809633, 9.9657535], [8.8809618, 9.9657534], [8.8809451, 9.9657442], [8.8809342, 9.9657289], [8.880931, 9.9657104], [8.8809364, 9.9656924], [8.8809491, 9.9656784], [8.8809667, 9.9656713], [8.8809857, 9.9656724], [8.8810024, 9.9656816], [8.8810133, 9.9656969], [8.8810165, 9.9657154], [8.8810157, 9.965718], [8.8810331, 9.965711], [8.8810521, 9.9657121], [8.8810688, 9.9657212], [8.8810797, 9.9657365], [8.8810829, 9.965755], [8.8810775, 9.965773], [8.8810648, 9.965787], [8.8810472, 9.9657941], [8.8810282, 9.965793], [8.8810123, 9.9657843], [8.8810145, 9.965797], [8.8810091, 9.965815], [8.8809964, 9.9658289], [8.8809788, 9.965836], [8.8809598, 9.9658349], [8.8809431, 9.9658258], [8.8809322, 9.9658105], [8.880929, 9.965792]]]}}, {"type": "Feature", "properties": {"name": null, "name:en": null, "amenity": null, "building": "university", "operator:type": null, "capacity:persons": null, "addr:full": null, "addr:city": null, "source": null, "osm_id": 848569920, "osm_type": "ways_poly", "Analysis_Region": "North West"}, "geometry": {"type": "Polygon", "coordinates": [[[8.8802704, 9.9648147], [8.8802747, 9.9647931], [8.8802849, 9.964771], [8.8803053, 9.9647626], [8.8803271, 9.9647582], [8.8803489, 9.9647623], [8.8803675, 9.9647744], [8.88038, 9.9647925], [8.8803844, 9.964814], [8.8803802, 9.9648355], [8.880368, 9.9648538], [8.8803496, 9.9648661], [8.8803426, 9.9648689], [8.8803423, 9.9648831], [8.8803196, 9.9648838], [8.8803187, 9.964869], [8.8803059, 9.9648663], [8.8802874, 9.9648543], [8.8802749, 9.9648361], [8.8802704, 9.9648147]]]}}, {"type": "Feature", "properties": {"name": null, "name:en": null, "amenity": null, "building": "university", "operator:type": null, "capacity:persons": null, "addr:full": null, "addr:city": null, "source": null, "osm_id": 848569921, "osm_type": "ways_poly", "Analysis_Region": "North West"}, "geometry": {"type": "Polygon", "coordinates": [[[8.8817387, 9.9651035], [8.8817429, 9.965082], [8.8817552, 9.9650637], [8.8817736, 9.9650514], [8.8817954, 9.965047], [8.8818172, 9.9650512], [8.8818358, 9.9650632], [8.8818482, 9.9650814], [8.8818527, 9.9651028], [8.8818485, 9.9651243], [8.8818362, 9.9651426], [8.8818275, 9.9651512], [8.88182, 9.9651561], [8.8818204, 9.9651709], [8.8817786, 9.9651704], [8.8817797, 9.9651555], [8.8817556, 9.9651431], [8.8817432, 9.9651249], [8.8817387, 9.9651035]]]}}, {"type": "Feature", "properties": {"name": null, "name:en": null, "amenity": null, "building": "university", "operator:type": null, "capacity:persons": null, "addr:full": null, "addr:city": null, "source": null, "osm_id": 848569825, "osm_type": "ways_poly", "Analysis_Region": "North West"}, "geometry": {"type": "Polygon", "coordinates": [[[8.881478, 9.9660105], [8.8816027, 9.9660095], [8.881604, 9.9661563], [8.8814793, 9.9661574], [8.881478, 9.9660105]]]}}, {"type": "Feature", "properties": {"name": null, "name:en": null, "amenity": null, "building": "university", "operator:type": null, "capacity:persons": null, "addr:full": null, "addr:city": null, "source": null, "osm_id": 848569832, "osm_type": "ways_poly", "Analysis_Region": "North West"}, "geometry": {"type": "Polygon", "coordinates": [[[8.8812876, 9.9656724], [8.8812925, 9.9656542], [8.881305, 9.9656401], [8.8813225, 9.9656326], [8.8813415, 9.9656333], [8.8813583, 9.9656421], [8.8813696, 9.9656572], [8.8813701, 9.9656599], [8.8813824, 9.9656459], [8.8813999, 9.9656384], [8.8814189, 9.9656391], [8.8814357, 9.9656479], [8.881447, 9.965663], [8.8814505, 9.9656815], [8.8814455, 9.9656996], [8.8814331, 9.9657138], [8.8814156, 9.9657213], [8.8813975, 9.9657206], [8.8814052, 9.9657309], [8.8814087, 9.9657493], [8.8814037, 9.9657674], [8.8813913, 9.9657816], [8.8813738, 9.9657891], [8.8813548, 9.9657884], [8.881338, 9.9657796], [8.8813267, 9.9657645], [8.8813232, 9.965746], [8.8813282, 9.9657279], [8.8813396, 9.9657148], [8.8813382, 9.9657154], [8.8813192, 9.9657147], [8.8813024, 9.9657059], [8.8812911, 9.9656908], [8.8812876, 9.9656724]]]}}, {"type": "Feature", "properties": {"name": null, "name:en": null, "amenity": null, "building": "university", "operator:type": null, "capacity:persons": null, "addr:full": null, "addr:city": null, "source": null, "osm_id": 848569830, "osm_type": "ways_poly", "Analysis_Region": "North West"}, "geometry": {"type": "Polygon", "coordinates": [[[8.8809493, 9.9658457], [8.8811036, 9.9658443], [8.8811047, 9.9659732], [8.8809505, 9.9659745], [8.8809493, 9.9658457]]]}}, {"type": "Feature", "properties": {"name": "University of jos Faculty of arts", "name:en": null, "amenity": null, "building": "school", "operator:type": null, "capacity:persons": null, "addr:full": null, "addr:city": null, "source": null, "osm_id": 1225792974, "osm_type": "ways_poly", "Analysis_Region": "North West"}, "geometry": {"type": "Polygon", "coordinates": [[[8.884137, 9.9671407], [8.8843073, 9.9671057], [8.884356, 9.9673356], [8.8841857, 9.9673706], [8.884137, 9.9671407]]]}}, {"type": "Feature", "properties": {"name": null, "name:en": null, "amenity": null, "building": "university", "operator:type": null, "capacity:persons": null, "addr:full": null, "addr:city": null, "source": null, "osm_id": 599038658, "osm_type": "ways_poly", "Analysis_Region": "North West"}, "geometry": {"type": "Polygon", "coordinates": [[[4.5275199, 7.5195476], [4.5279096, 7.5194808], [4.5279361, 7.5196328], [4.5275464, 7.5196997], [4.5275199, 7.5195476]]]}}, {"type": "Feature", "properties": {"name": null, "name:en": null, "amenity": null, "building": "university", "operator:type": null, "capacity:persons": null, "addr:full": null, "addr:city": null, "source": null, "osm_id": 599038659, "osm_type": "ways_poly", "Analysis_Region": "North West"}, "geometry": {"type": "Polygon", "coordinates": [[[4.5272191, 7.5193788], [4.5275682, 7.5193248], [4.5275921, 7.519477], [4.527243, 7.5195309], [4.5272191, 7.5193788]]]}}, {"type": "Feature", "properties": {"name": null, "name:en": null, "amenity": null, "building": "university", "operator:type": null, "capacity:persons": null, "addr:full": null, "addr:city": null, "source": null, "osm_id": 599038673, "osm_type": "ways_poly", "Analysis_Region": "North West"}, "geometry": {"type": "Polygon", "coordinates": [[[4.5296855, 7.5154364], [4.5297983, 7.5154179], [4.5298072, 7.5154712], [4.5298913, 7.5154574], [4.5298874, 7.5154339], [4.5299119, 7.51543], [4.529907, 7.5154], [4.5299316, 7.5153961], [4.5299195, 7.5153213], [4.5300297, 7.5153038], [4.5300405, 7.5153705], [4.5300629, 7.515367], [4.5300665, 7.5153898], [4.5300952, 7.5153853], [4.5301004, 7.5154177], [4.5301702, 7.5154068], [4.5301612, 7.5153499], [4.5302923, 7.5153295], [4.5303211, 7.5155118], [4.530174, 7.5155346], [4.5301649, 7.5154771], [4.5301249, 7.5154834], [4.53013, 7.5155149], [4.5301109, 7.5155179], [4.5301151, 7.5155439], [4.5300752, 7.5155503], [4.5300834, 7.5156012], [4.5299593, 7.5156211], [4.529951, 7.5155703], [4.5299261, 7.5155744], [4.5299209, 7.5155428], [4.5299018, 7.5155459], [4.5298973, 7.5155187], [4.5298256, 7.5155304], [4.5298382, 7.5156066], [4.5297172, 7.5156264], [4.5296855, 7.5154364]]]}}, {"type": "Feature", "properties": {"name": "UBE Kalaring", "name:en": null, "amenity": "school", "building": "school", "operator:type": "government", "capacity:persons": null, "addr:full": null, "addr:city": "Gombe", "source": null, "osm_id": 1202456808, "osm_type": "ways_poly", "Analysis_Region": "North East"}, "geometry": {"type": "Polygon", "coordinates": [[[11.3085936, 9.8117196], [11.3087411, 9.8114916], [11.3087008, 9.8114223], [11.3089355, 9.8113364], [11.3092406, 9.8112604], [11.3094854, 9.8111778], [11.3095591, 9.8116403], [11.309767, 9.8122151], [11.3094887, 9.8123506], [11.3094351, 9.8125026], [11.3090361, 9.8126215], [11.3085936, 9.8117196]]]}}, {"type": "Feature", "properties": {"name": "class", "name:en": null, "amenity": null, "building": "university", "operator:type": null, "capacity:persons": null, "addr:full": null, "addr:city": null, "source": "microsoft/BuildingFootprints", "osm_id": 1245176641, "osm_type": "ways_poly", "Analysis_Region": "North West"}, "geometry": {"type": "Polygon", "coordinates": [[[7.4508821, 10.5154587], [7.451068, 10.5149948], [7.4512025, 10.5150487], [7.4511776, 10.5151109], [7.4511481, 10.5150991], [7.4510096, 10.5154447], [7.4510333, 10.5154542], [7.4510108, 10.5155103], [7.4508821, 10.5154587]]]}}, {"type": "Feature", "properties": {"name": "federal polytechnic kaltungo,", "name:en": null, "amenity": "college", "building": null, "operator:type": "government", "capacity:persons": null, "addr:full": null, "addr:city": "Gombe.", "source": null, "osm_id": 1202218519, "osm_type": "ways_poly", "Analysis_Region": "North East"}, "geometry": {"type": "Polygon", "coordinates": [[[11.2870774, 9.8268497], [11.2879222, 9.82644], [11.2882106, 9.8269884], [11.2885727, 9.8276161], [11.2889013, 9.8281513], [11.2891829, 9.8286931], [11.2883715, 9.8291291], [11.2876741, 9.8278936], [11.2872852, 9.8271602], [11.2870774, 9.8268497]]]}}, {"type": "Feature", "properties": {"name": null, "name:en": null, "amenity": null, "building": "school", "operator:type": null, "capacity:persons": null, "addr:full": null, "addr:city": null, "source": null, "osm_id": 527639374, "osm_type": "ways_poly", "Analysis_Region": "North West"}, "geometry": {"type": "Polygon", "coordinates": [[[8.546799, 11.956111], [8.546822, 11.9560753], [8.5468871, 11.9561154], [8.5468641, 11.9561511], [8.546799, 11.956111]]]}}, {"type": "Feature", "properties": {"name": null, "name:en": null, "amenity": null, "building": "school", "operator:type": null, "capacity:persons": null, "addr:full": null, "addr:city": null, "source": null, "osm_id": 527639375, "osm_type": "ways_poly", "Analysis_Region": "North West"}, "geometry": {"type": "Polygon", "coordinates": [[[8.5468363, 11.9560641], [8.5469171, 11.9559069], [8.5470198, 11.9559574], [8.5469389, 11.9561147], [8.5468363, 11.9560641]]]}}, {"type": "Feature", "properties": {"name": null, "name:en": null, "amenity": null, "building": "school", "operator:type": null, "capacity:persons": null, "addr:full": null, "addr:city": null, "source": null, "osm_id": 298563204, "osm_type": "ways_poly", "Analysis_Region": "North West"}, "geometry": {"type": "Polygon", "coordinates": [[[8.5419379, 11.9566663], [8.5419825, 11.9564896], [8.5420639, 11.9565092], [8.5420193, 11.9566859], [8.5419379, 11.9566663]]]}}, {"type": "Feature", "properties": {"name": null, "name:en": null, "amenity": null, "building": "school", "operator:type": null, "capacity:persons": null, "addr:full": null, "addr:city": null, "source": null, "osm_id": 527642625, "osm_type": "ways_poly", "Analysis_Region": "North West"}, "geometry": {"type": "Polygon", "coordinates": [[[8.5620269, 11.950583], [8.5620921, 11.9505168], [8.5622421, 11.9506423], [8.562288, 11.9506007], [8.5621391, 11.9504692], [8.5622193, 11.9503878], [8.5623721, 11.9505482], [8.5623844, 11.950609], [8.562209, 11.9507667], [8.5620269, 11.950583]]]}}, {"type": "Feature", "properties": {"name": null, "name:en": null, "amenity": null, "building": "school", "operator:type": null, "capacity:persons": null, "addr:full": null, "addr:city": null, "source": "Bing", "osm_id": 299040795, "osm_type": "ways_poly", "Analysis_Region": "North West"}, "geometry": {"type": "Polygon", "coordinates": [[[8.5599581, 11.9585333], [8.5599866, 11.9584954], [8.5600266, 11.9585241], [8.5599981, 11.958562], [8.5599581, 11.9585333]]]}}, {"type": "Feature", "properties": {"name": null, "name:en": null, "amenity": null, "building": "school", "operator:type": null, "capacity:persons": null, "addr:full": null, "addr:city": null, "source": null, "osm_id": 527533180, "osm_type": "ways_poly", "Analysis_Region": "North West"}, "geometry": {"type": "Polygon", "coordinates": [[[8.540446, 11.9505717], [8.540667, 11.9503962], [8.5407347, 11.9504768], [8.5405091, 11.95065], [8.540446, 11.9505717]]]}}, {"type": "Feature", "properties": {"name": null, "name:en": null, "amenity": null, "building": "school", "operator:type": null, "capacity:persons": null, "addr:full": null, "addr:city": null, "source": null, "osm_id": 527533181, "osm_type": "ways_poly", "Analysis_Region": "North West"}, "geometry": {"type": "Polygon", "coordinates": [[[8.5403197, 11.9505055], [8.5405779, 11.9503091], [8.5406399, 11.9503631], [8.5403738, 11.9505772], [8.5403197, 11.9505055]]]}}, {"type": "Feature", "properties": {"name": null, "name:en": null, "amenity": null, "building": "school", "operator:type": null, "capacity:persons": null, "addr:full": null, "addr:city": null, "source": null, "osm_id": 527533184, "osm_type": "ways_poly", "Analysis_Region": "North West"}, "geometry": {"type": "Polygon", "coordinates": [[[8.5400873, 11.9507099], [8.5401785, 11.9506429], [8.5402066, 11.9506823], [8.5401121, 11.9507486], [8.5400873, 11.9507099]]]}}, {"type": "Feature", "properties": {"name": null, "name:en": null, "amenity": null, "building": "school", "operator:type": null, "capacity:persons": null, "addr:full": null, "addr:city": null, "source": null, "osm_id": 527050717, "osm_type": "ways_poly", "Analysis_Region": "North West"}, "geometry": {"type": "Polygon", "coordinates": [[[8.5388433, 11.9498079], [8.5389572, 11.9497039], [8.5390711, 11.9498233], [8.5389572, 11.9499273], [8.5388433, 11.9498079]]]}}, {"type": "Feature", "properties": {"name": null, "name:en": null, "amenity": null, "building": "school", "operator:type": null, "capacity:persons": null, "addr:full": null, "addr:city": null, "source": null, "osm_id": 527561396, "osm_type": "ways_poly", "Analysis_Region": "North West"}, "geometry": {"type": "Polygon", "coordinates": [[[8.5556337, 11.9373328], [8.5557172, 11.9372611], [8.5557341, 11.9372864], [8.5556608, 11.9373548], [8.5556337, 11.9373328]]]}}, {"type": "Feature", "properties": {"name": null, "name:en": null, "amenity": null, "building": "school", "operator:type": null, "capacity:persons": null, "addr:full": null, "addr:city": null, "source": null, "osm_id": 527561398, "osm_type": "ways_poly", "Analysis_Region": "North West"}, "geometry": {"type": "Polygon", "coordinates": [[[8.5556632, 11.937365], [8.55569, 11.93734], [8.5557476, 11.9373873], [8.5558586, 11.9372954], [8.5558881, 11.9373322], [8.5557393, 11.9374542], [8.5556632, 11.937365]]]}}, {"type": "Feature", "properties": {"name": null, "name:en": null, "amenity": null, "building": "school", "operator:type": null, "capacity:persons": null, "addr:full": null, "addr:city": null, "source": null, "osm_id": 527053185, "osm_type": "ways_poly", "Analysis_Region": "North West"}, "geometry": {"type": "Polygon", "coordinates": [[[8.5396897, 11.9493745], [8.5397491, 11.9493249], [8.5398084, 11.9493939], [8.5397426, 11.9494427], [8.5396897, 11.9493745]]]}}, {"type": "Feature", "properties": {"name": null, "name:en": null, "amenity": null, "building": "school", "operator:type": null, "capacity:persons": null, "addr:full": null, "addr:city": null, "source": null, "osm_id": 289224465, "osm_type": "ways_poly", "Analysis_Region": "North West"}, "geometry": {"type": "Polygon", "coordinates": [[[8.5490868, 11.9714926], [8.5491418, 11.9714283], [8.5491284, 11.9714152], [8.5491773, 11.9713673], [8.5491921, 11.9713804], [8.5492136, 11.9713614], [8.5491908, 11.9713318], [8.5492813, 11.9712407], [8.5492954, 11.9712256], [8.5493208, 11.9712518], [8.5493463, 11.9712289], [8.5493369, 11.9712144], [8.5493772, 11.971177], [8.5493886, 11.9711895], [8.5494248, 11.9711541], [8.5496588, 11.971402], [8.5495569, 11.9714998], [8.549398, 11.9713371], [8.5492471, 11.9714794], [8.549408, 11.9716388], [8.5493162, 11.9717228], [8.5490868, 11.9714926]]]}}, {"type": "Feature", "properties": {"name": null, "name:en": null, "amenity": null, "building": "school", "operator:type": null, "capacity:persons": null, "addr:full": null, "addr:city": null, "source": null, "osm_id": 527457563, "osm_type": "ways_poly", "Analysis_Region": "North West"}, "geometry": {"type": "Polygon", "coordinates": [[[8.5537297, 11.9727104], [8.5538086, 11.9726643], [8.5539777, 11.9729514], [8.5541845, 11.9733082], [8.55411, 11.9733474], [8.5537297, 11.9727104]]]}}, {"type": "Feature", "properties": {"name": null, "name:en": null, "amenity": null, "building": "school", "operator:type": null, "capacity:persons": null, "addr:full": null, "addr:city": null, "source": null, "osm_id": 527457564, "osm_type": "ways_poly", "Analysis_Region": "North West"}, "geometry": {"type": "Polygon", "coordinates": [[[8.5536687, 11.9730725], [8.5537787, 11.9730197], [8.5538583, 11.9731774], [8.5537568, 11.9732312], [8.5537445, 11.9732052], [8.5537293, 11.9732126], [8.5537085, 11.9731783], [8.5537256, 11.9731672], [8.5536687, 11.9730725]]]}}, {"type": "Feature", "properties": {"name": null, "name:en": null, "amenity": null, "building": "school", "operator:type": null, "capacity:persons": null, "addr:full": null, "addr:city": null, "source": null, "osm_id": 527457562, "osm_type": "ways_poly", "Analysis_Region": "North West"}, "geometry": {"type": "Polygon", "coordinates": [[[8.5533971, 11.9736549], [8.5540419, 11.9732881], [8.5540858, 11.9733615], [8.5534419, 11.9737303], [8.5533971, 11.9736549]]]}}, {"type": "Feature", "properties": {"name": null, "name:en": null, "amenity": null, "building": "school", "operator:type": null, "capacity:persons": null, "addr:full": null, "addr:city": null, "source": null, "osm_id": 289620353, "osm_type": "ways_poly", "Analysis_Region": "North West"}, "geometry": {"type": "Polygon", "coordinates": [[[8.5619067, 11.9574873], [8.5619353, 11.9574299], [8.5619862, 11.9573278], [8.5620646, 11.9573652], [8.5619852, 11.9575247], [8.5619067, 11.9574873]]]}}, {"type": "Feature", "properties": {"name": "SCIENCE PROJECT PRI. SCHOOL, UNGUWA UKU", "name:en": null, "amenity": null, "building": "school", "operator:type": null, "capacity:persons": null, "addr:full": null, "addr:city": null, "source": null, "osm_id": 289620344, "osm_type": "ways_poly", "Analysis_Region": "North West"}, "geometry": {"type": "Polygon", "coordinates": [[[8.5621812, 11.9578813], [8.5623041, 11.9577217], [8.562363, 11.9577652], [8.5622402, 11.9579247], [8.5621812, 11.9578813]]]}}, {"type": "Feature", "properties": {"name": null, "name:en": null, "amenity": null, "building": "school", "operator:type": null, "capacity:persons": null, "addr:full": null, "addr:city": null, "source": null, "osm_id": 289648013, "osm_type": "ways_poly", "Analysis_Region": "North West"}, "geometry": {"type": "Polygon", "coordinates": [[[8.5554838, 11.9653451], [8.555486, 11.9652457], [8.5557122, 11.9652506], [8.5557842, 11.9652521], [8.555782, 11.9653408], [8.5554838, 11.9653451]]]}}, {"type": "Feature", "properties": {"name": null, "name:en": null, "amenity": null, "building": "school", "operator:type": null, "capacity:persons": null, "addr:full": null, "addr:city": null, "source": null, "osm_id": 527448499, "osm_type": "ways_poly", "Analysis_Region": "North West"}, "geometry": {"type": "Polygon", "coordinates": [[[8.5542653, 11.9430947], [8.5543482, 11.9429325], [8.5546194, 11.9430596], [8.5545962, 11.9430971], [8.5545843, 11.9431298], [8.5543793, 11.9430339], [8.5543355, 11.9431275], [8.5542653, 11.9430947]]]}}, {"type": "Feature", "properties": {"name": null, "name:en": null, "amenity": null, "building": "school", "operator:type": null, "capacity:persons": null, "addr:full": null, "addr:city": null, "source": null, "osm_id": 527448496, "osm_type": "ways_poly", "Analysis_Region": "North West"}, "geometry": {"type": "Polygon", "coordinates": [[[8.5545259, 11.9433182], [8.5546522, 11.9430788], [8.5547244, 11.9431119], [8.5546071, 11.9433513], [8.5545259, 11.9433182]]]}}, {"type": "Feature", "properties": {"name": "HAUSAWA MODELBOYS SEC SCHOOL", "name:en": null, "amenity": null, "building": "school", "operator:type": null, "capacity:persons": null, "addr:full": null, "addr:city": null, "source": null, "osm_id": 527018109, "osm_type": "ways_poly", "Analysis_Region": "North West"}, "geometry": {"type": "Polygon", "coordinates": [[[8.540148, 11.9657659], [8.5402757, 11.9656052], [8.5403461, 11.9656587], [8.5402185, 11.9658194], [8.540148, 11.9657659]]]}}, {"type": "Feature", "properties": {"name": "HAUSAWA MODELBOYS SEC SCHOOL", "name:en": null, "amenity": null, "building": "school", "operator:type": null, "capacity:persons": null, "addr:full": null, "addr:city": null, "source": null, "osm_id": 527031205, "osm_type": "ways_poly", "Analysis_Region": "North West"}, "geometry": {"type": "Polygon", "coordinates": [[[8.5400349, 11.9651387], [8.5401145, 11.9649574], [8.540208, 11.9649966], [8.5401284, 11.965178], [8.5400349, 11.9651387]]]}}, {"type": "Feature", "properties": {"name": "HAUSAWA MODELBOYS SEC SCHOOL", "name:en": null, "amenity": null, "building": "school", "operator:type": null, "capacity:persons": null, "addr:full": null, "addr:city": null, "source": null, "osm_id": 527028264, "osm_type": "ways_poly", "Analysis_Region": "North West"}, "geometry": {"type": "Polygon", "coordinates": [[[8.5396901, 11.9649775], [8.5398157, 11.9648241], [8.5398753, 11.9648708], [8.5397497, 11.9650243], [8.5396901, 11.9649775]]]}}, {"type": "Feature", "properties": {"name": null, "name:en": null, "amenity": null, "building": "school", "operator:type": null, "capacity:persons": null, "addr:full": null, "addr:city": null, "source": null, "osm_id": 527452795, "osm_type": "ways_poly", "Analysis_Region": "North West"}, "geometry": {"type": "Polygon", "coordinates": [[[8.5391886, 11.9813288], [8.539246, 11.9812516], [8.5393911, 11.9813803], [8.539321, 11.9814334], [8.5391886, 11.9813288]]]}}, {"type": "Feature", "properties": {"name": null, "name:en": null, "amenity": null, "building": "school", "operator:type": null, "capacity:persons": null, "addr:full": null, "addr:city": null, "source": null, "osm_id": 527452796, "osm_type": "ways_poly", "Analysis_Region": "North West"}, "geometry": {"type": "Polygon", "coordinates": [[[8.5393847, 11.9814521], [8.5394454, 11.9813912], [8.53949, 11.9814349], [8.5394238, 11.9814903], [8.5393847, 11.9814521]]]}}, {"type": "Feature", "properties": {"name": "HAUSAWA MODELBOYS SEC SCHOOL", "name:en": null, "amenity": null, "building": "school", "operator:type": null, "capacity:persons": null, "addr:full": null, "addr:city": null, "source": null, "osm_id": 527017637, "osm_type": "ways_poly", "Analysis_Region": "North West"}, "geometry": {"type": "Polygon", "coordinates": [[[8.5400035, 11.965952], [8.5401318, 11.9658004], [8.5402016, 11.965857], [8.5400733, 11.9660086], [8.5400035, 11.965952]]]}}, {"type": "Feature", "properties": {"name": "HAUSAWA MODELBOYS SEC SCHOOL", "name:en": null, "amenity": null, "building": "school", "operator:type": null, "capacity:persons": null, "addr:full": null, "addr:city": null, "source": null, "osm_id": 527024684, "osm_type": "ways_poly", "Analysis_Region": "North West"}, "geometry": {"type": "Polygon", "coordinates": [[[8.5401963, 11.9654597], [8.5402496, 11.9653982], [8.5404408, 11.9655566], [8.5403875, 11.9656182], [8.5401963, 11.9654597]]]}}, {"type": "Feature", "properties": {"name": "HAUSAWA MODELBOYS SEC SCHOOL", "name:en": null, "amenity": null, "building": "school", "operator:type": null, "capacity:persons": null, "addr:full": null, "addr:city": null, "source": null, "osm_id": 527028427, "osm_type": "ways_poly", "Analysis_Region": "North West"}, "geometry": {"type": "Polygon", "coordinates": [[[8.5398471, 11.964806], [8.5398955, 11.9647253], [8.5399439, 11.9646447], [8.5400092, 11.9646822], [8.5399124, 11.9648435], [8.5398471, 11.964806]]]}}, {"type": "Feature", "properties": {"name": null, "name:en": null, "amenity": null, "building": "school", "operator:type": null, "capacity:persons": null, "addr:full": null, "addr:city": null, "source": null, "osm_id": 527451434, "osm_type": "ways_poly", "Analysis_Region": "North West"}, "geometry": {"type": "Polygon", "coordinates": [[[8.5886085, 11.9615553], [8.5886367, 11.9614488], [8.5886801, 11.9614632], [8.5886457, 11.961568], [8.5886085, 11.9615553]]]}}, {"type": "Feature", "properties": {"name": "HAUSAWA MODELBOYS SEC SCHOOL", "name:en": null, "amenity": null, "building": "school", "operator:type": null, "capacity:persons": null, "addr:full": null, "addr:city": null, "source": null, "osm_id": 527024461, "osm_type": "ways_poly", "Analysis_Region": "North West"}, "geometry": {"type": "Polygon", "coordinates": [[[8.5390023, 11.9650334], [8.5390381, 11.9649915], [8.5390571, 11.965007], [8.539076, 11.964985], [8.5391663, 11.9650591], [8.5391059, 11.9651296], [8.5390174, 11.9650571], [8.5390207, 11.9650484], [8.5390023, 11.9650334]]]}}, {"type": "Feature", "properties": {"name": "HOTORO MARADI SPECIAL PRIMARY SCHOOL", "name:en": null, "amenity": null, "building": "school", "operator:type": null, "capacity:persons": null, "addr:full": null, "addr:city": null, "source": null, "osm_id": 527020939, "osm_type": "ways_poly", "Analysis_Region": "North West"}, "geometry": {"type": "Polygon", "coordinates": [[[8.5798869, 11.9604567], [8.5799372, 11.9602341], [8.5800255, 11.9602532], [8.5799752, 11.9604758], [8.5798869, 11.9604567]]]}}, {"type": "Feature", "properties": {"name": "HOTORO MARADI SPECIAL PRIMARY SCHOOL", "name:en": null, "amenity": null, "building": "school", "operator:type": null, "capacity:persons": null, "addr:full": null, "addr:city": null, "source": null, "osm_id": 527020497, "osm_type": "ways_poly", "Analysis_Region": "North West"}, "geometry": {"type": "Polygon", "coordinates": [[[8.5795056, 11.9604158], [8.5795284, 11.9603428], [8.5798492, 11.960439], [8.5798264, 11.960512], [8.5795056, 11.9604158]]]}}, {"type": "Feature", "properties": {"name": "HOTORO MARADI SPECIAL PRIMARY SCHOOL", "name:en": null, "amenity": null, "building": "school", "operator:type": null, "capacity:persons": null, "addr:full": null, "addr:city": null, "source": null, "osm_id": 527041708, "osm_type": "ways_poly", "Analysis_Region": "North West"}, "geometry": {"type": "Polygon", "coordinates": [[[8.5795337, 11.9601608], [8.5795652, 11.9600189], [8.5796335, 11.9600334], [8.5796019, 11.9601753], [8.5795337, 11.9601608]]]}}, {"type": "Feature", "properties": {"name": "HOTORO MARADI SPECIAL PRIMARY SCHOOL", "name:en": null, "amenity": null, "building": "school", "operator:type": null, "capacity:persons": null, "addr:full": null, "addr:city": null, "source": null, "osm_id": 527038717, "osm_type": "ways_poly", "Analysis_Region": "North West"}, "geometry": {"type": "Polygon", "coordinates": [[[8.5800971, 11.9604254], [8.580119, 11.9603466], [8.5803147, 11.9603987], [8.5802929, 11.9604774], [8.5800971, 11.9604254]]]}}, {"type": "Feature", "properties": {"name": "HOTORO MARADI SPECIAL PRIMARY SCHOOL", "name:en": null, "amenity": null, "building": "school", "operator:type": null, "capacity:persons": null, "addr:full": null, "addr:city": null, "source": null, "osm_id": 527041007, "osm_type": "ways_poly", "Analysis_Region": "North West"}, "geometry": {"type": "Polygon", "coordinates": [[[8.5796217, 11.9601176], [8.5796421, 11.9600375], [8.5798404, 11.9600858], [8.5798201, 11.9601659], [8.5796217, 11.9601176]]]}}, {"type": "Feature", "properties": {"name": "LIVING STONE SCHOOL", "name:en": null, "amenity": null, "building": "school", "operator:type": null, "capacity:persons": null, "addr:full": null, "addr:city": null, "source": null, "osm_id": 527435773, "osm_type": "ways_poly", "Analysis_Region": "North West"}, "geometry": {"type": "Polygon", "coordinates": [[[8.5362321, 11.9616298], [8.5363136, 11.9615315], [8.5364066, 11.9616131], [8.53638, 11.9616409], [8.5363952, 11.9616512], [8.5363326, 11.961717], [8.5362321, 11.9616298]]]}}, {"type": "Feature", "properties": {"name": "LIVING STONE SCHOOL", "name:en": null, "amenity": null, "building": "school", "operator:type": null, "capacity:persons": null, "addr:full": null, "addr:city": null, "source": null, "osm_id": 527435776, "osm_type": "ways_poly", "Analysis_Region": "North West"}, "geometry": {"type": "Polygon", "coordinates": [[[8.536193, 11.9616041], [8.5362119, 11.9615772], [8.5362432, 11.9616001], [8.5362195, 11.9616289], [8.536193, 11.9616041]]]}}, {"type": "Feature", "properties": {"name": "LIVING STONE SCHOOL", "name:en": null, "amenity": null, "building": "school", "operator:type": null, "capacity:persons": null, "addr:full": null, "addr:city": null, "source": null, "osm_id": 527435774, "osm_type": "ways_poly", "Analysis_Region": "North West"}, "geometry": {"type": "Polygon", "coordinates": [[[8.5362017, 11.9614202], [8.5362264, 11.9613997], [8.5362093, 11.9613849], [8.5362748, 11.9613237], [8.536381, 11.9614137], [8.5362966, 11.9615064], [8.5362017, 11.9614202]]]}}, {"type": "Feature", "properties": {"name": "LIVING STONE SCHOOL", "name:en": null, "amenity": null, "building": "school", "operator:type": null, "capacity:persons": null, "addr:full": null, "addr:city": null, "source": null, "osm_id": 527435771, "osm_type": "ways_poly", "Analysis_Region": "North West"}, "geometry": {"type": "Polygon", "coordinates": [[[8.5361471, 11.96174], [8.5362348, 11.9616432], [8.5363114, 11.9617088], [8.5362875, 11.9617431], [8.536305, 11.9617509], [8.5362412, 11.9618164], [8.5361471, 11.96174]]]}}, {"type": "Feature", "properties": {"name": "LIVING STONE SCHOOL", "name:en": null, "amenity": null, "building": "school", "operator:type": null, "capacity:persons": null, "addr:full": null, "addr:city": null, "source": null, "osm_id": 527435772, "osm_type": "ways_poly", "Analysis_Region": "North West"}, "geometry": {"type": "Polygon", "coordinates": [[[8.5360879, 11.9615027], [8.5361771, 11.9614137], [8.5362738, 11.9615009], [8.5361923, 11.9615927], [8.5360879, 11.9615027]]]}}, {"type": "Feature", "properties": {"name": "No.1 Primary School", "name:en": null, "amenity": "school", "building": "yes", "operator:type": null, "capacity:persons": null, "addr:full": null, "addr:city": null, "source": null, "osm_id": 247227233, "osm_type": "ways_poly", "Analysis_Region": "North West"}, "geometry": {"type": "Polygon", "coordinates": [[[5.9900633, 7.9901073], [5.9900687, 7.9900011], [5.9900848, 7.9890661], [5.9900901, 7.9884605], [5.9910343, 7.9883808], [5.9909806, 7.989268], [5.9910182, 7.9900648], [5.9900633, 7.9901073]]]}}, {"type": "Feature", "properties": {"name": "Zubairiyya", "name:en": null, "amenity": "school", "building": "yes", "operator:type": null, "capacity:persons": null, "addr:full": null, "addr:city": "Kano", "source": null, "osm_id": 247222018, "osm_type": "ways_poly", "Analysis_Region": "North West"}, "geometry": {"type": "Polygon", "coordinates": [[[8.5129373, 11.9881315], [8.5129598, 11.9880492], [8.5129617, 11.9880474], [8.5132759, 11.9880931], [8.5132385, 11.9881608], [8.5131712, 11.988245], [8.5130739, 11.9883127], [8.512971, 11.9882175], [8.5129373, 11.9881315]]]}}, {"type": "Feature", "properties": {"name": "Makarantar Galadima", "name:en": null, "amenity": "school", "building": "yes", "operator:type": null, "capacity:persons": null, "addr:full": null, "addr:city": "Kano", "source": null, "osm_id": 247220200, "osm_type": "ways_poly", "Analysis_Region": "North West"}, "geometry": {"type": "Polygon", "coordinates": [[[8.5135422, 11.9890503], [8.5135883, 11.9885999], [8.513718, 11.9881599], [8.5139884, 11.9881519], [8.5140274, 11.9883447], [8.5140274, 11.9884562], [8.513946, 11.9884593], [8.5139476, 11.9887365], [8.5140193, 11.9887317], [8.5140193, 11.9888066], [8.5142163, 11.9888273], [8.5141789, 11.9891363], [8.5136529, 11.9891156], [8.513648, 11.9891427], [8.5135666, 11.9891347], [8.5135731, 11.9890519], [8.5135422, 11.9890503]]]}}, {"type": "Feature", "properties": {"name": null, "name:en": null, "amenity": null, "building": "school", "operator:type": null, "capacity:persons": null, "addr:full": null, "addr:city": null, "source": null, "osm_id": 527048562, "osm_type": "ways_poly", "Analysis_Region": "North West"}, "geometry": {"type": "Polygon", "coordinates": [[[8.5443901, 11.9677891], [8.5445198, 11.967531], [8.5445738, 11.967557], [8.5444442, 11.9678151], [8.5443901, 11.9677891]]]}}, {"type": "Feature", "properties": {"name": null, "name:en": null, "amenity": null, "building": "school", "operator:type": null, "capacity:persons": null, "addr:full": null, "addr:city": null, "source": null, "osm_id": 298819896, "osm_type": "ways_poly", "Analysis_Region": "North West"}, "geometry": {"type": "Polygon", "coordinates": [[[8.5601478, 11.9499692], [8.5602052, 11.9499127], [8.5604868, 11.9501867], [8.5604294, 11.9502432], [8.5601478, 11.9499692]]]}}, {"type": "Feature", "properties": {"name": null, "name:en": null, "amenity": null, "building": "school", "operator:type": null, "capacity:persons": null, "addr:full": null, "addr:city": null, "source": null, "osm_id": 298819845, "osm_type": "ways_poly", "Analysis_Region": "North West"}, "geometry": {"type": "Polygon", "coordinates": [[[8.5602837, 11.949814], [8.5603402, 11.9497556], [8.5606348, 11.9500279], [8.5605783, 11.9500864], [8.5602837, 11.949814]]]}}, {"type": "Feature", "properties": {"name": null, "name:en": null, "amenity": null, "building": "school", "operator:type": null, "capacity:persons": null, "addr:full": null, "addr:city": null, "source": null, "osm_id": 527048665, "osm_type": "ways_poly", "Analysis_Region": "North West"}, "geometry": {"type": "Polygon", "coordinates": [[[8.5445353, 11.9675229], [8.5446535, 11.9672818], [8.5446997, 11.9673035], [8.5445816, 11.9675446], [8.5445353, 11.9675229]]]}}, {"type": "Feature", "properties": {"name": null, "name:en": null, "amenity": null, "building": "school", "operator:type": null, "capacity:persons": null, "addr:full": null, "addr:city": null, "source": null, "osm_id": 527046892, "osm_type": "ways_poly", "Analysis_Region": "North West"}, "geometry": {"type": "Polygon", "coordinates": [[[8.5448465, 11.9674367], [8.5448787, 11.9673724], [8.545218, 11.9675469], [8.545171, 11.9676059], [8.5448465, 11.9674367]]]}}, {"type": "Feature", "properties": {"name": null, "name:en": null, "amenity": null, "building": "school", "operator:type": null, "capacity:persons": null, "addr:full": null, "addr:city": null, "source": null, "osm_id": 298819248, "osm_type": "ways_poly", "Analysis_Region": "North West"}, "geometry": {"type": "Polygon", "coordinates": [[[8.5597844, 11.9493809], [8.5600207, 11.9491497], [8.5600766, 11.9492043], [8.5598402, 11.9494355], [8.5597844, 11.9493809]]]}}, {"type": "Feature", "properties": {"name": null, "name:en": null, "amenity": null, "building": "school", "operator:type": null, "capacity:persons": null, "addr:full": null, "addr:city": null, "source": null, "osm_id": 298819908, "osm_type": "ways_poly", "Analysis_Region": "North West"}, "geometry": {"type": "Polygon", "coordinates": [[[8.5602028, 11.9498694], [8.560255, 11.9498174], [8.5603407, 11.9498998], [8.5602886, 11.9499518], [8.5602028, 11.9498694]]]}}, {"type": "Feature", "properties": {"name": null, "name:en": null, "amenity": null, "building": "school", "operator:type": null, "capacity:persons": null, "addr:full": null, "addr:city": null, "source": null, "osm_id": 298819550, "osm_type": "ways_poly", "Analysis_Region": "North West"}, "geometry": {"type": "Polygon", "coordinates": [[[8.5642183, 11.9476987], [8.5642536, 11.9476568], [8.5643095, 11.9477019], [8.5642741, 11.9477438], [8.5642183, 11.9476987]]]}}, {"type": "Feature", "properties": {"name": null, "name:en": null, "amenity": null, "building": "school", "operator:type": null, "capacity:persons": null, "addr:full": null, "addr:city": null, "source": null, "osm_id": 298819904, "osm_type": "ways_poly", "Analysis_Region": "North West"}, "geometry": {"type": "Polygon", "coordinates": [[[8.5641674, 11.9487747], [8.5641959, 11.9487444], [8.5642382, 11.9487824], [8.5642097, 11.9488128], [8.5641674, 11.9487747]]]}}, {"type": "Feature", "properties": {"name": null, "name:en": null, "amenity": null, "building": "school", "operator:type": null, "capacity:persons": null, "addr:full": null, "addr:city": null, "source": null, "osm_id": 298819968, "osm_type": "ways_poly", "Analysis_Region": "North West"}, "geometry": {"type": "Polygon", "coordinates": [[[8.5642897, 11.9484723], [8.5643206, 11.9484028], [8.5643777, 11.9484271], [8.5643468, 11.9484966], [8.5642897, 11.9484723]]]}}, {"type": "Feature", "properties": {"name": null, "name:en": null, "amenity": null, "building": "school", "operator:type": null, "capacity:persons": null, "addr:full": null, "addr:city": null, "source": null, "osm_id": 298820708, "osm_type": "ways_poly", "Analysis_Region": "North West"}, "geometry": {"type": "Polygon", "coordinates": [[[8.5628738, 11.9476684], [8.562981, 11.9475658], [8.5630188, 11.9476036], [8.5629116, 11.9477062], [8.5628738, 11.9476684]]]}}, {"type": "Feature", "properties": {"name": null, "name:en": null, "amenity": null, "building": "school", "operator:type": null, "capacity:persons": null, "addr:full": null, "addr:city": null, "source": null, "osm_id": 298819030, "osm_type": "ways_poly", "Analysis_Region": "North West"}, "geometry": {"type": "Polygon", "coordinates": [[[8.5636191, 11.9474874], [8.5638223, 11.947295], [8.5638918, 11.9473652], [8.5636886, 11.9475576], [8.5636191, 11.9474874]]]}}, {"type": "Feature", "properties": {"name": null, "name:en": null, "amenity": null, "building": "school", "operator:type": null, "capacity:persons": null, "addr:full": null, "addr:city": null, "source": null, "osm_id": 298819335, "osm_type": "ways_poly", "Analysis_Region": "North West"}, "geometry": {"type": "Polygon", "coordinates": [[[8.5649336, 11.9467608], [8.5650343, 11.9465615], [8.5651665, 11.9466255], [8.5650658, 11.9468248], [8.5649336, 11.9467608]]]}}, {"type": "Feature", "properties": {"name": null, "name:en": null, "amenity": null, "building": "school", "operator:type": null, "capacity:persons": null, "addr:full": null, "addr:city": null, "source": null, "osm_id": 298819040, "osm_type": "ways_poly", "Analysis_Region": "North West"}, "geometry": {"type": "Polygon", "coordinates": [[[8.5590706, 11.948727], [8.5591493, 11.9486469], [8.559274, 11.9487641], [8.5591952, 11.9488442], [8.5590706, 11.948727]]]}}, {"type": "Feature", "properties": {"name": null, "name:en": null, "amenity": null, "building": "school", "operator:type": null, "capacity:persons": null, "addr:full": null, "addr:city": null, "source": null, "osm_id": 298819173, "osm_type": "ways_poly", "Analysis_Region": "North West"}, "geometry": {"type": "Polygon", "coordinates": [[[8.5590427, 11.948524], [8.5591156, 11.9484479], [8.5591736, 11.9485012], [8.5591008, 11.9485772], [8.5590427, 11.948524]]]}}, {"type": "Feature", "properties": {"name": null, "name:en": null, "amenity": null, "building": "school", "operator:type": null, "capacity:persons": null, "addr:full": null, "addr:city": null, "source": null, "osm_id": 298819829, "osm_type": "ways_poly", "Analysis_Region": "North West"}, "geometry": {"type": "Polygon", "coordinates": [[[8.5604505, 11.9501038], [8.5604991, 11.9500542], [8.5605784, 11.9501287], [8.5605298, 11.9501782], [8.5604505, 11.9501038]]]}}, {"type": "Feature", "properties": {"name": null, "name:en": null, "amenity": null, "building": "school", "operator:type": null, "capacity:persons": null, "addr:full": null, "addr:city": null, "source": null, "osm_id": 298819645, "osm_type": "ways_poly", "Analysis_Region": "North West"}, "geometry": {"type": "Polygon", "coordinates": [[[8.5621413, 11.9483864], [8.5622366, 11.9482897], [8.5623289, 11.9483768], [8.5622335, 11.9484735], [8.5621413, 11.9483864]]]}}, {"type": "Feature", "properties": {"name": null, "name:en": null, "amenity": null, "building": "school", "operator:type": null, "capacity:persons": null, "addr:full": null, "addr:city": null, "source": null, "osm_id": 298819715, "osm_type": "ways_poly", "Analysis_Region": "North West"}, "geometry": {"type": "Polygon", "coordinates": [[[8.5629755, 11.947761], [8.5630508, 11.9476689], [8.5631479, 11.9477449], [8.5630726, 11.947837], [8.5629755, 11.947761]]]}}, {"type": "Feature", "properties": {"name": null, "name:en": null, "amenity": null, "building": "school", "operator:type": null, "capacity:persons": null, "addr:full": null, "addr:city": null, "source": null, "osm_id": 298819733, "osm_type": "ways_poly", "Analysis_Region": "North West"}, "geometry": {"type": "Polygon", "coordinates": [[[8.5619914, 11.9482271], [8.5620828, 11.9481376], [8.5621702, 11.9482232], [8.5620788, 11.9483126], [8.5619914, 11.9482271]]]}}, {"type": "Feature", "properties": {"name": null, "name:en": null, "amenity": null, "building": "school", "operator:type": null, "capacity:persons": null, "addr:full": null, "addr:city": null, "source": null, "osm_id": 298819807, "osm_type": "ways_poly", "Analysis_Region": "North West"}, "geometry": {"type": "Polygon", "coordinates": [[[8.562494, 11.94752], [8.562549, 11.9474662], [8.5627821, 11.9476942], [8.5627271, 11.9477481], [8.562494, 11.94752]]]}}, {"type": "Feature", "properties": {"name": null, "name:en": null, "amenity": null, "building": "school", "operator:type": null, "capacity:persons": null, "addr:full": null, "addr:city": null, "source": null, "osm_id": 298820709, "osm_type": "ways_poly", "Analysis_Region": "North West"}, "geometry": {"type": "Polygon", "coordinates": [[[8.5624286, 11.9476627], [8.5625058, 11.9475952], [8.562573, 11.947669], [8.5624958, 11.9477364], [8.5624286, 11.9476627]]]}}, {"type": "Feature", "properties": {"name": null, "name:en": null, "amenity": null, "building": "school", "operator:type": null, "capacity:persons": null, "addr:full": null, "addr:city": null, "source": null, "osm_id": 298819330, "osm_type": "ways_poly", "Analysis_Region": "North West"}, "geometry": {"type": "Polygon", "coordinates": [[[8.5616943, 11.9472603], [8.5620925, 11.9468834], [8.5621496, 11.9469411], [8.5617514, 11.947318], [8.5616943, 11.9472603]]]}}, {"type": "Feature", "properties": {"name": null, "name:en": null, "amenity": null, "building": "school", "operator:type": null, "capacity:persons": null, "addr:full": null, "addr:city": null, "source": null, "osm_id": 298819347, "osm_type": "ways_poly", "Analysis_Region": "North West"}, "geometry": {"type": "Polygon", "coordinates": [[[8.5620051, 11.9474503], [8.5623904, 11.9470671], [8.5624591, 11.9471332], [8.5620738, 11.9475164], [8.5620051, 11.9474503]]]}}, {"type": "Feature", "properties": {"name": null, "name:en": null, "amenity": null, "building": "school", "operator:type": null, "capacity:persons": null, "addr:full": null, "addr:city": null, "source": null, "osm_id": 298819357, "osm_type": "ways_poly", "Analysis_Region": "North West"}, "geometry": {"type": "Polygon", "coordinates": [[[8.5633183, 11.9468322], [8.5634705, 11.9466833], [8.5635061, 11.9467181], [8.5633539, 11.946867], [8.5633183, 11.9468322]]]}}, {"type": "Feature", "properties": {"name": null, "name:en": null, "amenity": null, "building": "school", "operator:type": null, "capacity:persons": null, "addr:full": null, "addr:city": null, "source": null, "osm_id": 298819455, "osm_type": "ways_poly", "Analysis_Region": "North West"}, "geometry": {"type": "Polygon", "coordinates": [[[8.5633232, 11.9467166], [8.5633766, 11.946658], [8.5634098, 11.9466869], [8.5633564, 11.9467455], [8.5633232, 11.9467166]]]}}, {"type": "Feature", "properties": {"name": null, "name:en": null, "amenity": null, "building": "school", "operator:type": null, "capacity:persons": null, "addr:full": null, "addr:city": null, "source": null, "osm_id": 298819534, "osm_type": "ways_poly", "Analysis_Region": "North West"}, "geometry": {"type": "Polygon", "coordinates": [[[8.5641007, 11.9475309], [8.5641662, 11.9474375], [8.5642165, 11.9474712], [8.5641509, 11.9475647], [8.5641007, 11.9475309]]]}}, {"type": "Feature", "properties": {"name": null, "name:en": null, "amenity": null, "building": "school", "operator:type": null, "capacity:persons": null, "addr:full": null, "addr:city": null, "source": null, "osm_id": 298819626, "osm_type": "ways_poly", "Analysis_Region": "North West"}, "geometry": {"type": "Polygon", "coordinates": [[[8.5639154, 11.9475478], [8.5640692, 11.9473879], [8.5641144, 11.9474296], [8.5639607, 11.9475895], [8.5639154, 11.9475478]]]}}, {"type": "Feature", "properties": {"name": null, "name:en": null, "amenity": null, "building": "school", "operator:type": null, "capacity:persons": null, "addr:full": null, "addr:city": null, "source": null, "osm_id": 298819739, "osm_type": "ways_poly", "Analysis_Region": "North West"}, "geometry": {"type": "Polygon", "coordinates": [[[8.5636682, 11.9463867], [8.5637281, 11.9463289], [8.5637635, 11.946364], [8.5637036, 11.9464218], [8.5636682, 11.9463867]]]}}, {"type": "Feature", "properties": {"name": null, "name:en": null, "amenity": null, "building": "school", "operator:type": null, "capacity:persons": null, "addr:full": null, "addr:city": null, "source": null, "osm_id": 298819898, "osm_type": "ways_poly", "Analysis_Region": "North West"}, "geometry": {"type": "Polygon", "coordinates": [[[8.5635118, 11.9464163], [8.5635603, 11.9463593], [8.5636081, 11.9463982], [8.5635595, 11.9464553], [8.5635118, 11.9464163]]]}}, {"type": "Feature", "properties": {"name": null, "name:en": null, "amenity": null, "building": "school", "operator:type": null, "capacity:persons": null, "addr:full": null, "addr:city": null, "source": null, "osm_id": 298819918, "osm_type": "ways_poly", "Analysis_Region": "North West"}, "geometry": {"type": "Polygon", "coordinates": [[[8.5641272, 11.9488104], [8.5641575, 11.9487808], [8.5642571, 11.9488782], [8.5642268, 11.9489079], [8.5641272, 11.9488104]]]}}, {"type": "Feature", "properties": {"name": null, "name:en": null, "amenity": null, "building": "school", "operator:type": null, "capacity:persons": null, "addr:full": null, "addr:city": null, "source": null, "osm_id": 298819987, "osm_type": "ways_poly", "Analysis_Region": "North West"}, "geometry": {"type": "Polygon", "coordinates": [[[8.5642035, 11.9487344], [8.5642359, 11.9487007], [8.5643343, 11.9487914], [8.5643019, 11.9488251], [8.5642035, 11.9487344]]]}}, {"type": "Feature", "properties": {"name": null, "name:en": null, "amenity": null, "building": "school", "operator:type": null, "capacity:persons": null, "addr:full": null, "addr:city": null, "source": null, "osm_id": 298819046, "osm_type": "ways_poly", "Analysis_Region": "North West"}, "geometry": {"type": "Polygon", "coordinates": [[[8.5638278, 11.9472237], [8.5638668, 11.9471643], [8.5639299, 11.9472039], [8.563891, 11.9472633], [8.5638278, 11.9472237]]]}}, {"type": "Feature", "properties": {"name": null, "name:en": null, "amenity": null, "building": "school", "operator:type": null, "capacity:persons": null, "addr:full": null, "addr:city": null, "source": null, "osm_id": 298819376, "osm_type": "ways_poly", "Analysis_Region": "North West"}, "geometry": {"type": "Polygon", "coordinates": [[[8.5634815, 11.9465566], [8.5635317, 11.9464964], [8.5635773, 11.9465329], [8.5635271, 11.946593], [8.5634815, 11.9465566]]]}}, {"type": "Feature", "properties": {"name": null, "name:en": null, "amenity": null, "building": "school", "operator:type": null, "capacity:persons": null, "addr:full": null, "addr:city": null, "source": null, "osm_id": 298819113, "osm_type": "ways_poly", "Analysis_Region": "North West"}, "geometry": {"type": "Polygon", "coordinates": [[[8.5638927, 11.9467518], [8.5639469, 11.9466797], [8.5639928, 11.9467128], [8.5639386, 11.9467848], [8.5638927, 11.9467518]]]}}, {"type": "Feature", "properties": {"name": null, "name:en": null, "amenity": null, "building": "school", "operator:type": null, "capacity:persons": null, "addr:full": null, "addr:city": null, "source": null, "osm_id": 298819137, "osm_type": "ways_poly", "Analysis_Region": "North West"}, "geometry": {"type": "Polygon", "coordinates": [[[8.5633609, 11.9472427], [8.5635641, 11.9470281], [8.563643, 11.9470996], [8.5634399, 11.9473142], [8.5633609, 11.9472427]]]}}, {"type": "Feature", "properties": {"name": null, "name:en": null, "amenity": null, "building": "school", "operator:type": null, "capacity:persons": null, "addr:full": null, "addr:city": null, "source": null, "osm_id": 527046899, "osm_type": "ways_poly", "Analysis_Region": "North West"}, "geometry": {"type": "Polygon", "coordinates": [[[8.5460745, 11.9681471], [8.5461111, 11.9681013], [8.5462839, 11.9681769], [8.5462473, 11.9682246], [8.5460745, 11.9681471]]]}}, {"type": "Feature", "properties": {"name": null, "name:en": null, "amenity": null, "building": "school", "operator:type": null, "capacity:persons": null, "addr:full": null, "addr:city": null, "source": null, "osm_id": 298776887, "osm_type": "ways_poly", "Analysis_Region": "North West"}, "geometry": {"type": "Polygon", "coordinates": [[[8.5659369, 11.941995], [8.5659903, 11.941851], [8.5660772, 11.9418819], [8.5660238, 11.9420258], [8.5659369, 11.941995]]]}}, {"type": "Feature", "properties": {"name": null, "name:en": null, "amenity": null, "building": "school", "operator:type": null, "capacity:persons": null, "addr:full": null, "addr:city": null, "source": null, "osm_id": 527047000, "osm_type": "ways_poly", "Analysis_Region": "North West"}, "geometry": {"type": "Polygon", "coordinates": [[[8.5564552, 11.9395634], [8.5565837, 11.9394478], [8.5566342, 11.9395015], [8.5565056, 11.9396171], [8.5564552, 11.9395634]]]}}, {"type": "Feature", "properties": {"name": null, "name:en": null, "amenity": null, "building": "school", "operator:type": null, "capacity:persons": null, "addr:full": null, "addr:city": null, "source": null, "osm_id": 527046999, "osm_type": "ways_poly", "Analysis_Region": "North West"}, "geometry": {"type": "Polygon", "coordinates": [[[8.5565009, 11.9396738], [8.5565236, 11.9396151], [8.5566152, 11.939649], [8.5565925, 11.9397077], [8.5565009, 11.9396738]]]}}, {"type": "Feature", "properties": {"name": null, "name:en": null, "amenity": null, "building": "school", "operator:type": null, "capacity:persons": null, "addr:full": null, "addr:city": null, "source": null, "osm_id": 298776439, "osm_type": "ways_poly", "Analysis_Region": "North West"}, "geometry": {"type": "Polygon", "coordinates": [[[8.5658448, 11.9421729], [8.5659111, 11.9420305], [8.5659753, 11.9420591], [8.565909, 11.9422015], [8.5658448, 11.9421729]]]}}, {"type": "Feature", "properties": {"name": null, "name:en": null, "amenity": null, "building": "school", "operator:type": null, "capacity:persons": null, "addr:full": null, "addr:city": null, "source": null, "osm_id": 298776402, "osm_type": "ways_poly", "Analysis_Region": "North West"}, "geometry": {"type": "Polygon", "coordinates": [[[8.5660286, 11.941792], [8.5660803, 11.9416449], [8.56615, 11.9416683], [8.5660982, 11.9418155], [8.5660286, 11.941792]]]}}, {"type": "Feature", "properties": {"name": null, "name:en": null, "amenity": null, "building": "school", "operator:type": null, "capacity:persons": null, "addr:full": null, "addr:city": null, "source": null, "osm_id": 527047336, "osm_type": "ways_poly", "Analysis_Region": "North West"}, "geometry": {"type": "Polygon", "coordinates": [[[8.5707364, 11.9618453], [8.5707527, 11.9618121], [8.5707879, 11.9618234], [8.570817, 11.9618327], [8.5707994, 11.9618704], [8.5707364, 11.9618453]]]}}, {"type": "Feature", "properties": {"name": null, "name:en": null, "amenity": null, "building": "school", "operator:type": null, "capacity:persons": null, "addr:full": null, "addr:city": null, "source": null, "osm_id": 298776619, "osm_type": "ways_poly", "Analysis_Region": "North West"}, "geometry": {"type": "Polygon", "coordinates": [[[8.565529, 11.9415354], [8.5655452, 11.9414625], [8.5657231, 11.9415005], [8.5657069, 11.9415734], [8.565529, 11.9415354]]]}}, {"type": "Feature", "properties": {"name": null, "name:en": null, "amenity": null, "building": "school", "operator:type": null, "capacity:persons": null, "addr:full": null, "addr:city": null, "source": null, "osm_id": 527047680, "osm_type": "ways_poly", "Analysis_Region": "North West"}, "geometry": {"type": "Polygon", "coordinates": [[[8.5387923, 11.949242], [8.5388443, 11.9491439], [8.5389175, 11.9491811], [8.5388656, 11.9492792], [8.5387923, 11.949242]]]}}, {"type": "Feature", "properties": {"name": null, "name:en": null, "amenity": null, "building": "school", "operator:type": null, "capacity:persons": null, "addr:full": null, "addr:city": null, "source": null, "osm_id": 527047681, "osm_type": "ways_poly", "Analysis_Region": "North West"}, "geometry": {"type": "Polygon", "coordinates": [[[8.5388026, 11.9495073], [8.5388874, 11.9493019], [8.5389678, 11.9493337], [8.5388829, 11.9495391], [8.5388026, 11.9495073]]]}}, {"type": "Feature", "properties": {"name": null, "name:en": null, "amenity": null, "building": "school", "operator:type": null, "capacity:persons": null, "addr:full": null, "addr:city": null, "source": null, "osm_id": 527047682, "osm_type": "ways_poly", "Analysis_Region": "North West"}, "geometry": {"type": "Polygon", "coordinates": [[[8.5389836, 11.9494796], [8.5391489, 11.9493349], [8.5392056, 11.9493969], [8.5390403, 11.9495415], [8.5389836, 11.9494796]]]}}, {"type": "Feature", "properties": {"name": null, "name:en": null, "amenity": null, "building": "school", "operator:type": null, "capacity:persons": null, "addr:full": null, "addr:city": null, "source": null, "osm_id": 527047684, "osm_type": "ways_poly", "Analysis_Region": "North West"}, "geometry": {"type": "Polygon", "coordinates": [[[8.5390713, 11.9492484], [8.5391176, 11.9491835], [8.5392346, 11.9492623], [8.5391885, 11.9493277], [8.5390713, 11.9492484]]]}}, {"type": "Feature", "properties": {"name": null, "name:en": null, "amenity": null, "building": "school", "operator:type": null, "capacity:persons": null, "addr:full": null, "addr:city": null, "source": null, "osm_id": 527047685, "osm_type": "ways_poly", "Analysis_Region": "North West"}, "geometry": {"type": "Polygon", "coordinates": [[[8.5392038, 11.9493339], [8.5392483, 11.9492687], [8.539487, 11.9494246], [8.5394425, 11.9494898], [8.5392038, 11.9493339]]]}}, {"type": "Feature", "properties": {"name": null, "name:en": null, "amenity": null, "building": "school", "operator:type": null, "capacity:persons": null, "addr:full": null, "addr:city": null, "source": null, "osm_id": 527047687, "osm_type": "ways_poly", "Analysis_Region": "North West"}, "geometry": {"type": "Polygon", "coordinates": [[[8.538322, 11.9498394], [8.5383708, 11.9498096], [8.53845, 11.9499438], [8.5384073, 11.9499756], [8.538322, 11.9498394]]]}}, {"type": "Feature", "properties": {"name": null, "name:en": null, "amenity": null, "building": "school", "operator:type": null, "capacity:persons": null, "addr:full": null, "addr:city": null, "source": null, "osm_id": 527047683, "osm_type": "ways_poly", "Analysis_Region": "North West"}, "geometry": {"type": "Polygon", "coordinates": [[[8.5389358, 11.9491736], [8.5389751, 11.9491054], [8.5391106, 11.9491802], [8.5390713, 11.9492484], [8.5389358, 11.9491736]]]}}, {"type": "Feature", "properties": {"name": null, "name:en": null, "amenity": null, "building": "school", "operator:type": null, "capacity:persons": null, "addr:full": null, "addr:city": null, "source": null, "osm_id": 527047678, "osm_type": "ways_poly", "Analysis_Region": "North West"}, "geometry": {"type": "Polygon", "coordinates": [[[8.5385858, 11.9493103], [8.5386891, 11.9491673], [8.5387682, 11.9492171], [8.5387119, 11.9492972], [8.5388299, 11.9494218], [8.5387803, 11.9494874], [8.5385858, 11.9493103]]]}}, {"type": "Feature", "properties": {"name": null, "name:en": null, "amenity": null, "building": "school", "operator:type": null, "capacity:persons": null, "addr:full": null, "addr:city": null, "source": null, "osm_id": 527047679, "osm_type": "ways_poly", "Analysis_Region": "North West"}, "geometry": {"type": "Polygon", "coordinates": [[[8.5387568, 11.9492826], [8.5387838, 11.9492343], [8.5387923, 11.949242], [8.5388656, 11.9492792], [8.5388825, 11.9492872], [8.5388555, 11.9493355], [8.5387568, 11.9492826]]]}}, {"type": "Feature", "properties": {"name": null, "name:en": null, "amenity": null, "building": "school", "operator:type": null, "capacity:persons": null, "addr:full": null, "addr:city": null, "source": null, "osm_id": 527047213, "osm_type": "ways_poly", "Analysis_Region": "North West"}, "geometry": {"type": "Polygon", "coordinates": [[[8.5707282, 11.9619115], [8.5707317, 11.9618704], [8.5707971, 11.9618898], [8.5707971, 11.9619184], [8.5707282, 11.9619115]]]}}, {"type": "Feature", "properties": {"name": null, "name:en": null, "amenity": null, "building": "school", "operator:type": null, "capacity:persons": null, "addr:full": null, "addr:city": null, "source": null, "osm_id": 298776418, "osm_type": "ways_poly", "Analysis_Region": "North West"}, "geometry": {"type": "Polygon", "coordinates": [[[8.5657457, 11.9417126], [8.5657796, 11.941518], [8.5658436, 11.9415287], [8.5658096, 11.9417233], [8.5657457, 11.9417126]]]}}, {"type": "Feature", "properties": {"name": null, "name:en": null, "amenity": null, "building": "school", "operator:type": null, "capacity:persons": null, "addr:full": null, "addr:city": null, "source": null, "osm_id": 294189928, "osm_type": "ways_poly", "Analysis_Region": "North West"}, "geometry": {"type": "Polygon", "coordinates": [[[8.5531546, 11.978844], [8.5531563, 11.9787533], [8.5535282, 11.9787598], [8.5535265, 11.9788504], [8.5531546, 11.978844]]]}}, {"type": "Feature", "properties": {"name": null, "name:en": null, "amenity": null, "building": "school", "operator:type": null, "capacity:persons": null, "addr:full": null, "addr:city": null, "source": null, "osm_id": 294189930, "osm_type": "ways_poly", "Analysis_Region": "North West"}, "geometry": {"type": "Polygon", "coordinates": [[[8.5534209, 11.9790655], [8.5534242, 11.9788751], [8.5535156, 11.9788767], [8.5535123, 11.979067], [8.5534209, 11.9790655]]]}}, {"type": "Feature", "properties": {"name": null, "name:en": null, "amenity": null, "building": "school", "operator:type": null, "capacity:persons": null, "addr:full": null, "addr:city": null, "source": null, "osm_id": 298777130, "osm_type": "ways_poly", "Analysis_Region": "North West"}, "geometry": {"type": "Polygon", "coordinates": [[[8.5656988, 11.9419341], [8.5657295, 11.9417616], [8.5658074, 11.9417749], [8.5657767, 11.9419474], [8.5656988, 11.9419341]]]}}, {"type": "Feature", "properties": {"name": null, "name:en": null, "amenity": null, "building": "school", "operator:type": null, "capacity:persons": null, "addr:full": null, "addr:city": null, "source": null, "osm_id": 298776655, "osm_type": "ways_poly", "Analysis_Region": "North West"}, "geometry": {"type": "Polygon", "coordinates": [[[8.5653142, 11.9414966], [8.5654775, 11.9414745], [8.5654902, 11.9415639], [8.5653268, 11.941586], [8.5653142, 11.9414966]]]}}, {"type": "Feature", "properties": {"name": null, "name:en": null, "amenity": null, "building": "school", "operator:type": null, "capacity:persons": null, "addr:full": null, "addr:city": null, "source": null, "osm_id": 527047614, "osm_type": "ways_poly", "Analysis_Region": "North West"}, "geometry": {"type": "Polygon", "coordinates": [[[8.5709358, 11.9618961], [8.5709415, 11.9618524], [8.5709934, 11.9618587], [8.5709878, 11.9619025], [8.5709358, 11.9618961]]]}}, {"type": "Feature", "properties": {"name": null, "name:en": null, "amenity": null, "building": "school", "operator:type": null, "capacity:persons": null, "addr:full": null, "addr:city": null, "source": null, "osm_id": 527047677, "osm_type": "ways_poly", "Analysis_Region": "North West"}, "geometry": {"type": "Polygon", "coordinates": [[[8.5381102, 11.9495329], [8.5381605, 11.949372], [8.5385085, 11.9495827], [8.5383865, 11.9497034], [8.5383315, 11.9496706], [8.5383785, 11.9495998], [8.5381947, 11.9494883], [8.5381692, 11.9495657], [8.5381102, 11.9495329]]]}}, {"type": "Feature", "properties": {"name": null, "name:en": null, "amenity": null, "building": "school", "operator:type": null, "capacity:persons": null, "addr:full": null, "addr:city": null, "source": null, "osm_id": 527047967, "osm_type": "ways_poly", "Analysis_Region": "North West"}, "geometry": {"type": "Polygon", "coordinates": [[[8.5560249, 11.9749169], [8.5560356, 11.9747075], [8.5561251, 11.9747119], [8.5561144, 11.9749213], [8.5560249, 11.9749169]]]}}, {"type": "Feature", "properties": {"name": null, "name:en": null, "amenity": null, "building": "school", "operator:type": null, "capacity:persons": null, "addr:full": null, "addr:city": null, "source": null, "osm_id": 527048000, "osm_type": "ways_poly", "Analysis_Region": "North West"}, "geometry": {"type": "Polygon", "coordinates": [[[8.5442794, 11.9678359], [8.5443253, 11.9677451], [8.5443514, 11.9677577], [8.5443055, 11.9678485], [8.5442794, 11.9678359]]]}}, {"type": "Feature", "properties": {"name": null, "name:en": null, "amenity": null, "building": "school", "operator:type": null, "capacity:persons": null, "addr:full": null, "addr:city": null, "source": null, "osm_id": 527054160, "osm_type": "ways_poly", "Analysis_Region": "North West"}, "geometry": {"type": "Polygon", "coordinates": [[[8.5708847, 11.9619513], [8.5708891, 11.9619002], [8.5709777, 11.9619074], [8.5709733, 11.9619585], [8.5708847, 11.9619513]]]}}, {"type": "Feature", "properties": {"name": null, "name:en": null, "amenity": null, "building": "school", "operator:type": null, "capacity:persons": null, "addr:full": null, "addr:city": null, "source": null, "osm_id": 527056172, "osm_type": "ways_poly", "Analysis_Region": "North West"}, "geometry": {"type": "Polygon", "coordinates": [[[8.5401205, 11.9501504], [8.5402055, 11.9500672], [8.5402927, 11.9501524], [8.5402077, 11.9502356], [8.5401205, 11.9501504]]]}}, {"type": "Feature", "properties": {"name": null, "name:en": null, "amenity": null, "building": "school", "operator:type": null, "capacity:persons": null, "addr:full": null, "addr:city": null, "source": null, "osm_id": 527056174, "osm_type": "ways_poly", "Analysis_Region": "North West"}, "geometry": {"type": "Polygon", "coordinates": [[[8.5400678, 11.9502272], [8.5401266, 11.9501691], [8.5402003, 11.9502406], [8.5401414, 11.9502987], [8.5400678, 11.9502272]]]}}, {"type": "Feature", "properties": {"name": null, "name:en": null, "amenity": null, "building": "school", "operator:type": null, "capacity:persons": null, "addr:full": null, "addr:city": null, "source": null, "osm_id": 527056175, "osm_type": "ways_poly", "Analysis_Region": "North West"}, "geometry": {"type": "Polygon", "coordinates": [[[8.5398639, 11.9502195], [8.5399227, 11.9501693], [8.5399874, 11.9502419], [8.5399286, 11.9502921], [8.5398639, 11.9502195]]]}}, {"type": "Feature", "properties": {"name": null, "name:en": null, "amenity": null, "building": "school", "operator:type": null, "capacity:persons": null, "addr:full": null, "addr:city": null, "source": null, "osm_id": 527056177, "osm_type": "ways_poly", "Analysis_Region": "North West"}, "geometry": {"type": "Polygon", "coordinates": [[[8.5399517, 11.9503299], [8.5400104, 11.9502627], [8.5402032, 11.9504238], [8.540159, 11.9504744], [8.540063, 11.9503942], [8.5399691, 11.9503588], [8.5399517, 11.9503299]]]}}, {"type": "Feature", "properties": {"name": null, "name:en": null, "amenity": null, "building": "school", "operator:type": null, "capacity:persons": null, "addr:full": null, "addr:city": null, "source": null, "osm_id": 527038735, "osm_type": "ways_poly", "Analysis_Region": "North West"}, "geometry": {"type": "Polygon", "coordinates": [[[8.5600668, 11.9538998], [8.5601702, 11.9538032], [8.5602179, 11.9538431], [8.5601054, 11.9539387], [8.5600668, 11.9538998]]]}}, {"type": "Feature", "properties": {"name": null, "name:en": null, "amenity": null, "building": "school", "operator:type": null, "capacity:persons": null, "addr:full": null, "addr:city": null, "source": null, "osm_id": 527038741, "osm_type": "ways_poly", "Analysis_Region": "North West"}, "geometry": {"type": "Polygon", "coordinates": [[[8.5603689, 11.9535765], [8.5603939, 11.953541], [8.5603746, 11.9535254], [8.5605279, 11.9533799], [8.5605483, 11.953401], [8.5605915, 11.9533654], [8.560646, 11.9534332], [8.5604234, 11.953641], [8.5603689, 11.9535765]]]}}, {"type": "Feature", "properties": {"name": null, "name:en": null, "amenity": null, "building": "school", "operator:type": null, "capacity:persons": null, "addr:full": null, "addr:city": null, "source": null, "osm_id": 527039023, "osm_type": "ways_poly", "Analysis_Region": "North West"}, "geometry": {"type": "Polygon", "coordinates": [[[8.5558999, 11.9771485], [8.5559283, 11.9769679], [8.5559498, 11.976964], [8.5560034, 11.9769954], [8.5559775, 11.9771602], [8.5558999, 11.9771485]]]}}, {"type": "Feature", "properties": {"name": null, "name:en": null, "amenity": null, "building": "school", "operator:type": null, "capacity:persons": null, "addr:full": null, "addr:city": null, "source": null, "osm_id": 527039244, "osm_type": "ways_poly", "Analysis_Region": "North West"}, "geometry": {"type": "Polygon", "coordinates": [[[8.5560282, 11.9770442], [8.5560367, 11.9770078], [8.5560869, 11.977019], [8.5560785, 11.9770553], [8.5560282, 11.9770442]]]}}, {"type": "Feature", "properties": {"name": null, "name:en": null, "amenity": null, "building": "school", "operator:type": null, "capacity:persons": null, "addr:full": null, "addr:city": null, "source": null, "osm_id": 298819311, "osm_type": "ways_poly", "Analysis_Region": "North West"}, "geometry": {"type": "Polygon", "coordinates": [[[8.5584919, 11.9511187], [8.5586178, 11.9509889], [8.5586514, 11.95102], [8.5585255, 11.9511499], [8.5584919, 11.9511187]]]}}, {"type": "Feature", "properties": {"name": null, "name:en": null, "amenity": null, "building": "school", "operator:type": null, "capacity:persons": null, "addr:full": null, "addr:city": null, "source": null, "osm_id": 298819887, "osm_type": "ways_poly", "Analysis_Region": "North West"}, "geometry": {"type": "Polygon", "coordinates": [[[8.5582655, 11.9513467], [8.5583845, 11.9512101], [8.5584225, 11.9512417], [8.5583035, 11.9513783], [8.5582655, 11.9513467]]]}}, {"type": "Feature", "properties": {"name": null, "name:en": null, "amenity": null, "building": "school", "operator:type": null, "capacity:persons": null, "addr:full": null, "addr:city": null, "source": null, "osm_id": 298819967, "osm_type": "ways_poly", "Analysis_Region": "North West"}, "geometry": {"type": "Polygon", "coordinates": [[[8.5583213, 11.95174], [8.5584151, 11.9516415], [8.5584729, 11.9516941], [8.558379, 11.9517927], [8.5583213, 11.95174]]]}}, {"type": "Feature", "properties": {"name": null, "name:en": null, "amenity": null, "building": "school", "operator:type": null, "capacity:persons": null, "addr:full": null, "addr:city": null, "source": null, "osm_id": 527040354, "osm_type": "ways_poly", "Analysis_Region": "North West"}, "geometry": {"type": "Polygon", "coordinates": [[[8.5561249, 11.9769097], [8.5561374, 11.9767844], [8.556255, 11.9767956], [8.5562494, 11.976852], [8.5561891, 11.9768462], [8.5561757, 11.9768606], [8.5562424, 11.976867], [8.5562371, 11.9769204], [8.5561249, 11.9769097]]]}}, {"type": "Feature", "properties": {"name": null, "name:en": null, "amenity": null, "building": "school", "operator:type": null, "capacity:persons": null, "addr:full": null, "addr:city": null, "source": null, "osm_id": 527040417, "osm_type": "ways_poly", "Analysis_Region": "North West"}, "geometry": {"type": "Polygon", "coordinates": [[[8.5561101, 11.9767564], [8.5561293, 11.9766857], [8.5561683, 11.9766958], [8.5561491, 11.9767665], [8.5561101, 11.9767564]]]}}, {"type": "Feature", "properties": {"name": null, "name:en": null, "amenity": null, "building": "school", "operator:type": null, "capacity:persons": null, "addr:full": null, "addr:city": null, "source": null, "osm_id": 527041455, "osm_type": "ways_poly", "Analysis_Region": "North West"}, "geometry": {"type": "Polygon", "coordinates": [[[8.5402586, 11.9761495], [8.5403166, 11.976074], [8.5405667, 11.9762671], [8.5405082, 11.9763402], [8.5402586, 11.9761495]]]}}, {"type": "Feature", "properties": {"name": null, "name:en": null, "amenity": null, "building": "school", "operator:type": null, "capacity:persons": null, "addr:full": null, "addr:city": null, "source": null, "osm_id": 527042391, "osm_type": "ways_poly", "Analysis_Region": "North West"}, "geometry": {"type": "Polygon", "coordinates": [[[8.5402547, 11.9760345], [8.54031, 11.9759516], [8.5403718, 11.975991], [8.5403166, 11.976074], [8.5402547, 11.9760345]]]}}, {"type": "Feature", "properties": {"name": null, "name:en": null, "amenity": null, "building": "school", "operator:type": null, "capacity:persons": null, "addr:full": null, "addr:city": null, "source": null, "osm_id": 527043168, "osm_type": "ways_poly", "Analysis_Region": "North West"}, "geometry": {"type": "Polygon", "coordinates": [[[8.5580134, 11.9515647], [8.5581495, 11.9514253], [8.5582052, 11.9514693], [8.5580592, 11.9516087], [8.5580134, 11.9515647]]]}}, {"type": "Feature", "properties": {"name": null, "name:en": null, "amenity": null, "building": "school", "operator:type": null, "capacity:persons": null, "addr:full": null, "addr:city": null, "source": null, "osm_id": 298818930, "osm_type": "ways_poly", "Analysis_Region": "North West"}, "geometry": {"type": "Polygon", "coordinates": [[[8.5621937, 11.9487602], [8.5625234, 11.9484623], [8.5626706, 11.9486182], [8.5623409, 11.9489161], [8.5621937, 11.9487602]]]}}, {"type": "Feature", "properties": {"name": null, "name:en": null, "amenity": null, "building": "school", "operator:type": null, "capacity:persons": null, "addr:full": null, "addr:city": null, "source": null, "osm_id": 298819370, "osm_type": "ways_poly", "Analysis_Region": "North West"}, "geometry": {"type": "Polygon", "coordinates": [[[8.5597046, 11.9505258], [8.560051, 11.9502075], [8.5601186, 11.950278], [8.5597722, 11.9505963], [8.5597046, 11.9505258]]]}}, {"type": "Feature", "properties": {"name": null, "name:en": null, "amenity": null, "building": "school", "operator:type": null, "capacity:persons": null, "addr:full": null, "addr:city": null, "source": null, "osm_id": 298819468, "osm_type": "ways_poly", "Analysis_Region": "North West"}, "geometry": {"type": "Polygon", "coordinates": [[[8.5594929, 11.9505056], [8.5599364, 11.9500939], [8.5599875, 11.9501466], [8.559544, 11.9505583], [8.5594929, 11.9505056]]]}}, {"type": "Feature", "properties": {"name": null, "name:en": null, "amenity": null, "building": "school", "operator:type": null, "capacity:persons": null, "addr:full": null, "addr:city": null, "source": null, "osm_id": 298819546, "osm_type": "ways_poly", "Analysis_Region": "North West"}, "geometry": {"type": "Polygon", "coordinates": [[[8.5617, 11.9488957], [8.5620739, 11.9485188], [8.562133, 11.9485749], [8.5617591, 11.9489518], [8.5617, 11.9488957]]]}}, {"type": "Feature", "properties": {"name": null, "name:en": null, "amenity": null, "building": "school", "operator:type": null, "capacity:persons": null, "addr:full": null, "addr:city": null, "source": null, "osm_id": 298819560, "osm_type": "ways_poly", "Analysis_Region": "North West"}, "geometry": {"type": "Polygon", "coordinates": [[[8.5613706, 11.9484055], [8.5615988, 11.9481561], [8.561861, 11.9483857], [8.5616328, 11.9486351], [8.5613706, 11.9484055]]]}}, {"type": "Feature", "properties": {"name": null, "name:en": null, "amenity": null, "building": "school", "operator:type": null, "capacity:persons": null, "addr:full": null, "addr:city": null, "source": null, "osm_id": 298819019, "osm_type": "ways_poly", "Analysis_Region": "North West"}, "geometry": {"type": "Polygon", "coordinates": [[[8.5618941, 11.9490217], [8.5621299, 11.9487955], [8.5622013, 11.9488668], [8.5619655, 11.949093], [8.5618941, 11.9490217]]]}}, {"type": "Feature", "properties": {"name": null, "name:en": null, "amenity": null, "building": "school", "operator:type": null, "capacity:persons": null, "addr:full": null, "addr:city": null, "source": null, "osm_id": 298818922, "osm_type": "ways_poly", "Analysis_Region": "North West"}, "geometry": {"type": "Polygon", "coordinates": [[[8.5607037, 11.9480585], [8.5608494, 11.9477987], [8.560922, 11.9478377], [8.5607763, 11.9480975], [8.5607037, 11.9480585]]]}}, {"type": "Feature", "properties": {"name": null, "name:en": null, "amenity": null, "building": "school", "operator:type": null, "capacity:persons": null, "addr:full": null, "addr:city": null, "source": null, "osm_id": 298819983, "osm_type": "ways_poly", "Analysis_Region": "North West"}, "geometry": {"type": "Polygon", "coordinates": [[[8.5609599, 11.9482421], [8.5613872, 11.9478272], [8.5614515, 11.9478906], [8.5610242, 11.9483055], [8.5609599, 11.9482421]]]}}, {"type": "Feature", "properties": {"name": null, "name:en": null, "amenity": null, "building": "school", "operator:type": null, "capacity:persons": null, "addr:full": null, "addr:city": null, "source": null, "osm_id": 527050711, "osm_type": "ways_poly", "Analysis_Region": "North West"}, "geometry": {"type": "Polygon", "coordinates": [[[8.5389024, 11.9501444], [8.5389669, 11.9500375], [8.5390909, 11.9501092], [8.5390264, 11.950216], [8.5389024, 11.9501444]]]}}, {"type": "Feature", "properties": {"name": null, "name:en": null, "amenity": null, "building": "school", "operator:type": null, "capacity:persons": null, "addr:full": null, "addr:city": null, "source": null, "osm_id": 527050712, "osm_type": "ways_poly", "Analysis_Region": "North West"}, "geometry": {"type": "Polygon", "coordinates": [[[8.5391851, 11.9501865], [8.5393047, 11.950089], [8.539373, 11.9501692], [8.5392534, 11.9502667], [8.5391851, 11.9501865]]]}}, {"type": "Feature", "properties": {"name": null, "name:en": null, "amenity": null, "building": "school", "operator:type": null, "capacity:persons": null, "addr:full": null, "addr:city": null, "source": null, "osm_id": 527050754, "osm_type": "ways_poly", "Analysis_Region": "North West"}, "geometry": {"type": "Polygon", "coordinates": [[[8.5397198, 11.95003], [8.5399621, 11.9497547], [8.5400244, 11.9498071], [8.5397821, 11.9500824], [8.5397198, 11.95003]]]}}, {"type": "Feature", "properties": {"name": null, "name:en": null, "amenity": null, "building": "school", "operator:type": null, "capacity:persons": null, "addr:full": null, "addr:city": null, "source": null, "osm_id": 527053183, "osm_type": "ways_poly", "Analysis_Region": "North West"}, "geometry": {"type": "Polygon", "coordinates": [[[8.5393262, 11.9498396], [8.5395498, 11.9496336], [8.5396118, 11.949698], [8.5393882, 11.949904], [8.5393262, 11.9498396]]]}}, {"type": "Feature", "properties": {"name": null, "name:en": null, "amenity": null, "building": "school", "operator:type": null, "capacity:persons": null, "addr:full": null, "addr:city": null, "source": null, "osm_id": 527053184, "osm_type": "ways_poly", "Analysis_Region": "North West"}, "geometry": {"type": "Polygon", "coordinates": [[[8.5394901, 11.9494997], [8.5396473, 11.9492739], [8.5397014, 11.94931], [8.5395442, 11.9495358], [8.5394901, 11.9494997]]]}}, {"type": "Feature", "properties": {"name": null, "name:en": null, "amenity": null, "building": "school", "operator:type": null, "capacity:persons": null, "addr:full": null, "addr:city": null, "source": null, "osm_id": 527053186, "osm_type": "ways_poly", "Analysis_Region": "North West"}, "geometry": {"type": "Polygon", "coordinates": [[[8.5397024, 11.9495143], [8.5397194, 11.9494751], [8.5398201, 11.949395], [8.5398908, 11.9494799], [8.539781, 11.949567], [8.5397363, 11.9495595], [8.5397024, 11.9495143]]]}}, {"type": "Feature", "properties": {"name": null, "name:en": null, "amenity": null, "building": "school", "operator:type": null, "capacity:persons": null, "addr:full": null, "addr:city": null, "source": null, "osm_id": 527053556, "osm_type": "ways_poly", "Analysis_Region": "North West"}, "geometry": {"type": "Polygon", "coordinates": [[[8.5450427, 11.9683541], [8.5450801, 11.9682836], [8.5452605, 11.968375], [8.5452231, 11.9684455], [8.5450427, 11.9683541]]]}}, {"type": "Feature", "properties": {"name": null, "name:en": null, "amenity": null, "building": "school", "operator:type": null, "capacity:persons": null, "addr:full": null, "addr:city": null, "source": null, "osm_id": 298598298, "osm_type": "ways_poly", "Analysis_Region": "North West"}, "geometry": {"type": "Polygon", "coordinates": [[[8.5591516, 11.9392793], [8.5591597, 11.9392603], [8.5592078, 11.9392801], [8.5591997, 11.9392991], [8.5591516, 11.9392793]]]}}, {"type": "Feature", "properties": {"name": null, "name:en": null, "amenity": null, "building": "school", "operator:type": null, "capacity:persons": null, "addr:full": null, "addr:city": null, "source": null, "osm_id": 527038760, "osm_type": "ways_poly", "Analysis_Region": "North West"}, "geometry": {"type": "Polygon", "coordinates": [[[8.5560984, 11.9770585], [8.5561104, 11.9770023], [8.5562005, 11.9770207], [8.5561884, 11.9770769], [8.5560984, 11.9770585]]]}}, {"type": "Feature", "properties": {"name": null, "name:en": null, "amenity": null, "building": "school", "operator:type": null, "capacity:persons": null, "addr:full": null, "addr:city": null, "source": null, "osm_id": 527039130, "osm_type": "ways_poly", "Analysis_Region": "North West"}, "geometry": {"type": "Polygon", "coordinates": [[[8.5553262, 11.9646838], [8.5554133, 11.964515], [8.5554623, 11.9645392], [8.5553752, 11.964708], [8.5553262, 11.9646838]]]}}, {"type": "Feature", "properties": {"name": null, "name:en": null, "amenity": null, "building": "school", "operator:type": null, "capacity:persons": null, "addr:full": null, "addr:city": null, "source": null, "osm_id": 527039328, "osm_type": "ways_poly", "Analysis_Region": "North West"}, "geometry": {"type": "Polygon", "coordinates": [[[8.5551539, 11.9649888], [8.5552536, 11.9647835], [8.5553111, 11.9648102], [8.5552114, 11.9650155], [8.5551539, 11.9649888]]]}}, {"type": "Feature", "properties": {"name": null, "name:en": null, "amenity": null, "building": "school", "operator:type": null, "capacity:persons": null, "addr:full": null, "addr:city": null, "source": null, "osm_id": 298819363, "osm_type": "ways_poly", "Analysis_Region": "North West"}, "geometry": {"type": "Polygon", "coordinates": [[[8.560128, 11.9507833], [8.5602138, 11.9506899], [8.56025, 11.9507217], [8.5601643, 11.9508152], [8.560128, 11.9507833]]]}}, {"type": "Feature", "properties": {"name": null, "name:en": null, "amenity": null, "building": "school", "operator:type": null, "capacity:persons": null, "addr:full": null, "addr:city": null, "source": null, "osm_id": 298819035, "osm_type": "ways_poly", "Analysis_Region": "North West"}, "geometry": {"type": "Polygon", "coordinates": [[[8.5596092, 11.9514575], [8.5597002, 11.9513561], [8.5597334, 11.9513846], [8.5596424, 11.951486], [8.5596092, 11.9514575]]]}}, {"type": "Feature", "properties": {"name": null, "name:en": null, "amenity": null, "building": "school", "operator:type": null, "capacity:persons": null, "addr:full": null, "addr:city": null, "source": null, "osm_id": 298819124, "osm_type": "ways_poly", "Analysis_Region": "North West"}, "geometry": {"type": "Polygon", "coordinates": [[[8.5591937, 11.9509712], [8.5593604, 11.9508192], [8.5594077, 11.9508688], [8.559241, 11.9510208], [8.5591937, 11.9509712]]]}}, {"type": "Feature", "properties": {"name": null, "name:en": null, "amenity": null, "building": "school", "operator:type": null, "capacity:persons": null, "addr:full": null, "addr:city": null, "source": null, "osm_id": 298819747, "osm_type": "ways_poly", "Analysis_Region": "North West"}, "geometry": {"type": "Polygon", "coordinates": [[[8.559929, 11.9511844], [8.5600261, 11.9510807], [8.5600592, 11.9511103], [8.5599621, 11.951214], [8.559929, 11.9511844]]]}}, {"type": "Feature", "properties": {"name": null, "name:en": null, "amenity": null, "building": "school", "operator:type": null, "capacity:persons": null, "addr:full": null, "addr:city": null, "source": null, "osm_id": 298818937, "osm_type": "ways_poly", "Analysis_Region": "North West"}, "geometry": {"type": "Polygon", "coordinates": [[[8.5592941, 11.9513901], [8.5593332, 11.9513455], [8.5594012, 11.9514025], [8.5593621, 11.9514471], [8.5592941, 11.9513901]]]}}, {"type": "Feature", "properties": {"name": null, "name:en": null, "amenity": null, "building": "school", "operator:type": null, "capacity:persons": null, "addr:full": null, "addr:city": null, "source": null, "osm_id": 298819268, "osm_type": "ways_poly", "Analysis_Region": "North West"}, "geometry": {"type": "Polygon", "coordinates": [[[8.5602252, 11.9507635], [8.560264, 11.9507287], [8.5602915, 11.950758], [8.5602528, 11.9507928], [8.5602252, 11.9507635]]]}}, {"type": "Feature", "properties": {"name": null, "name:en": null, "amenity": null, "building": "school", "operator:type": null, "capacity:persons": null, "addr:full": null, "addr:city": null, "source": null, "osm_id": 298819999, "osm_type": "ways_poly", "Analysis_Region": "North West"}, "geometry": {"type": "Polygon", "coordinates": [[[8.5595928, 11.9510858], [8.5596294, 11.9510462], [8.5596974, 11.9511064], [8.5596608, 11.951146], [8.5595928, 11.9510858]]]}}, {"type": "Feature", "properties": {"name": null, "name:en": null, "amenity": null, "building": "school", "operator:type": null, "capacity:persons": null, "addr:full": null, "addr:city": null, "source": null, "osm_id": 298818945, "osm_type": "ways_poly", "Analysis_Region": "North West"}, "geometry": {"type": "Polygon", "coordinates": [[[8.5593107, 11.9517439], [8.559407, 11.9516632], [8.5594363, 11.9516966], [8.55934, 11.9517774], [8.5593107, 11.9517439]]]}}, {"type": "Feature", "properties": {"name": null, "name:en": null, "amenity": null, "building": "school", "operator:type": null, "capacity:persons": null, "addr:full": null, "addr:city": null, "source": null, "osm_id": 527039492, "osm_type": "ways_poly", "Analysis_Region": "North West"}, "geometry": {"type": "Polygon", "coordinates": [[[8.5560269, 11.9769884], [8.5560402, 11.9769209], [8.5561072, 11.9769335], [8.556094, 11.977001], [8.5560269, 11.9769884]]]}}, {"type": "Feature", "properties": {"name": null, "name:en": null, "amenity": null, "building": "school", "operator:type": null, "capacity:persons": null, "addr:full": null, "addr:city": null, "source": null, "osm_id": 289648025, "osm_type": "ways_poly", "Analysis_Region": "North West"}, "geometry": {"type": "Polygon", "coordinates": [[[8.5563433, 11.9652611], [8.5563557, 11.9651808], [8.5565517, 11.9652097], [8.5565394, 11.9652901], [8.5563433, 11.9652611]]]}}, {"type": "Feature", "properties": {"name": null, "name:en": null, "amenity": null, "building": "school", "operator:type": null, "capacity:persons": null, "addr:full": null, "addr:city": null, "source": null, "osm_id": 289648017, "osm_type": "ways_poly", "Analysis_Region": "North West"}, "geometry": {"type": "Polygon", "coordinates": [[[8.5560682, 11.9649114], [8.5561025, 11.9645884], [8.5565432, 11.9646331], [8.5565084, 11.9649614], [8.5564153, 11.9649519], [8.5564388, 11.9647295], [8.5561752, 11.9647028], [8.5561522, 11.9649199], [8.5560682, 11.9649114]]]}}, {"type": "Feature", "properties": {"name": null, "name:en": null, "amenity": null, "building": "school", "operator:type": null, "capacity:persons": null, "addr:full": null, "addr:city": null, "source": null, "osm_id": 289648020, "osm_type": "ways_poly", "Analysis_Region": "North West"}, "geometry": {"type": "Polygon", "coordinates": [[[8.5564059, 11.9651436], [8.5564179, 11.9649839], [8.5564951, 11.9649894], [8.5564832, 11.9651491], [8.5564059, 11.9651436]]]}}, {"type": "Feature", "properties": {"name": null, "name:en": null, "amenity": null, "building": "school", "operator:type": null, "capacity:persons": null, "addr:full": null, "addr:city": null, "source": null, "osm_id": 298598319, "osm_type": "ways_poly", "Analysis_Region": "North West"}, "geometry": {"type": "Polygon", "coordinates": [[[8.5628726, 11.9424577], [8.5629026, 11.9424433], [8.5630567, 11.9423693], [8.5630901, 11.9424359], [8.562906, 11.9425243], [8.5628726, 11.9424577]]]}}, {"type": "Feature", "properties": {"name": null, "name:en": null, "amenity": null, "building": "school", "operator:type": null, "capacity:persons": null, "addr:full": null, "addr:city": null, "source": null, "osm_id": 298598625, "osm_type": "ways_poly", "Analysis_Region": "North West"}, "geometry": {"type": "Polygon", "coordinates": [[[8.563091, 11.9423557], [8.5632763, 11.9422763], [8.5633062, 11.9423431], [8.5631209, 11.9424225], [8.563091, 11.9423557]]]}}, {"type": "Feature", "properties": {"name": null, "name:en": null, "amenity": null, "building": "school", "operator:type": null, "capacity:persons": null, "addr:full": null, "addr:city": null, "source": null, "osm_id": 527043169, "osm_type": "ways_poly", "Analysis_Region": "North West"}, "geometry": {"type": "Polygon", "coordinates": [[[8.5580195, 11.9513483], [8.558168, 11.9511927], [8.5582186, 11.9512655], [8.558067, 11.9513934], [8.5580195, 11.9513483]]]}}, {"type": "Feature", "properties": {"name": null, "name:en": null, "amenity": null, "building": "school", "operator:type": null, "capacity:persons": null, "addr:full": null, "addr:city": null, "source": null, "osm_id": 298818980, "osm_type": "ways_poly", "Analysis_Region": "North West"}, "geometry": {"type": "Polygon", "coordinates": [[[8.5665056, 11.9461294], [8.5670734, 11.9460712], [8.5670819, 11.9461505], [8.5665141, 11.9462088], [8.5665056, 11.9461294]]]}}, {"type": "Feature", "properties": {"name": null, "name:en": null, "amenity": null, "building": "school", "operator:type": null, "capacity:persons": null, "addr:full": null, "addr:city": null, "source": null, "osm_id": 527044365, "osm_type": "ways_poly", "Analysis_Region": "North West"}, "geometry": {"type": "Polygon", "coordinates": [[[8.5454958, 11.9685835], [8.5455327, 11.9685207], [8.5456639, 11.9685945], [8.545627, 11.9686573], [8.5454958, 11.9685835]]]}}, {"type": "Feature", "properties": {"name": null, "name:en": null, "amenity": null, "building": "school", "operator:type": null, "capacity:persons": null, "addr:full": null, "addr:city": null, "source": null, "osm_id": 298819945, "osm_type": "ways_poly", "Analysis_Region": "North West"}, "geometry": {"type": "Polygon", "coordinates": [[[8.5637525, 11.9497048], [8.563772, 11.9496787], [8.5638235, 11.9497157], [8.563804, 11.9497417], [8.5637525, 11.9497048]]]}}, {"type": "Feature", "properties": {"name": null, "name:en": null, "amenity": null, "building": "school", "operator:type": null, "capacity:persons": null, "addr:full": null, "addr:city": null, "source": null, "osm_id": 298819029, "osm_type": "ways_poly", "Analysis_Region": "North West"}, "geometry": {"type": "Polygon", "coordinates": [[[8.5634034, 11.9495469], [8.5635659, 11.9493879], [8.5636209, 11.9494416], [8.5634583, 11.9496006], [8.5634034, 11.9495469]]]}}, {"type": "Feature", "properties": {"name": null, "name:en": null, "amenity": null, "building": "school", "operator:type": null, "capacity:persons": null, "addr:full": null, "addr:city": null, "source": null, "osm_id": 298819013, "osm_type": "ways_poly", "Analysis_Region": "North West"}, "geometry": {"type": "Polygon", "coordinates": [[[8.5630647, 11.9497672], [8.5633314, 11.949503], [8.5633931, 11.9495626], [8.5631264, 11.9498268], [8.5630647, 11.9497672]]]}}, {"type": "Feature", "properties": {"name": null, "name:en": null, "amenity": null, "building": "school", "operator:type": null, "capacity:persons": null, "addr:full": null, "addr:city": null, "source": null, "osm_id": 298819600, "osm_type": "ways_poly", "Analysis_Region": "North West"}, "geometry": {"type": "Polygon", "coordinates": [[[8.5633118, 11.9499981], [8.5636014, 11.9497115], [8.5636539, 11.9497622], [8.5633643, 11.9500489], [8.5633118, 11.9499981]]]}}, {"type": "Feature", "properties": {"name": null, "name:en": null, "amenity": null, "building": "school", "operator:type": null, "capacity:persons": null, "addr:full": null, "addr:city": null, "source": null, "osm_id": 527043568, "osm_type": "ways_poly", "Analysis_Region": "North West"}, "geometry": {"type": "Polygon", "coordinates": [[[8.5734407, 11.9690781], [8.5735116, 11.9689932], [8.5735449, 11.9690198], [8.573474, 11.9691047], [8.5734407, 11.9690781]]]}}, {"type": "Feature", "properties": {"name": null, "name:en": null, "amenity": null, "building": "school", "operator:type": null, "capacity:persons": null, "addr:full": null, "addr:city": null, "source": null, "osm_id": 527043649, "osm_type": "ways_poly", "Analysis_Region": "North West"}, "geometry": {"type": "Polygon", "coordinates": [[[8.5734851, 11.9691167], [8.5735172, 11.9690847], [8.5735771, 11.9691421], [8.573545, 11.9691741], [8.5734851, 11.9691167]]]}}, {"type": "Feature", "properties": {"name": null, "name:en": null, "amenity": null, "building": "school", "operator:type": null, "capacity:persons": null, "addr:full": null, "addr:city": null, "source": null, "osm_id": 527043771, "osm_type": "ways_poly", "Analysis_Region": "North West"}, "geometry": {"type": "Polygon", "coordinates": [[[8.545253, 11.9682707], [8.545319, 11.9681339], [8.5453948, 11.9681688], [8.5453288, 11.9683057], [8.545253, 11.9682707]]]}}, {"type": "Feature", "properties": {"name": null, "name:en": null, "amenity": null, "building": "school", "operator:type": null, "capacity:persons": null, "addr:full": null, "addr:city": null, "source": null, "osm_id": 527043787, "osm_type": "ways_poly", "Analysis_Region": "North West"}, "geometry": {"type": "Polygon", "coordinates": [[[8.5461275, 11.9677645], [8.5461587, 11.9677085], [8.5466165, 11.9679526], [8.5465854, 11.9680085], [8.5461275, 11.9677645]]]}}, {"type": "Feature", "properties": {"name": null, "name:en": null, "amenity": null, "building": "school", "operator:type": null, "capacity:persons": null, "addr:full": null, "addr:city": null, "source": null, "osm_id": 298819786, "osm_type": "ways_poly", "Analysis_Region": "North West"}, "geometry": {"type": "Polygon", "coordinates": [[[8.5661469, 11.9468361], [8.5661515, 11.9467152], [8.5662063, 11.9467171], [8.5662017, 11.9468381], [8.5661469, 11.9468361]]]}}, {"type": "Feature", "properties": {"name": null, "name:en": null, "amenity": null, "building": "school", "operator:type": null, "capacity:persons": null, "addr:full": null, "addr:city": null, "source": null, "osm_id": 527043832, "osm_type": "ways_poly", "Analysis_Region": "North West"}, "geometry": {"type": "Polygon", "coordinates": [[[8.545451, 11.9681263], [8.5455415, 11.9679606], [8.5455937, 11.9679878], [8.5455031, 11.9681535], [8.545451, 11.9681263]]]}}, {"type": "Feature", "properties": {"name": null, "name:en": null, "amenity": null, "building": "school", "operator:type": null, "capacity:persons": null, "addr:full": null, "addr:city": null, "source": null, "osm_id": 527043870, "osm_type": "ways_poly", "Analysis_Region": "North West"}, "geometry": {"type": "Polygon", "coordinates": [[[8.5445542, 11.9680686], [8.5445862, 11.9680047], [8.5449202, 11.9681647], [8.5448882, 11.9682286], [8.5445542, 11.9680686]]]}}, {"type": "Feature", "properties": {"name": null, "name:en": null, "amenity": null, "building": "school", "operator:type": null, "capacity:persons": null, "addr:full": null, "addr:city": null, "source": null, "osm_id": 527043906, "osm_type": "ways_poly", "Analysis_Region": "North West"}, "geometry": {"type": "Polygon", "coordinates": [[[8.5737256, 11.9691596], [8.5737538, 11.9690922], [8.5738523, 11.9691317], [8.5737778, 11.9691952], [8.5737256, 11.9691596]]]}}, {"type": "Feature", "properties": {"name": null, "name:en": null, "amenity": null, "building": "school", "operator:type": null, "capacity:persons": null, "addr:full": null, "addr:city": null, "source": null, "osm_id": 527044218, "osm_type": "ways_poly", "Analysis_Region": "North West"}, "geometry": {"type": "Polygon", "coordinates": [[[8.5462629, 11.9674348], [8.5462995, 11.9673747], [8.5465265, 11.9675071], [8.5464899, 11.9675673], [8.5462629, 11.9674348]]]}}, {"type": "Feature", "properties": {"name": null, "name:en": null, "amenity": null, "building": "school", "operator:type": null, "capacity:persons": null, "addr:full": null, "addr:city": null, "source": null, "osm_id": 527044252, "osm_type": "ways_poly", "Analysis_Region": "North West"}, "geometry": {"type": "Polygon", "coordinates": [[[8.545589, 11.9684568], [8.5456933, 11.9682544], [8.5457688, 11.9682916], [8.5456645, 11.9684941], [8.545589, 11.9684568]]]}}, {"type": "Feature", "properties": {"name": null, "name:en": null, "amenity": null, "building": "school", "operator:type": null, "capacity:persons": null, "addr:full": null, "addr:city": null, "source": null, "osm_id": 527044587, "osm_type": "ways_poly", "Analysis_Region": "North West"}, "geometry": {"type": "Polygon", "coordinates": [[[8.5603164, 11.9416177], [8.5603672, 11.9415117], [8.5604177, 11.9415348], [8.5603669, 11.9416409], [8.5603164, 11.9416177]]]}}, {"type": "Feature", "properties": {"name": null, "name:en": null, "amenity": null, "building": "school", "operator:type": null, "capacity:persons": null, "addr:full": null, "addr:city": null, "source": null, "osm_id": 527044591, "osm_type": "ways_poly", "Analysis_Region": "North West"}, "geometry": {"type": "Polygon", "coordinates": [[[8.5456562, 11.9686554], [8.5456868, 11.9686028], [8.5458736, 11.9687069], [8.5458429, 11.9687595], [8.5456562, 11.9686554]]]}}, {"type": "Feature", "properties": {"name": null, "name:en": null, "amenity": null, "building": "school", "operator:type": null, "capacity:persons": null, "addr:full": null, "addr:city": null, "source": null, "osm_id": 298819991, "osm_type": "ways_poly", "Analysis_Region": "North West"}, "geometry": {"type": "Polygon", "coordinates": [[[8.5616091, 11.9518407], [8.5618724, 11.9515786], [8.5619315, 11.9516355], [8.5616682, 11.9518975], [8.5616091, 11.9518407]]]}}, {"type": "Feature", "properties": {"name": null, "name:en": null, "amenity": null, "building": "school", "operator:type": null, "capacity:persons": null, "addr:full": null, "addr:city": null, "source": null, "osm_id": 298819421, "osm_type": "ways_poly", "Analysis_Region": "North West"}, "geometry": {"type": "Polygon", "coordinates": [[[8.5619384, 11.9516113], [8.5620917, 11.9514545], [8.5621558, 11.9515145], [8.5620024, 11.9516713], [8.5619384, 11.9516113]]]}}, {"type": "Feature", "properties": {"name": null, "name:en": null, "amenity": null, "building": "school", "operator:type": null, "capacity:persons": null, "addr:full": null, "addr:city": null, "source": null, "osm_id": 298819076, "osm_type": "ways_poly", "Analysis_Region": "North West"}, "geometry": {"type": "Polygon", "coordinates": [[[8.5609205, 11.9511519], [8.5611781, 11.9508977], [8.5612287, 11.9509468], [8.5609711, 11.951201], [8.5609205, 11.9511519]]]}}, {"type": "Feature", "properties": {"name": null, "name:en": null, "amenity": null, "building": "school", "operator:type": null, "capacity:persons": null, "addr:full": null, "addr:city": null, "source": null, "osm_id": 298819533, "osm_type": "ways_poly", "Analysis_Region": "North West"}, "geometry": {"type": "Polygon", "coordinates": [[[8.5634595, 11.9501392], [8.5637468, 11.9498526], [8.5638064, 11.9499098], [8.5635191, 11.9501964], [8.5634595, 11.9501392]]]}}, {"type": "Feature", "properties": {"name": null, "name:en": null, "amenity": null, "building": "school", "operator:type": null, "capacity:persons": null, "addr:full": null, "addr:city": null, "source": null, "osm_id": 298819795, "osm_type": "ways_poly", "Analysis_Region": "North West"}, "geometry": {"type": "Polygon", "coordinates": [[[8.5615949, 11.9508718], [8.5616741, 11.9507914], [8.5618, 11.9509101], [8.5617209, 11.9509905], [8.5615949, 11.9508718]]]}}, {"type": "Feature", "properties": {"name": null, "name:en": null, "amenity": null, "building": "school", "operator:type": null, "capacity:persons": null, "addr:full": null, "addr:city": null, "source": null, "osm_id": 298819815, "osm_type": "ways_poly", "Analysis_Region": "North West"}, "geometry": {"type": "Polygon", "coordinates": [[[8.5614709, 11.9507897], [8.5616827, 11.9505882], [8.5617209, 11.9506265], [8.5615091, 11.9508281], [8.5614709, 11.9507897]]]}}, {"type": "Feature", "properties": {"name": null, "name:en": null, "amenity": null, "building": "school", "operator:type": null, "capacity:persons": null, "addr:full": null, "addr:city": null, "source": null, "osm_id": 298819881, "osm_type": "ways_poly", "Analysis_Region": "North West"}, "geometry": {"type": "Polygon", "coordinates": [[[8.5622489, 11.9509874], [8.5624103, 11.9508351], [8.5624763, 11.950902], [8.5623149, 11.9510543], [8.5622489, 11.9509874]]]}}, {"type": "Feature", "properties": {"name": null, "name:en": null, "amenity": null, "building": "school", "operator:type": null, "capacity:persons": null, "addr:full": null, "addr:city": null, "source": null, "osm_id": 289231827, "osm_type": "ways_poly", "Analysis_Region": "North West"}, "geometry": {"type": "Polygon", "coordinates": [[[8.56299, 11.9499199], [8.5630736, 11.9498416], [8.5631975, 11.9499684], [8.5631138, 11.9500466], [8.56299, 11.9499199]]]}}, {"type": "Feature", "properties": {"name": null, "name:en": null, "amenity": null, "building": "school", "operator:type": null, "capacity:persons": null, "addr:full": null, "addr:city": null, "source": null, "osm_id": 527044971, "osm_type": "ways_poly", "Analysis_Region": "North West"}, "geometry": {"type": "Polygon", "coordinates": [[[8.5395599, 11.9502817], [8.5397425, 11.9501144], [8.5398071, 11.9501818], [8.5396245, 11.9503492], [8.5395599, 11.9502817]]]}}, {"type": "Feature", "properties": {"name": null, "name:en": null, "amenity": null, "building": "school", "operator:type": null, "capacity:persons": null, "addr:full": null, "addr:city": null, "source": null, "osm_id": 527044972, "osm_type": "ways_poly", "Analysis_Region": "North West"}, "geometry": {"type": "Polygon", "coordinates": [[[8.5393108, 11.9500792], [8.5393944, 11.9499974], [8.5396108, 11.9502092], [8.5395272, 11.9502909], [8.5393108, 11.9500792]]]}}, {"type": "Feature", "properties": {"name": null, "name:en": null, "amenity": null, "building": "school", "operator:type": null, "capacity:persons": null, "addr:full": null, "addr:city": null, "source": null, "osm_id": 527045057, "osm_type": "ways_poly", "Analysis_Region": "North West"}, "geometry": {"type": "Polygon", "coordinates": [[[8.5458533, 11.9687695], [8.5458959, 11.9687049], [8.546057, 11.9688065], [8.5460143, 11.9688711], [8.5458533, 11.9687695]]]}}, {"type": "Feature", "properties": {"name": null, "name:en": null, "amenity": null, "building": "school", "operator:type": null, "capacity:persons": null, "addr:full": null, "addr:city": null, "source": null, "osm_id": 527030718, "osm_type": "ways_poly", "Analysis_Region": "North West"}, "geometry": {"type": "Polygon", "coordinates": [[[8.5896087, 11.9606653], [8.589658, 11.9604365], [8.5897325, 11.9604635], [8.5896778, 11.9606765], [8.5896087, 11.9606653]]]}}, {"type": "Feature", "properties": {"name": null, "name:en": null, "amenity": null, "building": "school", "operator:type": null, "capacity:persons": null, "addr:full": null, "addr:city": null, "source": null, "osm_id": 527030237, "osm_type": "ways_poly", "Analysis_Region": "North West"}, "geometry": {"type": "Polygon", "coordinates": [[[8.5722674, 11.9710128], [8.5723822, 11.9708372], [8.5724754, 11.9709065], [8.5724346, 11.9709691], [8.572413, 11.9709547], [8.5723406, 11.9710617], [8.5722674, 11.9710128]]]}}, {"type": "Feature", "properties": {"name": null, "name:en": null, "amenity": null, "building": "school", "operator:type": null, "capacity:persons": null, "addr:full": null, "addr:city": null, "source": null, "osm_id": 527030285, "osm_type": "ways_poly", "Analysis_Region": "North West"}, "geometry": {"type": "Polygon", "coordinates": [[[8.5435544, 11.9621937], [8.5435791, 11.9621683], [8.543631, 11.9622166], [8.543605, 11.9622356], [8.5435544, 11.9621937]]]}}, {"type": "Feature", "properties": {"name": null, "name:en": null, "amenity": null, "building": "school", "operator:type": null, "capacity:persons": null, "addr:full": null, "addr:city": null, "source": null, "osm_id": 527030335, "osm_type": "ways_poly", "Analysis_Region": "North West"}, "geometry": {"type": "Polygon", "coordinates": [[[8.5894267, 11.9604308], [8.5894404, 11.9603404], [8.589643, 11.9603933], [8.5896238, 11.9604733], [8.5894267, 11.9604308]]]}}, {"type": "Feature", "properties": {"name": null, "name:en": null, "amenity": null, "building": "school", "operator:type": null, "capacity:persons": null, "addr:full": null, "addr:city": null, "source": null, "osm_id": 527030686, "osm_type": "ways_poly", "Analysis_Region": "North West"}, "geometry": {"type": "Polygon", "coordinates": [[[8.5399818, 11.9652805], [8.5400075, 11.9652128], [8.5400815, 11.9652397], [8.5400559, 11.9653073], [8.5399818, 11.9652805]]]}}, {"type": "Feature", "properties": {"name": null, "name:en": null, "amenity": null, "building": "school", "operator:type": null, "capacity:persons": null, "addr:full": null, "addr:city": null, "source": null, "osm_id": 527031084, "osm_type": "ways_poly", "Analysis_Region": "North West"}, "geometry": {"type": "Polygon", "coordinates": [[[8.5378016, 11.9585822], [8.5378485, 11.9585363], [8.5380003, 11.9585814], [8.5379846, 11.9586372], [8.5378016, 11.9585822]]]}}, {"type": "Feature", "properties": {"name": null, "name:en": null, "amenity": null, "building": "school", "operator:type": null, "capacity:persons": null, "addr:full": null, "addr:city": null, "source": null, "osm_id": 527031185, "osm_type": "ways_poly", "Analysis_Region": "North West"}, "geometry": {"type": "Polygon", "coordinates": [[[8.5722848, 11.9703745], [8.5723787, 11.9701681], [8.5725174, 11.9702359], [8.5724819, 11.9703112], [8.572428, 11.9702886], [8.5723679, 11.9704182], [8.5722848, 11.9703745]]]}}, {"type": "Feature", "properties": {"name": null, "name:en": null, "amenity": null, "building": "school", "operator:type": null, "capacity:persons": null, "addr:full": null, "addr:city": null, "source": null, "osm_id": 527032722, "osm_type": "ways_poly", "Analysis_Region": "North West"}, "geometry": {"type": "Polygon", "coordinates": [[[8.5387075, 11.9666342], [8.5387351, 11.9665964], [8.5387894, 11.9666344], [8.5387618, 11.9666721], [8.5387075, 11.9666342]]]}}, {"type": "Feature", "properties": {"name": null, "name:en": null, "amenity": null, "building": "school", "operator:type": null, "capacity:persons": null, "addr:full": null, "addr:city": null, "source": null, "osm_id": 527032849, "osm_type": "ways_poly", "Analysis_Region": "North West"}, "geometry": {"type": "Polygon", "coordinates": [[[8.5364297, 11.9610662], [8.5364579, 11.9610334], [8.5364478, 11.9610203], [8.5364927, 11.960975], [8.5365155, 11.960996], [8.5364431, 11.9610799], [8.5364297, 11.9610662]]]}}, {"type": "Feature", "properties": {"name": null, "name:en": null, "amenity": null, "building": "school", "operator:type": null, "capacity:persons": null, "addr:full": null, "addr:city": null, "source": null, "osm_id": 527032927, "osm_type": "ways_poly", "Analysis_Region": "North West"}, "geometry": {"type": "Polygon", "coordinates": [[[8.5534529, 11.9511361], [8.5535032, 11.9510709], [8.5537913, 11.9512835], [8.553741, 11.9513487], [8.5534529, 11.9511361]]]}}, {"type": "Feature", "properties": {"name": null, "name:en": null, "amenity": null, "building": "school", "operator:type": null, "capacity:persons": null, "addr:full": null, "addr:city": null, "source": "bing", "osm_id": 287479472, "osm_type": "ways_poly", "Analysis_Region": "North West"}, "geometry": {"type": "Polygon", "coordinates": [[[8.5632524, 11.9789291], [8.563655, 11.9788363], [8.5636787, 11.978935], [8.5632761, 11.9790277], [8.5632524, 11.9789291]]]}}, {"type": "Feature", "properties": {"name": null, "name:en": null, "amenity": null, "building": "school", "operator:type": null, "capacity:persons": null, "addr:full": null, "addr:city": null, "source": null, "osm_id": 289620351, "osm_type": "ways_poly", "Analysis_Region": "North West"}, "geometry": {"type": "Polygon", "coordinates": [[[8.5617883, 11.9578033], [8.5618289, 11.9577248], [8.5617943, 11.9577077], [8.5618889, 11.9575247], [8.5619592, 11.9575595], [8.5618649, 11.9577419], [8.5618825, 11.9577506], [8.5618416, 11.9578297], [8.5617883, 11.9578033]]]}}, {"type": "Feature", "properties": {"name": null, "name:en": null, "amenity": null, "building": "school", "operator:type": null, "capacity:persons": null, "addr:full": null, "addr:city": null, "source": null, "osm_id": 527033640, "osm_type": "ways_poly", "Analysis_Region": "North West"}, "geometry": {"type": "Polygon", "coordinates": [[[8.5389566, 11.9665758], [8.539037, 11.9664757], [8.5390757, 11.9665054], [8.5389953, 11.9666055], [8.5389566, 11.9665758]]]}}, {"type": "Feature", "properties": {"name": null, "name:en": null, "amenity": null, "building": "school", "operator:type": null, "capacity:persons": null, "addr:full": null, "addr:city": null, "source": null, "osm_id": 289620358, "osm_type": "ways_poly", "Analysis_Region": "North West"}, "geometry": {"type": "Polygon", "coordinates": [[[8.5616372, 11.9573982], [8.5616701, 11.9573338], [8.5617387, 11.9573674], [8.5617058, 11.9574317], [8.5616372, 11.9573982]]]}}, {"type": "Feature", "properties": {"name": null, "name:en": null, "amenity": null, "building": "school", "operator:type": null, "capacity:persons": null, "addr:full": null, "addr:city": null, "source": null, "osm_id": 527033982, "osm_type": "ways_poly", "Analysis_Region": "North West"}, "geometry": {"type": "Polygon", "coordinates": [[[8.5312613, 11.9665332], [8.5313559, 11.966412], [8.5314079, 11.9664509], [8.5313133, 11.9665721], [8.5312613, 11.9665332]]]}}, {"type": "Feature", "properties": {"name": null, "name:en": null, "amenity": null, "building": "school", "operator:type": null, "capacity:persons": null, "addr:full": null, "addr:city": null, "source": null, "osm_id": 527034044, "osm_type": "ways_poly", "Analysis_Region": "North West"}, "geometry": {"type": "Polygon", "coordinates": [[[8.5390442, 11.9664641], [8.5390705, 11.9664312], [8.5391085, 11.9664602], [8.5390822, 11.9664931], [8.5390442, 11.9664641]]]}}, {"type": "Feature", "properties": {"name": null, "name:en": null, "amenity": null, "building": "school", "operator:type": null, "capacity:persons": null, "addr:full": null, "addr:city": null, "source": "bing", "osm_id": 287481474, "osm_type": "ways_poly", "Analysis_Region": "North West"}, "geometry": {"type": "Polygon", "coordinates": [[[8.5629618, 11.979081], [8.5630492, 11.9790716], [8.5630718, 11.9792732], [8.5629845, 11.9792826], [8.5629618, 11.979081]]]}}, {"type": "Feature", "properties": {"name": null, "name:en": null, "amenity": null, "building": "school", "operator:type": null, "capacity:persons": null, "addr:full": null, "addr:city": null, "source": null, "osm_id": 527034123, "osm_type": "ways_poly", "Analysis_Region": "North West"}, "geometry": {"type": "Polygon", "coordinates": [[[8.5313785, 11.9663654], [8.5314334, 11.9662831], [8.5314988, 11.9663212], [8.5314794, 11.9663585], [8.5314475, 11.9663385], [8.531436, 11.9663576], [8.5314661, 11.9663836], [8.5314395, 11.9664121], [8.5313785, 11.9663654]]]}}, {"type": "Feature", "properties": {"name": null, "name:en": null, "amenity": null, "building": "school", "operator:type": null, "capacity:persons": null, "addr:full": null, "addr:city": null, "source": null, "osm_id": 289620359, "osm_type": "ways_poly", "Analysis_Region": "North West"}, "geometry": {"type": "Polygon", "coordinates": [[[8.5614082, 11.9573579], [8.5614393, 11.9573218], [8.5614769, 11.9573528], [8.5614458, 11.9573889], [8.5614082, 11.9573579]]]}}, {"type": "Feature", "properties": {"name": null, "name:en": null, "amenity": null, "building": "school", "operator:type": null, "capacity:persons": null, "addr:full": null, "addr:city": null, "source": "bing", "osm_id": 287481470, "osm_type": "ways_poly", "Analysis_Region": "North West"}, "geometry": {"type": "Polygon", "coordinates": [[[8.5629919, 11.9792922], [8.5630696, 11.9792838], [8.563091, 11.9794743], [8.5630132, 11.9794826], [8.5629919, 11.9792922]]]}}, {"type": "Feature", "properties": {"name": null, "name:en": null, "amenity": null, "building": "school", "operator:type": null, "capacity:persons": null, "addr:full": null, "addr:city": null, "source": null, "osm_id": 295344538, "osm_type": "ways_poly", "Analysis_Region": "North West"}, "geometry": {"type": "Polygon", "coordinates": [[[8.5562821, 11.9739197], [8.5563486, 11.9738817], [8.5563274, 11.9738461], [8.5564224, 11.9737919], [8.5564559, 11.9738481], [8.5564705, 11.9738398], [8.5564353, 11.9737806], [8.5564961, 11.973746], [8.5565836, 11.973893], [8.5563466, 11.974028], [8.5562821, 11.9739197]]]}}, {"type": "Feature", "properties": {"name": null, "name:en": null, "amenity": null, "building": "school", "operator:type": null, "capacity:persons": null, "addr:full": null, "addr:city": null, "source": null, "osm_id": 527034171, "osm_type": "ways_poly", "Analysis_Region": "North West"}, "geometry": {"type": "Polygon", "coordinates": [[[8.5316386, 11.9665904], [8.5316793, 11.9665497], [8.5317271, 11.9665896], [8.5317138, 11.9666051], [8.5317342, 11.966619], [8.5317165, 11.9666354], [8.5317006, 11.9666242], [8.5316899, 11.9666346], [8.5316386, 11.9665904]]]}}, {"type": "Feature", "properties": {"name": null, "name:en": null, "amenity": null, "building": "school", "operator:type": null, "capacity:persons": null, "addr:full": null, "addr:city": null, "source": null, "osm_id": 527034172, "osm_type": "ways_poly", "Analysis_Region": "North West"}, "geometry": {"type": "Polygon", "coordinates": [[[8.5397004, 11.9508208], [8.5399015, 11.9506716], [8.5399445, 11.9507272], [8.5397357, 11.9508821], [8.5397004, 11.9508366], [8.5397004, 11.9508208]]]}}, {"type": "Feature", "properties": {"name": null, "name:en": null, "amenity": null, "building": "school", "operator:type": null, "capacity:persons": null, "addr:full": null, "addr:city": null, "source": null, "osm_id": 289620365, "osm_type": "ways_poly", "Analysis_Region": "North West"}, "geometry": {"type": "Polygon", "coordinates": [[[8.5611974, 11.9575383], [8.5613009, 11.9574401], [8.5613368, 11.9574763], [8.5612333, 11.9575745], [8.5611974, 11.9575383]]]}}, {"type": "Feature", "properties": {"name": null, "name:en": null, "amenity": null, "building": "school", "operator:type": null, "capacity:persons": null, "addr:full": null, "addr:city": null, "source": null, "osm_id": 289648022, "osm_type": "ways_poly", "Analysis_Region": "North West"}, "geometry": {"type": "Polygon", "coordinates": [[[8.5561095, 11.9653251], [8.5561157, 11.965201], [8.556214, 11.9652057], [8.5562078, 11.9653298], [8.5561095, 11.9653251]]]}}, {"type": "Feature", "properties": {"name": null, "name:en": null, "amenity": null, "building": "school", "operator:type": null, "capacity:persons": null, "addr:full": null, "addr:city": null, "source": null, "osm_id": 527031403, "osm_type": "ways_poly", "Analysis_Region": "North West"}, "geometry": {"type": "Polygon", "coordinates": [[[8.5725212, 11.9704279], [8.5725647, 11.9703247], [8.5727598, 11.9704033], [8.5727164, 11.9705065], [8.5725212, 11.9704279]]]}}, {"type": "Feature", "properties": {"name": null, "name:en": null, "amenity": null, "building": "school", "operator:type": null, "capacity:persons": null, "addr:full": null, "addr:city": null, "source": null, "osm_id": 527031572, "osm_type": "ways_poly", "Analysis_Region": "North West"}, "geometry": {"type": "Polygon", "coordinates": [[[8.537873, 11.9585062], [8.5380067, 11.9583891], [8.5380466, 11.9584327], [8.5379129, 11.9585498], [8.537873, 11.9585062]]]}}, {"type": "Feature", "properties": {"name": null, "name:en": null, "amenity": null, "building": "school", "operator:type": null, "capacity:persons": null, "addr:full": null, "addr:city": null, "source": null, "osm_id": 527032145, "osm_type": "ways_poly", "Analysis_Region": "North West"}, "geometry": {"type": "Polygon", "coordinates": [[[8.5383147, 11.9663607], [8.538336, 11.9663367], [8.5383899, 11.9663824], [8.5383687, 11.9664064], [8.5383147, 11.9663607]]]}}, {"type": "Feature", "properties": {"name": null, "name:en": null, "amenity": null, "building": "school", "operator:type": null, "capacity:persons": null, "addr:full": null, "addr:city": null, "source": null, "osm_id": 527032289, "osm_type": "ways_poly", "Analysis_Region": "North West"}, "geometry": {"type": "Polygon", "coordinates": [[[8.5385519, 11.9662133], [8.5385936, 11.9661635], [8.5386697, 11.9662245], [8.5386281, 11.9662743], [8.5385519, 11.9662133]]]}}, {"type": "Feature", "properties": {"name": null, "name:en": null, "amenity": null, "building": "school", "operator:type": null, "capacity:persons": null, "addr:full": null, "addr:city": null, "source": "Bing", "osm_id": 299040806, "osm_type": "ways_poly", "Analysis_Region": "North West"}, "geometry": {"type": "Polygon", "coordinates": [[[8.5630407, 11.9572585], [8.5631873, 11.9570577], [8.5632347, 11.9570908], [8.5632264, 11.9571022], [8.5632444, 11.9571148], [8.5631214, 11.9572833], [8.5631011, 11.9572691], [8.5630858, 11.95729], [8.5630407, 11.9572585]]]}}, {"type": "Feature", "properties": {"name": null, "name:en": null, "amenity": null, "building": "school", "operator:type": null, "capacity:persons": null, "addr:full": null, "addr:city": null, "source": null, "osm_id": 298563199, "osm_type": "ways_poly", "Analysis_Region": "North West"}, "geometry": {"type": "Polygon", "coordinates": [[[8.545205, 11.9588488], [8.545345, 11.95871], [8.5453893, 11.9587528], [8.5452493, 11.9588916], [8.545205, 11.9588488]]]}}, {"type": "Feature", "properties": {"name": null, "name:en": null, "amenity": null, "building": "school", "operator:type": null, "capacity:persons": null, "addr:full": null, "addr:city": null, "source": null, "osm_id": 527034842, "osm_type": "ways_poly", "Analysis_Region": "North West"}, "geometry": {"type": "Polygon", "coordinates": [[[8.5577148, 11.9748732], [8.5577287, 11.9748167], [8.5578272, 11.9746311], [8.5579013, 11.9746773], [8.5577914, 11.974913], [8.5577148, 11.9748732]]]}}, {"type": "Feature", "properties": {"name": null, "name:en": null, "amenity": null, "building": "school", "operator:type": null, "capacity:persons": null, "addr:full": null, "addr:city": null, "source": null, "osm_id": 295378822, "osm_type": "ways_poly", "Analysis_Region": "North West"}, "geometry": {"type": "Polygon", "coordinates": [[[8.5578905, 11.97443], [8.5580523, 11.9742828], [8.5581102, 11.9743437], [8.5579485, 11.9744909], [8.5578905, 11.97443]]]}}, {"type": "Feature", "properties": {"name": null, "name:en": null, "amenity": null, "building": "school", "operator:type": null, "capacity:persons": null, "addr:full": null, "addr:city": null, "source": null, "osm_id": 298563217, "osm_type": "ways_poly", "Analysis_Region": "North West"}, "geometry": {"type": "Polygon", "coordinates": [[[8.5455162, 11.9585428], [8.5455817, 11.958469], [8.5456376, 11.9585164], [8.545572, 11.9585903], [8.5455162, 11.9585428]]]}}, {"type": "Feature", "properties": {"name": null, "name:en": null, "amenity": null, "building": "school", "operator:type": null, "capacity:persons": null, "addr:full": null, "addr:city": null, "source": null, "osm_id": 527034291, "osm_type": "ways_poly", "Analysis_Region": "North West"}, "geometry": {"type": "Polygon", "coordinates": [[[8.5393612, 11.9809235], [8.5393957, 11.9808838], [8.5394942, 11.9809655], [8.5395195, 11.9809364], [8.5397917, 11.9811623], [8.539732, 11.9812312], [8.5393612, 11.9809235]]]}}, {"type": "Feature", "properties": {"name": null, "name:en": null, "amenity": null, "building": "school", "operator:type": null, "capacity:persons": null, "addr:full": null, "addr:city": null, "source": null, "osm_id": 527034292, "osm_type": "ways_poly", "Analysis_Region": "North West"}, "geometry": {"type": "Polygon", "coordinates": [[[8.5394128, 11.9508884], [8.5394784, 11.950849], [8.5395266, 11.9509259], [8.539461, 11.9509653], [8.5394128, 11.9508884]]]}}, {"type": "Feature", "properties": {"name": null, "name:en": null, "amenity": null, "building": "school", "operator:type": null, "capacity:persons": null, "addr:full": null, "addr:city": null, "source": null, "osm_id": 527034400, "osm_type": "ways_poly", "Analysis_Region": "North West"}, "geometry": {"type": "Polygon", "coordinates": [[[8.5631474, 11.9792499], [8.5632353, 11.9792166], [8.5633233, 11.9794389], [8.5632354, 11.9794722], [8.5631474, 11.9792499]]]}}, {"type": "Feature", "properties": {"name": null, "name:en": null, "amenity": null, "building": "school", "operator:type": null, "capacity:persons": null, "addr:full": null, "addr:city": null, "source": null, "osm_id": 527034405, "osm_type": "ways_poly", "Analysis_Region": "North West"}, "geometry": {"type": "Polygon", "coordinates": [[[8.545361, 11.9587027], [8.5454986, 11.958555], [8.5455523, 11.9586029], [8.5454148, 11.9587506], [8.545361, 11.9587027]]]}}, {"type": "Feature", "properties": {"name": null, "name:en": null, "amenity": null, "building": "school", "operator:type": null, "capacity:persons": null, "addr:full": null, "addr:city": null, "source": null, "osm_id": 527034520, "osm_type": "ways_poly", "Analysis_Region": "North West"}, "geometry": {"type": "Polygon", "coordinates": [[[8.5632587, 11.9794925], [8.5633257, 11.9794767], [8.5633901, 11.9795974], [8.563307, 11.9796394], [8.5632587, 11.9794925]]]}}, {"type": "Feature", "properties": {"name": null, "name:en": null, "amenity": null, "building": "school", "operator:type": null, "capacity:persons": null, "addr:full": null, "addr:city": null, "source": null, "osm_id": 527034606, "osm_type": "ways_poly", "Analysis_Region": "North West"}, "geometry": {"type": "Polygon", "coordinates": [[[8.5393817, 11.9662952], [8.5393971, 11.9662687], [8.539448, 11.9662971], [8.5394325, 11.9663236], [8.5393817, 11.9662952]]]}}, {"type": "Feature", "properties": {"name": null, "name:en": null, "amenity": null, "building": "school", "operator:type": null, "capacity:persons": null, "addr:full": null, "addr:city": null, "source": "Bing", "osm_id": 299040805, "osm_type": "ways_poly", "Analysis_Region": "North West"}, "geometry": {"type": "Polygon", "coordinates": [[[8.5633968, 11.9565], [8.5634335, 11.9564374], [8.5634542, 11.956449], [8.5635951, 11.9562087], [8.5635745, 11.9561971], [8.5636147, 11.9561285], [8.5637196, 11.9561874], [8.5635017, 11.9565589], [8.5633968, 11.9565]]]}}, {"type": "Feature", "properties": {"name": null, "name:en": null, "amenity": null, "building": "school", "operator:type": null, "capacity:persons": null, "addr:full": null, "addr:city": null, "source": null, "osm_id": 527034843, "osm_type": "ways_poly", "Analysis_Region": "North West"}, "geometry": {"type": "Polygon", "coordinates": [[[8.538944, 11.9813395], [8.5391262, 11.981134], [8.5392412, 11.9812316], [8.5390591, 11.9814371], [8.538944, 11.9813395]]]}}, {"type": "Feature", "properties": {"name": null, "name:en": null, "amenity": null, "building": "school", "operator:type": null, "capacity:persons": null, "addr:full": null, "addr:city": null, "source": "bing", "osm_id": 287481467, "osm_type": "ways_poly", "Analysis_Region": "North West"}, "geometry": {"type": "Polygon", "coordinates": [[[8.5635494, 11.9799731], [8.5637251, 11.9799218], [8.563751, 11.9800066], [8.5635753, 11.9800579], [8.5635494, 11.9799731]]]}}, {"type": "Feature", "properties": {"name": null, "name:en": null, "amenity": null, "building": "school", "operator:type": null, "capacity:persons": null, "addr:full": null, "addr:city": null, "source": null, "osm_id": 298563248, "osm_type": "ways_poly", "Analysis_Region": "North West"}, "geometry": {"type": "Polygon", "coordinates": [[[8.5453541, 11.9582027], [8.545413, 11.9581393], [8.5455637, 11.9582734], [8.5455048, 11.9583368], [8.5453541, 11.9582027]]]}}, {"type": "Feature", "properties": {"name": null, "name:en": null, "amenity": null, "building": "school", "operator:type": null, "capacity:persons": null, "addr:full": null, "addr:city": null, "source": null, "osm_id": 298777160, "osm_type": "ways_poly", "Analysis_Region": "North West"}, "geometry": {"type": "Polygon", "coordinates": [[[8.5658906, 11.9415683], [8.5659155, 11.9414942], [8.5660821, 11.941548], [8.5660571, 11.941622], [8.5658906, 11.9415683]]]}}, {"type": "Feature", "properties": {"name": null, "name:en": null, "amenity": null, "building": "school", "operator:type": null, "capacity:persons": null, "addr:full": null, "addr:city": null, "source": null, "osm_id": 527035824, "osm_type": "ways_poly", "Analysis_Region": "North West"}, "geometry": {"type": "Polygon", "coordinates": [[[8.5886286, 11.9616457], [8.5886411, 11.9616108], [8.5887512, 11.9616485], [8.5887387, 11.9616834], [8.5886286, 11.9616457]]]}}, {"type": "Feature", "properties": {"name": null, "name:en": null, "amenity": null, "building": "school", "operator:type": null, "capacity:persons": null, "addr:full": null, "addr:city": null, "source": null, "osm_id": 298563263, "osm_type": "ways_poly", "Analysis_Region": "North West"}, "geometry": {"type": "Polygon", "coordinates": [[[8.5446036, 11.9580593], [8.5447448, 11.9579194], [8.5447915, 11.9579645], [8.5446503, 11.9581044], [8.5446036, 11.9580593]]]}}, {"type": "Feature", "properties": {"name": null, "name:en": null, "amenity": null, "building": "school", "operator:type": null, "capacity:persons": null, "addr:full": null, "addr:city": null, "source": null, "osm_id": 298563251, "osm_type": "ways_poly", "Analysis_Region": "North West"}, "geometry": {"type": "Polygon", "coordinates": [[[8.5449699, 11.9577206], [8.5450166, 11.9576744], [8.5450597, 11.957716], [8.545013, 11.9577623], [8.5449699, 11.9577206]]]}}, {"type": "Feature", "properties": {"name": null, "name:en": null, "amenity": null, "building": "school", "operator:type": null, "capacity:persons": null, "addr:full": null, "addr:city": null, "source": null, "osm_id": 527037206, "osm_type": "ways_poly", "Analysis_Region": "North West"}, "geometry": {"type": "Polygon", "coordinates": [[[8.5449556, 11.9486319], [8.5450566, 11.9483852], [8.5451272, 11.948416], [8.5450642, 11.9486108], [8.5450332, 11.9486468], [8.5449556, 11.9486319]]]}}, {"type": "Feature", "properties": {"name": null, "name:en": null, "amenity": null, "building": "school", "operator:type": null, "capacity:persons": null, "addr:full": null, "addr:city": null, "source": null, "osm_id": 527037207, "osm_type": "ways_poly", "Analysis_Region": "North West"}, "geometry": {"type": "Polygon", "coordinates": [[[8.5451177, 11.948726], [8.5452033, 11.948457], [8.5452734, 11.9484804], [8.5451899, 11.9487488], [8.5451177, 11.948726]]]}}, {"type": "Feature", "properties": {"name": null, "name:en": null, "amenity": null, "building": "school", "operator:type": null, "capacity:persons": null, "addr:full": null, "addr:city": null, "source": null, "osm_id": 527037208, "osm_type": "ways_poly", "Analysis_Region": "North West"}, "geometry": {"type": "Polygon", "coordinates": [[[8.5449211, 11.9477609], [8.5449509, 11.9477044], [8.5449653, 11.9476423], [8.5451923, 11.9477176], [8.5451653, 11.9477797], [8.5451442, 11.9478276], [8.5449211, 11.9477609]]]}}, {"type": "Feature", "properties": {"name": null, "name:en": null, "amenity": null, "building": "school", "operator:type": null, "capacity:persons": null, "addr:full": null, "addr:city": null, "source": null, "osm_id": 527038264, "osm_type": "ways_poly", "Analysis_Region": "North West"}, "geometry": {"type": "Polygon", "coordinates": [[[8.556188, 11.9771959], [8.5562194, 11.9770245], [8.5562841, 11.9770358], [8.5562528, 11.9772073], [8.556188, 11.9771959]]]}}, {"type": "Feature", "properties": {"name": null, "name:en": null, "amenity": null, "building": "school", "operator:type": null, "capacity:persons": null, "addr:full": null, "addr:city": null, "source": null, "osm_id": 527021645, "osm_type": "ways_poly", "Analysis_Region": "North West"}, "geometry": {"type": "Polygon", "coordinates": [[[8.5389069, 11.965612], [8.5389526, 11.965559], [8.5390816, 11.9656656], [8.5390359, 11.9657186], [8.5389069, 11.965612]]]}}, {"type": "Feature", "properties": {"name": null, "name:en": null, "amenity": null, "building": "school", "operator:type": null, "capacity:persons": null, "addr:full": null, "addr:city": null, "source": null, "osm_id": 527021669, "osm_type": "ways_poly", "Analysis_Region": "North West"}, "geometry": {"type": "Polygon", "coordinates": [[[8.5635816, 11.9745687], [8.5636484, 11.9745219], [8.5636892, 11.9745775], [8.5636224, 11.9746244], [8.5635816, 11.9745687]]]}}, {"type": "Feature", "properties": {"name": null, "name:en": null, "amenity": null, "building": "school", "operator:type": null, "capacity:persons": null, "addr:full": null, "addr:city": null, "source": null, "osm_id": 527022653, "osm_type": "ways_poly", "Analysis_Region": "North West"}, "geometry": {"type": "Polygon", "coordinates": [[[8.5382261, 11.9659508], [8.538254, 11.9659152], [8.5383326, 11.9659742], [8.5383047, 11.9660098], [8.5382261, 11.9659508]]]}}, {"type": "Feature", "properties": {"name": null, "name:en": null, "amenity": null, "building": "school", "operator:type": null, "capacity:persons": null, "addr:full": null, "addr:city": null, "source": null, "osm_id": 527023412, "osm_type": "ways_poly", "Analysis_Region": "North West"}, "geometry": {"type": "Polygon", "coordinates": [[[8.5380664, 11.9661433], [8.5381027, 11.9661018], [8.538177, 11.9661639], [8.5381407, 11.9662055], [8.5380664, 11.9661433]]]}}, {"type": "Feature", "properties": {"name": null, "name:en": null, "amenity": null, "building": "school", "operator:type": null, "capacity:persons": null, "addr:full": null, "addr:city": null, "source": null, "osm_id": 289539776, "osm_type": "ways_poly", "Analysis_Region": "North West"}, "geometry": {"type": "Polygon", "coordinates": [[[8.5413147, 11.9714146], [8.5413622, 11.9713314], [8.5414339, 11.9713706], [8.5413864, 11.9714538], [8.5413147, 11.9714146]]]}}, {"type": "Feature", "properties": {"name": null, "name:en": null, "amenity": null, "building": "school", "operator:type": null, "capacity:persons": null, "addr:full": null, "addr:city": null, "source": null, "osm_id": 298563234, "osm_type": "ways_poly", "Analysis_Region": "North West"}, "geometry": {"type": "Polygon", "coordinates": [[[8.5451933, 11.9580574], [8.5452513, 11.9579955], [8.5454041, 11.9581325], [8.545346, 11.9581944], [8.5451933, 11.9580574]]]}}, {"type": "Feature", "properties": {"name": null, "name:en": null, "amenity": null, "building": "school", "operator:type": null, "capacity:persons": null, "addr:full": null, "addr:city": null, "source": null, "osm_id": 527035994, "osm_type": "ways_poly", "Analysis_Region": "North West"}, "geometry": {"type": "Polygon", "coordinates": [[[8.5887323, 11.9616258], [8.5887405, 11.9615938], [8.5887657, 11.9616], [8.5887575, 11.961632], [8.5887323, 11.9616258]]]}}, {"type": "Feature", "properties": {"name": null, "name:en": null, "amenity": null, "building": "school", "operator:type": null, "capacity:persons": null, "addr:full": null, "addr:city": null, "source": null, "osm_id": 298563216, "osm_type": "ways_poly", "Analysis_Region": "North West"}, "geometry": {"type": "Polygon", "coordinates": [[[8.5450103, 11.957898], [8.5450647, 11.957836], [8.5452142, 11.9579615], [8.5451598, 11.9580235], [8.5450103, 11.957898]]]}}, {"type": "Feature", "properties": {"name": null, "name:en": null, "amenity": null, "building": "school", "operator:type": null, "capacity:persons": null, "addr:full": null, "addr:city": null, "source": null, "osm_id": 527036229, "osm_type": "ways_poly", "Analysis_Region": "North West"}, "geometry": {"type": "Polygon", "coordinates": [[[8.5885883, 11.9616374], [8.5886161, 11.9615648], [8.5886851, 11.9615901], [8.5886757, 11.9616144], [8.588638, 11.9616006], [8.5886195, 11.9616489], [8.5885883, 11.9616374]]]}}, {"type": "Feature", "properties": {"name": null, "name:en": null, "amenity": null, "building": "school", "operator:type": null, "capacity:persons": null, "addr:full": null, "addr:city": null, "source": null, "osm_id": 527036255, "osm_type": "ways_poly", "Analysis_Region": "North West"}, "geometry": {"type": "Polygon", "coordinates": [[[8.5542555, 11.9422463], [8.5542786, 11.9422013], [8.5543404, 11.9422317], [8.5543173, 11.9422767], [8.5542555, 11.9422463]]]}}, {"type": "Feature", "properties": {"name": null, "name:en": null, "amenity": null, "building": "school", "operator:type": null, "capacity:persons": null, "addr:full": null, "addr:city": null, "source": null, "osm_id": 298563230, "osm_type": "ways_poly", "Analysis_Region": "North West"}, "geometry": {"type": "Polygon", "coordinates": [[[8.5442409, 11.9582419], [8.5443914, 11.9580928], [8.5444429, 11.9581425], [8.5442924, 11.9582916], [8.5442409, 11.9582419]]]}}, {"type": "Feature", "properties": {"name": null, "name:en": null, "amenity": null, "building": "school", "operator:type": null, "capacity:persons": null, "addr:full": null, "addr:city": null, "source": null, "osm_id": 298596948, "osm_type": "ways_poly", "Analysis_Region": "North West"}, "geometry": {"type": "Polygon", "coordinates": [[[8.5467197, 11.9559678], [8.5467941, 11.9558279], [8.5469099, 11.9558869], [8.5468355, 11.9560267], [8.5467197, 11.9559678]]]}}, {"type": "Feature", "properties": {"name": null, "name:en": null, "amenity": null, "building": "school", "operator:type": null, "capacity:persons": null, "addr:full": null, "addr:city": null, "source": null, "osm_id": 527037183, "osm_type": "ways_poly", "Analysis_Region": "North West"}, "geometry": {"type": "Polygon", "coordinates": [[[8.5596013, 11.9586039], [8.5596391, 11.9585592], [8.5597318, 11.9586342], [8.559694, 11.9586789], [8.5596013, 11.9586039]]]}}, {"type": "Feature", "properties": {"name": null, "name:en": null, "amenity": null, "building": "school", "operator:type": null, "capacity:persons": null, "addr:full": null, "addr:city": null, "source": null, "osm_id": 527037179, "osm_type": "ways_poly", "Analysis_Region": "North West"}, "geometry": {"type": "Polygon", "coordinates": [[[8.5597113, 11.9586785], [8.5597383, 11.9586416], [8.5598017, 11.958686], [8.5597747, 11.9587229], [8.5597113, 11.9586785]]]}}, {"type": "Feature", "properties": {"name": null, "name:en": null, "amenity": null, "building": "school", "operator:type": null, "capacity:persons": null, "addr:full": null, "addr:city": null, "source": null, "osm_id": 527037187, "osm_type": "ways_poly", "Analysis_Region": "North West"}, "geometry": {"type": "Polygon", "coordinates": [[[8.5598718, 11.9584946], [8.5599363, 11.9584409], [8.5599483, 11.9584546], [8.5598837, 11.9585084], [8.5598718, 11.9584946]]]}}, {"type": "Feature", "properties": {"name": null, "name:en": null, "amenity": null, "building": "school", "operator:type": null, "capacity:persons": null, "addr:full": null, "addr:city": null, "source": "Bing", "osm_id": 299040785, "osm_type": "ways_poly", "Analysis_Region": "North West"}, "geometry": {"type": "Polygon", "coordinates": [[[8.5601386, 11.9586039], [8.5601608, 11.958562], [8.560255, 11.9586098], [8.5602328, 11.9586517], [8.5601386, 11.9586039]]]}}, {"type": "Feature", "properties": {"name": null, "name:en": null, "amenity": null, "building": "school", "operator:type": null, "capacity:persons": null, "addr:full": null, "addr:city": null, "source": null, "osm_id": 527037462, "osm_type": "ways_poly", "Analysis_Region": "North West"}, "geometry": {"type": "Polygon", "coordinates": [[[8.5484006, 11.9513105], [8.5484833, 11.951111], [8.5486352, 11.9511656], [8.5486093, 11.9512108], [8.5485083, 11.9511712], [8.548441, 11.9513208], [8.5484006, 11.9513105]]]}}, {"type": "Feature", "properties": {"name": null, "name:en": null, "amenity": null, "building": "school", "operator:type": null, "capacity:persons": null, "addr:full": null, "addr:city": null, "source": null, "osm_id": 527037463, "osm_type": "ways_poly", "Analysis_Region": "North West"}, "geometry": {"type": "Polygon", "coordinates": [[[8.5484977, 11.951349], [8.5485314, 11.9512917], [8.5485997, 11.9513152], [8.5485679, 11.9513782], [8.5484977, 11.951349]]]}}, {"type": "Feature", "properties": {"name": null, "name:en": null, "amenity": null, "building": "school", "operator:type": null, "capacity:persons": null, "addr:full": null, "addr:city": null, "source": null, "osm_id": 295462472, "osm_type": "ways_poly", "Analysis_Region": "North West"}, "geometry": {"type": "Polygon", "coordinates": [[[8.5560309, 11.9644338], [8.5560394, 11.9643598], [8.556255, 11.9643837], [8.5562464, 11.9644576], [8.5560309, 11.9644338]]]}}, {"type": "Feature", "properties": {"name": null, "name:en": null, "amenity": null, "building": "school", "operator:type": null, "capacity:persons": null, "addr:full": null, "addr:city": null, "source": null, "osm_id": 527037651, "osm_type": "ways_poly", "Analysis_Region": "North West"}, "geometry": {"type": "Polygon", "coordinates": [[[8.5602572, 11.9590605], [8.560279, 11.9590101], [8.5603166, 11.9590256], [8.5602948, 11.959076], [8.5602572, 11.9590605]]]}}, {"type": "Feature", "properties": {"name": null, "name:en": null, "amenity": null, "building": "school", "operator:type": null, "capacity:persons": null, "addr:full": null, "addr:city": null, "source": null, "osm_id": 295462035, "osm_type": "ways_poly", "Analysis_Region": "North West"}, "geometry": {"type": "Polygon", "coordinates": [[[8.554914, 11.9662024], [8.5550031, 11.9662024], [8.5550031, 11.9663033], [8.554914, 11.9663033], [8.554914, 11.9662024]]]}}, {"type": "Feature", "properties": {"name": null, "name:en": null, "amenity": null, "building": "school", "operator:type": null, "capacity:persons": null, "addr:full": null, "addr:city": null, "source": null, "osm_id": 295462032, "osm_type": "ways_poly", "Analysis_Region": "North West"}, "geometry": {"type": "Polygon", "coordinates": [[[8.5552093, 11.9661611], [8.5552965, 11.9661611], [8.5552965, 11.9663427], [8.5552093, 11.9663427], [8.5552093, 11.9661611]]]}}, {"type": "Feature", "properties": {"name": null, "name:en": null, "amenity": null, "building": "school", "operator:type": null, "capacity:persons": null, "addr:full": null, "addr:city": null, "source": null, "osm_id": 527038602, "osm_type": "ways_poly", "Analysis_Region": "North West"}, "geometry": {"type": "Polygon", "coordinates": [[[8.5358813, 11.961986], [8.5359509, 11.9619076], [8.5361061, 11.9620396], [8.5360366, 11.9621179], [8.5358813, 11.961986]]]}}, {"type": "Feature", "properties": {"name": null, "name:en": null, "amenity": null, "building": "school", "operator:type": null, "capacity:persons": null, "addr:full": null, "addr:city": null, "source": null, "osm_id": 527022195, "osm_type": "ways_poly", "Analysis_Region": "North West"}, "geometry": {"type": "Polygon", "coordinates": [[[8.5382634, 11.9659163], [8.5383814, 11.9657625], [8.5384636, 11.9658229], [8.5383456, 11.9659767], [8.5382634, 11.9659163]]]}}, {"type": "Feature", "properties": {"name": null, "name:en": null, "amenity": null, "building": "school", "operator:type": null, "capacity:persons": null, "addr:full": null, "addr:city": null, "source": null, "osm_id": 527023273, "osm_type": "ways_poly", "Analysis_Region": "North West"}, "geometry": {"type": "Polygon", "coordinates": [[[8.535676, 11.9741337], [8.5357211, 11.9740706], [8.53591, 11.9741997], [8.5358649, 11.9742628], [8.535676, 11.9741337]]]}}, {"type": "Feature", "properties": {"name": null, "name:en": null, "amenity": null, "building": "school", "operator:type": null, "capacity:persons": null, "addr:full": null, "addr:city": null, "source": null, "osm_id": 295790037, "osm_type": "ways_poly", "Analysis_Region": "North West"}, "geometry": {"type": "Polygon", "coordinates": [[[8.5625671, 11.9736063], [8.5626017, 11.9735542], [8.5625792, 11.9735241], [8.5626349, 11.9734866], [8.5626756, 11.9734576], [8.5626885, 11.9734749], [8.5627909, 11.9734017], [8.5628377, 11.9734645], [8.5628826, 11.9734324], [8.5629438, 11.9735144], [8.5628684, 11.9735683], [8.5628744, 11.9735763], [8.5628387, 11.9736017], [8.5628258, 11.9735845], [8.5628009, 11.9736023], [8.5628138, 11.9736196], [8.5627804, 11.9736434], [8.562767, 11.9736254], [8.5627484, 11.9736387], [8.5627239, 11.9736058], [8.5626959, 11.9736266], [8.562711, 11.9736459], [8.5626394, 11.9736992], [8.5625671, 11.9736063]]]}}, {"type": "Feature", "properties": {"name": null, "name:en": null, "amenity": null, "building": "school", "operator:type": null, "capacity:persons": null, "addr:full": null, "addr:city": null, "source": null, "osm_id": 289539778, "osm_type": "ways_poly", "Analysis_Region": "North West"}, "geometry": {"type": "Polygon", "coordinates": [[[8.5413464, 11.9716744], [8.5414566, 11.97147], [8.5415366, 11.9715113], [8.5414264, 11.9717157], [8.5413464, 11.9716744]]]}}, {"type": "Feature", "properties": {"name": null, "name:en": null, "amenity": null, "building": "school", "operator:type": null, "capacity:persons": null, "addr:full": null, "addr:city": null, "source": null, "osm_id": 289657132, "osm_type": "ways_poly", "Analysis_Region": "North West"}, "geometry": {"type": "Polygon", "coordinates": [[[8.5627642, 11.9732974], [8.5628144, 11.9732743], [8.5628676, 11.9733577], [8.5628197, 11.9733844], [8.5627642, 11.9732974]]]}}, {"type": "Feature", "properties": {"name": null, "name:en": null, "amenity": null, "building": "school", "operator:type": null, "capacity:persons": null, "addr:full": null, "addr:city": null, "source": null, "osm_id": 297928452, "osm_type": "ways_poly", "Analysis_Region": "North West"}, "geometry": {"type": "Polygon", "coordinates": [[[8.5431343, 11.9615971], [8.5432164, 11.9615178], [8.5434016, 11.9617015], [8.5433195, 11.9617808], [8.5431343, 11.9615971]]]}}, {"type": "Feature", "properties": {"name": null, "name:en": null, "amenity": null, "building": "school", "operator:type": null, "capacity:persons": null, "addr:full": null, "addr:city": null, "source": null, "osm_id": 527027307, "osm_type": "ways_poly", "Analysis_Region": "North West"}, "geometry": {"type": "Polygon", "coordinates": [[[8.5722704, 11.9713647], [8.5723144, 11.9713285], [8.5723612, 11.9713831], [8.5723172, 11.9714192], [8.5722704, 11.9713647]]]}}, {"type": "Feature", "properties": {"name": null, "name:en": null, "amenity": null, "building": "school", "operator:type": null, "capacity:persons": null, "addr:full": null, "addr:city": null, "source": null, "osm_id": 289620341, "osm_type": "ways_poly", "Analysis_Region": "North West"}, "geometry": {"type": "Polygon", "coordinates": [[[8.562207, 11.958089], [8.5623513, 11.9579287], [8.5624104, 11.9579796], [8.5622661, 11.9581399], [8.562207, 11.958089]]]}}, {"type": "Feature", "properties": {"name": null, "name:en": null, "amenity": null, "building": "school", "operator:type": null, "capacity:persons": null, "addr:full": null, "addr:city": null, "source": null, "osm_id": 527020162, "osm_type": "ways_poly", "Analysis_Region": "North West"}, "geometry": {"type": "Polygon", "coordinates": [[[8.538652, 11.9659131], [8.5387036, 11.9658483], [8.5388662, 11.9659721], [8.5388146, 11.9660369], [8.538652, 11.9659131]]]}}, {"type": "Feature", "properties": {"name": null, "name:en": null, "amenity": null, "building": "kindergarten", "operator:type": null, "capacity:persons": null, "addr:full": null, "addr:city": null, "source": null, "osm_id": 597786335, "osm_type": "ways_poly", "Analysis_Region": "North East"}, "geometry": {"type": "Polygon", "coordinates": [[[13.3173472, 10.5571488], [13.317374, 10.5564115], [13.3180705, 10.5563193], [13.3186196, 10.55732], [13.317662, 10.5577149], [13.3173472, 10.5571488]]]}}, {"type": "Feature", "properties": {"name": null, "name:en": null, "amenity": null, "building": "university", "operator:type": null, "capacity:persons": null, "addr:full": null, "addr:city": null, "source": null, "osm_id": 595843935, "osm_type": "ways_poly", "Analysis_Region": "North West"}, "geometry": {"type": "Polygon", "coordinates": [[[4.5287679, 7.5212469], [4.5288585, 7.5212341], [4.5288949, 7.5214869], [4.5288043, 7.5214997], [4.5287679, 7.5212469]]]}}, {"type": "Feature", "properties": {"name": null, "name:en": null, "amenity": null, "building": "university", "operator:type": null, "capacity:persons": null, "addr:full": null, "addr:city": null, "source": null, "osm_id": 595843937, "osm_type": "ways_poly", "Analysis_Region": "North West"}, "geometry": {"type": "Polygon", "coordinates": [[[4.5285828, 7.5213036], [4.5286646, 7.5212882], [4.5287107, 7.5215276], [4.5286289, 7.5215431], [4.5285828, 7.5213036]]]}}, {"type": "Feature", "properties": {"name": null, "name:en": null, "amenity": null, "building": "university", "operator:type": null, "capacity:persons": null, "addr:full": null, "addr:city": null, "source": null, "osm_id": 595843939, "osm_type": "ways_poly", "Analysis_Region": "North West"}, "geometry": {"type": "Polygon", "coordinates": [[[4.5283301, 7.5213184], [4.5284111, 7.5213132], [4.5284304, 7.5216083], [4.5283494, 7.5216136], [4.5283301, 7.5213184]]]}}, {"type": "Feature", "properties": {"name": null, "name:en": null, "amenity": null, "building": "university", "operator:type": null, "capacity:persons": null, "addr:full": null, "addr:city": null, "source": null, "osm_id": 595843948, "osm_type": "ways_poly", "Analysis_Region": "North West"}, "geometry": {"type": "Polygon", "coordinates": [[[4.5273179, 7.5229977], [4.5274635, 7.5229746], [4.5274784, 7.5230663], [4.5273328, 7.5230895], [4.5273179, 7.5229977]]]}}, {"type": "Feature", "properties": {"name": "Saliola Model College", "name:en": null, "amenity": "school", "building": "yes", "operator:type": "private", "capacity:persons": null, "addr:full": null, "addr:city": null, "source": "local knowledge", "osm_id": 701208532, "osm_type": "ways_poly", "Analysis_Region": "North West"}, "geometry": {"type": "Polygon", "coordinates": [[[4.3169886, 7.8995179], [4.3171697, 7.8994236], [4.3172078, 7.8994954], [4.3171056, 7.8995487], [4.317218, 7.9000082], [4.3172689, 7.9000028], [4.3172742, 7.9000519], [4.3172157, 7.9000582], [4.3172146, 7.9000484], [4.3171388, 7.9000666], [4.3170182, 7.8995737], [4.3169886, 7.8995179]]]}}, {"type": "Feature", "properties": {"name": null, "name:en": null, "amenity": "school", "building": null, "operator:type": null, "capacity:persons": null, "addr:full": null, "addr:city": null, "source": null, "osm_id": 288493025, "osm_type": "ways_poly", "Analysis_Region": "North West"}, "geometry": {"type": "Polygon", "coordinates": [[[8.538292, 12.0191016], [8.5382938, 12.0187975], [8.5384004, 12.0187981], [8.5383987, 12.0191022], [8.538292, 12.0191016]]]}}, {"type": "Feature", "properties": {"name": "Hanatu Memorial Secondary School", "name:en": null, "amenity": null, "building": "school", "operator:type": null, "capacity:persons": null, "addr:full": null, "addr:city": null, "source": null, "osm_id": 292052040, "osm_type": "ways_poly", "Analysis_Region": "North West"}, "geometry": {"type": "Polygon", "coordinates": [[[8.5436572, 12.0166712], [8.5438301, 12.0166436], [8.5438615, 12.0168315], [8.5436885, 12.0168591], [8.5436572, 12.0166712]]]}}, {"type": "Feature", "properties": {"name": "Government Day Secondary School Yandaka", "name:en": null, "amenity": "school", "building": null, "operator:type": null, "capacity:persons": null, "addr:full": null, "addr:city": "Katsina", "source": null, "osm_id": 594165619, "osm_type": "ways_poly", "Analysis_Region": "North West"}, "geometry": {"type": "Polygon", "coordinates": [[[7.583675, 12.9775843], [7.5845119, 12.9772916], [7.5849625, 12.9771452], [7.5855633, 12.9769152], [7.5864645, 12.9765598], [7.5867434, 12.9764552], [7.5868507, 12.9764343], [7.5870868, 12.9764238], [7.5871726, 12.9764552], [7.5874837, 12.9772184], [7.5883313, 12.978703], [7.5877734, 12.9790375], [7.5866683, 12.9795812], [7.5853487, 12.9802817], [7.5847908, 12.9794453], [7.5842329, 12.9784625], [7.583675, 12.9775843]]]}}, {"type": "Feature", "properties": {"name": "University Library", "name:en": null, "amenity": null, "building": "university", "operator:type": null, "capacity:persons": null, "addr:full": null, "addr:city": null, "source": null, "osm_id": 1150932920, "osm_type": "ways_poly", "Analysis_Region": "North West"}, "geometry": {"type": "Polygon", "coordinates": [[[4.6720254, 8.4831974], [4.6720412, 8.4831037], [4.6720849, 8.4831109], [4.6721019, 8.4830105], [4.67235, 8.4830515], [4.6723665, 8.4829538], [4.6725082, 8.4829772], [4.6725026, 8.4830102], [4.6728938, 8.4830748], [4.6728852, 8.4831253], [4.6729454, 8.4831352], [4.6729336, 8.4832048], [4.6728699, 8.4831943], [4.6728551, 8.4832817], [4.6724808, 8.4832198], [4.6724699, 8.483284], [4.672446, 8.4834258], [4.6725848, 8.4834488], [4.6725763, 8.4834988], [4.6726336, 8.4835082], [4.6726119, 8.4836366], [4.672553, 8.4836269], [4.6725428, 8.4836872], [4.6722483, 8.4836385], [4.6722569, 8.4835878], [4.6722091, 8.4835799], [4.6722247, 8.4834878], [4.6722318, 8.483446], [4.6722811, 8.4834541], [4.6722892, 8.4834065], [4.672359, 8.483418], [4.6723862, 8.483257], [4.6721226, 8.4832351], [4.6720254, 8.4831974]]]}}, {"type": "Feature", "properties": {"name": "Ebunoluwa International School", "name:en": null, "amenity": "school", "building": "yes", "operator:type": "private", "capacity:persons": null, "addr:full": null, "addr:city": "Ofatedo", "source": "microsoft/BuildingFootprints", "osm_id": 1290103042, "osm_type": "ways_poly", "Analysis_Region": "North West"}, "geometry": {"type": "Polygon", "coordinates": [[[4.5101925, 7.7768005], [4.5102887, 7.7767835], [4.5105928, 7.7768596], [4.5104158, 7.7774364], [4.5103246, 7.7774098], [4.5104597, 7.7769552], [4.5103075, 7.7769104], [4.5101987, 7.7769154], [4.5101925, 7.7768005]]]}}, {"type": "Feature", "properties": {"name": null, "name:en": null, "amenity": "school", "building": "yes", "operator:type": null, "capacity:persons": null, "addr:full": null, "addr:city": null, "source": null, "osm_id": 701458731, "osm_type": "ways_poly", "Analysis_Region": "North West"}, "geometry": {"type": "Polygon", "coordinates": [[[4.3163516, 7.9078959], [4.3163744, 7.9078811], [4.3164039, 7.9079256], [4.3163811, 7.9079404], [4.3163516, 7.9078959]]]}}, {"type": "Feature", "properties": {"name": "Beulah Baptist Church College", "name:en": null, "amenity": "school", "building": "yes", "operator:type": null, "capacity:persons": null, "addr:full": null, "addr:city": null, "source": null, "osm_id": 701458928, "osm_type": "ways_poly", "Analysis_Region": "North West"}, "geometry": {"type": "Polygon", "coordinates": [[[4.3173319, 7.908596], [4.3175438, 7.9084738], [4.3175701, 7.9085185], [4.3174145, 7.9086083], [4.3175534, 7.9088377], [4.3177047, 7.9087527], [4.3177438, 7.9088209], [4.3175942, 7.908905], [4.3175947, 7.9089058], [4.3175304, 7.908944], [4.3173373, 7.9086252], [4.317346, 7.90862], [4.3173319, 7.908596]]]}}, {"type": "Feature", "properties": {"name": null, "name:en": null, "amenity": "school", "building": "yes", "operator:type": null, "capacity:persons": null, "addr:full": null, "addr:city": null, "source": null, "osm_id": 701520678, "osm_type": "ways_poly", "Analysis_Region": "North West"}, "geometry": {"type": "Polygon", "coordinates": [[[4.319711, 7.9093239], [4.3197851, 7.9092535], [4.3198803, 7.9093518], [4.3198062, 7.9094222], [4.319711, 7.9093239]]]}}, {"type": "Feature", "properties": {"name": null, "name:en": null, "amenity": "school", "building": null, "operator:type": null, "capacity:persons": null, "addr:full": null, "addr:city": null, "source": null, "osm_id": 388983410, "osm_type": "ways_poly", "Analysis_Region": "North East"}, "geometry": {"type": "Polygon", "coordinates": [[[14.1849584, 12.3415794], [14.1850292, 12.341049], [14.1857028, 12.3410104], [14.1856885, 12.3411531], [14.1857797, 12.341155], [14.1857334, 12.3414945], [14.1856264, 12.3414782], [14.1856064, 12.3416609], [14.1855635, 12.3416553], [14.1854746, 12.3421983], [14.1850609, 12.3421318], [14.1851126, 12.3417925], [14.1851552, 12.3417965], [14.1851823, 12.341607], [14.1849584, 12.3415794]]]}}, {"type": "Feature", "properties": {"name": null, "name:en": null, "amenity": "school", "building": "yes", "operator:type": null, "capacity:persons": null, "addr:full": null, "addr:city": null, "source": null, "osm_id": 1287518995, "osm_type": "ways_poly", "Analysis_Region": "North West"}, "geometry": {"type": "Polygon", "coordinates": [[[4.1666653, 7.6295062], [4.166674, 7.6293169], [4.166855, 7.629325], [4.1668463, 7.6295144], [4.1666653, 7.6295062]]]}}, {"type": "Feature", "properties": {"name": null, "name:en": null, "amenity": "school", "building": "yes", "operator:type": null, "capacity:persons": null, "addr:full": null, "addr:city": null, "source": null, "osm_id": 1287518996, "osm_type": "ways_poly", "Analysis_Region": "North West"}, "geometry": {"type": "Polygon", "coordinates": [[[4.1673623, 7.6291302], [4.1674573, 7.6291179], [4.1675336, 7.6296348], [4.1674402, 7.6296456], [4.1673623, 7.6291302]]]}}, {"type": "Feature", "properties": {"name": null, "name:en": null, "amenity": "school", "building": "yes", "operator:type": null, "capacity:persons": null, "addr:full": null, "addr:city": null, "source": null, "osm_id": 285880425, "osm_type": "ways_poly", "Analysis_Region": "North West"}, "geometry": {"type": "Polygon", "coordinates": [[[8.4283291, 11.9660355], [8.4283949, 11.9659384], [8.428429, 11.9659592], [8.4284473, 11.9659306], [8.4285659, 11.9660033], [8.4285476, 11.9660319], [8.4285727, 11.9660473], [8.4285007, 11.9661496], [8.4283291, 11.9660355]]]}}, {"type": "Feature", "properties": {"name": "Department of Accounting", "name:en": null, "amenity": "university", "building": "yes", "operator:type": null, "capacity:persons": null, "addr:full": null, "addr:city": null, "source": null, "osm_id": 284840627, "osm_type": "ways_poly", "Analysis_Region": "North West"}, "geometry": {"type": "Polygon", "coordinates": [[[8.4288026, 11.9734004], [8.4289374, 11.973302], [8.4289191, 11.973278], [8.4289517, 11.9732543], [8.4289682, 11.9732759], [8.4289856, 11.9732633], [8.4290473, 11.9733442], [8.4291278, 11.9732855], [8.4291411, 11.9733029], [8.4291701, 11.9732817], [8.4291951, 11.9733144], [8.4291744, 11.9733295], [8.4292746, 11.9734608], [8.429157, 11.9735468], [8.42904, 11.9733934], [8.4288841, 11.9735072], [8.4288026, 11.9734004]]]}}, {"type": "Feature", "properties": {"name": null, "name:en": null, "amenity": "school", "building": null, "operator:type": null, "capacity:persons": null, "addr:full": null, "addr:city": null, "source": null, "osm_id": 383457015, "osm_type": "ways_poly", "Analysis_Region": "North East"}, "geometry": {"type": "Polygon", "coordinates": [[[13.3071773, 10.1960632], [13.3071988, 10.1958256], [13.3072149, 10.1954507], [13.3082288, 10.195588], [13.3084916, 10.1958203], [13.3079981, 10.1964433], [13.307687, 10.1963272], [13.3071773, 10.1960632]]]}}, {"type": "Feature", "properties": {"name": null, "name:en": null, "amenity": "school", "building": null, "operator:type": null, "capacity:persons": null, "addr:full": null, "addr:city": null, "source": null, "osm_id": 383365216, "osm_type": "ways_poly", "Analysis_Region": "North East"}, "geometry": {"type": "Polygon", "coordinates": [[[13.2858717, 10.2103791], [13.2858744, 10.209896], [13.2866952, 10.2098934], [13.2864726, 10.2104028], [13.2858717, 10.2103791]]]}}, {"type": "Feature", "properties": {"name": "Hope High Academy", "name:en": null, "amenity": null, "building": "school", "operator:type": null, "capacity:persons": null, "addr:full": null, "addr:city": null, "source": null, "osm_id": 726977088, "osm_type": "ways_poly", "Analysis_Region": "North West"}, "geometry": {"type": "Polygon", "coordinates": [[[8.8602765, 9.7563604], [8.861521, 9.7555674], [8.861682, 9.756712], [8.8607861, 9.7570609], [8.8602765, 9.7563604]]]}}, {"type": "Feature", "properties": {"name": "Gwange III Primary School", "name:en": null, "amenity": "school", "building": null, "operator:type": null, "capacity:persons": null, "addr:full": null, "addr:city": null, "source": null, "osm_id": 586657413, "osm_type": "ways_poly", "Analysis_Region": "North East"}, "geometry": {"type": "Polygon", "coordinates": [[[13.1708281, 11.826659], [13.1713658, 11.8264875], [13.1718099, 11.8262948], [13.1720708, 11.8263729], [13.1722108, 11.8267036], [13.1709697, 11.8271148], [13.1708281, 11.826659]]]}}, {"type": "Feature", "properties": {"name": "Baptist High School", "name:en": null, "amenity": "school", "building": null, "operator:type": "private", "capacity:persons": null, "addr:full": null, "addr:city": null, "source": null, "osm_id": 1187724623, "osm_type": "ways_poly", "Analysis_Region": "North West"}, "geometry": {"type": "Polygon", "coordinates": [[[6.5452865, 9.628011], [6.545355, 9.6269754], [6.5458346, 9.6270429], [6.5457318, 9.6281574], [6.5452865, 9.628011]]]}}, {"type": "Feature", "properties": {"name": null, "name:en": null, "amenity": null, "building": "school", "operator:type": null, "capacity:persons": null, "addr:full": null, "addr:city": null, "source": null, "osm_id": 378033194, "osm_type": "ways_poly", "Analysis_Region": "North West"}, "geometry": {"type": "Polygon", "coordinates": [[[4.5451593, 7.7435838], [4.5456233, 7.7432941], [4.5456742, 7.7434004], [4.5452075, 7.7436768], [4.5451593, 7.7435838]]]}}, {"type": "Feature", "properties": {"name": null, "name:en": null, "amenity": null, "building": "school", "operator:type": null, "capacity:persons": null, "addr:full": null, "addr:city": null, "source": null, "osm_id": 378033199, "osm_type": "ways_poly", "Analysis_Region": "North West"}, "geometry": {"type": "Polygon", "coordinates": [[[4.5461088, 7.743427], [4.5462053, 7.7433685], [4.5464709, 7.7438018], [4.546377, 7.7438655], [4.5461088, 7.743427]]]}}, {"type": "Feature", "properties": {"name": null, "name:en": null, "amenity": null, "building": "school", "operator:type": null, "capacity:persons": null, "addr:full": null, "addr:city": null, "source": null, "osm_id": 378033197, "osm_type": "ways_poly", "Analysis_Region": "North West"}, "geometry": {"type": "Polygon", "coordinates": [[[4.5457547, 7.7434004], [4.5458861, 7.7433234], [4.5461007, 7.7436901], [4.5459746, 7.7437592], [4.5457547, 7.7434004]]]}}, {"type": "Feature", "properties": {"name": null, "name:en": null, "amenity": null, "building": "school", "operator:type": null, "capacity:persons": null, "addr:full": null, "addr:city": null, "source": null, "osm_id": 378033204, "osm_type": "ways_poly", "Analysis_Region": "North West"}, "geometry": {"type": "Polygon", "coordinates": [[[4.5437818, 7.7431633], [4.5438088, 7.7430932], [4.5437867, 7.7430848], [4.54382, 7.7429985], [4.5438513, 7.7430104], [4.5438782, 7.7429408], [4.5442239, 7.743072], [4.5441672, 7.7432186], [4.5443454, 7.7432863], [4.5442083, 7.743641], [4.544021, 7.7435699], [4.5441275, 7.7432945], [4.5437818, 7.7431633]]]}}, {"type": "Feature", "properties": {"name": null, "name:en": null, "amenity": null, "building": "school", "operator:type": null, "capacity:persons": null, "addr:full": null, "addr:city": null, "source": null, "osm_id": 378033196, "osm_type": "ways_poly", "Analysis_Region": "North West"}, "geometry": {"type": "Polygon", "coordinates": [[[4.5460138, 7.7437827], [4.5461322, 7.7437195], [4.5463145, 7.7440546], [4.546196, 7.7441178], [4.5460138, 7.7437827]]]}}, {"type": "Feature", "properties": {"name": null, "name:en": null, "amenity": null, "building": "school", "operator:type": null, "capacity:persons": null, "addr:full": null, "addr:city": null, "source": null, "osm_id": 378033201, "osm_type": "ways_poly", "Analysis_Region": "North West"}, "geometry": {"type": "Polygon", "coordinates": [[[4.5467496, 7.743899], [4.5468674, 7.7438266], [4.547033, 7.7440913], [4.5469152, 7.7441636], [4.5467496, 7.743899]]]}}, {"type": "Feature", "properties": {"name": null, "name:en": null, "amenity": "school", "building": "yes", "operator:type": null, "capacity:persons": null, "addr:full": null, "addr:city": null, "source": null, "osm_id": 1127576861, "osm_type": "ways_poly", "Analysis_Region": "North West"}, "geometry": {"type": "Polygon", "coordinates": [[[7.893898, 8.77509], [7.8939005, 8.7749193], [7.8939649, 8.7749203], [7.8939623, 8.7750909], [7.893898, 8.77509]]]}}, {"type": "Feature", "properties": {"name": null, "name:en": null, "amenity": "school", "building": "yes", "operator:type": null, "capacity:persons": null, "addr:full": null, "addr:city": null, "source": null, "osm_id": 1127576862, "osm_type": "ways_poly", "Analysis_Region": "North West"}, "geometry": {"type": "Polygon", "coordinates": [[[7.8938902, 8.7751024], [7.8939918, 8.7751022], [7.8939921, 8.7752886], [7.8938906, 8.7752888], [7.8938902, 8.7751024]]]}}, {"type": "Feature", "properties": {"name": "hostel", "name:en": null, "amenity": null, "building": "school", "operator:type": null, "capacity:persons": null, "addr:full": null, "addr:city": null, "source": null, "osm_id": 220231105, "osm_type": "ways_poly", "Analysis_Region": "North East"}, "geometry": {"type": "Polygon", "coordinates": [[[11.1707274, 10.2607732], [11.1708267, 10.2605066], [11.1710256, 10.2605783], [11.171275, 10.2606682], [11.1714275, 10.2607231], [11.1713309, 10.2609791], [11.1707274, 10.2607732]]]}}, {"type": "Feature", "properties": {"name": "ZBA computer room", "name:en": null, "amenity": null, "building": "school", "operator:type": null, "capacity:persons": null, "addr:full": null, "addr:city": null, "source": null, "osm_id": 220240570, "osm_type": "ways_poly", "Analysis_Region": "North East"}, "geometry": {"type": "Polygon", "coordinates": [[[11.1709366, 10.2605093], [11.1709723, 10.2604315], [11.1710474, 10.2604606], [11.1710635, 10.2604711], [11.1710305, 10.2605383], [11.1709366, 10.2605093]]]}}, {"type": "Feature", "properties": {"name": "MUSA YAR'ADUA MEMORIAL PRIMARY SCHOOL (AMBUTTAI)", "name:en": null, "amenity": "school", "building": null, "operator:type": null, "capacity:persons": null, "addr:full": null, "addr:city": null, "source": null, "osm_id": 948731319, "osm_type": "ways_poly", "Analysis_Region": "North West"}, "geometry": {"type": "Polygon", "coordinates": [[[7.5981159, 12.9921775], [7.5981186, 12.9918037], [7.5983331, 12.9917906], [7.5986148, 12.9918351], [7.5985397, 12.9923055], [7.5983492, 12.9924989], [7.5982044, 12.992444], [7.598309, 12.9922402], [7.5981159, 12.9921775]]]}}, {"type": "Feature", "properties": {"name": null, "name:en": null, "amenity": "school", "building": "school", "operator:type": null, "capacity:persons": null, "addr:full": null, "addr:city": null, "source": null, "osm_id": 572542162, "osm_type": "ways_poly", "Analysis_Region": "North West"}, "geometry": {"type": "Polygon", "coordinates": [[[6.3104264, 8.8474752], [6.3104412, 8.8474315], [6.3104828, 8.8474487], [6.3104761, 8.8473016], [6.3105391, 8.8472989], [6.3105512, 8.8475308], [6.3104264, 8.8474752]]]}}, {"type": "Feature", "properties": {"name": null, "name:en": null, "amenity": null, "building": "school", "operator:type": null, "capacity:persons": null, "addr:full": null, "addr:city": null, "source": null, "osm_id": 948136364, "osm_type": "ways_poly", "Analysis_Region": "North West"}, "geometry": {"type": "Polygon", "coordinates": [[[4.2175638, 12.4547801], [4.2176929, 12.4546518], [4.2179252, 12.4548618], [4.2177717, 12.4549923], [4.2175638, 12.4547801]]]}}, {"type": "Feature", "properties": {"name": "Obafemi Awolowo University", "name:en": null, "amenity": "university", "building": null, "operator:type": null, "capacity:persons": null, "addr:full": null, "addr:city": null, "source": null, "osm_id": 1010175966, "osm_type": "ways_poly", "Analysis_Region": "North West"}, "geometry": {"type": "Polygon", "coordinates": [[[4.521364, 7.5183092], [4.5219916, 7.5181894], [4.5228018, 7.5180805], [4.5235583, 7.5179903], [4.524484, 7.5178252], [4.5245513, 7.5180519], [4.5245726, 7.5182173], [4.5246399, 7.5186325], [4.5248328, 7.5198449], [4.5249907, 7.5210293], [4.5250745, 7.5218162], [4.5243, 7.5219415], [4.5219545, 7.5221756], [4.521364, 7.5183092]]]}}, {"type": "Feature", "properties": {"name": "Sokoto State Polytechnic", "name:en": null, "amenity": "university", "building": null, "operator:type": null, "capacity:persons": null, "addr:full": null, "addr:city": null, "source": null, "osm_id": 432993822, "osm_type": "ways_poly", "Analysis_Region": "North West"}, "geometry": {"type": "Polygon", "coordinates": [[[5.1922244, 13.012306], [5.1923718, 13.0120261], [5.1940672, 13.0085741], [5.1941184, 13.0084722], [5.1972947, 13.009744], [5.1986688, 13.0102093], [5.2010104, 13.0109958], [5.2089503, 13.0172968], [5.2076131, 13.0187047], [5.206963, 13.0197704], [5.20643, 13.0206889], [5.2061958, 13.0211692], [5.2059863, 13.0218266], [5.2058527, 13.0225431], [5.2053659, 13.0226151], [5.2051995, 13.0234136], [5.2042721, 13.0245363], [5.2014115, 13.0216205], [5.1946807, 13.0148507], [5.1946098, 13.0147798], [5.1922244, 13.012306]]]}}, {"type": "Feature", "properties": {"name": null, "name:en": null, "amenity": null, "building": "school", "operator:type": null, "capacity:persons": null, "addr:full": null, "addr:city": null, "source": null, "osm_id": 947037122, "osm_type": "ways_poly", "Analysis_Region": "North West"}, "geometry": {"type": "Polygon", "coordinates": [[[5.1838897, 7.6146912], [5.1838985, 7.6145491], [5.1841703, 7.6145655], [5.1841616, 7.6147077], [5.1838897, 7.6146912]]]}}, {"type": "Feature", "properties": {"name": "Staff School", "name:en": null, "amenity": null, "building": "kindergarten", "operator:type": null, "capacity:persons": null, "addr:full": null, "addr:city": null, "source": null, "osm_id": 947029409, "osm_type": "ways_poly", "Analysis_Region": "North West"}, "geometry": {"type": "Polygon", "coordinates": [[[5.2961812, 7.6009283], [5.2965999, 7.6008245], [5.2966293, 7.6009411], [5.2962106, 7.6010448], [5.2961812, 7.6009283]]]}}, {"type": "Feature", "properties": {"name": "Staff School", "name:en": null, "amenity": null, "building": "kindergarten", "operator:type": null, "capacity:persons": null, "addr:full": null, "addr:city": null, "source": null, "osm_id": 947029410, "osm_type": "ways_poly", "Analysis_Region": "North West"}, "geometry": {"type": "Polygon", "coordinates": [[[5.2963345, 7.6003965], [5.2964311, 7.6003652], [5.2965737, 7.6007981], [5.2964771, 7.6008294], [5.2963345, 7.6003965]]]}}, {"type": "Feature", "properties": {"name": "Obasanjo Centre for Engineering Innovation", "name:en": null, "amenity": null, "building": "school", "operator:type": null, "capacity:persons": null, "addr:full": null, "addr:city": null, "source": null, "osm_id": 647449812, "osm_type": "ways_poly", "Analysis_Region": "North West"}, "geometry": {"type": "Polygon", "coordinates": [[[5.2966867, 7.5912923], [5.2967541, 7.5912636], [5.2967826, 7.5913294], [5.297108, 7.5911911], [5.2971506, 7.5912897], [5.2972257, 7.5912578], [5.2972549, 7.5913254], [5.2971097, 7.5913871], [5.2970827, 7.5913247], [5.29676, 7.5914619], [5.2966867, 7.5912923]]]}}, {"type": "Feature", "properties": {"name": "Obasanjo Centre for Engineering Innovation", "name:en": null, "amenity": null, "building": "school", "operator:type": null, "capacity:persons": null, "addr:full": null, "addr:city": null, "source": null, "osm_id": 947017512, "osm_type": "ways_poly", "Analysis_Region": "North West"}, "geometry": {"type": "Polygon", "coordinates": [[[5.2968755, 7.5908954], [5.2969723, 7.5908516], [5.2971063, 7.5911422], [5.2970094, 7.5911861], [5.2968755, 7.5908954]]]}}, {"type": "Feature", "properties": {"name": "Centre for Research, Innovation and Development (CRID)", "name:en": null, "amenity": null, "building": "school", "operator:type": null, "capacity:persons": null, "addr:full": null, "addr:city": null, "source": null, "osm_id": 947018085, "osm_type": "ways_poly", "Analysis_Region": "North West"}, "geometry": {"type": "Polygon", "coordinates": [[[5.2974327, 7.5909744], [5.2981872, 7.5907899], [5.2982172, 7.5909106], [5.2983684, 7.5908737], [5.2983871, 7.5909487], [5.2983692, 7.590953], [5.2983899, 7.5910363], [5.2984203, 7.5910289], [5.2984609, 7.5911926], [5.2980359, 7.5912961], [5.2980593, 7.5913907], [5.2984785, 7.5912886], [5.2985035, 7.5913895], [5.2980043, 7.5915111], [5.2980127, 7.5915451], [5.2979171, 7.5915685], [5.2977983, 7.5910909], [5.297481, 7.5911684], [5.2974327, 7.5909744]]]}}, {"type": "Feature", "properties": {"name": "Obasanjo Centre for Engineering Innovation", "name:en": null, "amenity": null, "building": "school", "operator:type": null, "capacity:persons": null, "addr:full": null, "addr:city": null, "source": null, "osm_id": 647449811, "osm_type": "ways_poly", "Analysis_Region": "North West"}, "geometry": {"type": "Polygon", "coordinates": [[[5.2970319, 7.5908624], [5.2971381, 7.5908147], [5.2972708, 7.5911052], [5.2974121, 7.5910418], [5.2974588, 7.591144], [5.2972243, 7.5912523], [5.297175, 7.5912715], [5.297132, 7.5911775], [5.2971684, 7.5911612], [5.2970319, 7.5908624]]]}}, {"type": "Feature", "properties": {"name": null, "name:en": null, "amenity": null, "building": "school", "operator:type": null, "capacity:persons": null, "addr:full": null, "addr:city": null, "source": null, "osm_id": 947029442, "osm_type": "ways_poly", "Analysis_Region": "North West"}, "geometry": {"type": "Polygon", "coordinates": [[[5.310465, 7.6088052], [5.3104894, 7.6087988], [5.3104724, 7.608735], [5.3104866, 7.608726], [5.3104685, 7.6086599], [5.3105591, 7.6086356], [5.3105798, 7.6087111], [5.3105932, 7.6087075], [5.310652, 7.6089239], [5.3106312, 7.6089294], [5.310645, 7.6089807], [5.3105694, 7.6090007], [5.3105507, 7.6089311], [5.3105303, 7.6089365], [5.3105152, 7.6088803], [5.3104871, 7.6088877], [5.310465, 7.6088052]]]}}, {"type": "Feature", "properties": {"name": "Planetorium", "name:en": null, "amenity": null, "building": "school", "operator:type": null, "capacity:persons": null, "addr:full": null, "addr:city": null, "source": null, "osm_id": 947029436, "osm_type": "ways_poly", "Analysis_Region": "North West"}, "geometry": {"type": "Polygon", "coordinates": [[[5.3055185, 7.6001883], [5.3055206, 7.6001599], [5.3055319, 7.6001337], [5.3055511, 7.6001127], [5.3055763, 7.600099], [5.3056046, 7.6000943], [5.3056329, 7.6000989], [5.3056581, 7.6001125], [5.3056775, 7.6001335], [5.3056887, 7.600159], [5.3056911, 7.6001868], [5.3056844, 7.6002139], [5.3056693, 7.6002375], [5.3056473, 7.6002549], [5.3056209, 7.6002645], [5.3055922, 7.6002651], [5.3055649, 7.6002564], [5.305542, 7.6002393], [5.3055259, 7.6002157], [5.3055185, 7.6001883]]]}}, {"type": "Feature", "properties": {"name": null, "name:en": null, "amenity": null, "building": "school", "operator:type": null, "capacity:persons": null, "addr:full": null, "addr:city": null, "source": null, "osm_id": 947029437, "osm_type": "ways_poly", "Analysis_Region": "North West"}, "geometry": {"type": "Polygon", "coordinates": [[[5.3099307, 7.6068902], [5.3099551, 7.6068838], [5.3099381, 7.6068201], [5.3099523, 7.606811], [5.3099342, 7.606745], [5.3100248, 7.6067206], [5.3100455, 7.6067961], [5.3100589, 7.6067926], [5.3101177, 7.6070089], [5.3100969, 7.6070145], [5.3101107, 7.6070657], [5.3100351, 7.6070858], [5.3100164, 7.6070161], [5.309996, 7.6070215], [5.3099809, 7.6069654], [5.3099528, 7.6069728], [5.3099307, 7.6068902]]]}}, {"type": "Feature", "properties": {"name": null, "name:en": null, "amenity": null, "building": "school", "operator:type": null, "capacity:persons": null, "addr:full": null, "addr:city": null, "source": null, "osm_id": 947029438, "osm_type": "ways_poly", "Analysis_Region": "North West"}, "geometry": {"type": "Polygon", "coordinates": [[[5.3100412, 7.6072799], [5.3100656, 7.6072735], [5.3100486, 7.6072097], [5.3100628, 7.6072007], [5.3100447, 7.6071346], [5.3101353, 7.6071103], [5.310156, 7.6071858], [5.3101693, 7.6071822], [5.3102281, 7.6073986], [5.3102074, 7.6074041], [5.3102212, 7.6074554], [5.3101456, 7.6074754], [5.3101268, 7.6074058], [5.3101064, 7.6074111], [5.3100914, 7.607355], [5.3100633, 7.6073624], [5.3100412, 7.6072799]]]}}, {"type": "Feature", "properties": {"name": null, "name:en": null, "amenity": null, "building": "school", "operator:type": null, "capacity:persons": null, "addr:full": null, "addr:city": null, "source": null, "osm_id": 947029443, "osm_type": "ways_poly", "Analysis_Region": "North West"}, "geometry": {"type": "Polygon", "coordinates": [[[5.3105675, 7.609186], [5.3105919, 7.6091796], [5.3105748, 7.6091158], [5.310589, 7.6091068], [5.3105709, 7.6090407], [5.3106616, 7.6090164], [5.3106822, 7.6090919], [5.3106956, 7.6090883], [5.3107544, 7.6093047], [5.3107336, 7.6093102], [5.3107475, 7.6093615], [5.3106719, 7.6093815], [5.3106531, 7.6093119], [5.3106327, 7.6093172], [5.3106177, 7.6092611], [5.3105895, 7.6092685], [5.3105675, 7.609186]]]}}, {"type": "Feature", "properties": {"name": null, "name:en": null, "amenity": null, "building": "school", "operator:type": null, "capacity:persons": null, "addr:full": null, "addr:city": null, "source": null, "osm_id": 947029444, "osm_type": "ways_poly", "Analysis_Region": "North West"}, "geometry": {"type": "Polygon", "coordinates": [[[5.3106839, 7.6095783], [5.3107083, 7.6095719], [5.3106913, 7.6095081], [5.3107054, 7.6094991], [5.3106874, 7.6094331], [5.310778, 7.6094087], [5.3107987, 7.6094842], [5.310812, 7.6094806], [5.3108708, 7.609697], [5.31085, 7.6097025], [5.3108639, 7.6097538], [5.3107883, 7.6097738], [5.3107695, 7.6097042], [5.3107491, 7.6097096], [5.3107341, 7.6096535], [5.310706, 7.6096609], [5.3106839, 7.6095783]]]}}, {"type": "Feature", "properties": {"name": null, "name:en": null, "amenity": null, "building": "school", "operator:type": null, "capacity:persons": null, "addr:full": null, "addr:city": null, "source": null, "osm_id": 947029445, "osm_type": "ways_poly", "Analysis_Region": "North West"}, "geometry": {"type": "Polygon", "coordinates": [[[5.3107863, 7.6099729], [5.3108107, 7.6099665], [5.3107937, 7.6099028], [5.3108079, 7.6098937], [5.3107898, 7.6098277], [5.3108804, 7.6098033], [5.3109011, 7.6098788], [5.3109145, 7.6098753], [5.3109733, 7.6100916], [5.3109525, 7.6100972], [5.3109663, 7.6101484], [5.3108907, 7.6101685], [5.310872, 7.6100988], [5.3108516, 7.6101042], [5.3108365, 7.6100481], [5.3108084, 7.6100555], [5.3107863, 7.6099729]]]}}, {"type": "Feature", "properties": {"name": null, "name:en": null, "amenity": null, "building": "school", "operator:type": null, "capacity:persons": null, "addr:full": null, "addr:city": null, "source": null, "osm_id": 947029441, "osm_type": "ways_poly", "Analysis_Region": "North West"}, "geometry": {"type": "Polygon", "coordinates": [[[5.3103556, 7.6084267], [5.31038, 7.6084203], [5.310363, 7.6083565], [5.3103772, 7.6083475], [5.3103591, 7.6082815], [5.3104497, 7.6082571], [5.3104704, 7.6083326], [5.3104837, 7.608329], [5.3105425, 7.6085454], [5.3105217, 7.6085509], [5.3105356, 7.6086022], [5.31046, 7.6086222], [5.3104412, 7.6085526], [5.3104208, 7.608558], [5.3104058, 7.6085019], [5.3103777, 7.6085092], [5.3103556, 7.6084267]]]}}, {"type": "Feature", "properties": {"name": null, "name:en": null, "amenity": null, "building": "school", "operator:type": null, "capacity:persons": null, "addr:full": null, "addr:city": null, "source": null, "osm_id": 947029440, "osm_type": "ways_poly", "Analysis_Region": "North West"}, "geometry": {"type": "Polygon", "coordinates": [[[5.3102438, 7.6080482], [5.3102682, 7.6080418], [5.3102512, 7.6079781], [5.3102654, 7.607969], [5.3102473, 7.607903], [5.3103379, 7.6078786], [5.3103586, 7.6079541], [5.310372, 7.6079505], [5.3104308, 7.6081669], [5.31041, 7.6081724], [5.3104238, 7.6082237], [5.3103482, 7.6082437], [5.3103295, 7.6081741], [5.3103091, 7.6081795], [5.310294, 7.6081234], [5.3102659, 7.6081308], [5.3102438, 7.6080482]]]}}, {"type": "Feature", "properties": {"name": null, "name:en": null, "amenity": null, "building": "school", "operator:type": null, "capacity:persons": null, "addr:full": null, "addr:city": null, "source": null, "osm_id": 946944633, "osm_type": "ways_poly", "Analysis_Region": "North West"}, "geometry": {"type": "Polygon", "coordinates": [[[5.2944292, 7.5953136], [5.294562, 7.5952692], [5.2945838, 7.5953333], [5.2949659, 7.5952055], [5.2949496, 7.5951577], [5.2950419, 7.5951269], [5.2950945, 7.5952814], [5.2944873, 7.5954843], [5.2944292, 7.5953136]]]}}, {"type": "Feature", "properties": {"name": null, "name:en": null, "amenity": null, "building": "school", "operator:type": null, "capacity:persons": null, "addr:full": null, "addr:city": null, "source": null, "osm_id": 946944637, "osm_type": "ways_poly", "Analysis_Region": "North West"}, "geometry": {"type": "Polygon", "coordinates": [[[5.2942755, 7.5943945], [5.2946328, 7.5942835], [5.2946667, 7.5943906], [5.2943093, 7.5945016], [5.2942755, 7.5943945]]]}}, {"type": "Feature", "properties": {"name": null, "name:en": null, "amenity": null, "building": "school", "operator:type": null, "capacity:persons": null, "addr:full": null, "addr:city": null, "source": null, "osm_id": 946944641, "osm_type": "ways_poly", "Analysis_Region": "North West"}, "geometry": {"type": "Polygon", "coordinates": [[[5.2938139, 7.593496], [5.2938983, 7.5934292], [5.2940515, 7.5936195], [5.294062, 7.5936112], [5.2940785, 7.5936316], [5.2939837, 7.5937067], [5.2938139, 7.593496]]]}}, {"type": "Feature", "properties": {"name": null, "name:en": null, "amenity": null, "building": "school", "operator:type": null, "capacity:persons": null, "addr:full": null, "addr:city": null, "source": null, "osm_id": 946944642, "osm_type": "ways_poly", "Analysis_Region": "North West"}, "geometry": {"type": "Polygon", "coordinates": [[[5.2944051, 7.593064], [5.29453, 7.5930087], [5.2945909, 7.5931437], [5.294466, 7.593199], [5.2944051, 7.593064]]]}}, {"type": "Feature", "properties": {"name": "Science Laboratory Technology", "name:en": null, "amenity": null, "building": "school", "operator:type": null, "capacity:persons": null, "addr:full": null, "addr:city": null, "source": null, "osm_id": 946944644, "osm_type": "ways_poly", "Analysis_Region": "North West"}, "geometry": {"type": "Polygon", "coordinates": [[[5.2950477, 7.5914216], [5.2951614, 7.5913986], [5.2951671, 7.5914262], [5.2952875, 7.5914019], [5.2953542, 7.5913842], [5.2953669, 7.5914467], [5.2954389, 7.5917972], [5.2952354, 7.5918382], [5.2952429, 7.5918748], [5.2951551, 7.5918925], [5.2951162, 7.591703], [5.2952012, 7.5916858], [5.2952079, 7.5917185], [5.2953016, 7.5916996], [5.2952657, 7.5915248], [5.2951683, 7.5915445], [5.2951777, 7.5915904], [5.2950863, 7.5916089], [5.2950477, 7.5914216]]]}}, {"type": "Feature", "properties": {"name": null, "name:en": null, "amenity": null, "building": "school", "operator:type": null, "capacity:persons": null, "addr:full": null, "addr:city": null, "source": null, "osm_id": 946944635, "osm_type": "ways_poly", "Analysis_Region": "North West"}, "geometry": {"type": "Polygon", "coordinates": [[[5.2941898, 7.5949019], [5.2949843, 7.5946464], [5.2950205, 7.5947571], [5.294226, 7.5950124], [5.2941898, 7.5949019]]]}}, {"type": "Feature", "properties": {"name": null, "name:en": null, "amenity": null, "building": "school", "operator:type": null, "capacity:persons": null, "addr:full": null, "addr:city": null, "source": null, "osm_id": 946944638, "osm_type": "ways_poly", "Analysis_Region": "North West"}, "geometry": {"type": "Polygon", "coordinates": [[[5.2941549, 7.5940198], [5.2942549, 7.593991], [5.2943579, 7.5943427], [5.2942581, 7.5943715], [5.2941549, 7.5940198]]]}}, {"type": "Feature", "properties": {"name": null, "name:en": null, "amenity": null, "building": "school", "operator:type": null, "capacity:persons": null, "addr:full": null, "addr:city": null, "source": null, "osm_id": 946944639, "osm_type": "ways_poly", "Analysis_Region": "North West"}, "geometry": {"type": "Polygon", "coordinates": [[[5.2944402, 7.5939404], [5.2945401, 7.5939116], [5.2946431, 7.5942633], [5.2945433, 7.594292], [5.2944402, 7.5939404]]]}}, {"type": "Feature", "properties": {"name": null, "name:en": null, "amenity": null, "building": "school", "operator:type": null, "capacity:persons": null, "addr:full": null, "addr:city": null, "source": null, "osm_id": 946944636, "osm_type": "ways_poly", "Analysis_Region": "North West"}, "geometry": {"type": "Polygon", "coordinates": [[[5.2941125, 7.5946828], [5.2949187, 7.5944294], [5.2949549, 7.5945424], [5.2941487, 7.5947959], [5.2941125, 7.5946828]]]}}, {"type": "Feature", "properties": {"name": "bishops college", "name:en": null, "amenity": "school", "building": null, "operator:type": "private", "capacity:persons": null, "addr:full": null, "addr:city": "Jos", "source": null, "osm_id": 1180559820, "osm_type": "ways_poly", "Analysis_Region": "North West"}, "geometry": {"type": "Polygon", "coordinates": [[[8.8659221, 9.9425675], [8.8659757, 9.9425088], [8.8659251, 9.9422857], [8.8661128, 9.9422211], [8.8661933, 9.9424882], [8.8661426, 9.9425058], [8.8661575, 9.942544], [8.8659519, 9.9426232], [8.8659221, 9.9425675]]]}}, {"type": "Feature", "properties": {"name": "newton education center", "name:en": null, "amenity": "school", "building": null, "operator:type": null, "capacity:persons": null, "addr:full": null, "addr:city": null, "source": null, "osm_id": 1180559821, "osm_type": "ways_poly", "Analysis_Region": "North West"}, "geometry": {"type": "Polygon", "coordinates": [[[8.8661844, 9.9423473], [8.8662589, 9.9420244], [8.8667953, 9.9421917], [8.8667387, 9.942453], [8.8661844, 9.9423473]]]}}, {"type": "Feature", "properties": {"name": "Rhemaville Christian Academy", "name:en": null, "amenity": "school", "building": null, "operator:type": null, "capacity:persons": null, "addr:full": null, "addr:city": "jos", "source": null, "osm_id": 1180559831, "osm_type": "ways_poly", "Analysis_Region": "North West"}, "geometry": {"type": "Polygon", "coordinates": [[[8.8556437, 9.8576682], [8.8557211, 9.8572865], [8.8558105, 9.8569811], [8.8560967, 9.8570457], [8.8560192, 9.8578092], [8.8556615, 9.8578033], [8.8556437, 9.8576682]]]}}, {"type": "Feature", "properties": {"name": "creative minds Internationa school", "name:en": null, "amenity": "school", "building": null, "operator:type": null, "capacity:persons": null, "addr:full": null, "addr:city": null, "source": null, "osm_id": 1180559860, "osm_type": "ways_poly", "Analysis_Region": "North West"}, "geometry": {"type": "Polygon", "coordinates": [[[8.8586437, 9.859692], [8.8587808, 9.8593367], [8.8592875, 9.8594454], [8.8591385, 9.8598946], [8.85876, 9.859924], [8.8586437, 9.859692]]]}}, {"type": "Feature", "properties": {"name": "Architecture", "name:en": null, "amenity": null, "building": "school", "operator:type": null, "capacity:persons": null, "addr:full": null, "addr:city": null, "source": null, "osm_id": 946748265, "osm_type": "ways_poly", "Analysis_Region": "North West"}, "geometry": {"type": "Polygon", "coordinates": [[[5.3028519, 7.5895459], [5.3030297, 7.5895001], [5.3030224, 7.5894723], [5.3030521, 7.5894646], [5.3030313, 7.5893854], [5.3031273, 7.5893607], [5.3031401, 7.5894098], [5.3032492, 7.5893817], [5.3033155, 7.5896349], [5.3032646, 7.589648], [5.3033057, 7.5898044], [5.3029441, 7.5898976], [5.3028519, 7.5895459]]]}}, {"type": "Feature", "properties": {"name": "3 - in - 1 Building", "name:en": null, "amenity": null, "building": "school", "operator:type": null, "capacity:persons": null, "addr:full": null, "addr:city": null, "source": null, "osm_id": 647449814, "osm_type": "ways_poly", "Analysis_Region": "North West"}, "geometry": {"type": "Polygon", "coordinates": [[[5.2937784, 7.5929243], [5.293933, 7.592853], [5.2939849, 7.5929636], [5.2938304, 7.5930349], [5.2937784, 7.5929243]]]}}, {"type": "Feature", "properties": {"name": "3 - in - 1 Building", "name:en": null, "amenity": null, "building": "school", "operator:type": null, "capacity:persons": null, "addr:full": null, "addr:city": null, "source": null, "osm_id": 647449815, "osm_type": "ways_poly", "Analysis_Region": "North West"}, "geometry": {"type": "Polygon", "coordinates": [[[5.2940544, 7.5929608], [5.2941194, 7.5928654], [5.2942682, 7.592965], [5.2942031, 7.5930604], [5.2940544, 7.5929608]]]}}, {"type": "Feature", "properties": {"name": "3 - in - 1 Building", "name:en": null, "amenity": null, "building": "school", "operator:type": null, "capacity:persons": null, "addr:full": null, "addr:city": null, "source": null, "osm_id": 647449816, "osm_type": "ways_poly", "Analysis_Region": "North West"}, "geometry": {"type": "Polygon", "coordinates": [[[5.2939738, 7.5927836], [5.293984, 7.5926124], [5.294107, 7.5926195], [5.2940969, 7.5927908], [5.2939738, 7.5927836]]]}}, {"type": "Feature", "properties": {"name": "School of Buisness", "name:en": null, "amenity": null, "building": "school", "operator:type": null, "capacity:persons": null, "addr:full": null, "addr:city": null, "source": null, "osm_id": 946752949, "osm_type": "ways_poly", "Analysis_Region": "North West"}, "geometry": {"type": "Polygon", "coordinates": [[[5.2988049, 7.5904837], [5.2988204, 7.5904811], [5.2988122, 7.5904341], [5.2988314, 7.5904308], [5.298826, 7.5903995], [5.298906, 7.5903858], [5.2989086, 7.5904006], [5.299293, 7.5903347], [5.2993024, 7.5903886], [5.2993487, 7.5903806], [5.2993879, 7.5906054], [5.2993454, 7.5906127], [5.2993552, 7.5906689], [5.2989669, 7.5907354], [5.2989689, 7.5907467], [5.2988666, 7.5907642], [5.2988603, 7.5907279], [5.2988477, 7.5907301], [5.2988049, 7.5904837]]]}}, {"type": "Feature", "properties": {"name": "SBS Lecture Theatre 1", "name:en": null, "amenity": null, "building": "school", "operator:type": null, "capacity:persons": null, "addr:full": null, "addr:city": null, "source": null, "osm_id": 946752950, "osm_type": "ways_poly", "Analysis_Region": "North West"}, "geometry": {"type": "Polygon", "coordinates": [[[5.2988693, 7.5908432], [5.2988935, 7.5908384], [5.2988839, 7.5907914], [5.2988956, 7.5907891], [5.2988926, 7.5907743], [5.2989739, 7.590758], [5.2989795, 7.5907856], [5.2990009, 7.5907813], [5.2990081, 7.5908167], [5.2990388, 7.5908106], [5.2990749, 7.5909879], [5.2989056, 7.5910217], [5.2988693, 7.5908432]]]}}, {"type": "Feature", "properties": {"name": "SBS Lecture Theatre 2", "name:en": null, "amenity": null, "building": "school", "operator:type": null, "capacity:persons": null, "addr:full": null, "addr:city": null, "source": null, "osm_id": 946752951, "osm_type": "ways_poly", "Analysis_Region": "North West"}, "geometry": {"type": "Polygon", "coordinates": [[[5.2987368, 7.5901886], [5.2989066, 7.5901602], [5.2989366, 7.5903365], [5.2989141, 7.5903403], [5.2989204, 7.5903776], [5.2988059, 7.5903968], [5.2988005, 7.590365], [5.2987678, 7.5903705], [5.2987368, 7.5901886]]]}}, {"type": "Feature", "properties": {"name": "Libata Primary School", "name:en": null, "amenity": null, "building": "school", "operator:type": null, "capacity:persons": null, "addr:full": null, "addr:city": null, "source": null, "osm_id": 1179695869, "osm_type": "ways_poly", "Analysis_Region": "North West"}, "geometry": {"type": "Polygon", "coordinates": [[[4.6230615, 10.1970214], [4.6231317, 10.196985], [4.6232082, 10.1971407], [4.6231419, 10.1971734], [4.6230615, 10.1970214]]]}}, {"type": "Feature", "properties": {"name": "Primary School", "name:en": null, "amenity": null, "building": "school", "operator:type": null, "capacity:persons": null, "addr:full": null, "addr:city": null, "source": null, "osm_id": 1179698524, "osm_type": "ways_poly", "Analysis_Region": "North West"}, "geometry": {"type": "Polygon", "coordinates": [[[4.6229935, 10.2022562], [4.6230767, 10.2022152], [4.6231629, 10.2024169], [4.6230817, 10.2024528], [4.6229935, 10.2022562]]]}}, {"type": "Feature", "properties": {"name": "Federal University of Technology, Minna", "name:en": "Main Campus (Gidan Kwano)", "amenity": "university", "building": null, "operator:type": "university", "capacity:persons": null, "addr:full": null, "addr:city": "Minna", "source": null, "osm_id": 416896586, "osm_type": "ways_poly", "Analysis_Region": "North West"}, "geometry": {"type": "Polygon", "coordinates": [[[6.4387919, 9.5297233], [6.4387984, 9.5295516], [6.4389977, 9.5293347], [6.4394973, 9.5292178], [6.4421653, 9.5287388], [6.4423079, 9.5285853], [6.4423935, 9.5281084], [6.4423058, 9.5276529], [6.4420871, 9.5267419], [6.4426501, 9.5257201], [6.4433027, 9.524572], [6.4443501, 9.5241721], [6.4452921, 9.5239023], [6.44593, 9.5241961], [6.4465137, 9.5245006], [6.4472343, 9.5248958], [6.4474254, 9.5251931], [6.4476234, 9.5252181], [6.4486023, 9.5249316], [6.4487271, 9.5255546], [6.4491661, 9.5257669], [6.4495846, 9.5259468], [6.4500102, 9.5263932], [6.449385, 9.5275604], [6.4542943, 9.531969], [6.4542852, 9.5321465], [6.454607, 9.5323157], [6.4549668, 9.5327833], [6.4550097, 9.5330274], [6.4549997, 9.5332192], [6.4549567, 9.5334393], [6.454848, 9.5340672], [6.4546835, 9.5341377], [6.4546077, 9.534125], [6.4545212, 9.5342097], [6.4546231, 9.5342943], [6.454725, 9.5345747], [6.4546875, 9.5347387], [6.4546859, 9.5352225], [6.4547494, 9.5354353], [6.454771, 9.5355684], [6.4547515, 9.5357733], [6.4546163, 9.5360706], [6.4544532, 9.5361694], [6.4543873, 9.5362611], [6.4543459, 9.5364205], [6.454137, 9.536556], [6.4539138, 9.5366858], [6.4536134, 9.5367873], [6.4529696, 9.5368692], [6.4520654, 9.537346], [6.4516877, 9.5374787], [6.4513844, 9.5375012], [6.4510296, 9.5374505], [6.4505661, 9.5372811], [6.4471269, 9.5357207], [6.4446126, 9.5381229], [6.4415027, 9.5372477], [6.4441733, 9.5341895], [6.4441137, 9.5337811], [6.443951, 9.533584], [6.4437342, 9.5334297], [6.4434696, 9.5334116], [6.4418324, 9.5339817], [6.4409501, 9.5342443], [6.4405641, 9.534275], [6.4401582, 9.5341861], [6.4398309, 9.533955], [6.4395723, 9.5336028], [6.4395063, 9.533351], [6.4395054, 9.5330778], [6.4395694, 9.5327619], [6.4396552, 9.5323605], [6.4397399, 9.5316432], [6.4396673, 9.5313597], [6.4388504, 9.5299805], [6.4387919, 9.5297233]]]}}, {"type": "Feature", "properties": {"name": "NASARAWA NUR/PTIMARY SCHOOL", "name:en": null, "amenity": null, "building": "school", "operator:type": null, "capacity:persons": null, "addr:full": null, "addr:city": "KALTUNGO", "source": null, "osm_id": 1206200316, "osm_type": "ways_poly", "Analysis_Region": "North East"}, "geometry": {"type": "Polygon", "coordinates": [[[11.3150173, 9.8256152], [11.3151223, 9.8255896], [11.3152011, 9.8259029], [11.3150961, 9.8259285], [11.3150173, 9.8256152]]]}}, {"type": "Feature", "properties": {"name": "Sanet Building", "name:en": null, "amenity": null, "building": "university", "operator:type": null, "capacity:persons": null, "addr:full": null, "addr:city": null, "source": null, "osm_id": 407659153, "osm_type": "ways_poly", "Analysis_Region": "North West"}, "geometry": {"type": "Polygon", "coordinates": [[[6.4528662, 9.5338787], [6.4528997, 9.5338337], [6.4530392, 9.5339343], [6.4530137, 9.533966], [6.4530714, 9.5339977], [6.4530445, 9.5340295], [6.4529855, 9.5340004], [6.4530003, 9.5339779], [6.4528662, 9.5338787]]]}}, {"type": "Feature", "properties": {"name": "Sanet Building", "name:en": null, "amenity": null, "building": "university", "operator:type": null, "capacity:persons": null, "addr:full": null, "addr:city": null, "source": null, "osm_id": 407659140, "osm_type": "ways_poly", "Analysis_Region": "North West"}, "geometry": {"type": "Polygon", "coordinates": [[[6.4523971, 9.5342014], [6.4524094, 9.5341224], [6.4529209, 9.5340738], [6.4529147, 9.5341467], [6.4527697, 9.5341573], [6.4527294, 9.5341602], [6.4524957, 9.5341771], [6.452582, 9.5342622], [6.4527374, 9.5342537], [6.4527736, 9.5342517], [6.4529147, 9.534244], [6.4530688, 9.5340131], [6.4531304, 9.534086], [6.4528839, 9.5344141], [6.4527976, 9.5345053], [6.4526867, 9.5344324], [6.4527607, 9.5343594], [6.4525142, 9.5343655], [6.4525265, 9.5343047], [6.4523971, 9.5342014]]]}}, {"type": "Feature", "properties": {"name": "Microfinance Bank", "name:en": null, "amenity": "bank", "building": "school", "operator:type": null, "capacity:persons": null, "addr:full": null, "addr:city": null, "source": null, "osm_id": 585807439, "osm_type": "ways_poly", "Analysis_Region": "North West"}, "geometry": {"type": "Polygon", "coordinates": [[[6.5285345, 9.6556569], [6.5286018, 9.6553396], [6.5288164, 9.655383], [6.5287443, 9.6557019], [6.5285345, 9.6556569]]]}}, {"type": "Feature", "properties": {"name": "Founders Internationa school", "name:en": null, "amenity": "school", "building": null, "operator:type": null, "capacity:persons": null, "addr:full": null, "addr:city": null, "source": null, "osm_id": 1178487812, "osm_type": "ways_poly", "Analysis_Region": "North West"}, "geometry": {"type": "Polygon", "coordinates": [[[8.8535736, 9.8515033], [8.8540022, 9.8503371], [8.8549382, 9.850802], [8.8543837, 9.8518442], [8.8536483, 9.8516118], [8.8535736, 9.8515033]]]}}, {"type": "Feature", "properties": {"name": "Evangel Private School", "name:en": null, "amenity": "school", "building": null, "operator:type": "private", "capacity:persons": null, "addr:full": null, "addr:city": "Jos", "source": null, "osm_id": 1178487814, "osm_type": "ways_poly", "Analysis_Region": "North West"}, "geometry": {"type": "Polygon", "coordinates": [[[8.8638255, 9.8531151], [8.8639749, 9.8528671], [8.8643878, 9.8529795], [8.8642738, 9.8532623], [8.8638255, 9.8531151]]]}}, {"type": "Feature", "properties": {"name": "St Lukes", "name:en": null, "amenity": "school", "building": null, "operator:type": null, "capacity:persons": null, "addr:full": null, "addr:city": null, "source": null, "osm_id": 1178170228, "osm_type": "ways_poly", "Analysis_Region": "North West"}, "geometry": {"type": "Polygon", "coordinates": [[[8.8614635, 9.8685581], [8.8617237, 9.8684501], [8.8617442, 9.868467], [8.8620044, 9.8683557], [8.8621653, 9.8683456], [8.8622029, 9.8682748], [8.8624049, 9.8683894], [8.8623262, 9.8686626], [8.8624323, 9.8687503], [8.8626309, 9.8687942], [8.8626788, 9.8688582], [8.862535, 9.8691483], [8.8618743, 9.8689628], [8.8614635, 9.8686727], [8.861508, 9.8686154], [8.8614635, 9.8685581]]]}}, {"type": "Feature", "properties": {"name": "Believers High School", "name:en": null, "amenity": "school", "building": null, "operator:type": "private", "capacity:persons": null, "addr:full": null, "addr:city": "Jos", "source": null, "osm_id": 1178004097, "osm_type": "ways_poly", "Analysis_Region": "North West"}, "geometry": {"type": "Polygon", "coordinates": [[[8.8635754, 9.8653534], [8.8636452, 9.8651764], [8.8638142, 9.8652239], [8.8637552, 9.8654168], [8.8635754, 9.8653534]]]}}, {"type": "Feature", "properties": {"name": "Maranatha Academy & Mt Tabor International Schools", "name:en": null, "amenity": "school", "building": "yes", "operator:type": "private", "capacity:persons": null, "addr:full": null, "addr:city": "Jos", "source": null, "osm_id": 1178004093, "osm_type": "ways_poly", "Analysis_Region": "North West"}, "geometry": {"type": "Polygon", "coordinates": [[[8.8589352, 9.862592], [8.8591578, 9.862444], [8.859925, 9.8626607], [8.8603327, 9.8627505], [8.8602173, 9.8632315], [8.8601878, 9.8633636], [8.8598284, 9.8633266], [8.8599652, 9.8630333], [8.8598123, 9.8628324], [8.8597694, 9.8628589], [8.8596916, 9.8628245], [8.8595414, 9.8628853], [8.8594234, 9.8630121], [8.8593832, 9.8631839], [8.8592061, 9.8631416], [8.8591364, 9.8631548], [8.8590291, 9.8631363], [8.8591015, 9.8628826], [8.859072, 9.8627162], [8.8589781, 9.8626554], [8.8589352, 9.862592]]]}}, {"type": "Feature", "properties": {"name": "Educare Private Schools", "name:en": null, "amenity": "school", "building": null, "operator:type": null, "capacity:persons": null, "addr:full": null, "addr:city": "JOS", "source": null, "osm_id": 1178004098, "osm_type": "ways_poly", "Analysis_Region": "North West"}, "geometry": {"type": "Polygon", "coordinates": [[[8.8659018, 9.861042], [8.8663024, 9.860957], [8.8662808, 9.860444], [8.8663609, 9.8604409], [8.8665242, 9.860444], [8.8665335, 9.8604166], [8.8668231, 9.860365], [8.8669217, 9.8603833], [8.8673438, 9.861048], [8.8667183, 9.8613121], [8.8660251, 9.8616309], [8.8659018, 9.861042]]]}}, {"type": "Feature", "properties": {"name": "GSS kufang", "name:en": null, "amenity": "school", "building": null, "operator:type": "government", "capacity:persons": null, "addr:full": null, "addr:city": "Jos", "source": null, "osm_id": 1178004101, "osm_type": "ways_poly", "Analysis_Region": "North West"}, "geometry": {"type": "Polygon", "coordinates": [[[8.8559685, 9.869571], [8.8560132, 9.8694447], [8.8562493, 9.8689955], [8.8563673, 9.868874], [8.8564638, 9.8686995], [8.8565336, 9.8685674], [8.8565604, 9.8684723], [8.8566838, 9.8683085], [8.8567106, 9.8681869], [8.8567911, 9.8680178], [8.8568447, 9.8679068], [8.8571434, 9.868033], [8.8571759, 9.868093], [8.8572003, 9.8682773], [8.8571272, 9.8686618], [8.8570093, 9.8692506], [8.8569401, 9.8697633], [8.8567653, 9.8697032], [8.8566921, 9.8697993], [8.8566271, 9.8699275], [8.8559685, 9.869571]]]}}, {"type": "Feature", "properties": {"name": "Bayero University Kano", "name:en": null, "amenity": "university", "building": null, "operator:type": null, "capacity:persons": null, "addr:full": null, "addr:city": "BUK Old Site", "source": "steadfast.com.ng", "osm_id": 291923762, "osm_type": "ways_poly", "Analysis_Region": "North West"}, "geometry": {"type": "Polygon", "coordinates": [[[8.4718146, 11.9818595], [8.4726814, 11.9808997], [8.4739242, 11.979354], [8.4742428, 11.9789814], [8.4758001, 11.9771658], [8.4762212, 11.9766453], [8.4764744, 11.9763481], [8.4768255, 11.975919], [8.4780765, 11.9765093], [8.4786415, 11.9756053], [8.4805254, 11.9770102], [8.4834988, 11.9795689], [8.4827824, 11.9806093], [8.482655, 11.9808483], [8.4825948, 11.9808517], [8.4825736, 11.9809086], [8.4825504, 11.9809706], [8.4825367, 11.9810073], [8.4825742, 11.9810322], [8.4823177, 11.9817717], [8.4821145, 11.9825733], [8.4819518, 11.9831501], [8.4818543, 11.9835513], [8.4811751, 11.9861636], [8.4810919, 11.9863681], [8.4807541, 11.986166], [8.4807392, 11.9861877], [8.4782397, 11.9847569], [8.4775146, 11.9844234], [8.4768979, 11.9841401], [8.4761912, 11.9837898], [8.4755271, 11.9834416], [8.4745096, 11.9829471], [8.4741176, 11.9827555], [8.4740696, 11.9827331], [8.4729796, 11.9823032], [8.4718146, 11.9818595]]]}}, {"type": "Feature", "properties": {"name": "University of Jos", "name:en": null, "amenity": "university", "building": null, "operator:type": null, "capacity:persons": null, "addr:full": null, "addr:city": null, "source": "Bing", "osm_id": 180135117, "osm_type": "ways_poly", "Analysis_Region": "North West"}, "geometry": {"type": "Polygon", "coordinates": [[[8.8871133, 9.9505298], [8.8873118, 9.9498614], [8.8876256, 9.9492274], [8.8878965, 9.9485748], [8.8884652, 9.9472552], [8.8886502, 9.9468972], [8.8888836, 9.9469488], [8.889121, 9.946962], [8.8893811, 9.9469184], [8.8896266, 9.946855], [8.8898465, 9.9466819], [8.890505, 9.9464508], [8.8906914, 9.9467044], [8.8909247, 9.9467519], [8.8914008, 9.9470452], [8.891311, 9.9475788], [8.8913499, 9.9475815], [8.8912278, 9.9484586], [8.891058, 9.9485462], [8.8910603, 9.9486659], [8.8910615, 9.9487307], [8.8912144, 9.9488337], [8.8912725, 9.9492454], [8.8912386, 9.9494255], [8.8913807, 9.9496791], [8.8915846, 9.9503872], [8.8917643, 9.9511031], [8.8917334, 9.9511665], [8.8916717, 9.9511731], [8.8916758, 9.9512134], [8.8916782, 9.9512585], [8.8917911, 9.9513065], [8.892003, 9.9523606], [8.8911018, 9.9525984], [8.8905761, 9.9526697], [8.8903749, 9.952675], [8.8902596, 9.9526539], [8.8900946, 9.9525667], [8.889931, 9.952391], [8.8896695, 9.9521361], [8.8892993, 9.9516526], [8.8892008, 9.951736], [8.8891386, 9.9516587], [8.8887489, 9.9519078], [8.88894, 9.9522728], [8.888447, 9.9522167], [8.8879609, 9.9519538], [8.8877866, 9.9518138], [8.8874674, 9.9515311], [8.8872689, 9.9513462], [8.8871415, 9.9511005], [8.8871147, 9.9509063], [8.8871281, 9.9507491], [8.8871186, 9.9506086], [8.8871133, 9.9505298]]]}}, {"type": "Feature", "properties": {"name": "Lebanon School", "name:en": null, "amenity": "school", "building": null, "operator:type": null, "capacity:persons": null, "addr:full": null, "addr:city": "Kano", "source": null, "osm_id": 719313020, "osm_type": "ways_poly", "Analysis_Region": "North West"}, "geometry": {"type": "Polygon", "coordinates": [[[8.5510453, 12.0092936], [8.5517539, 12.009155], [8.5523424, 12.0090706], [8.5527909, 12.0090039], [8.55282, 12.0091818], [8.5528488, 12.0093254], [8.553101, 12.0092807], [8.5531147, 12.0094949], [8.552974, 12.0102607], [8.5526821, 12.0101845], [8.5524564, 12.0100982], [8.5522007, 12.0099988], [8.5521372, 12.0099718], [8.5518525, 12.0098511], [8.5515402, 12.0096689], [8.5512856, 12.0094925], [8.5510453, 12.0092936]]]}}, {"type": "Feature", "properties": {"name": "DEBA CENTRAL PRIMARY SCHOOL", "name:en": null, "amenity": "school", "building": null, "operator:type": null, "capacity:persons": null, "addr:full": null, "addr:city": null, "source": null, "osm_id": 914858731, "osm_type": "ways_poly", "Analysis_Region": "North East"}, "geometry": {"type": "Polygon", "coordinates": [[[11.383739, 10.2124948], [11.3843077, 10.2122203], [11.3844257, 10.2120514], [11.3847046, 10.2121253], [11.3847368, 10.2125159], [11.3847368, 10.2131812], [11.3839751, 10.2131072], [11.383739, 10.2124948]]]}}, {"type": "Feature", "properties": {"name": "JIBWIS ARAWA", "name:en": null, "amenity": "school", "building": null, "operator:type": null, "capacity:persons": null, "addr:full": null, "addr:city": null, "source": null, "osm_id": 914746763, "osm_type": "ways_poly", "Analysis_Region": "North East"}, "geometry": {"type": "Polygon", "coordinates": [[[11.1732696, 10.3125658], [11.1735217, 10.3126028], [11.1735217, 10.3126608], [11.173562, 10.3126661], [11.1735539, 10.3129326], [11.1732777, 10.3129036], [11.1732696, 10.3125658]]]}}, {"type": "Feature", "properties": {"name": "Ihya;ussunnah Jauro kuna", "name:en": null, "amenity": "school", "building": null, "operator:type": null, "capacity:persons": null, "addr:full": null, "addr:city": null, "source": null, "osm_id": 913832561, "osm_type": "ways_poly", "Analysis_Region": "North East"}, "geometry": {"type": "Polygon", "coordinates": [[[11.1704746, 10.310673], [11.1704799, 10.3105384], [11.170602, 10.3105529], [11.17061, 10.3106796], [11.1706046, 10.3106941], [11.1704746, 10.310673]]]}}, {"type": "Feature", "properties": {"name": null, "name:en": null, "amenity": "school", "building": null, "operator:type": null, "capacity:persons": null, "addr:full": null, "addr:city": null, "source": null, "osm_id": 912619970, "osm_type": "ways_poly", "Analysis_Region": "North West"}, "geometry": {"type": "Polygon", "coordinates": [[[6.0668478, 12.2221727], [6.0669068, 12.2211923], [6.0682801, 12.2211923], [6.0682407, 12.2215014], [6.0680904, 12.2222588], [6.0668746, 12.2226629], [6.0668478, 12.2221727]]]}}, {"type": "Feature", "properties": {"name": null, "name:en": null, "amenity": "school", "building": null, "operator:type": null, "capacity:persons": null, "addr:full": null, "addr:city": null, "source": null, "osm_id": 912619973, "osm_type": "ways_poly", "Analysis_Region": "North West"}, "geometry": {"type": "Polygon", "coordinates": [[[6.0676042, 12.2309543], [6.0680065, 12.2293291], [6.0696297, 12.2296242], [6.0706887, 12.2298167], [6.0703293, 12.2313161], [6.0676042, 12.2309543]]]}}, {"type": "Feature", "properties": {"name": null, "name:en": null, "amenity": null, "building": "school", "operator:type": null, "capacity:persons": null, "addr:full": null, "addr:city": "oyo east", "source": null, "osm_id": 536707275, "osm_type": "ways_poly", "Analysis_Region": "North West"}, "geometry": {"type": "Polygon", "coordinates": [[[3.9374408, 7.8316171], [3.9374952, 7.831547], [3.9377137, 7.8317135], [3.9376593, 7.8317835], [3.9374408, 7.8316171]]]}}, {"type": "Feature", "properties": {"name": null, "name:en": null, "amenity": null, "building": "school", "operator:type": null, "capacity:persons": null, "addr:full": null, "addr:city": "oyo east", "source": null, "osm_id": 536707276, "osm_type": "ways_poly", "Analysis_Region": "North West"}, "geometry": {"type": "Polygon", "coordinates": [[[3.9374394, 7.8314181], [3.9377011, 7.8310195], [3.9377568, 7.8310554], [3.9374952, 7.831454], [3.9374394, 7.8314181]]]}}, {"type": "Feature", "properties": {"name": null, "name:en": null, "amenity": null, "building": "school", "operator:type": null, "capacity:persons": null, "addr:full": null, "addr:city": null, "source": "microsoft/BuildingFootprints", "osm_id": 1070729450, "osm_type": "ways_poly", "Analysis_Region": "North West"}, "geometry": {"type": "Polygon", "coordinates": [[[4.6228964, 8.4787519], [4.6230176, 8.4787413], [4.6230282, 8.4788597], [4.6229071, 8.4788704], [4.6228964, 8.4787519]]]}}, {"type": "Feature", "properties": {"name": "Central Science Laboratory", "name:en": null, "amenity": null, "building": "university", "operator:type": null, "capacity:persons": null, "addr:full": null, "addr:city": null, "source": null, "osm_id": 599038653, "osm_type": "ways_poly", "Analysis_Region": "North West"}, "geometry": {"type": "Polygon", "coordinates": [[[4.5273389, 7.5201486], [4.5276774, 7.5201176], [4.5277177, 7.5202789], [4.5274809, 7.5203114], [4.5273658, 7.5203258], [4.5273389, 7.5201486]]]}}, {"type": "Feature", "properties": {"name": null, "name:en": null, "amenity": null, "building": "university", "operator:type": null, "capacity:persons": null, "addr:full": null, "addr:city": null, "source": null, "osm_id": 599038652, "osm_type": "ways_poly", "Analysis_Region": "North West"}, "geometry": {"type": "Polygon", "coordinates": [[[4.5281414, 7.5197353], [4.5282809, 7.5197104], [4.5283109, 7.5198758], [4.5281713, 7.5199006], [4.5281414, 7.5197353]]]}}, {"type": "Feature", "properties": {"name": null, "name:en": null, "amenity": null, "building": "school", "operator:type": null, "capacity:persons": null, "addr:full": null, "addr:city": null, "source": null, "osm_id": 621683703, "osm_type": "ways_poly", "Analysis_Region": "North West"}, "geometry": {"type": "Polygon", "coordinates": [[[4.5441642, 7.5109986], [4.544653, 7.510746], [4.5447039, 7.5108428], [4.5442151, 7.5110954], [4.5441642, 7.5109986]]]}}, {"type": "Feature", "properties": {"name": null, "name:en": null, "amenity": null, "building": "school", "operator:type": null, "capacity:persons": null, "addr:full": null, "addr:city": null, "source": null, "osm_id": 621683707, "osm_type": "ways_poly", "Analysis_Region": "North West"}, "geometry": {"type": "Polygon", "coordinates": [[[4.5452877, 7.5114209], [4.5453815, 7.5113747], [4.5455454, 7.5117016], [4.545542, 7.5117033], [4.5455795, 7.5117782], [4.5453859, 7.5118736], [4.5453462, 7.5117945], [4.5454208, 7.5117577], [4.5454494, 7.5117436], [4.5452877, 7.5114209]]]}}, {"type": "Feature", "properties": {"name": null, "name:en": null, "amenity": null, "building": "school", "operator:type": null, "capacity:persons": null, "addr:full": null, "addr:city": null, "source": null, "osm_id": 621683711, "osm_type": "ways_poly", "Analysis_Region": "North West"}, "geometry": {"type": "Polygon", "coordinates": [[[4.5452145, 7.5120915], [4.5453194, 7.5120324], [4.545409, 7.5122031], [4.5453121, 7.5122556], [4.5452145, 7.5120915]]]}}, {"type": "Feature", "properties": {"name": null, "name:en": null, "amenity": null, "building": "school", "operator:type": null, "capacity:persons": null, "addr:full": null, "addr:city": null, "source": null, "osm_id": 621683708, "osm_type": "ways_poly", "Analysis_Region": "North West"}, "geometry": {"type": "Polygon", "coordinates": [[[4.5449995, 7.5115577], [4.5450828, 7.5115167], [4.545248, 7.5118443], [4.545294, 7.5118209], [4.5453359, 7.5119019], [4.5451287, 7.5120072], [4.5450866, 7.5119258], [4.5451671, 7.5118849], [4.5449995, 7.5115577]]]}}, {"type": "Feature", "properties": {"name": "FAMAKS British School", "name:en": null, "amenity": "school", "building": null, "operator:type": null, "capacity:persons": null, "addr:full": null, "addr:city": null, "source": null, "osm_id": 486632743, "osm_type": "ways_poly", "Analysis_Region": "North West"}, "geometry": {"type": "Polygon", "coordinates": [[[7.4665243, 10.5793378], [7.4668421, 10.5787182], [7.4670486, 10.5788224], [7.467109, 10.5788698], [7.4672712, 10.579699], [7.4672498, 10.5797083], [7.4665243, 10.5793378]]]}}, {"type": "Feature", "properties": {"name": null, "name:en": null, "amenity": null, "building": "school", "operator:type": null, "capacity:persons": null, "addr:full": null, "addr:city": null, "source": null, "osm_id": 978933737, "osm_type": "ways_poly", "Analysis_Region": "North West"}, "geometry": {"type": "Polygon", "coordinates": [[[8.9027979, 9.8647925], [8.9028041, 9.8647225], [8.9028885, 9.8647296], [8.9028824, 9.8647997], [8.9027979, 9.8647925]]]}}, {"type": "Feature", "properties": {"name": "Zamani College", "name:en": null, "amenity": "school", "building": null, "operator:type": null, "capacity:persons": null, "addr:full": null, "addr:city": null, "source": null, "osm_id": 500146550, "osm_type": "ways_poly", "Analysis_Region": "North West"}, "geometry": {"type": "Polygon", "coordinates": [[[7.4661503, 10.5480951], [7.4669918, 10.5480113], [7.4675597, 10.5479641], [7.4675736, 10.5480384], [7.4675716, 10.5481075], [7.4675872, 10.5481894], [7.4674773, 10.5485401], [7.4661952, 10.5486192], [7.4661503, 10.5480951]]]}}, {"type": "Feature", "properties": {"name": "Madarasatu Tarbiyyatul Islam", "name:en": null, "amenity": "school", "building": null, "operator:type": null, "capacity:persons": null, "addr:full": null, "addr:city": null, "source": null, "osm_id": 500110666, "osm_type": "ways_poly", "Analysis_Region": "North West"}, "geometry": {"type": "Polygon", "coordinates": [[[7.4645197, 10.5410397], [7.4648583, 10.5406376], [7.4653814, 10.5410474], [7.4651301, 10.5414058], [7.4645197, 10.5410397]]]}}, {"type": "Feature", "properties": {"name": null, "name:en": null, "amenity": null, "building": "university", "operator:type": null, "capacity:persons": null, "addr:full": null, "addr:city": null, "source": null, "osm_id": 620253748, "osm_type": "ways_poly", "Analysis_Region": "North West"}, "geometry": {"type": "Polygon", "coordinates": [[[4.5164517, 7.5216888], [4.517047, 7.5216036], [4.5170603, 7.5216844], [4.5164636, 7.5217829], [4.5164517, 7.5216888]]]}}, {"type": "Feature", "properties": {"name": "Federal College of Education Pankshin", "name:en": null, "amenity": "school", "building": null, "operator:type": null, "capacity:persons": null, "addr:full": null, "addr:city": "Jos", "source": null, "osm_id": 198322773, "osm_type": "ways_poly", "Analysis_Region": "North East"}, "geometry": {"type": "Polygon", "coordinates": [[[9.3850839, 9.3397594], [9.3936952, 9.3345322], [9.3946737, 9.3337339], [9.398845, 9.3389363], [9.391222, 9.3453626], [9.3875877, 9.347485], [9.3850839, 9.3397594]]]}}, {"type": "Feature", "properties": {"name": null, "name:en": null, "amenity": null, "building": "university", "operator:type": null, "capacity:persons": null, "addr:full": null, "addr:city": null, "source": null, "osm_id": 848569826, "osm_type": "ways_poly", "Analysis_Region": "North West"}, "geometry": {"type": "Polygon", "coordinates": [[[8.8814768, 9.9656858], [8.8816034, 9.9656848], [8.8816047, 9.965827], [8.881478, 9.9658281], [8.8814768, 9.9656858]]]}}, {"type": "Feature", "properties": {"name": null, "name:en": null, "amenity": null, "building": "university", "operator:type": null, "capacity:persons": null, "addr:full": null, "addr:city": null, "source": null, "osm_id": 848569903, "osm_type": "ways_poly", "Analysis_Region": "North West"}, "geometry": {"type": "Polygon", "coordinates": [[[8.8832483, 9.9607352], [8.8832958, 9.9606998], [8.8832727, 9.9606698], [8.8833077, 9.9606437], [8.8832858, 9.9606152], [8.8833281, 9.9605836], [8.88335, 9.9606121], [8.8833858, 9.9605854], [8.8834089, 9.9606154], [8.8834595, 9.9605776], [8.8835496, 9.9606948], [8.8835327, 9.9607075], [8.8835557, 9.9607374], [8.8835726, 9.9607248], [8.8835896, 9.9607468], [8.8837015, 9.9606634], [8.8838357, 9.960838], [8.8837218, 9.9609229], [8.8837441, 9.9609519], [8.8837295, 9.9609628], [8.8837516, 9.9609915], [8.8837662, 9.9609806], [8.8838505, 9.9610903], [8.8837988, 9.9611288], [8.8838226, 9.9611598], [8.8837891, 9.9611848], [8.8838158, 9.9612195], [8.8837712, 9.9612529], [8.8837444, 9.9612181], [8.8837118, 9.9612424], [8.883688, 9.9612114], [8.8836412, 9.9612464], [8.8835521, 9.9611305], [8.8835682, 9.9611185], [8.8835287, 9.9610671], [8.8835126, 9.9610791], [8.8834759, 9.9610313], [8.8834526, 9.9610487], [8.8833868, 9.9609632], [8.8834102, 9.9609458], [8.8833757, 9.9609009], [8.8833925, 9.9608884], [8.8833533, 9.9608374], [8.8833365, 9.9608499], [8.8832483, 9.9607352]]]}}, {"type": "Feature", "properties": {"name": "Anglican Grammar School", "name:en": null, "amenity": "college", "building": null, "operator:type": null, "capacity:persons": null, "addr:full": null, "addr:city": null, "source": null, "osm_id": 723216593, "osm_type": "ways_poly", "Analysis_Region": "North West"}, "geometry": {"type": "Polygon", "coordinates": [[[4.2432056, 8.1423872], [4.2435643, 8.1414667], [4.2450366, 8.1417751], [4.2451215, 8.1417996], [4.2451569, 8.1423742], [4.2451534, 8.1427385], [4.2452241, 8.1428576], [4.2453834, 8.1429908], [4.2455214, 8.1431449], [4.2456453, 8.1433271], [4.2458718, 8.1436249], [4.2458187, 8.1436599], [4.2459481, 8.1441084], [4.2456454, 8.1443574], [4.2458245, 8.1445917], [4.2457212, 8.1447848], [4.2458329, 8.1449107], [4.2456217, 8.1449923], [4.2454573, 8.1451482], [4.2455372, 8.145289], [4.2455781, 8.1453587], [4.2456382, 8.1454047], [4.2455674, 8.1455063], [4.2455426, 8.1455233], [4.2454773, 8.1455415], [4.2453817, 8.1456454], [4.2451215, 8.1453693], [4.244894, 8.1455745], [4.2449932, 8.1457381], [4.2448945, 8.1458825], [4.2446579, 8.146179], [4.2437766, 8.1461614], [4.2438297, 8.1449913], [4.2437448, 8.1448406], [4.2436489, 8.1441778], [4.2437026, 8.1435903], [4.2438132, 8.1431142], [4.2438705, 8.1427682], [4.2435745, 8.1426918], [4.2432056, 8.1423872]]]}}, {"type": "Feature", "properties": {"name": "St. Paul Township School L.G.E.A", "name:en": null, "amenity": null, "building": "school", "operator:type": null, "capacity:persons": null, "addr:full": null, "addr:city": "Jos", "source": null, "osm_id": 1166219948, "osm_type": "ways_poly", "Analysis_Region": "North West"}, "geometry": {"type": "Polygon", "coordinates": [[[8.8860138, 9.9254222], [8.8861175, 9.9253384], [8.8861501, 9.9253813], [8.8860555, 9.9254573], [8.8860138, 9.9254222]]]}}, {"type": "Feature", "properties": {"name": "GSS TUDUN SAIBU MAIGANA SOBA KADUNA", "name:en": null, "amenity": null, "building": "school", "operator:type": null, "capacity:persons": null, "addr:full": null, "addr:city": null, "source": null, "osm_id": 1165211472, "osm_type": "ways_poly", "Analysis_Region": "North West"}, "geometry": {"type": "Polygon", "coordinates": [[[7.9306367, 11.0335218], [7.93066, 11.032848], [7.9313699, 11.0323713], [7.9323366, 11.0328618], [7.9316127, 11.0342048], [7.9306367, 11.0335218]]]}}, {"type": "Feature", "properties": {"name": "Tudun Saibu Model Primary\u00a0SchooL SOBA KADUNA", "name:en": null, "amenity": null, "building": "school", "operator:type": null, "capacity:persons": null, "addr:full": null, "addr:city": null, "source": null, "osm_id": 1165220444, "osm_type": "ways_poly", "Analysis_Region": "North West"}, "geometry": {"type": "Polygon", "coordinates": [[[7.9190641, 11.0353636], [7.9192428, 11.0345804], [7.9199576, 11.0347195], [7.9197758, 11.0355874], [7.9190641, 11.0353636]]]}}, {"type": "Feature", "properties": {"name": "mozinger ac", "name:en": null, "amenity": null, "building": "school", "operator:type": null, "capacity:persons": null, "addr:full": null, "addr:city": null, "source": null, "osm_id": 1164898903, "osm_type": "ways_poly", "Analysis_Region": "North West"}, "geometry": {"type": "Polygon", "coordinates": [[[7.3791737, 10.5299526], [7.3791838, 10.5298779], [7.3791989, 10.529922], [7.3791737, 10.5299526]]]}}, {"type": "Feature", "properties": {"name": "Senate Building", "name:en": null, "amenity": null, "building": "university", "operator:type": null, "capacity:persons": null, "addr:full": null, "addr:city": null, "source": null, "osm_id": 617712378, "osm_type": "ways_poly", "Analysis_Region": "North West"}, "geometry": {"type": "Polygon", "coordinates": [[[4.523622, 7.5185895], [4.524046, 7.518534], [4.524054, 7.5185946], [4.5241052, 7.5185879], [4.5240981, 7.5185333], [4.5245491, 7.5184743], [4.524563, 7.5185806], [4.5244059, 7.5186011], [4.5244156, 7.5186754], [4.5243492, 7.5186841], [4.5243027, 7.5186901], [4.5238498, 7.5187494], [4.5238399, 7.5186741], [4.5236366, 7.5187007], [4.523622, 7.5185895]]]}}, {"type": "Feature", "properties": {"name": "BOOA", "name:en": null, "amenity": null, "building": "university", "operator:type": null, "capacity:persons": null, "addr:full": null, "addr:city": null, "source": null, "osm_id": 618241274, "osm_type": "ways_poly", "Analysis_Region": "North West"}, "geometry": {"type": "Polygon", "coordinates": [[[4.5252281, 7.5190898], [4.5252511, 7.5190546], [4.5252992, 7.5190525], [4.5253408, 7.5190792], [4.5253472, 7.5191271], [4.5253177, 7.5191647], [4.5252702, 7.5191708], [4.5252323, 7.5191416], [4.5252281, 7.5190898]]]}}, {"type": "Feature", "properties": {"name": null, "name:en": null, "amenity": null, "building": "school", "operator:type": null, "capacity:persons": null, "addr:full": null, "addr:city": null, "source": null, "osm_id": 967962402, "osm_type": "ways_poly", "Analysis_Region": "North West"}, "geometry": {"type": "Polygon", "coordinates": [[[4.5371452, 8.4826961], [4.5372225, 8.4826123], [4.5372812, 8.4826652], [4.5372039, 8.482749], [4.5371452, 8.4826961]]]}}, {"type": "Feature", "properties": {"name": null, "name:en": null, "amenity": null, "building": "school", "operator:type": null, "capacity:persons": null, "addr:full": null, "addr:city": null, "source": null, "osm_id": 1023821569, "osm_type": "ways_poly", "Analysis_Region": "North West"}, "geometry": {"type": "Polygon", "coordinates": [[[4.5374092, 8.4824181], [4.5377862, 8.4819915], [4.5378435, 8.482041], [4.5374666, 8.4824676], [4.5374092, 8.4824181]]]}}, {"type": "Feature", "properties": {"name": null, "name:en": null, "amenity": null, "building": "school", "operator:type": null, "capacity:persons": null, "addr:full": null, "addr:city": null, "source": null, "osm_id": 1023821724, "osm_type": "ways_poly", "Analysis_Region": "North West"}, "geometry": {"type": "Polygon", "coordinates": [[[4.5372801, 8.4825411], [4.5373982, 8.482418], [4.5374597, 8.4824757], [4.5373416, 8.4825987], [4.5372801, 8.4825411]]]}}, {"type": "Feature", "properties": {"name": null, "name:en": null, "amenity": "school", "building": "yes", "operator:type": null, "capacity:persons": null, "addr:full": null, "addr:city": null, "source": null, "osm_id": 1109126462, "osm_type": "ways_poly", "Analysis_Region": "North West"}, "geometry": {"type": "Polygon", "coordinates": [[[7.7951649, 9.316541], [7.7953124, 9.3162552], [7.7954194, 9.316309], [7.7952719, 9.3165948], [7.7951649, 9.316541]]]}}, {"type": "Feature", "properties": {"name": null, "name:en": null, "amenity": "school", "building": null, "operator:type": null, "capacity:persons": null, "addr:full": null, "addr:city": null, "source": null, "osm_id": 1108470920, "osm_type": "ways_poly", "Analysis_Region": "North West"}, "geometry": {"type": "Polygon", "coordinates": [[[6.2288386, 7.5988637], [6.2288511, 7.598518], [6.2290741, 7.5977127], [6.2292566, 7.5976749], [6.2291882, 7.5974799], [6.2292916, 7.5971573], [6.2312863, 7.5979794], [6.2311559, 7.598554], [6.2314078, 7.5990235], [6.2313143, 7.6003157], [6.2312803, 7.6009472], [6.2304629, 7.6009082], [6.2299169, 7.6000841], [6.2290591, 7.5999651], [6.2288552, 7.5992916], [6.2288386, 7.5988637]]]}}, {"type": "Feature", "properties": {"name": "NorthWest University", "name:en": null, "amenity": "university", "building": null, "operator:type": null, "capacity:persons": null, "addr:full": null, "addr:city": null, "source": null, "osm_id": 162043186, "osm_type": "ways_poly", "Analysis_Region": "North West"}, "geometry": {"type": "Polygon", "coordinates": [[[8.5310801, 11.9913693], [8.5312142, 11.9912014], [8.5314234, 11.9913641], [8.531461, 11.9913116], [8.5315254, 11.9913483], [8.5315039, 11.9914061], [8.5318097, 11.9914638], [8.5317668, 11.9916789], [8.5315039, 11.9916212], [8.5313698, 11.9919046], [8.5312089, 11.9918311], [8.5313322, 11.9915582], [8.5310801, 11.9913693]]]}}, {"type": "Feature", "properties": {"name": null, "name:en": null, "amenity": null, "building": "school", "operator:type": null, "capacity:persons": null, "addr:full": null, "addr:city": null, "source": "microsoft/BuildingFootprints", "osm_id": 1070728491, "osm_type": "ways_poly", "Analysis_Region": "North West"}, "geometry": {"type": "Polygon", "coordinates": [[[4.6163128, 8.4738698], [4.6166534, 8.4738659], [4.6166546, 8.4739678], [4.616314, 8.4739717], [4.6163128, 8.4738698]]]}}, {"type": "Feature", "properties": {"name": null, "name:en": null, "amenity": null, "building": "school", "operator:type": null, "capacity:persons": null, "addr:full": null, "addr:city": null, "source": "microsoft/BuildingFootprints", "osm_id": 1070729235, "osm_type": "ways_poly", "Analysis_Region": "North West"}, "geometry": {"type": "Polygon", "coordinates": [[[4.6164007, 8.4743687], [4.6166999, 8.4743626], [4.6167017, 8.4744475], [4.6164025, 8.4744535], [4.6164007, 8.4743687]]]}}, {"type": "Feature", "properties": {"name": null, "name:en": null, "amenity": null, "building": "school", "operator:type": null, "capacity:persons": null, "addr:full": null, "addr:city": null, "source": null, "osm_id": 1270698980, "osm_type": "ways_poly", "Analysis_Region": "North West"}, "geometry": {"type": "Polygon", "coordinates": [[[7.473818, 9.0104473], [7.4739453, 9.0103117], [7.4738992, 9.0101934], [7.473969, 9.0101663], [7.4740214, 9.0102834], [7.4741325, 9.010297], [7.4742186, 9.010329], [7.4742024, 9.0103955], [7.4741874, 9.0103931], [7.4741674, 9.0104338], [7.4739029, 9.0105323], [7.473818, 9.0104473]]]}}, {"type": "Feature", "properties": {"name": "The Springhall School", "name:en": null, "amenity": "school", "building": "yes", "operator:type": null, "capacity:persons": null, "addr:full": null, "addr:city": null, "source": "Bing", "osm_id": 183435082, "osm_type": "ways_poly", "Analysis_Region": "North West"}, "geometry": {"type": "Polygon", "coordinates": [[[7.5039354, 9.0887352], [7.5039941, 9.0886987], [7.5040446, 9.0887779], [7.5041057, 9.0887399], [7.5041428, 9.0887981], [7.5039816, 9.0888983], [7.5039486, 9.0888466], [7.50399, 9.0888209], [7.5039354, 9.0887352]]]}}, {"type": "Feature", "properties": {"name": "The Springhall School", "name:en": null, "amenity": "school", "building": "yes", "operator:type": null, "capacity:persons": null, "addr:full": null, "addr:city": null, "source": "Bing", "osm_id": 183435083, "osm_type": "ways_poly", "Analysis_Region": "North West"}, "geometry": {"type": "Polygon", "coordinates": [[[7.5037359, 9.088528], [7.503878, 9.0884332], [7.5039431, 9.0885285], [7.503896, 9.0885599], [7.5039246, 9.0886016], [7.5038669, 9.0886401], [7.5038128, 9.088561], [7.5037755, 9.0885859], [7.5037359, 9.088528]]]}}, {"type": "Feature", "properties": {"name": null, "name:en": null, "amenity": null, "building": "university", "operator:type": null, "capacity:persons": null, "addr:full": null, "addr:city": null, "source": null, "osm_id": 618243411, "osm_type": "ways_poly", "Analysis_Region": "North West"}, "geometry": {"type": "Polygon", "coordinates": [[[4.5252298, 7.516504], [4.5252544, 7.516463], [4.5253017, 7.5165031], [4.5253312, 7.5165463], [4.5253838, 7.5165506], [4.5253751, 7.5164978], [4.5254349, 7.5165004], [4.5254328, 7.5164409], [4.5255016, 7.516417], [4.5255273, 7.5164917], [4.5255635, 7.5164568], [4.5255932, 7.516503], [4.5256218, 7.516459], [4.5256945, 7.5164473], [4.5257046, 7.5165144], [4.5257279, 7.5165144], [4.5257367, 7.5165693], [4.5257104, 7.5165982], [4.5257279, 7.5166589], [4.525658, 7.5166734], [4.5256463, 7.5166502], [4.5255997, 7.5166849], [4.5255734, 7.5166647], [4.5255559, 7.5166907], [4.525518, 7.516682], [4.525486, 7.5167023], [4.5254976, 7.5167514], [4.525486, 7.5167832], [4.5254627, 7.516789], [4.5254306, 7.5167716], [4.5254073, 7.5167976], [4.5253781, 7.5167803], [4.5253665, 7.5168063], [4.5253344, 7.5168034], [4.5253286, 7.5167716], [4.5252878, 7.5167716], [4.5252645, 7.5167398], [4.5252849, 7.5167138], [4.5252528, 7.516656], [4.5252572, 7.5165881], [4.5252681, 7.5165339], [4.5252298, 7.516504]]]}}, {"type": "Feature", "properties": {"name": "New Faculty of Environmental Design and Management", "name:en": null, "amenity": null, "building": "university", "operator:type": null, "capacity:persons": null, "addr:full": null, "addr:city": null, "source": null, "osm_id": 652826031, "osm_type": "ways_poly", "Analysis_Region": "North West"}, "geometry": {"type": "Polygon", "coordinates": [[[4.5262414, 7.515973], [4.5262995, 7.5159641], [4.5262918, 7.5159151], [4.5266977, 7.5158528], [4.526691, 7.5158097], [4.5267282, 7.515804], [4.5267386, 7.5158704], [4.5267592, 7.5158672], [4.5267488, 7.5158009], [4.5268144, 7.5157908], [4.5268217, 7.5158374], [4.5271707, 7.5157838], [4.5271569, 7.5156953], [4.5273738, 7.5156693], [4.5273815, 7.5157569], [4.5277122, 7.5157035], [4.5277055, 7.515646], [4.5277392, 7.5156432], [4.5277433, 7.5156993], [4.5277656, 7.5156963], [4.5277591, 7.5156374], [4.5278442, 7.5156243], [4.5278488, 7.5156536], [4.5282973, 7.5155847], [4.5283094, 7.5156683], [4.5283572, 7.5156625], [4.5283633, 7.5156906], [4.5283692, 7.5157186], [4.5283745, 7.5157608], [4.5263235, 7.5160685], [4.5263223, 7.5160608], [4.5262921, 7.5160654], [4.5262849, 7.5160192], [4.5262495, 7.5160246], [4.5262414, 7.515973]]]}}, {"type": "Feature", "properties": {"name": null, "name:en": null, "amenity": null, "building": "school", "operator:type": null, "capacity:persons": null, "addr:full": null, "addr:city": null, "source": "microsoft/BuildingFootprints", "osm_id": 1035832640, "osm_type": "ways_poly", "Analysis_Region": "North West"}, "geometry": {"type": "Polygon", "coordinates": [[[4.6014753, 8.4854196], [4.601671, 8.4854168], [4.6016724, 8.4855122], [4.6014767, 8.485515], [4.6014753, 8.4854196]]]}}, {"type": "Feature", "properties": {"name": null, "name:en": null, "amenity": null, "building": "school", "operator:type": null, "capacity:persons": null, "addr:full": null, "addr:city": null, "source": "microsoft/BuildingFootprints", "osm_id": 1035832925, "osm_type": "ways_poly", "Analysis_Region": "North West"}, "geometry": {"type": "Polygon", "coordinates": [[[4.6012637, 8.4855647], [4.6013468, 8.4855614], [4.6013549, 8.48576], [4.6012719, 8.4857633], [4.6012637, 8.4855647]]]}}, {"type": "Feature", "properties": {"name": null, "name:en": null, "amenity": null, "building": "school", "operator:type": null, "capacity:persons": null, "addr:full": null, "addr:city": null, "source": "microsoft/BuildingFootprints", "osm_id": 1035610207, "osm_type": "ways_poly", "Analysis_Region": "North West"}, "geometry": {"type": "Polygon", "coordinates": [[[4.6013254, 8.4858687], [4.6013666, 8.485864], [4.6013734, 8.4859227], [4.6013322, 8.4859274], [4.6013254, 8.4858687]]]}}, {"type": "Feature", "properties": {"name": null, "name:en": null, "amenity": null, "building": "school", "operator:type": null, "capacity:persons": null, "addr:full": null, "addr:city": null, "source": "microsoft/BuildingFootprints", "osm_id": 1035833129, "osm_type": "ways_poly", "Analysis_Region": "North West"}, "geometry": {"type": "Polygon", "coordinates": [[[4.6012336, 8.4855075], [4.6012362, 8.4854163], [4.6014303, 8.4854217], [4.6014277, 8.4855129], [4.6012336, 8.4855075]]]}}, {"type": "Feature", "properties": {"name": null, "name:en": null, "amenity": null, "building": "school", "operator:type": null, "capacity:persons": null, "addr:full": null, "addr:city": null, "source": "microsoft/BuildingFootprints", "osm_id": 1035834039, "osm_type": "ways_poly", "Analysis_Region": "North West"}, "geometry": {"type": "Polygon", "coordinates": [[[4.6018473, 8.4855239], [4.6018506, 8.4854301], [4.6020542, 8.4854371], [4.6020509, 8.4855308], [4.6018473, 8.4855239]]]}}, {"type": "Feature", "properties": {"name": null, "name:en": null, "amenity": null, "building": "school", "operator:type": null, "capacity:persons": null, "addr:full": null, "addr:city": null, "source": "microsoft/BuildingFootprints", "osm_id": 1035834312, "osm_type": "ways_poly", "Analysis_Region": "North West"}, "geometry": {"type": "Polygon", "coordinates": [[[4.6020679, 8.4854423], [4.6024714, 8.4854403], [4.6024718, 8.4855331], [4.6020684, 8.4855352], [4.6020679, 8.4854423]]]}}, {"type": "Feature", "properties": {"name": null, "name:en": null, "amenity": null, "building": "school", "operator:type": null, "capacity:persons": null, "addr:full": null, "addr:city": null, "source": "microsoft/BuildingFootprints", "osm_id": 1070729428, "osm_type": "ways_poly", "Analysis_Region": "North West"}, "geometry": {"type": "Polygon", "coordinates": [[[4.6205303, 8.4806575], [4.6205377, 8.480512], [4.6207571, 8.4805229], [4.6207544, 8.4805758], [4.6207238, 8.4805743], [4.6207191, 8.4806669], [4.6205303, 8.4806575]]]}}, {"type": "Feature", "properties": {"name": null, "name:en": null, "amenity": null, "building": "school", "operator:type": null, "capacity:persons": null, "addr:full": null, "addr:city": null, "source": null, "osm_id": 965347611, "osm_type": "ways_poly", "Analysis_Region": "North West"}, "geometry": {"type": "Polygon", "coordinates": [[[4.5757293, 8.4589354], [4.575884, 8.4587941], [4.5758302, 8.4587365], [4.5759188, 8.4586556], [4.5761321, 8.458884], [4.5760953, 8.4589176], [4.5761123, 8.4589358], [4.5759671, 8.4590686], [4.5759339, 8.4590331], [4.5758728, 8.4590889], [4.5757293, 8.4589354]]]}}, {"type": "Feature", "properties": {"name": null, "name:en": null, "amenity": null, "building": "school", "operator:type": null, "capacity:persons": null, "addr:full": null, "addr:city": null, "source": "microsoft/BuildingFootprints", "osm_id": 1070729521, "osm_type": "ways_poly", "Analysis_Region": "North West"}, "geometry": {"type": "Polygon", "coordinates": [[[4.6192873, 8.4753713], [4.6194594, 8.4753246], [4.6194943, 8.4754504], [4.6193222, 8.4754971], [4.6192873, 8.4753713]]]}}, {"type": "Feature", "properties": {"name": null, "name:en": null, "amenity": null, "building": "school", "operator:type": null, "capacity:persons": null, "addr:full": null, "addr:city": null, "source": "microsoft/BuildingFootprints", "osm_id": 1070729206, "osm_type": "ways_poly", "Analysis_Region": "North West"}, "geometry": {"type": "Polygon", "coordinates": [[[4.620157, 8.4784416], [4.6206612, 8.4783898], [4.620672, 8.4784922], [4.6201678, 8.478544], [4.620157, 8.4784416]]]}}, {"type": "Feature", "properties": {"name": null, "name:en": null, "amenity": null, "building": "school", "operator:type": null, "capacity:persons": null, "addr:full": null, "addr:city": null, "source": "microsoft/BuildingFootprints", "osm_id": 1070729098, "osm_type": "ways_poly", "Analysis_Region": "North West"}, "geometry": {"type": "Polygon", "coordinates": [[[4.6201245, 8.4782974], [4.6206731, 8.4782601], [4.6206802, 8.4783631], [4.6201317, 8.4784004], [4.6201245, 8.4782974]]]}}, {"type": "Feature", "properties": {"name": null, "name:en": null, "amenity": null, "building": "school", "operator:type": null, "capacity:persons": null, "addr:full": null, "addr:city": null, "source": "microsoft/BuildingFootprints", "osm_id": 1070728739, "osm_type": "ways_poly", "Analysis_Region": "North West"}, "geometry": {"type": "Polygon", "coordinates": [[[4.6227462, 8.4787524], [4.6228893, 8.478745], [4.6228957, 8.4788656], [4.6228542, 8.4788678], [4.6228557, 8.4788953], [4.6227822, 8.4788991], [4.6227799, 8.4788568], [4.6227518, 8.4788583], [4.6227462, 8.4787524]]]}}, {"type": "Feature", "properties": {"name": null, "name:en": null, "amenity": null, "building": "school", "operator:type": null, "capacity:persons": null, "addr:full": null, "addr:city": null, "source": "microsoft/BuildingFootprints", "osm_id": 1070729074, "osm_type": "ways_poly", "Analysis_Region": "North West"}, "geometry": {"type": "Polygon", "coordinates": [[[4.6230248, 8.4787179], [4.623176, 8.4787105], [4.6231815, 8.47882], [4.6230303, 8.4788275], [4.6230248, 8.4787179]]]}}, {"type": "Feature", "properties": {"name": null, "name:en": null, "amenity": null, "building": "school", "operator:type": null, "capacity:persons": null, "addr:full": null, "addr:city": null, "source": "microsoft/BuildingFootprints", "osm_id": 1070729227, "osm_type": "ways_poly", "Analysis_Region": "North West"}, "geometry": {"type": "Polygon", "coordinates": [[[4.622712, 8.4771664], [4.6227175, 8.476966], [4.6229948, 8.4769733], [4.6229928, 8.4770476], [4.6227757, 8.4770418], [4.6227723, 8.477168], [4.622712, 8.4771664]]]}}, {"type": "Feature", "properties": {"name": null, "name:en": null, "amenity": null, "building": "school", "operator:type": null, "capacity:persons": null, "addr:full": null, "addr:city": null, "source": "microsoft/BuildingFootprints", "osm_id": 1034384226, "osm_type": "ways_poly", "Analysis_Region": "North West"}, "geometry": {"type": "Polygon", "coordinates": [[[4.5675809, 8.4867406], [4.5678068, 8.4867081], [4.5678292, 8.4868603], [4.5677766, 8.4868678], [4.5677744, 8.4868523], [4.5676956, 8.4868636], [4.5677001, 8.4868948], [4.5676397, 8.4869035], [4.5676233, 8.4867918], [4.5675892, 8.4867967], [4.5675809, 8.4867406]]]}}, {"type": "Feature", "properties": {"name": "HSLTB", "name:en": null, "amenity": null, "building": "university", "operator:type": null, "capacity:persons": null, "addr:full": null, "addr:city": null, "source": null, "osm_id": 618243404, "osm_type": "ways_poly", "Analysis_Region": "North West"}, "geometry": {"type": "Polygon", "coordinates": [[[4.5248328, 7.5166967], [4.5248664, 7.5166517], [4.5249248, 7.516644], [4.5249715, 7.5166798], [4.5249792, 7.5167382], [4.5249434, 7.5167849], [4.5248852, 7.516792], [4.5248386, 7.5167545], [4.5248328, 7.5166967]]]}}, {"type": "Feature", "properties": {"name": "BOOB", "name:en": null, "amenity": null, "building": "university", "operator:type": null, "capacity:persons": null, "addr:full": null, "addr:city": null, "source": null, "osm_id": 618241275, "osm_type": "ways_poly", "Analysis_Region": "North West"}, "geometry": {"type": "Polygon", "coordinates": [[[4.5253829, 7.5191053], [4.5253838, 7.5190547], [4.5254241, 7.5190217], [4.525476, 7.5190269], [4.525509, 7.5190672], [4.5255039, 7.519119], [4.5254635, 7.519152], [4.5254117, 7.5191469], [4.5253829, 7.5191053]]]}}, {"type": "Feature", "properties": {"name": "HSLTA", "name:en": null, "amenity": null, "building": "university", "operator:type": null, "capacity:persons": null, "addr:full": null, "addr:city": null, "source": null, "osm_id": 618243403, "osm_type": "ways_poly", "Analysis_Region": "North West"}, "geometry": {"type": "Polygon", "coordinates": [[[4.5250165, 7.5168027], [4.5250496, 7.5167635], [4.5251062, 7.5167517], [4.5251517, 7.5167866], [4.5251571, 7.5168414], [4.5251196, 7.5168878], [4.5250671, 7.5168935], [4.5250205, 7.5168531], [4.5250165, 7.5168027]]]}}, {"type": "Feature", "properties": {"name": "Junior Secondary School Galadimawa", "name:en": null, "amenity": "school", "building": null, "operator:type": "government", "capacity:persons": null, "addr:full": null, "addr:city": null, "source": "Nigerian Red Cross Society;survey", "osm_id": 993054550, "osm_type": "ways_poly", "Analysis_Region": "North West"}, "geometry": {"type": "Polygon", "coordinates": [[[7.4243901, 8.9854527], [7.4263221, 8.9853637], [7.4260858, 8.986653], [7.4253391, 8.9866985], [7.4244061, 8.9868013], [7.4243935, 8.9857355], [7.4243901, 8.9854527]]]}}, {"type": "Feature", "properties": {"name": null, "name:en": null, "amenity": null, "building": "school", "operator:type": null, "capacity:persons": null, "addr:full": null, "addr:city": null, "source": null, "osm_id": 602771979, "osm_type": "ways_poly", "Analysis_Region": "North West"}, "geometry": {"type": "Polygon", "coordinates": [[[6.5442666, 9.5807442], [6.5443138, 9.5807077], [6.5444131, 9.5808326], [6.5443556, 9.5808562], [6.5442666, 9.5807442]]]}}, {"type": "Feature", "properties": {"name": null, "name:en": null, "amenity": null, "building": "school", "operator:type": null, "capacity:persons": null, "addr:full": null, "addr:city": null, "source": null, "osm_id": 602772044, "osm_type": "ways_poly", "Analysis_Region": "North West"}, "geometry": {"type": "Polygon", "coordinates": [[[6.5439394, 9.5811567], [6.5440203, 9.5811444], [6.5440305, 9.5812093], [6.5439496, 9.5812216], [6.5439394, 9.5811567]]]}}, {"type": "Feature", "properties": {"name": null, "name:en": null, "amenity": "school", "building": null, "operator:type": "government", "capacity:persons": null, "addr:full": null, "addr:city": null, "source": "Nigerian Red Cross Society", "osm_id": 1156364262, "osm_type": "ways_poly", "Analysis_Region": "North West"}, "geometry": {"type": "Polygon", "coordinates": [[[7.4431861, 8.9496923], [7.4434428, 8.9496147], [7.4445277, 8.9494583], [7.4448898, 8.9493934], [7.4449515, 8.9498465], [7.444969, 8.9499644], [7.4449753, 8.9502537], [7.4449754, 8.9502603], [7.4449728, 8.9503093], [7.4449742, 8.9503402], [7.4443898, 8.9506263], [7.4441244, 8.9507522], [7.4437817, 8.9509193], [7.4436746, 8.9506845], [7.4435825, 8.9504312], [7.4434768, 8.9502756], [7.4432664, 8.9502204], [7.4431861, 8.9496923]]]}}, {"type": "Feature", "properties": {"name": "Geology", "name:en": null, "amenity": null, "building": "university", "operator:type": null, "capacity:persons": null, "addr:full": null, "addr:city": null, "source": null, "osm_id": 617712410, "osm_type": "ways_poly", "Analysis_Region": "North West"}, "geometry": {"type": "Polygon", "coordinates": [[[4.5208842, 7.5204575], [4.5210495, 7.5204301], [4.5210846, 7.520638], [4.5212322, 7.5206135], [4.5212416, 7.5206694], [4.5213429, 7.5206526], [4.5213323, 7.5205896], [4.5215072, 7.5205606], [4.5215179, 7.5206241], [4.5215514, 7.5206186], [4.5215627, 7.5206855], [4.5215367, 7.5206898], [4.5215467, 7.5207486], [4.521258, 7.5207965], [4.5212407, 7.5206939], [4.5211118, 7.5207152], [4.521127, 7.5208056], [4.5209992, 7.5208268], [4.5209827, 7.520729], [4.5209314, 7.5207375], [4.5208842, 7.5204575]]]}}, {"type": "Feature", "properties": {"name": "Department of Architecture", "name:en": null, "amenity": null, "building": "university", "operator:type": null, "capacity:persons": null, "addr:full": null, "addr:city": null, "source": null, "osm_id": 617712423, "osm_type": "ways_poly", "Analysis_Region": "North West"}, "geometry": {"type": "Polygon", "coordinates": [[[4.5181876, 7.5210152], [4.5186912, 7.5209429], [4.5187646, 7.5214453], [4.518261, 7.5215176], [4.5181876, 7.5210152]]]}}, {"type": "Feature", "properties": {"name": null, "name:en": null, "amenity": null, "building": "school", "operator:type": null, "capacity:persons": null, "addr:full": null, "addr:city": null, "source": null, "osm_id": 930713115, "osm_type": "ways_poly", "Analysis_Region": "North West"}, "geometry": {"type": "Polygon", "coordinates": [[[4.122185, 7.8216726], [4.1222476, 7.8215931], [4.1225437, 7.8218217], [4.1224811, 7.8219013], [4.122185, 7.8216726]]]}}, {"type": "Feature", "properties": {"name": null, "name:en": null, "amenity": null, "building": "school", "operator:type": null, "capacity:persons": null, "addr:full": null, "addr:city": null, "source": null, "osm_id": 931074202, "osm_type": "ways_poly", "Analysis_Region": "North West"}, "geometry": {"type": "Polygon", "coordinates": [[[4.1248789, 7.8251343], [4.1249763, 7.8250378], [4.1250229, 7.825084], [4.1249256, 7.8251805], [4.1248789, 7.8251343]]]}}, {"type": "Feature", "properties": {"name": null, "name:en": null, "amenity": null, "building": "school", "operator:type": null, "capacity:persons": null, "addr:full": null, "addr:city": null, "source": null, "osm_id": 1246400558, "osm_type": "ways_poly", "Analysis_Region": "North West"}, "geometry": {"type": "Polygon", "coordinates": [[[4.1348937, 7.8347573], [4.1350232, 7.8343946], [4.1351423, 7.8344364], [4.1350129, 7.8347991], [4.1348937, 7.8347573]]]}}, {"type": "Feature", "properties": {"name": "Faculty of Administration", "name:en": null, "amenity": null, "building": "university", "operator:type": null, "capacity:persons": null, "addr:full": null, "addr:city": null, "source": null, "osm_id": 617712368, "osm_type": "ways_poly", "Analysis_Region": "North West"}, "geometry": {"type": "Polygon", "coordinates": [[[4.5218404, 7.5205855], [4.5219498, 7.5205684], [4.5219304, 7.520446], [4.5227365, 7.5203204], [4.5227837, 7.5206184], [4.5219667, 7.5207457], [4.5219474, 7.5206238], [4.5218489, 7.5206391], [4.5218404, 7.5205855]]]}}, {"type": "Feature", "properties": {"name": null, "name:en": null, "amenity": null, "building": "school", "operator:type": null, "capacity:persons": null, "addr:full": null, "addr:city": null, "source": null, "osm_id": 1285725458, "osm_type": "ways_poly", "Analysis_Region": "North West"}, "geometry": {"type": "Polygon", "coordinates": [[[5.2074893, 13.0656579], [5.2075, 13.0656056], [5.2077271, 13.0656494], [5.2077164, 13.0657018], [5.2074893, 13.0656579]]]}}, {"type": "Feature", "properties": {"name": null, "name:en": null, "amenity": null, "building": "school", "operator:type": null, "capacity:persons": null, "addr:full": null, "addr:city": null, "source": null, "osm_id": 378033198, "osm_type": "ways_poly", "Analysis_Region": "North West"}, "geometry": {"type": "Polygon", "coordinates": [[[4.5456611, 7.7432312], [4.546126, 7.7429744], [4.5461912, 7.7430903], [4.5461406, 7.7431183], [4.5457264, 7.7433471], [4.5457111, 7.7433199], [4.5456611, 7.7432312]]]}}, {"type": "Feature", "properties": {"name": "Government Secondary School, Rigasa, kaduna", "name:en": null, "amenity": null, "building": "school", "operator:type": null, "capacity:persons": null, "addr:full": null, "addr:city": null, "source": null, "osm_id": 1160273182, "osm_type": "ways_poly", "Analysis_Region": "North West"}, "geometry": {"type": "Polygon", "coordinates": [[[7.3795407, 10.529924], [7.3795479, 10.5298359], [7.3796145, 10.5298412], [7.3796072, 10.5299292], [7.3795407, 10.529924]]]}}, {"type": "Feature", "properties": {"name": "Demonstration Secondary School", "name:en": null, "amenity": null, "building": "school", "operator:type": null, "capacity:persons": null, "addr:full": null, "addr:city": null, "source": null, "osm_id": 487963833, "osm_type": "ways_poly", "Analysis_Region": "North West"}, "geometry": {"type": "Polygon", "coordinates": [[[7.6537273, 11.1551894], [7.6539338, 11.1551675], [7.6539385, 11.1552105], [7.6539622, 11.155208], [7.65397, 11.1552789], [7.6539446, 11.1552816], [7.6539502, 11.1553326], [7.6538923, 11.1553387], [7.6539018, 11.1554246], [7.6537549, 11.1554401], [7.6537273, 11.1551894]]]}}, {"type": "Feature", "properties": {"name": null, "name:en": null, "amenity": null, "building": "school", "operator:type": null, "capacity:persons": null, "addr:full": null, "addr:city": null, "source": null, "osm_id": 531978204, "osm_type": "ways_poly", "Analysis_Region": "North West"}, "geometry": {"type": "Polygon", "coordinates": [[[7.7344184, 11.1097671], [7.7344388, 11.1097436], [7.734453, 11.1097555], [7.7344863, 11.1097172], [7.7344646, 11.109699], [7.7346526, 11.1094825], [7.7347182, 11.1095374], [7.7344764, 11.1098156], [7.7344184, 11.1097671]]]}}, {"type": "Feature", "properties": {"name": null, "name:en": null, "amenity": null, "building": "school", "operator:type": null, "capacity:persons": null, "addr:full": null, "addr:city": null, "source": null, "osm_id": 531978207, "osm_type": "ways_poly", "Analysis_Region": "North West"}, "geometry": {"type": "Polygon", "coordinates": [[[7.7351622, 11.1102676], [7.7352241, 11.1101965], [7.735363, 11.1103077], [7.7353023, 11.1103764], [7.7351622, 11.1102676]]]}}, {"type": "Feature", "properties": {"name": null, "name:en": null, "amenity": "school", "building": "yes", "operator:type": null, "capacity:persons": null, "addr:full": null, "addr:city": null, "source": null, "osm_id": 1287518994, "osm_type": "ways_poly", "Analysis_Region": "North West"}, "geometry": {"type": "Polygon", "coordinates": [[[4.1669212, 7.6296342], [4.1669339, 7.6295536], [4.1673587, 7.6296195], [4.167346, 7.6297001], [4.1669212, 7.6296342]]]}}, {"type": "Feature", "properties": {"name": null, "name:en": null, "amenity": "school", "building": "yes", "operator:type": null, "capacity:persons": null, "addr:full": null, "addr:city": null, "source": null, "osm_id": 1287518997, "osm_type": "ways_poly", "Analysis_Region": "North West"}, "geometry": {"type": "Polygon", "coordinates": [[[4.1675548, 7.6296703], [4.1680264, 7.6295897], [4.1680413, 7.6296756], [4.1675698, 7.6297561], [4.1675548, 7.6296703]]]}}, {"type": "Feature", "properties": {"name": null, "name:en": null, "amenity": "school", "building": "yes", "operator:type": null, "capacity:persons": null, "addr:full": null, "addr:city": null, "source": null, "osm_id": 1287518999, "osm_type": "ways_poly", "Analysis_Region": "North West"}, "geometry": {"type": "Polygon", "coordinates": [[[4.1672746, 7.6287455], [4.1673714, 7.6287266], [4.1674456, 7.6291008], [4.1673488, 7.6291196], [4.1672746, 7.6287455]]]}}, {"type": "Feature", "properties": {"name": null, "name:en": null, "amenity": "school", "building": "yes", "operator:type": null, "capacity:persons": null, "addr:full": null, "addr:city": null, "source": null, "osm_id": 1287519000, "osm_type": "ways_poly", "Analysis_Region": "North West"}, "geometry": {"type": "Polygon", "coordinates": [[[4.1680895, 7.6295256], [4.1683091, 7.6295081], [4.1683091, 7.6295967], [4.1681004, 7.6296142], [4.1680895, 7.6295256]]]}}, {"type": "Feature", "properties": {"name": "Gombe State University", "name:en": null, "amenity": "university", "building": null, "operator:type": null, "capacity:persons": null, "addr:full": null, "addr:city": null, "source": null, "osm_id": 328221569, "osm_type": "ways_poly", "Analysis_Region": "North East"}, "geometry": {"type": "Polygon", "coordinates": [[[11.1698578, 10.3001099], [11.1700562, 10.3000539], [11.1702577, 10.2999722], [11.1704328, 10.2999506], [11.1706316, 10.2999012], [11.1706868, 10.2998882], [11.1708745, 10.2999033], [11.1710199, 10.2999098], [11.1710928, 10.2999156], [11.1714319, 10.2999426], [11.1717945, 10.2999715], [11.1718268, 10.2999741], [11.1720048, 10.3000105], [11.1727113, 10.3001004], [11.1728604, 10.3001177], [11.1729038, 10.3001224], [11.1735244, 10.3001921], [11.1741255, 10.3002574], [11.1742682, 10.3002733], [11.1746638, 10.3003114], [11.1747353, 10.3003253], [11.1748153, 10.3000301], [11.1748872, 10.299735], [11.1756744, 10.2999645], [11.1765036, 10.3002062], [11.1774146, 10.3004718], [11.1783223, 10.3007459], [11.1785796, 10.300833], [11.179545, 10.30116], [11.1803956, 10.3014313], [11.1808606, 10.3015761], [11.1812415, 10.3016934], [11.1809634, 10.3021061], [11.1807755, 10.3023849], [11.1806138, 10.3026248], [11.1804068, 10.3029539], [11.1801765, 10.3032739], [11.1799129, 10.3036674], [11.1792021, 10.3034605], [11.1788744, 10.3033658], [11.1788197, 10.3034955], [11.1787168, 10.3034732], [11.1785779, 10.3038072], [11.178449, 10.304372], [11.1784305, 10.3044194], [11.1781828, 10.3050072], [11.1779407, 10.3054939], [11.1779208, 10.3056293], [11.1776382, 10.3063002], [11.1775864, 10.3063275], [11.1773033, 10.3069067], [11.176982, 10.3075641], [11.1767586, 10.3080213], [11.1769335, 10.3081493], [11.1762804, 10.3091999], [11.1762803, 10.3092006], [11.1757204, 10.3091432], [11.1756923, 10.3091214], [11.1753812, 10.3091077], [11.1751811, 10.3090699], [11.1749547, 10.3090663], [11.1727106, 10.308859], [11.1720097, 10.307888], [11.1718106, 10.3076388], [11.1717275, 10.3075192], [11.1716421, 10.3074009], [11.1714521, 10.3070381], [11.1714246, 10.3069858], [11.171392, 10.3069166], [11.1713613, 10.3068588], [11.1713396, 10.3067606], [11.1713337, 10.3067337], [11.1713122, 10.3067218], [11.1712804, 10.3066865], [11.171239, 10.3066978], [11.1710922, 10.3063485], [11.1709515, 10.3060072], [11.1709537, 10.3059644], [11.1709203, 10.3058803], [11.1708212, 10.3056545], [11.1707176, 10.3054218], [11.1706468, 10.3052561], [11.1706123, 10.3051485], [11.1706048, 10.3050537], [11.1706061, 10.304959], [11.1705721, 10.304672], [11.1705473, 10.3044262], [11.1706622, 10.3043067], [11.1706645, 10.3041461], [11.1706644, 10.3039076], [11.170663, 10.3038359], [11.1706619, 10.3037577], [11.170656, 10.3035886], [11.1706063, 10.3035334], [11.1705487, 10.3035325], [11.1705421, 10.3034546], [11.1705364, 10.3032298], [11.170538, 10.3027706], [11.1705326, 10.3026694], [11.1704724, 10.3022873], [11.1704658, 10.3022327], [11.1704071, 10.3020369], [11.1704034, 10.3020244], [11.1704001, 10.3020169], [11.1703369, 10.3018722], [11.1702606, 10.3017011], [11.1702364, 10.301636], [11.1702043, 10.3015496], [11.1701745, 10.3014692], [11.1701454, 10.3013908], [11.1701129, 10.3013034], [11.170073, 10.3011591], [11.1700243, 10.3009831], [11.1699841, 10.3006923], [11.1699712, 10.3006465], [11.169963, 10.3005889], [11.1699387, 10.3004168], [11.1699057, 10.3002931], [11.1698578, 10.3001099]]]}}, {"type": "Feature", "properties": {"name": "JAURO TUDUN WADA PRIMARY T/WADA", "name:en": null, "amenity": "school", "building": null, "operator:type": null, "capacity:persons": null, "addr:full": null, "addr:city": null, "source": null, "osm_id": 914734761, "osm_type": "ways_poly", "Analysis_Region": "North East"}, "geometry": {"type": "Polygon", "coordinates": [[[11.1698578, 10.3001099], [11.1700562, 10.3000539], [11.1702577, 10.2999722], [11.1704328, 10.2999506], [11.1706868, 10.2998882], [11.1710928, 10.2999156], [11.1714319, 10.2999426], [11.1717945, 10.2999715], [11.1720048, 10.3000105], [11.1719897, 10.3011113], [11.1716236, 10.301102], [11.1711678, 10.3011119], [11.1711293, 10.3010494], [11.1710389, 10.3009562], [11.170918, 10.300891], [11.1705982, 10.3007904], [11.1703276, 10.3007105], [11.169963, 10.3005889], [11.1699387, 10.3004168], [11.1698578, 10.3001099]]]}}, {"type": "Feature", "properties": {"name": "Faculty of Pharmacy", "name:en": null, "amenity": null, "building": "university", "operator:type": null, "capacity:persons": null, "addr:full": null, "addr:city": null, "source": null, "osm_id": 618243408, "osm_type": "ways_poly", "Analysis_Region": "North West"}, "geometry": {"type": "Polygon", "coordinates": [[[4.5265852, 7.5166929], [4.527629, 7.5165264], [4.527665, 7.5167728], [4.5274373, 7.5168042], [4.5274533, 7.5168753], [4.5273566, 7.516891], [4.5273335, 7.5168028], [4.5272262, 7.516823], [4.5272338, 7.5168576], [4.5271122, 7.5168764], [4.5271267, 7.5169682], [4.5269689, 7.5169934], [4.5269512, 7.5168953], [4.5269195, 7.516904], [4.5269274, 7.5169498], [4.5268212, 7.5169706], [4.5268065, 7.5169085], [4.526625, 7.5169341], [4.5265852, 7.5166929]]]}}, {"type": "Feature", "properties": {"name": "Government secondary school Rigasa", "name:en": null, "amenity": null, "building": "school", "operator:type": null, "capacity:persons": null, "addr:full": null, "addr:city": null, "source": null, "osm_id": 775912352, "osm_type": "ways_poly", "Analysis_Region": "North West"}, "geometry": {"type": "Polygon", "coordinates": [[[7.369532, 10.5371068], [7.3695796, 10.5370918], [7.3695978, 10.5371187], [7.3695437, 10.5371342], [7.369532, 10.5371068]]]}}, {"type": "Feature", "properties": {"name": "TEENEE TODDS DAY NURSERY", "name:en": null, "amenity": "school", "building": "yes", "operator:type": null, "capacity:persons": null, "addr:full": null, "addr:city": "Maitama Abuja", "source": null, "osm_id": 895556623, "osm_type": "ways_poly", "Analysis_Region": "North West"}, "geometry": {"type": "Polygon", "coordinates": [[[7.481305, 9.1073947], [7.4813743, 9.1073709], [7.4813886, 9.1074116], [7.4814279, 9.1073981], [7.4814479, 9.107455], [7.4815133, 9.1074326], [7.4815328, 9.1074879], [7.4814948, 9.1075009], [7.481507, 9.1075353], [7.481371, 9.107582], [7.481305, 9.1073947]]]}}, {"type": "Feature", "properties": {"name": null, "name:en": null, "amenity": null, "building": "school", "operator:type": null, "capacity:persons": null, "addr:full": null, "addr:city": null, "source": null, "osm_id": 378033192, "osm_type": "ways_poly", "Analysis_Region": "North West"}, "geometry": {"type": "Polygon", "coordinates": [[[4.5455341, 7.7442157], [4.5456146, 7.7441705], [4.5457554, 7.7444163], [4.5456749, 7.7444616], [4.5455341, 7.7442157]]]}}, {"type": "Feature", "properties": {"name": null, "name:en": null, "amenity": null, "building": "school", "operator:type": null, "capacity:persons": null, "addr:full": null, "addr:city": null, "source": null, "osm_id": 378033200, "osm_type": "ways_poly", "Analysis_Region": "North West"}, "geometry": {"type": "Polygon", "coordinates": [[[4.5462724, 7.7442456], [4.5466103, 7.7440622], [4.5466434, 7.7441331], [4.5463081, 7.7443112], [4.5462724, 7.7442456]]]}}, {"type": "Feature", "properties": {"name": "HSLTC", "name:en": null, "amenity": null, "building": "university", "operator:type": null, "capacity:persons": null, "addr:full": null, "addr:city": null, "source": null, "osm_id": 618243405, "osm_type": "ways_poly", "Analysis_Region": "North West"}, "geometry": {"type": "Polygon", "coordinates": [[[4.5249041, 7.5164964], [4.5249535, 7.5164263], [4.5250402, 7.5164137], [4.525111, 7.5164646], [4.5251232, 7.5165528], [4.5250732, 7.5166206], [4.5249841, 7.5166357], [4.5249158, 7.5165802], [4.5249041, 7.5164964]]]}}, {"type": "Feature", "properties": {"name": null, "name:en": null, "amenity": null, "building": "university", "operator:type": null, "capacity:persons": null, "addr:full": null, "addr:city": null, "source": null, "osm_id": 618243407, "osm_type": "ways_poly", "Analysis_Region": "North West"}, "geometry": {"type": "Polygon", "coordinates": [[[4.5251117, 7.5159681], [4.5253649, 7.5159303], [4.5253608, 7.5159034], [4.5253238, 7.5159089], [4.5253097, 7.5158165], [4.5255262, 7.5157841], [4.5255398, 7.5158739], [4.5253746, 7.5158986], [4.5253935, 7.5160232], [4.5251262, 7.5160632], [4.5251117, 7.5159681]]]}}, {"type": "Feature", "properties": {"name": "PROF. A. MAHDI ACADEMY(SECONDARY)", "name:en": null, "amenity": "school", "building": null, "operator:type": null, "capacity:persons": null, "addr:full": null, "addr:city": null, "source": null, "osm_id": 914744200, "osm_type": "ways_poly", "Analysis_Region": "North East"}, "geometry": {"type": "Polygon", "coordinates": [[[11.1763858, 10.3115807], [11.1763934, 10.3114871], [11.1764639, 10.3114927], [11.1764602, 10.3115374], [11.1765085, 10.3115412], [11.1765045, 10.31159], [11.1763858, 10.3115807]]]}}, {"type": "Feature", "properties": {"name": "Guidance and Counselling Unit", "name:en": null, "amenity": "university", "building": null, "operator:type": null, "capacity:persons": null, "addr:full": null, "addr:city": null, "source": null, "osm_id": 250862196, "osm_type": "ways_poly", "Analysis_Region": "North West"}, "geometry": {"type": "Polygon", "coordinates": [[[7.6555312, 11.1524729], [7.6559978, 11.1521102], [7.6562442, 11.1525099], [7.6557291, 11.1528198], [7.6555312, 11.1524729]]]}}, {"type": "Feature", "properties": {"name": "Brighter Star Nursery and Primary School", "name:en": null, "amenity": "school", "building": "yes", "operator:type": null, "capacity:persons": null, "addr:full": null, "addr:city": "Owode-Ede", "source": null, "osm_id": 327547387, "osm_type": "ways_poly", "Analysis_Region": "North West"}, "geometry": {"type": "Polygon", "coordinates": [[[4.4903284, 7.7191249], [4.4904768, 7.7189228], [4.4905472, 7.7189735], [4.4903988, 7.7191757], [4.4903284, 7.7191249]]]}}, {"type": "Feature", "properties": {"name": "Eternal Love School", "name:en": null, "amenity": "school", "building": null, "operator:type": "private", "capacity:persons": null, "addr:full": null, "addr:city": null, "source": "Nigerian Red Cross Society", "osm_id": 1156359644, "osm_type": "ways_poly", "Analysis_Region": "North West"}, "geometry": {"type": "Polygon", "coordinates": [[[7.4400589, 8.957337], [7.4400594, 8.9570868], [7.4400886, 8.9570853], [7.4400894, 8.9570313], [7.4401271, 8.957029], [7.4401231, 8.956894], [7.4408567, 8.9569179], [7.4408559, 8.9569386], [7.4408565, 8.9569747], [7.4408768, 8.9569775], [7.4408659, 8.9571143], [7.4408486, 8.9573312], [7.4406427, 8.9573855], [7.440437, 8.9573798], [7.4403736, 8.957378], [7.4403657, 8.9573781], [7.4402908, 8.9573789], [7.4400589, 8.957337]]]}}, {"type": "Feature", "properties": {"name": null, "name:en": null, "amenity": null, "building": "school", "operator:type": null, "capacity:persons": null, "addr:full": null, "addr:city": null, "source": null, "osm_id": 1239690056, "osm_type": "ways_poly", "Analysis_Region": "North West"}, "geometry": {"type": "Polygon", "coordinates": [[[7.4747094, 9.0102495], [7.4749776, 9.010152], [7.4750049, 9.0102455], [7.4747396, 9.0103367], [7.4747094, 9.0102495]]]}}, {"type": "Feature", "properties": {"name": "Faculty of Education", "name:en": null, "amenity": null, "building": "university", "operator:type": null, "capacity:persons": null, "addr:full": null, "addr:city": null, "source": null, "osm_id": 617712367, "osm_type": "ways_poly", "Analysis_Region": "North West"}, "geometry": {"type": "Polygon", "coordinates": [[[4.5231537, 7.5206747], [4.5239944, 7.5205329], [4.5240404, 7.5208005], [4.5231996, 7.5209423], [4.5231537, 7.5206747]]]}}, {"type": "Feature", "properties": {"name": "Faculty of Estate Design and Management", "name:en": null, "amenity": null, "building": "university", "operator:type": null, "capacity:persons": null, "addr:full": null, "addr:city": null, "source": null, "osm_id": 617713665, "osm_type": "ways_poly", "Analysis_Region": "North West"}, "geometry": {"type": "Polygon", "coordinates": [[[4.5262273, 7.5245086], [4.5268189, 7.52441], [4.526828, 7.5244637], [4.5268942, 7.5244527], [4.5268896, 7.5244259], [4.5269629, 7.5244138], [4.5269841, 7.5245387], [4.5269071, 7.5245515], [4.5269572, 7.5248482], [4.5270318, 7.5248358], [4.5270614, 7.5250112], [4.5269777, 7.5250251], [4.5269657, 7.524954], [4.526923, 7.5249611], [4.5269354, 7.525034], [4.5263445, 7.5251324], [4.5263334, 7.5250667], [4.5263205, 7.5250688], [4.5263143, 7.5250322], [4.5263309, 7.5250294], [4.526317, 7.5249473], [4.5269249, 7.524846], [4.5268768, 7.5245626], [4.5268252, 7.5245712], [4.5268311, 7.524606], [4.5262599, 7.5247011], [4.5262273, 7.5245086]]]}}, {"type": "Feature", "properties": {"name": "Anglican Girls Grammar School", "name:en": null, "amenity": "school", "building": null, "operator:type": null, "capacity:persons": null, "addr:full": null, "addr:city": "Abuja", "source": null, "osm_id": 1239690061, "osm_type": "ways_poly", "Analysis_Region": "North West"}, "geometry": {"type": "Polygon", "coordinates": [[[7.4729487, 9.0083152], [7.4752649, 9.0083424], [7.4752255, 9.0098533], [7.4752137, 9.0099465], [7.4752963, 9.010164], [7.4752767, 9.010265], [7.4743329, 9.0110146], [7.4743093, 9.0110379], [7.4742778, 9.0110612], [7.4742346, 9.0110767], [7.4742031, 9.0110689], [7.4741717, 9.0110689], [7.4741402, 9.0110534], [7.4741009, 9.0110184], [7.4739206, 9.0107492], [7.4738631, 9.0106502], [7.4737744, 9.0104976], [7.4737256, 9.0103992], [7.4736836, 9.0103292], [7.4736016, 9.0101563], [7.4735506, 9.0100644], [7.4734465, 9.0098457], [7.4733936, 9.0097252], [7.473338, 9.0095984], [7.4732095, 9.0092659], [7.4731586, 9.0091127], [7.4731165, 9.0089924], [7.4730722, 9.0088546], [7.4730301, 9.0086511], [7.4729836, 9.0084739], [7.4729487, 9.0083152]]]}}, {"type": "Feature", "properties": {"name": null, "name:en": null, "amenity": null, "building": "school", "operator:type": null, "capacity:persons": null, "addr:full": null, "addr:city": null, "source": null, "osm_id": 1157247302, "osm_type": "ways_poly", "Analysis_Region": "North West"}, "geometry": {"type": "Polygon", "coordinates": [[[8.9400051, 9.8858468], [8.9400263, 9.8857473], [8.9401503, 9.8857728], [8.9401623, 9.8857162], [8.9400142, 9.8856857], [8.9400391, 9.8855684], [8.9403121, 9.8856284], [8.9402942, 9.885729], [8.9402704, 9.8857252], [8.9402506, 9.8858186], [8.9402689, 9.8858366], [8.9402558, 9.8858984], [8.9400051, 9.8858468]]]}}, {"type": "Feature", "properties": {"name": "Secondary School  Sheretti", "name:en": null, "amenity": "school", "building": null, "operator:type": "government", "capacity:persons": null, "addr:full": null, "addr:city": null, "source": "Nigerian Red Cross Society", "osm_id": 1156980477, "osm_type": "ways_poly", "Analysis_Region": "North West"}, "geometry": {"type": "Polygon", "coordinates": [[[7.437584, 8.9421957], [7.4375963, 8.9419202], [7.4376655, 8.9417359], [7.4382323, 8.9411773], [7.4387461, 8.9415621], [7.4387802, 8.9415892], [7.4388047, 8.9416058], [7.4388305, 8.9416234], [7.4394037, 8.9420531], [7.4391811, 8.9425591], [7.4378415, 8.9425772], [7.4377836, 8.9422288], [7.437584, 8.9421957]]]}}, {"type": "Feature", "properties": {"name": null, "name:en": null, "amenity": null, "building": "school", "operator:type": null, "capacity:persons": null, "addr:full": null, "addr:city": null, "source": null, "osm_id": 927939976, "osm_type": "ways_poly", "Analysis_Region": "North West"}, "geometry": {"type": "Polygon", "coordinates": [[[7.4383154, 8.9424864], [7.4383239, 8.9423956], [7.4386256, 8.9424229], [7.4386172, 8.9425137], [7.4383154, 8.9424864]]]}}, {"type": "Feature", "properties": {"name": null, "name:en": null, "amenity": null, "building": "school", "operator:type": null, "capacity:persons": null, "addr:full": null, "addr:city": null, "source": null, "osm_id": 927939977, "osm_type": "ways_poly", "Analysis_Region": "North West"}, "geometry": {"type": "Polygon", "coordinates": [[[7.4387572, 8.9425286], [7.438764, 8.9424287], [7.4391074, 8.9424516], [7.4391006, 8.9425514], [7.4387572, 8.9425286]]]}}, {"type": "Feature", "properties": {"name": null, "name:en": null, "amenity": null, "building": "school", "operator:type": null, "capacity:persons": null, "addr:full": null, "addr:city": null, "source": null, "osm_id": 927939978, "osm_type": "ways_poly", "Analysis_Region": "North West"}, "geometry": {"type": "Polygon", "coordinates": [[[7.4391021, 8.9421847], [7.4391336, 8.9421228], [7.439173, 8.9421423], [7.4391415, 8.9422042], [7.4391021, 8.9421847]]]}}, {"type": "Feature", "properties": {"name": null, "name:en": null, "amenity": null, "building": "school", "operator:type": null, "capacity:persons": null, "addr:full": null, "addr:city": null, "source": null, "osm_id": 927939979, "osm_type": "ways_poly", "Analysis_Region": "North West"}, "geometry": {"type": "Polygon", "coordinates": [[[7.4384664, 8.9421181], [7.438532, 8.9420459], [7.4386951, 8.9421903], [7.4386294, 8.9422626], [7.4384664, 8.9421181]]]}}, {"type": "Feature", "properties": {"name": null, "name:en": null, "amenity": null, "building": "school", "operator:type": null, "capacity:persons": null, "addr:full": null, "addr:city": null, "source": null, "osm_id": 936341127, "osm_type": "ways_poly", "Analysis_Region": "North West"}, "geometry": {"type": "Polygon", "coordinates": [[[7.4391561, 8.942212], [7.4391839, 8.9421514], [7.4392161, 8.9421658], [7.4391883, 8.9422265], [7.4391561, 8.942212]]]}}, {"type": "Feature", "properties": {"name": null, "name:en": null, "amenity": null, "building": "school", "operator:type": null, "capacity:persons": null, "addr:full": null, "addr:city": null, "source": null, "osm_id": 936341128, "osm_type": "ways_poly", "Analysis_Region": "North West"}, "geometry": {"type": "Polygon", "coordinates": [[[7.4391376, 8.9423012], [7.4391672, 8.942239], [7.4392072, 8.9422577], [7.4391776, 8.9423198], [7.4391376, 8.9423012]]]}}, {"type": "Feature", "properties": {"name": null, "name:en": null, "amenity": null, "building": "school", "operator:type": null, "capacity:persons": null, "addr:full": null, "addr:city": null, "source": null, "osm_id": 936341129, "osm_type": "ways_poly", "Analysis_Region": "North West"}, "geometry": {"type": "Polygon", "coordinates": [[[7.4392315, 8.9422442], [7.4392706, 8.9421686], [7.4393006, 8.9421838], [7.4392615, 8.9422594], [7.4392315, 8.9422442]]]}}, {"type": "Feature", "properties": {"name": null, "name:en": null, "amenity": null, "building": "school", "operator:type": null, "capacity:persons": null, "addr:full": null, "addr:city": null, "source": null, "osm_id": 936341130, "osm_type": "ways_poly", "Analysis_Region": "North West"}, "geometry": {"type": "Polygon", "coordinates": [[[7.4391654, 8.9424315], [7.4391824, 8.942387], [7.439203, 8.9423947], [7.439186, 8.9424392], [7.4391654, 8.9424315]]]}}, {"type": "Feature", "properties": {"name": null, "name:en": null, "amenity": null, "building": "school", "operator:type": null, "capacity:persons": null, "addr:full": null, "addr:city": null, "source": null, "osm_id": 936341131, "osm_type": "ways_poly", "Analysis_Region": "North West"}, "geometry": {"type": "Polygon", "coordinates": [[[7.4392916, 8.9420915], [7.4393098, 8.9420664], [7.4393325, 8.9420825], [7.4393143, 8.9421075], [7.4392916, 8.9420915]]]}}, {"type": "Feature", "properties": {"name": null, "name:en": null, "amenity": null, "building": "school", "operator:type": null, "capacity:persons": null, "addr:full": null, "addr:city": null, "source": null, "osm_id": 927937159, "osm_type": "ways_poly", "Analysis_Region": "North West"}, "geometry": {"type": "Polygon", "coordinates": [[[7.4383831, 8.9416888], [7.4384843, 8.9415588], [7.438575, 8.9416278], [7.4384738, 8.9417577], [7.4383831, 8.9416888]]]}}, {"type": "Feature", "properties": {"name": null, "name:en": null, "amenity": null, "building": "school", "operator:type": null, "capacity:persons": null, "addr:full": null, "addr:city": null, "source": null, "osm_id": 927937157, "osm_type": "ways_poly", "Analysis_Region": "North West"}, "geometry": {"type": "Polygon", "coordinates": [[[7.4382298, 8.9420038], [7.438293, 8.941932], [7.4384753, 8.9420884], [7.4384122, 8.9421602], [7.4382298, 8.9420038]]]}}, {"type": "Feature", "properties": {"name": null, "name:en": null, "amenity": null, "building": "school", "operator:type": null, "capacity:persons": null, "addr:full": null, "addr:city": null, "source": null, "osm_id": 927937161, "osm_type": "ways_poly", "Analysis_Region": "North West"}, "geometry": {"type": "Polygon", "coordinates": [[[7.4388894, 8.9418571], [7.4389495, 8.9417862], [7.4391284, 8.9419342], [7.4390682, 8.9420051], [7.4388894, 8.9418571]]]}}, {"type": "Feature", "properties": {"name": null, "name:en": null, "amenity": null, "building": "school", "operator:type": null, "capacity:persons": null, "addr:full": null, "addr:city": null, "source": null, "osm_id": 927937158, "osm_type": "ways_poly", "Analysis_Region": "North West"}, "geometry": {"type": "Polygon", "coordinates": [[[7.438254, 8.9418623], [7.4383536, 8.9417259], [7.438447, 8.9417925], [7.4383475, 8.9419289], [7.438254, 8.9418623]]]}}, {"type": "Feature", "properties": {"name": null, "name:en": null, "amenity": null, "building": "school", "operator:type": null, "capacity:persons": null, "addr:full": null, "addr:city": null, "source": null, "osm_id": 927937160, "osm_type": "ways_poly", "Analysis_Region": "North West"}, "geometry": {"type": "Polygon", "coordinates": [[[7.4387148, 8.9416005], [7.4387461, 8.9415621], [7.4387802, 8.9415892], [7.4387488, 8.9416276], [7.4387148, 8.9416005]]]}}, {"type": "Feature", "properties": {"name": null, "name:en": null, "amenity": null, "building": "school", "operator:type": null, "capacity:persons": null, "addr:full": null, "addr:city": null, "source": null, "osm_id": 927937162, "osm_type": "ways_poly", "Analysis_Region": "North West"}, "geometry": {"type": "Polygon", "coordinates": [[[7.4387139, 8.9418388], [7.4387589, 8.9417838], [7.4388278, 8.9418388], [7.4387828, 8.9418938], [7.4387139, 8.9418388]]]}}, {"type": "Feature", "properties": {"name": null, "name:en": null, "amenity": null, "building": "school", "operator:type": null, "capacity:persons": null, "addr:full": null, "addr:city": null, "source": null, "osm_id": 927939975, "osm_type": "ways_poly", "Analysis_Region": "North West"}, "geometry": {"type": "Polygon", "coordinates": [[[7.4381372, 8.9424776], [7.4381376, 8.9424008], [7.4382763, 8.9424015], [7.4382759, 8.9424782], [7.4381372, 8.9424776]]]}}, {"type": "Feature", "properties": {"name": null, "name:en": null, "amenity": "college", "building": null, "operator:type": null, "capacity:persons": null, "addr:full": null, "addr:city": null, "source": null, "osm_id": 1267995986, "osm_type": "ways_poly", "Analysis_Region": "North West"}, "geometry": {"type": "Polygon", "coordinates": [[[4.2398576, 8.1418884], [4.2399006, 8.1417875], [4.240087, 8.1417463], [4.2403766, 8.1417171], [4.240718, 8.1417304], [4.2411055, 8.1417656], [4.2414515, 8.1417908], [4.2416507, 8.1417968], [4.2418727, 8.1418034], [4.242043, 8.1418027], [4.2421415, 8.1418246], [4.2421369, 8.1419089], [4.2421362, 8.1419547], [4.2420986, 8.1427088], [4.2420423, 8.1427274], [4.2418089, 8.1427088], [4.2412457, 8.1426849], [4.2402452, 8.1428602], [4.2402291, 8.1427885], [4.2401487, 8.1427805], [4.2400441, 8.1425761], [4.2399475, 8.1422973], [4.2398831, 8.141984], [4.2398576, 8.1418884]]]}}, {"type": "Feature", "properties": {"name": "Kabusa Community Secondary School", "name:en": null, "amenity": "school", "building": null, "operator:type": "government", "capacity:persons": null, "addr:full": null, "addr:city": null, "source": "Nigerian Red Cross Society", "osm_id": 1156367917, "osm_type": "ways_poly", "Analysis_Region": "North West"}, "geometry": {"type": "Polygon", "coordinates": [[[7.4389152, 8.9495424], [7.4389213, 8.949434], [7.4400231, 8.9492212], [7.4400488, 8.9501817], [7.4392212, 8.950323], [7.4391834, 8.9503333], [7.4391729, 8.9502957], [7.4391165, 8.9501388], [7.4389152, 8.9495424]]]}}, {"type": "Feature", "properties": {"name": null, "name:en": null, "amenity": null, "building": "school", "operator:type": null, "capacity:persons": null, "addr:full": null, "addr:city": null, "source": null, "osm_id": 928301744, "osm_type": "ways_poly", "Analysis_Region": "North West"}, "geometry": {"type": "Polygon", "coordinates": [[[7.4427463, 8.9499059], [7.4428233, 8.949889], [7.4428537, 8.9500241], [7.4427768, 8.950041], [7.4427463, 8.9499059]]]}}, {"type": "Feature", "properties": {"name": null, "name:en": null, "amenity": null, "building": "school", "operator:type": null, "capacity:persons": null, "addr:full": null, "addr:city": null, "source": null, "osm_id": 938376487, "osm_type": "ways_poly", "Analysis_Region": "North West"}, "geometry": {"type": "Polygon", "coordinates": [[[7.4394058, 8.9500087], [7.4394628, 8.9499993], [7.4394597, 8.9499806], [7.4395158, 8.9499714], [7.4395191, 8.949991], [7.4395674, 8.949983], [7.4395905, 8.9501204], [7.4395435, 8.9501281], [7.4395467, 8.9501469], [7.4394898, 8.9501562], [7.4394865, 8.9501365], [7.4394289, 8.950146], [7.4394058, 8.9500087]]]}}, {"type": "Feature", "properties": {"name": null, "name:en": null, "amenity": null, "building": "school", "operator:type": null, "capacity:persons": null, "addr:full": null, "addr:city": null, "source": null, "osm_id": 938376488, "osm_type": "ways_poly", "Analysis_Region": "North West"}, "geometry": {"type": "Polygon", "coordinates": [[[7.4390504, 8.9497193], [7.4391235, 8.9496963], [7.4392883, 8.9502082], [7.4392151, 8.9502312], [7.4390504, 8.9497193]]]}}, {"type": "Feature", "properties": {"name": null, "name:en": null, "amenity": null, "building": "school", "operator:type": null, "capacity:persons": null, "addr:full": null, "addr:city": null, "source": null, "osm_id": 1156367918, "osm_type": "ways_poly", "Analysis_Region": "North West"}, "geometry": {"type": "Polygon", "coordinates": [[[7.4389811, 8.9495072], [7.4390669, 8.9494836], [7.4391147, 8.9496715], [7.4390315, 8.9496951], [7.4389811, 8.9495072]]]}}, {"type": "Feature", "properties": {"name": null, "name:en": null, "amenity": null, "building": "school", "operator:type": null, "capacity:persons": null, "addr:full": null, "addr:city": null, "source": null, "osm_id": 938428196, "osm_type": "ways_poly", "Analysis_Region": "North West"}, "geometry": {"type": "Polygon", "coordinates": [[[7.4436765, 8.9502648], [7.4439338, 8.9500946], [7.4439909, 8.9501787], [7.4437336, 8.950349], [7.4436765, 8.9502648]]]}}, {"type": "Feature", "properties": {"name": null, "name:en": null, "amenity": null, "building": "school", "operator:type": null, "capacity:persons": null, "addr:full": null, "addr:city": null, "source": null, "osm_id": 938428194, "osm_type": "ways_poly", "Analysis_Region": "North West"}, "geometry": {"type": "Polygon", "coordinates": [[[7.444463, 8.9500756], [7.4446829, 8.9499704], [7.4447236, 8.9500534], [7.4445036, 8.9501586], [7.444463, 8.9500756]]]}}, {"type": "Feature", "properties": {"name": null, "name:en": null, "amenity": null, "building": "school", "operator:type": null, "capacity:persons": null, "addr:full": null, "addr:city": null, "source": null, "osm_id": 928304449, "osm_type": "ways_poly", "Analysis_Region": "North West"}, "geometry": {"type": "Polygon", "coordinates": [[[7.4432189, 8.9497889], [7.4433188, 8.9497588], [7.443442, 8.9501582], [7.443342, 8.9501883], [7.4432189, 8.9497889]]]}}, {"type": "Feature", "properties": {"name": null, "name:en": null, "amenity": null, "building": "school", "operator:type": null, "capacity:persons": null, "addr:full": null, "addr:city": null, "source": null, "osm_id": 938438788, "osm_type": "ways_poly", "Analysis_Region": "North West"}, "geometry": {"type": "Polygon", "coordinates": [[[7.4446361, 8.9501233], [7.4447273, 8.9500802], [7.4448277, 8.9502878], [7.4447365, 8.9503309], [7.4446361, 8.9501233]]]}}, {"type": "Feature", "properties": {"name": null, "name:en": null, "amenity": null, "building": "school", "operator:type": null, "capacity:persons": null, "addr:full": null, "addr:city": null, "source": null, "osm_id": 939805647, "osm_type": "ways_poly", "Analysis_Region": "North West"}, "geometry": {"type": "Polygon", "coordinates": [[[7.4445427, 8.9504026], [7.444681, 8.9503353], [7.4447244, 8.9504223], [7.4445861, 8.9504896], [7.4445427, 8.9504026]]]}}, {"type": "Feature", "properties": {"name": null, "name:en": null, "amenity": null, "building": "school", "operator:type": null, "capacity:persons": null, "addr:full": null, "addr:city": null, "source": null, "osm_id": 936384804, "osm_type": "ways_poly", "Analysis_Region": "North West"}, "geometry": {"type": "Polygon", "coordinates": [[[7.443535, 8.9503417], [7.4436206, 8.9502873], [7.4437869, 8.9505431], [7.4437013, 8.9505974], [7.443535, 8.9503417]]]}}, {"type": "Feature", "properties": {"name": null, "name:en": null, "amenity": null, "building": "school", "operator:type": null, "capacity:persons": null, "addr:full": null, "addr:city": null, "source": null, "osm_id": 936384805, "osm_type": "ways_poly", "Analysis_Region": "North West"}, "geometry": {"type": "Polygon", "coordinates": [[[7.4436889, 8.9506278], [7.4438805, 8.9504991], [7.4439336, 8.9505762], [7.443742, 8.9507049], [7.4436889, 8.9506278]]]}}, {"type": "Feature", "properties": {"name": null, "name:en": null, "amenity": null, "building": "school", "operator:type": null, "capacity:persons": null, "addr:full": null, "addr:city": null, "source": null, "osm_id": 938428195, "osm_type": "ways_poly", "Analysis_Region": "North West"}, "geometry": {"type": "Polygon", "coordinates": [[[7.4442449, 8.9501795], [7.4444312, 8.9500769], [7.4444708, 8.9501471], [7.4442846, 8.9502497], [7.4442449, 8.9501795]]]}}, {"type": "Feature", "properties": {"name": null, "name:en": null, "amenity": null, "building": "school", "operator:type": null, "capacity:persons": null, "addr:full": null, "addr:city": null, "source": null, "osm_id": 938428197, "osm_type": "ways_poly", "Analysis_Region": "North West"}, "geometry": {"type": "Polygon", "coordinates": [[[7.443596, 8.9501469], [7.4438521, 8.9499754], [7.4439091, 8.9500583], [7.4436528, 8.9502298], [7.443596, 8.9501469]]]}}, {"type": "Feature", "properties": {"name": null, "name:en": null, "amenity": null, "building": "school", "operator:type": null, "capacity:persons": null, "addr:full": null, "addr:city": null, "source": null, "osm_id": 938428198, "osm_type": "ways_poly", "Analysis_Region": "North West"}, "geometry": {"type": "Polygon", "coordinates": [[[7.4437915, 8.9496838], [7.4437952, 8.9496364], [7.4438649, 8.9496417], [7.4438612, 8.9496891], [7.4437915, 8.9496838]]]}}, {"type": "Feature", "properties": {"name": null, "name:en": null, "amenity": null, "building": "school", "operator:type": null, "capacity:persons": null, "addr:full": null, "addr:city": null, "source": null, "osm_id": 938438801, "osm_type": "ways_poly", "Analysis_Region": "North West"}, "geometry": {"type": "Polygon", "coordinates": [[[7.4447131, 8.9499552], [7.4449097, 8.9498669], [7.4449432, 8.9499398], [7.4447467, 8.950028], [7.4447131, 8.9499552]]]}}, {"type": "Feature", "properties": {"name": null, "name:en": null, "amenity": null, "building": "school", "operator:type": null, "capacity:persons": null, "addr:full": null, "addr:city": null, "source": null, "osm_id": 939805639, "osm_type": "ways_poly", "Analysis_Region": "North West"}, "geometry": {"type": "Polygon", "coordinates": [[[7.4438919, 8.9504901], [7.444075, 8.9503617], [7.4439931, 8.9502477], [7.4440746, 8.9501906], [7.4442186, 8.9503911], [7.443954, 8.9505766], [7.4438919, 8.9504901]]]}}, {"type": "Feature", "properties": {"name": null, "name:en": null, "amenity": null, "building": "school", "operator:type": null, "capacity:persons": null, "addr:full": null, "addr:city": null, "source": null, "osm_id": 939805640, "osm_type": "ways_poly", "Analysis_Region": "North West"}, "geometry": {"type": "Polygon", "coordinates": [[[7.4434431, 8.9502], [7.4434888, 8.9501785], [7.4435192, 8.9502416], [7.4434735, 8.9502631], [7.4434431, 8.9502]]]}}, {"type": "Feature", "properties": {"name": null, "name:en": null, "amenity": null, "building": "school", "operator:type": null, "capacity:persons": null, "addr:full": null, "addr:city": null, "source": null, "osm_id": 939805641, "osm_type": "ways_poly", "Analysis_Region": "North West"}, "geometry": {"type": "Polygon", "coordinates": [[[7.4434967, 8.9502777], [7.4435288, 8.950257], [7.4435548, 8.9502963], [7.4435227, 8.9503171], [7.4434967, 8.9502777]]]}}, {"type": "Feature", "properties": {"name": null, "name:en": null, "amenity": null, "building": "school", "operator:type": null, "capacity:persons": null, "addr:full": null, "addr:city": null, "source": null, "osm_id": 939805643, "osm_type": "ways_poly", "Analysis_Region": "North West"}, "geometry": {"type": "Polygon", "coordinates": [[[7.4437786, 8.9507764], [7.4438585, 8.9507265], [7.4438494, 8.9507122], [7.4438925, 8.9506853], [7.4439021, 8.9507003], [7.4439807, 8.9506513], [7.4440353, 8.9507368], [7.4438336, 8.9508625], [7.4437786, 8.9507764]]]}}, {"type": "Feature", "properties": {"name": null, "name:en": null, "amenity": null, "building": "school", "operator:type": null, "capacity:persons": null, "addr:full": null, "addr:city": null, "source": null, "osm_id": 939805644, "osm_type": "ways_poly", "Analysis_Region": "North West"}, "geometry": {"type": "Polygon", "coordinates": [[[7.4441603, 8.9504792], [7.4442427, 8.9504257], [7.4443736, 8.9506224], [7.4443333, 8.9506486], [7.4443157, 8.9506222], [7.4442736, 8.9506495], [7.4441603, 8.9504792]]]}}, {"type": "Feature", "properties": {"name": null, "name:en": null, "amenity": null, "building": "school", "operator:type": null, "capacity:persons": null, "addr:full": null, "addr:city": null, "source": null, "osm_id": 939805645, "osm_type": "ways_poly", "Analysis_Region": "North West"}, "geometry": {"type": "Polygon", "coordinates": [[[7.4443465, 8.9505269], [7.4445292, 8.95041], [7.4445484, 8.9504392], [7.4445247, 8.9504543], [7.4445575, 8.9505044], [7.4443984, 8.9506062], [7.4443465, 8.9505269]]]}}, {"type": "Feature", "properties": {"name": null, "name:en": null, "amenity": null, "building": "school", "operator:type": null, "capacity:persons": null, "addr:full": null, "addr:city": null, "source": null, "osm_id": 939805646, "osm_type": "ways_poly", "Analysis_Region": "North West"}, "geometry": {"type": "Polygon", "coordinates": [[[7.444167, 8.9502758], [7.4442427, 8.950227], [7.4443645, 8.9504116], [7.4442888, 8.9504603], [7.444167, 8.9502758]]]}}, {"type": "Feature", "properties": {"name": null, "name:en": null, "amenity": null, "building": "school", "operator:type": null, "capacity:persons": null, "addr:full": null, "addr:city": null, "source": null, "osm_id": 961274463, "osm_type": "ways_poly", "Analysis_Region": "North West"}, "geometry": {"type": "Polygon", "coordinates": [[[7.4449395, 8.9503075], [7.4449421, 8.9502586], [7.4449754, 8.9502603], [7.4449728, 8.9503093], [7.4449395, 8.9503075]]]}}, {"type": "Feature", "properties": {"name": null, "name:en": null, "amenity": null, "building": "school", "operator:type": null, "capacity:persons": null, "addr:full": null, "addr:city": null, "source": null, "osm_id": 1156364261, "osm_type": "ways_poly", "Analysis_Region": "North West"}, "geometry": {"type": "Polygon", "coordinates": [[[7.4433628, 8.9497224], [7.4434627, 8.9496923], [7.4435859, 8.9500917], [7.4434859, 8.9501218], [7.4433628, 8.9497224]]]}}, {"type": "Feature", "properties": {"name": "LEA Primary, Junior and Senior Secondary School Kuchigoro", "name:en": null, "amenity": "school", "building": null, "operator:type": "government", "capacity:persons": null, "addr:full": null, "addr:city": "Kuchingoro", "source": "Nigerian Red Cross Society", "osm_id": 1154804437, "osm_type": "ways_poly", "Analysis_Region": "North West"}, "geometry": {"type": "Polygon", "coordinates": [[[7.4188401, 9.0143745], [7.4189597, 9.0140876], [7.4189014, 9.0140601], [7.4189038, 9.0140534], [7.4192494, 9.0133431], [7.4199125, 9.0126835], [7.4211932, 9.0141156], [7.4207341, 9.0147562], [7.4196557, 9.0144412], [7.4195497, 9.0146647], [7.4193781, 9.014586], [7.4193418, 9.0146524], [7.4191481, 9.0145362], [7.4191286, 9.0145161], [7.4188401, 9.0143745]]]}}, {"type": "Feature", "properties": {"name": "ECWA Bethel School", "name:en": null, "amenity": "school", "building": null, "operator:type": null, "capacity:persons": null, "addr:full": null, "addr:city": "Garki, Federal Capital Territory", "source": "Nigerian Red Cross Society", "osm_id": 1155006286, "osm_type": "ways_poly", "Analysis_Region": "North West"}, "geometry": {"type": "Polygon", "coordinates": [[[7.419327, 9.0182697], [7.4194262, 9.018121], [7.4194822, 9.0180921], [7.4195173, 9.0180437], [7.4195686, 9.018076], [7.4196609, 9.0180264], [7.4200041, 9.0182017], [7.4197862, 9.0183006], [7.419747, 9.0183177], [7.4196714, 9.018378], [7.4196174, 9.0184281], [7.4195791, 9.0184554], [7.419327, 9.0182697]]]}}, {"type": "Feature", "properties": {"name": "Government Secondary School", "name:en": null, "amenity": "school", "building": null, "operator:type": null, "capacity:persons": null, "addr:full": null, "addr:city": null, "source": "Nigerian Red Cross Society", "osm_id": 1156068200, "osm_type": "ways_poly", "Analysis_Region": "North West"}, "geometry": {"type": "Polygon", "coordinates": [[[7.5524783, 8.8175561], [7.5526392, 8.817148], [7.5531703, 8.8158466], [7.5533205, 8.8151892], [7.5534654, 8.8140124], [7.5541359, 8.813249], [7.5547421, 8.8128833], [7.5548494, 8.8125917], [7.5550961, 8.8123054], [7.5553697, 8.8121835], [7.5553644, 8.811998], [7.5553214, 8.8117064], [7.5555333, 8.8115739], [7.5569147, 8.8116083], [7.5584442, 8.8117965], [7.5588217, 8.8118495], [7.5589558, 8.8132331], [7.55898, 8.816647], [7.5589693, 8.816708], [7.5588915, 8.8170472], [7.558697, 8.8174667], [7.5586927, 8.8174805], [7.5586867, 8.8174956], [7.5586972, 8.8175013], [7.5586742, 8.8175422], [7.5586679, 8.8175388], [7.5586621, 8.8175508], [7.5585549, 8.8177827], [7.5596157, 8.8183513], [7.5582451, 8.8211979], [7.5581244, 8.8212827], [7.5564238, 8.8198435], [7.5524783, 8.8175561]]]}}, {"type": "Feature", "properties": {"name": null, "name:en": null, "amenity": null, "building": "school", "operator:type": null, "capacity:persons": null, "addr:full": null, "addr:city": null, "source": "Nigerian Red Cross Society", "osm_id": 941433384, "osm_type": "ways_poly", "Analysis_Region": "North West"}, "geometry": {"type": "Polygon", "coordinates": [[[7.440487, 8.9570205], [7.4404915, 8.956947], [7.4405075, 8.956948], [7.4405082, 8.9569367], [7.4405837, 8.9569412], [7.440583, 8.9569532], [7.4406015, 8.9569543], [7.440598, 8.9570104], [7.4405712, 8.9570088], [7.4405702, 8.9570255], [7.440487, 8.9570205]]]}}, {"type": "Feature", "properties": {"name": null, "name:en": null, "amenity": null, "building": "school", "operator:type": null, "capacity:persons": null, "addr:full": null, "addr:city": null, "source": "Nigerian Red Cross Society", "osm_id": 941433385, "osm_type": "ways_poly", "Analysis_Region": "North West"}, "geometry": {"type": "Polygon", "coordinates": [[[7.4406559, 8.9569639], [7.4406726, 8.9569636], [7.4406722, 8.9569418], [7.4408559, 8.9569386], [7.4408565, 8.9569747], [7.4408573, 8.9570179], [7.4408407, 8.9570181], [7.4408409, 8.9570305], [7.4406792, 8.9570333], [7.4406789, 8.9570188], [7.4406569, 8.9570192], [7.4406559, 8.9569639]]]}}, {"type": "Feature", "properties": {"name": "Jafaru LEA Primary School Playground", "name:en": null, "amenity": "school", "building": null, "operator:type": null, "capacity:persons": null, "addr:full": null, "addr:city": null, "source": null, "osm_id": 531978217, "osm_type": "ways_poly", "Analysis_Region": "North West"}, "geometry": {"type": "Polygon", "coordinates": [[[7.7340275, 11.1103352], [7.7343449, 11.1099659], [7.7349584, 11.1104734], [7.734641, 11.1108429], [7.7340275, 11.1103352]]]}}, {"type": "Feature", "properties": {"name": null, "name:en": null, "amenity": null, "building": "school", "operator:type": null, "capacity:persons": null, "addr:full": null, "addr:city": null, "source": null, "osm_id": 1106558373, "osm_type": "ways_poly", "Analysis_Region": "North West"}, "geometry": {"type": "Polygon", "coordinates": [[[7.5554236, 8.8134401], [7.5556701, 8.8134387], [7.5556706, 8.8135263], [7.5554241, 8.8135278], [7.5554236, 8.8134401]]]}}, {"type": "Feature", "properties": {"name": null, "name:en": null, "amenity": null, "building": "school", "operator:type": null, "capacity:persons": null, "addr:full": null, "addr:city": null, "source": null, "osm_id": 1106558388, "osm_type": "ways_poly", "Analysis_Region": "North West"}, "geometry": {"type": "Polygon", "coordinates": [[[7.5569018, 8.8141284], [7.5571366, 8.8141249], [7.5571379, 8.8142112], [7.5569031, 8.8142148], [7.5569018, 8.8141284]]]}}, {"type": "Feature", "properties": {"name": null, "name:en": null, "amenity": null, "building": "school", "operator:type": null, "capacity:persons": null, "addr:full": null, "addr:city": null, "source": null, "osm_id": 1106558370, "osm_type": "ways_poly", "Analysis_Region": "North West"}, "geometry": {"type": "Polygon", "coordinates": [[[7.555226, 8.8143788], [7.5552288, 8.8141249], [7.5553235, 8.8141259], [7.5553207, 8.8143798], [7.555226, 8.8143788]]]}}, {"type": "Feature", "properties": {"name": null, "name:en": null, "amenity": null, "building": "school", "operator:type": null, "capacity:persons": null, "addr:full": null, "addr:city": null, "source": null, "osm_id": 1106558371, "osm_type": "ways_poly", "Analysis_Region": "North West"}, "geometry": {"type": "Polygon", "coordinates": [[[7.555427, 8.8139779], [7.5556768, 8.813977], [7.5556771, 8.8140589], [7.5554273, 8.8140598], [7.555427, 8.8139779]]]}}, {"type": "Feature", "properties": {"name": null, "name:en": null, "amenity": null, "building": "school", "operator:type": null, "capacity:persons": null, "addr:full": null, "addr:city": null, "source": null, "osm_id": 1106558372, "osm_type": "ways_poly", "Analysis_Region": "North West"}, "geometry": {"type": "Polygon", "coordinates": [[[7.5554161, 8.8135975], [7.5556627, 8.8135934], [7.5556642, 8.8136815], [7.5554176, 8.8136855], [7.5554161, 8.8135975]]]}}, {"type": "Feature", "properties": {"name": null, "name:en": null, "amenity": null, "building": "school", "operator:type": null, "capacity:persons": null, "addr:full": null, "addr:city": null, "source": null, "osm_id": 1106558374, "osm_type": "ways_poly", "Analysis_Region": "North West"}, "geometry": {"type": "Polygon", "coordinates": [[[7.5550389, 8.8139792], [7.5552955, 8.8139775], [7.5552961, 8.8140722], [7.5550395, 8.8140739], [7.5550389, 8.8139792]]]}}, {"type": "Feature", "properties": {"name": null, "name:en": null, "amenity": null, "building": "school", "operator:type": null, "capacity:persons": null, "addr:full": null, "addr:city": null, "source": null, "osm_id": 1106558375, "osm_type": "ways_poly", "Analysis_Region": "North West"}, "geometry": {"type": "Polygon", "coordinates": [[[7.5550356, 8.8138232], [7.5552876, 8.8138201], [7.5552888, 8.8139106], [7.5550368, 8.8139137], [7.5550356, 8.8138232]]]}}, {"type": "Feature", "properties": {"name": null, "name:en": null, "amenity": null, "building": "school", "operator:type": null, "capacity:persons": null, "addr:full": null, "addr:city": null, "source": null, "osm_id": 1106558376, "osm_type": "ways_poly", "Analysis_Region": "North West"}, "geometry": {"type": "Polygon", "coordinates": [[[7.5548774, 8.8138381], [7.5548813, 8.8136825], [7.5549629, 8.8136845], [7.554959, 8.8138401], [7.5548774, 8.8138381]]]}}, {"type": "Feature", "properties": {"name": null, "name:en": null, "amenity": null, "building": "school", "operator:type": null, "capacity:persons": null, "addr:full": null, "addr:city": null, "source": null, "osm_id": 1106558378, "osm_type": "ways_poly", "Analysis_Region": "North West"}, "geometry": {"type": "Polygon", "coordinates": [[[7.5550326, 8.8134527], [7.5552857, 8.813446], [7.5552881, 8.813536], [7.555035, 8.8135427], [7.5550326, 8.8134527]]]}}, {"type": "Feature", "properties": {"name": null, "name:en": null, "amenity": null, "building": "school", "operator:type": null, "capacity:persons": null, "addr:full": null, "addr:city": null, "source": null, "osm_id": 1106558379, "osm_type": "ways_poly", "Analysis_Region": "North West"}, "geometry": {"type": "Polygon", "coordinates": [[[7.5559504, 8.8143827], [7.5559512, 8.8142537], [7.5560104, 8.8142541], [7.5560096, 8.8143831], [7.5559504, 8.8143827]]]}}, {"type": "Feature", "properties": {"name": null, "name:en": null, "amenity": null, "building": "school", "operator:type": null, "capacity:persons": null, "addr:full": null, "addr:city": null, "source": null, "osm_id": 1106558381, "osm_type": "ways_poly", "Analysis_Region": "North West"}, "geometry": {"type": "Polygon", "coordinates": [[[7.5561374, 8.8144851], [7.5561375, 8.8144101], [7.5562025, 8.8144101], [7.5562032, 8.8139462], [7.5562962, 8.8139464], [7.5562961, 8.8140605], [7.5563603, 8.8140606], [7.5563605, 8.813952], [7.5564213, 8.8139521], [7.556421, 8.8141655], [7.5563897, 8.8141655], [7.5563894, 8.8144089], [7.5564399, 8.814409], [7.5564398, 8.8144701], [7.5563932, 8.8144701], [7.5563931, 8.8145431], [7.5562093, 8.8145428], [7.5562094, 8.8144852], [7.5561374, 8.8144851]]]}}, {"type": "Feature", "properties": {"name": null, "name:en": null, "amenity": null, "building": "school", "operator:type": null, "capacity:persons": null, "addr:full": null, "addr:city": null, "source": null, "osm_id": 1106558382, "osm_type": "ways_poly", "Analysis_Region": "North West"}, "geometry": {"type": "Polygon", "coordinates": [[[7.557231, 8.8142652], [7.5574656, 8.8142598], [7.5574677, 8.8143481], [7.5572331, 8.8143536], [7.557231, 8.8142652]]]}}, {"type": "Feature", "properties": {"name": null, "name:en": null, "amenity": null, "building": "school", "operator:type": null, "capacity:persons": null, "addr:full": null, "addr:city": null, "source": null, "osm_id": 1106558383, "osm_type": "ways_poly", "Analysis_Region": "North West"}, "geometry": {"type": "Polygon", "coordinates": [[[7.557229, 8.8141496], [7.5574654, 8.814149], [7.5574656, 8.8142322], [7.5572292, 8.8142328], [7.557229, 8.8141496]]]}}, {"type": "Feature", "properties": {"name": null, "name:en": null, "amenity": null, "building": "school", "operator:type": null, "capacity:persons": null, "addr:full": null, "addr:city": null, "source": null, "osm_id": 1106558384, "osm_type": "ways_poly", "Analysis_Region": "North West"}, "geometry": {"type": "Polygon", "coordinates": [[[7.5572298, 8.8139628], [7.5574626, 8.8139618], [7.557463, 8.8140549], [7.5572303, 8.8140559], [7.5572298, 8.8139628]]]}}, {"type": "Feature", "properties": {"name": null, "name:en": null, "amenity": null, "building": "school", "operator:type": null, "capacity:persons": null, "addr:full": null, "addr:city": null, "source": null, "osm_id": 1106558385, "osm_type": "ways_poly", "Analysis_Region": "North West"}, "geometry": {"type": "Polygon", "coordinates": [[[7.5572318, 8.8138489], [7.5574615, 8.8138481], [7.5574618, 8.8139306], [7.5572321, 8.8139314], [7.5572318, 8.8138489]]]}}, {"type": "Feature", "properties": {"name": null, "name:en": null, "amenity": null, "building": "school", "operator:type": null, "capacity:persons": null, "addr:full": null, "addr:city": null, "source": null, "osm_id": 1106558386, "osm_type": "ways_poly", "Analysis_Region": "North West"}, "geometry": {"type": "Polygon", "coordinates": [[[7.5569, 8.8144298], [7.5571361, 8.8144281], [7.5571368, 8.8145144], [7.5569006, 8.8145161], [7.5569, 8.8144298]]]}}, {"type": "Feature", "properties": {"name": null, "name:en": null, "amenity": null, "building": "school", "operator:type": null, "capacity:persons": null, "addr:full": null, "addr:city": null, "source": null, "osm_id": 1106558387, "osm_type": "ways_poly", "Analysis_Region": "North West"}, "geometry": {"type": "Polygon", "coordinates": [[[7.5569009, 8.8143952], [7.5569016, 8.8143115], [7.557131, 8.8143134], [7.5571303, 8.814397], [7.5569009, 8.8143952]]]}}, {"type": "Feature", "properties": {"name": null, "name:en": null, "amenity": null, "building": "school", "operator:type": null, "capacity:persons": null, "addr:full": null, "addr:city": null, "source": null, "osm_id": 1106558389, "osm_type": "ways_poly", "Analysis_Region": "North West"}, "geometry": {"type": "Polygon", "coordinates": [[[7.5569028, 8.8140073], [7.5571366, 8.8140068], [7.5571368, 8.8140948], [7.556903, 8.8140953], [7.5569028, 8.8140073]]]}}, {"type": "Feature", "properties": {"name": null, "name:en": null, "amenity": null, "building": "school", "operator:type": null, "capacity:persons": null, "addr:full": null, "addr:city": null, "source": null, "osm_id": 1106558390, "osm_type": "ways_poly", "Analysis_Region": "North West"}, "geometry": {"type": "Polygon", "coordinates": [[[7.5569045, 8.8139158], [7.5569048, 8.8138273], [7.557135, 8.8138279], [7.5571348, 8.8139164], [7.5569045, 8.8139158]]]}}, {"type": "Feature", "properties": {"name": null, "name:en": null, "amenity": null, "building": "school", "operator:type": null, "capacity:persons": null, "addr:full": null, "addr:city": null, "source": null, "osm_id": 1106558391, "osm_type": "ways_poly", "Analysis_Region": "North West"}, "geometry": {"type": "Polygon", "coordinates": [[[7.5569058, 8.8137087], [7.5571374, 8.8137073], [7.557138, 8.8137946], [7.5569063, 8.813796], [7.5569058, 8.8137087]]]}}, {"type": "Feature", "properties": {"name": null, "name:en": null, "amenity": null, "building": "school", "operator:type": null, "capacity:persons": null, "addr:full": null, "addr:city": null, "source": null, "osm_id": 1106558411, "osm_type": "ways_poly", "Analysis_Region": "North West"}, "geometry": {"type": "Polygon", "coordinates": [[[7.5536573, 8.816689], [7.553668, 8.8164875], [7.5537216, 8.8164955], [7.5537216, 8.8164398], [7.5539335, 8.8164557], [7.5539291, 8.8165424], [7.5540266, 8.8165424], [7.5540253, 8.8166548], [7.5539372, 8.8166508], [7.553925, 8.8167432], [7.5537257, 8.8167366], [7.553727, 8.816689], [7.5536573, 8.816689]]]}}, {"type": "Feature", "properties": {"name": null, "name:en": null, "amenity": null, "building": "school", "operator:type": null, "capacity:persons": null, "addr:full": null, "addr:city": null, "source": null, "osm_id": 1106558430, "osm_type": "ways_poly", "Analysis_Region": "North West"}, "geometry": {"type": "Polygon", "coordinates": [[[7.555691, 8.8145336], [7.5556958, 8.8144215], [7.5558566, 8.8144281], [7.5558519, 8.8145402], [7.555691, 8.8145336]]]}}, {"type": "Feature", "properties": {"name": null, "name:en": null, "amenity": null, "building": "school", "operator:type": null, "capacity:persons": null, "addr:full": null, "addr:city": null, "source": null, "osm_id": 1156065519, "osm_type": "ways_poly", "Analysis_Region": "North West"}, "geometry": {"type": "Polygon", "coordinates": [[[7.5585911, 8.8143198], [7.5585924, 8.814189], [7.5588204, 8.8141913], [7.5588191, 8.8143221], [7.5585911, 8.8143198]]]}}, {"type": "Feature", "properties": {"name": null, "name:en": null, "amenity": null, "building": "school", "operator:type": null, "capacity:persons": null, "addr:full": null, "addr:city": null, "source": null, "osm_id": 1156065530, "osm_type": "ways_poly", "Analysis_Region": "North West"}, "geometry": {"type": "Polygon", "coordinates": [[[7.5556711, 8.8136678], [7.5557572, 8.8136664], [7.55576, 8.8138315], [7.5556739, 8.8138329], [7.5556711, 8.8136678]]]}}, {"type": "Feature", "properties": {"name": null, "name:en": null, "amenity": null, "building": "school", "operator:type": null, "capacity:persons": null, "addr:full": null, "addr:city": null, "source": null, "osm_id": 1156065531, "osm_type": "ways_poly", "Analysis_Region": "North West"}, "geometry": {"type": "Polygon", "coordinates": [[[7.555416, 8.8138206], [7.5556626, 8.8138166], [7.5556641, 8.8139046], [7.5554175, 8.8139087], [7.555416, 8.8138206]]]}}, {"type": "Feature", "properties": {"name": null, "name:en": null, "amenity": null, "building": "school", "operator:type": null, "capacity:persons": null, "addr:full": null, "addr:city": null, "source": null, "osm_id": 1156065532, "osm_type": "ways_poly", "Analysis_Region": "North West"}, "geometry": {"type": "Polygon", "coordinates": [[[7.5553878, 8.8143782], [7.5553906, 8.8141261], [7.5554764, 8.814127], [7.5554736, 8.8143791], [7.5553878, 8.8143782]]]}}, {"type": "Feature", "properties": {"name": null, "name:en": null, "amenity": null, "building": "school", "operator:type": null, "capacity:persons": null, "addr:full": null, "addr:city": null, "source": null, "osm_id": 1156065533, "osm_type": "ways_poly", "Analysis_Region": "North West"}, "geometry": {"type": "Polygon", "coordinates": [[[7.5552922, 8.8144663], [7.5552926, 8.8143874], [7.5554133, 8.8143881], [7.5554129, 8.8144669], [7.5552922, 8.8144663]]]}}, {"type": "Feature", "properties": {"name": null, "name:en": null, "amenity": null, "building": "school", "operator:type": null, "capacity:persons": null, "addr:full": null, "addr:city": null, "source": null, "osm_id": 1156065534, "osm_type": "ways_poly", "Analysis_Region": "North West"}, "geometry": {"type": "Polygon", "coordinates": [[[7.5536799, 8.8143172], [7.5539147, 8.8143146], [7.553916, 8.8144312], [7.5536813, 8.8144338], [7.5536799, 8.8143172]]]}}, {"type": "Feature", "properties": {"name": null, "name:en": null, "amenity": null, "building": "school", "operator:type": null, "capacity:persons": null, "addr:full": null, "addr:city": null, "source": null, "osm_id": 1156065539, "osm_type": "ways_poly", "Analysis_Region": "North West"}, "geometry": {"type": "Polygon", "coordinates": [[[7.5537177, 8.8162429], [7.5537204, 8.8161064], [7.5539213, 8.8161103], [7.5539187, 8.8162468], [7.5537177, 8.8162429]]]}}, {"type": "Feature", "properties": {"name": null, "name:en": null, "amenity": null, "building": "school", "operator:type": null, "capacity:persons": null, "addr:full": null, "addr:city": null, "source": null, "osm_id": 1156065540, "osm_type": "ways_poly", "Analysis_Region": "North West"}, "geometry": {"type": "Polygon", "coordinates": [[[7.553696, 8.8152263], [7.5539133, 8.8152263], [7.5539133, 8.8153483], [7.553696, 8.8153483], [7.553696, 8.8152263]]]}}, {"type": "Feature", "properties": {"name": null, "name:en": null, "amenity": null, "building": "school", "operator:type": null, "capacity:persons": null, "addr:full": null, "addr:city": null, "source": null, "osm_id": 1156065541, "osm_type": "ways_poly", "Analysis_Region": "North West"}, "geometry": {"type": "Polygon", "coordinates": [[[7.5544766, 8.8160056], [7.5544792, 8.815889], [7.5546848, 8.8158936], [7.5546821, 8.8160102], [7.5544766, 8.8160056]]]}}, {"type": "Feature", "properties": {"name": null, "name:en": null, "amenity": null, "building": "school", "operator:type": null, "capacity:persons": null, "addr:full": null, "addr:city": null, "source": null, "osm_id": 1156065542, "osm_type": "ways_poly", "Analysis_Region": "North West"}, "geometry": {"type": "Polygon", "coordinates": [[[7.5544927, 8.8154291], [7.5546858, 8.815427], [7.5546872, 8.8155503], [7.554494, 8.8155523], [7.5544927, 8.8154291]]]}}, {"type": "Feature", "properties": {"name": null, "name:en": null, "amenity": null, "building": "school", "operator:type": null, "capacity:persons": null, "addr:full": null, "addr:city": null, "source": null, "osm_id": 1156065543, "osm_type": "ways_poly", "Analysis_Region": "North West"}, "geometry": {"type": "Polygon", "coordinates": [[[7.5544953, 8.8151017], [7.5544967, 8.8149812], [7.5547207, 8.8149836], [7.5547194, 8.8151042], [7.5544953, 8.8151017]]]}}, {"type": "Feature", "properties": {"name": "LEA Primary School Galadimawa", "name:en": null, "amenity": "school", "building": null, "operator:type": "government", "capacity:persons": null, "addr:full": null, "addr:city": null, "source": "Nigerian Red Cross Society", "osm_id": 993487091, "osm_type": "ways_poly", "Analysis_Region": "North West"}, "geometry": {"type": "Polygon", "coordinates": [[[7.4252301, 8.9952626], [7.4252655, 8.9950539], [7.4253495, 8.9948228], [7.4253807, 8.9942808], [7.4254412, 8.9937401], [7.4259389, 8.9937641], [7.4259347, 8.9949226], [7.425895, 8.9951382], [7.4255883, 8.9951828], [7.4255937, 8.995238], [7.4255125, 8.9952523], [7.4255108, 8.995216], [7.4252301, 8.9952626]]]}}, {"type": "Feature", "properties": {"name": "CIS Lecture Theater", "name:en": null, "amenity": null, "building": "school", "operator:type": null, "capacity:persons": null, "addr:full": null, "addr:city": null, "source": null, "osm_id": 1079750387, "osm_type": "ways_poly", "Analysis_Region": "North West"}, "geometry": {"type": "Polygon", "coordinates": [[[4.6739215, 8.4895794], [4.6740232, 8.4895413], [4.6742188, 8.4893569], [4.6743713, 8.4895154], [4.6743698, 8.4897942], [4.6742142, 8.4899374], [4.6740278, 8.4897683], [4.6739277, 8.4897424], [4.6739215, 8.4895794]]]}}, {"type": "Feature", "properties": {"name": "LT 4", "name:en": null, "amenity": null, "building": "school", "operator:type": null, "capacity:persons": null, "addr:full": null, "addr:city": null, "source": null, "osm_id": 1078532861, "osm_type": "ways_poly", "Analysis_Region": "North West"}, "geometry": {"type": "Polygon", "coordinates": [[[4.6736066, 8.4842026], [4.6736086, 8.4841432], [4.6736655, 8.4840709], [4.6737255, 8.4840699], [4.6737824, 8.484106], [4.6737834, 8.4841754], [4.6737143, 8.4842408], [4.6736645, 8.4842428], [4.6736066, 8.4842026]]]}}, {"type": "Feature", "properties": {"name": "LT 3", "name:en": null, "amenity": null, "building": "school", "operator:type": null, "capacity:persons": null, "addr:full": null, "addr:city": null, "source": null, "osm_id": 1078532862, "osm_type": "ways_poly", "Analysis_Region": "North West"}, "geometry": {"type": "Polygon", "coordinates": [[[4.6735852, 8.4838135], [4.6735863, 8.4837783], [4.6736411, 8.4837281], [4.673695, 8.483722], [4.6737682, 8.4837824], [4.6737702, 8.4838216], [4.6736991, 8.4838919], [4.6736706, 8.4838889], [4.6735852, 8.4838135]]]}}, {"type": "Feature", "properties": {"name": "LH", "name:en": null, "amenity": null, "building": "school", "operator:type": null, "capacity:persons": null, "addr:full": null, "addr:city": null, "source": null, "osm_id": 1078465243, "osm_type": "ways_poly", "Analysis_Region": "North West"}, "geometry": {"type": "Polygon", "coordinates": [[[4.6738157, 8.4867048], [4.6738554, 8.4865778], [4.6741426, 8.486647], [4.6740982, 8.4867787], [4.6738157, 8.4867048]]]}}, {"type": "Feature", "properties": {"name": null, "name:en": null, "amenity": null, "building": "school", "operator:type": null, "capacity:persons": null, "addr:full": null, "addr:city": null, "source": "Nigerian Red Cross Society", "osm_id": 941446841, "osm_type": "ways_poly", "Analysis_Region": "North West"}, "geometry": {"type": "Polygon", "coordinates": [[[7.4192825, 9.0141224], [7.4193698, 9.0139439], [7.4194509, 9.0139825], [7.4193635, 9.0141611], [7.4192825, 9.0141224]]]}}, {"type": "Feature", "properties": {"name": null, "name:en": null, "amenity": null, "building": "school", "operator:type": null, "capacity:persons": null, "addr:full": null, "addr:city": null, "source": "Nigerian Red Cross Society", "osm_id": 941448610, "osm_type": "ways_poly", "Analysis_Region": "North West"}, "geometry": {"type": "Polygon", "coordinates": [[[7.4192957, 9.014537], [7.4193413, 9.0144285], [7.4193997, 9.0144524], [7.4193762, 9.0145082], [7.4195048, 9.014561], [7.4195428, 9.0144707], [7.4195993, 9.014494], [7.4195391, 9.014637], [7.4192957, 9.014537]]]}}, {"type": "Feature", "properties": {"name": null, "name:en": null, "amenity": null, "building": "school", "operator:type": null, "capacity:persons": null, "addr:full": null, "addr:city": null, "source": "Nigerian Red Cross Society", "osm_id": 941448607, "osm_type": "ways_poly", "Analysis_Region": "North West"}, "geometry": {"type": "Polygon", "coordinates": [[[7.4191564, 9.0145391], [7.4191778, 9.0144989], [7.419227, 9.0145245], [7.4192057, 9.0145646], [7.4191564, 9.0145391]]]}}, {"type": "Feature", "properties": {"name": null, "name:en": null, "amenity": null, "building": "school", "operator:type": null, "capacity:persons": null, "addr:full": null, "addr:city": null, "source": "Nigerian Red Cross Society", "osm_id": 1154804438, "osm_type": "ways_poly", "Analysis_Region": "North West"}, "geometry": {"type": "Polygon", "coordinates": [[[7.4199254, 9.0138777], [7.4199427, 9.0138481], [7.4199831, 9.0138711], [7.4199658, 9.0139007], [7.4199254, 9.0138777]]]}}, {"type": "Feature", "properties": {"name": null, "name:en": null, "amenity": null, "building": "school", "operator:type": null, "capacity:persons": null, "addr:full": null, "addr:city": null, "source": "Nigerian Red Cross Society", "osm_id": 924986874, "osm_type": "ways_poly", "Analysis_Region": "North West"}, "geometry": {"type": "Polygon", "coordinates": [[[7.4198392, 9.0138898], [7.4198595, 9.0138478], [7.419917, 9.0138749], [7.4198967, 9.0139169], [7.4198392, 9.0138898]]]}}, {"type": "Feature", "properties": {"name": null, "name:en": null, "amenity": null, "building": "school", "operator:type": null, "capacity:persons": null, "addr:full": null, "addr:city": null, "source": "Nigerian Red Cross Society", "osm_id": 924987503, "osm_type": "ways_poly", "Analysis_Region": "North West"}, "geometry": {"type": "Polygon", "coordinates": [[[7.4192836, 9.0138673], [7.4193294, 9.0137787], [7.4195473, 9.0138888], [7.4195015, 9.0139773], [7.4192836, 9.0138673]]]}}, {"type": "Feature", "properties": {"name": null, "name:en": null, "amenity": null, "building": "school", "operator:type": null, "capacity:persons": null, "addr:full": null, "addr:city": null, "source": "Nigerian Red Cross Society", "osm_id": 924987504, "osm_type": "ways_poly", "Analysis_Region": "North West"}, "geometry": {"type": "Polygon", "coordinates": [[[7.4195174, 9.0139772], [7.4195589, 9.0138941], [7.4198481, 9.0140349], [7.4198067, 9.014118], [7.4195174, 9.0139772]]]}}, {"type": "Feature", "properties": {"name": null, "name:en": null, "amenity": null, "building": "school", "operator:type": null, "capacity:persons": null, "addr:full": null, "addr:city": null, "source": "Nigerian Red Cross Society", "osm_id": 941446842, "osm_type": "ways_poly", "Analysis_Region": "North West"}, "geometry": {"type": "Polygon", "coordinates": [[[7.4192435, 9.0142218], [7.4192805, 9.0141456], [7.41948, 9.01424], [7.419443, 9.0143162], [7.4192435, 9.0142218]]]}}, {"type": "Feature", "properties": {"name": null, "name:en": null, "amenity": null, "building": "school", "operator:type": null, "capacity:persons": null, "addr:full": null, "addr:city": null, "source": "Nigerian Red Cross Society", "osm_id": 941446843, "osm_type": "ways_poly", "Analysis_Region": "North West"}, "geometry": {"type": "Polygon", "coordinates": [[[7.4197678, 9.0142599], [7.419865, 9.0140493], [7.4199525, 9.0140887], [7.4198553, 9.0142993], [7.4197678, 9.0142599]]]}}, {"type": "Feature", "properties": {"name": null, "name:en": null, "amenity": null, "building": "school", "operator:type": null, "capacity:persons": null, "addr:full": null, "addr:city": null, "source": "Nigerian Red Cross Society", "osm_id": 941446844, "osm_type": "ways_poly", "Analysis_Region": "North West"}, "geometry": {"type": "Polygon", "coordinates": [[[7.4194491, 9.014319], [7.4194888, 9.0142331], [7.4195583, 9.0142644], [7.4195186, 9.0143503], [7.4194491, 9.014319]]]}}, {"type": "Feature", "properties": {"name": null, "name:en": null, "amenity": null, "building": "school", "operator:type": null, "capacity:persons": null, "addr:full": null, "addr:city": null, "source": "Nigerian Red Cross Society", "osm_id": 941446845, "osm_type": "ways_poly", "Analysis_Region": "North West"}, "geometry": {"type": "Polygon", "coordinates": [[[7.4195255, 9.0143627], [7.4195705, 9.0142572], [7.4197111, 9.0143157], [7.4196662, 9.0144212], [7.4195255, 9.0143627]]]}}, {"type": "Feature", "properties": {"name": null, "name:en": null, "amenity": null, "building": "school", "operator:type": null, "capacity:persons": null, "addr:full": null, "addr:city": null, "source": "Nigerian Red Cross Society", "osm_id": 941448611, "osm_type": "ways_poly", "Analysis_Region": "North West"}, "geometry": {"type": "Polygon", "coordinates": [[[7.4192638, 9.0145962], [7.4192798, 9.0145599], [7.4193126, 9.014574], [7.4192965, 9.0146103], [7.4192638, 9.0145962]]]}}, {"type": "Feature", "properties": {"name": null, "name:en": null, "amenity": "school", "building": "yes", "operator:type": null, "capacity:persons": null, "addr:full": null, "addr:city": null, "source": null, "osm_id": 693717883, "osm_type": "ways_poly", "Analysis_Region": "North East"}, "geometry": {"type": "Polygon", "coordinates": [[[13.1080346, 11.8244113], [13.1080353, 11.8243516], [13.1080802, 11.8243521], [13.1080796, 11.8244118], [13.1080346, 11.8244113]]]}}, {"type": "Feature", "properties": {"name": null, "name:en": null, "amenity": null, "building": "university", "operator:type": null, "capacity:persons": null, "addr:full": null, "addr:city": null, "source": null, "osm_id": 618765181, "osm_type": "ways_poly", "Analysis_Region": "North West"}, "geometry": {"type": "Polygon", "coordinates": [[[4.5250788, 7.5112657], [4.5252651, 7.5109817], [4.5253664, 7.511047], [4.5251802, 7.511331], [4.5250788, 7.5112657]]]}}, {"type": "Feature", "properties": {"name": "ADENIRAN MEMORIAL GRAMMAR SCHOOL", "name:en": null, "amenity": "school", "building": null, "operator:type": null, "capacity:persons": null, "addr:full": null, "addr:city": null, "source": null, "osm_id": 1266704006, "osm_type": "ways_poly", "Analysis_Region": "North West"}, "geometry": {"type": "Polygon", "coordinates": [[[4.2103198, 8.135808], [4.2103922, 8.1357602], [4.2104325, 8.1354203], [4.2104486, 8.1353592], [4.2104459, 8.1351681], [4.2105532, 8.1350751], [4.2113954, 8.1347273], [4.2121008, 8.1344777], [4.2122269, 8.134961], [4.2124119, 8.1359806], [4.2125165, 8.1362408], [4.2126346, 8.1368515], [4.2122081, 8.1369577], [4.2116851, 8.1371754], [4.2111674, 8.1373799], [4.211103, 8.1370851], [4.2105451, 8.1371754], [4.2103976, 8.1363642], [4.2103198, 8.135808]]]}}, {"type": "Feature", "properties": {"name": "Nigerian College of Aviation Technology", "name:en": null, "amenity": "school", "building": null, "operator:type": null, "capacity:persons": null, "addr:full": null, "addr:city": null, "source": null, "osm_id": 169049177, "osm_type": "ways_poly", "Analysis_Region": "North West"}, "geometry": {"type": "Polygon", "coordinates": [[[7.6780866, 11.1248543], [7.6796101, 11.1233595], [7.6844327, 11.1278125], [7.6871819, 11.1292394], [7.6898963, 11.131029], [7.6924793, 11.1319917], [7.6957798, 11.1327128], [7.6958428, 11.1340787], [7.6976824, 11.1330896], [7.6977655, 11.1345226], [7.690895, 11.1377609], [7.6905356, 11.1378951], [7.6903036, 11.1374832], [7.6896089, 11.136745], [7.6890269, 11.1359424], [7.6888914, 11.1357489], [7.6885977, 11.1355831], [7.6884663, 11.1355134], [7.688406, 11.1355147], [7.6883724, 11.1353035], [7.6883376, 11.1353032], [7.6883128, 11.1353029], [7.6883081, 11.1353206], [7.6873298, 11.1352062], [7.6872606, 11.1352041], [7.6860563, 11.135241], [7.6860563, 11.13527], [7.6852128, 11.1352068], [7.6848775, 11.1345713], [7.6846442, 11.1341265], [7.6840728, 11.133237], [7.6849231, 11.1321711], [7.6839361, 11.1311421], [7.6794385, 11.1272545], [7.6789502, 11.1256439], [7.6780866, 11.1248543]]]}}, {"type": "Feature", "properties": {"name": "Awwaliyya Nursery and Primary School Annex 2", "name:en": null, "amenity": "school", "building": null, "operator:type": null, "capacity:persons": null, "addr:full": null, "addr:city": "Karu", "source": null, "osm_id": 1248097436, "osm_type": "ways_poly", "Analysis_Region": "North West"}, "geometry": {"type": "Polygon", "coordinates": [[[7.60158, 9.009257], [7.6017665, 9.009259], [7.6020669, 9.0092538], [7.6020616, 9.0093837], [7.6020496, 9.0095361], [7.6017478, 9.0095137], [7.6017306, 9.0093142], [7.601585, 9.0093155], [7.60158, 9.009257]]]}}, {"type": "Feature", "properties": {"name": null, "name:en": null, "amenity": null, "building": "school", "operator:type": null, "capacity:persons": null, "addr:full": null, "addr:city": null, "source": null, "osm_id": 845378098, "osm_type": "ways_poly", "Analysis_Region": "North East"}, "geometry": {"type": "Polygon", "coordinates": [[[9.939478, 9.9616122], [9.9396993, 9.9615937], [9.9397047, 9.9616562], [9.9394834, 9.9616747], [9.939478, 9.9616122]]]}}, {"type": "Feature", "properties": {"name": "Mitchell School", "name:en": null, "amenity": "school", "building": null, "operator:type": "private", "capacity:persons": null, "addr:full": null, "addr:city": "Karshi Abuja", "source": "Nigerian Red Cross Society", "osm_id": 1075154600, "osm_type": "ways_poly", "Analysis_Region": "North West"}, "geometry": {"type": "Polygon", "coordinates": [[[7.5764094, 8.828528], [7.5766225, 8.8284821], [7.5766871, 8.8287751], [7.576474, 8.8288209], [7.5764094, 8.828528]]]}}, {"type": "Feature", "properties": {"name": "Islamic Moral International School", "name:en": null, "amenity": "school", "building": null, "operator:type": "private", "capacity:persons": null, "addr:full": null, "addr:city": null, "source": "Nigerian Red Cross Society", "osm_id": 1075133218, "osm_type": "ways_poly", "Analysis_Region": "North West"}, "geometry": {"type": "Polygon", "coordinates": [[[7.576156, 8.8285544], [7.5762699, 8.8285305], [7.5763419, 8.8288645], [7.5762279, 8.8288885], [7.576156, 8.8285544]]]}}, {"type": "Feature", "properties": {"name": "Aura Primary School", "name:en": null, "amenity": "school", "building": null, "operator:type": "government", "capacity:persons": null, "addr:full": null, "addr:city": null, "source": "Nigerian Red Cross Society", "osm_id": 1075137049, "osm_type": "ways_poly", "Analysis_Region": "North West"}, "geometry": {"type": "Polygon", "coordinates": [[[7.5787958, 8.8283298], [7.580142, 8.8278521], [7.5802365, 8.8278614], [7.580519, 8.8281891], [7.5805611, 8.8282422], [7.5806545, 8.8285883], [7.5792885, 8.8289297], [7.5788729, 8.828579], [7.5787958, 8.8283298]]]}}, {"type": "Feature", "properties": {"name": null, "name:en": null, "amenity": null, "building": "school", "operator:type": null, "capacity:persons": null, "addr:full": null, "addr:city": null, "source": null, "osm_id": 924521466, "osm_type": "ways_poly", "Analysis_Region": "North West"}, "geometry": {"type": "Polygon", "coordinates": [[[7.5790755, 8.8285616], [7.5791615, 8.8285377], [7.5792132, 8.8287191], [7.5791272, 8.8287431], [7.5790755, 8.8285616]]]}}, {"type": "Feature", "properties": {"name": null, "name:en": null, "amenity": null, "building": "school", "operator:type": null, "capacity:persons": null, "addr:full": null, "addr:city": null, "source": null, "osm_id": 924521467, "osm_type": "ways_poly", "Analysis_Region": "North West"}, "geometry": {"type": "Polygon", "coordinates": [[[7.5792339, 8.8287186], [7.5793976, 8.8286779], [7.5794199, 8.8287654], [7.5792562, 8.8288061], [7.5792339, 8.8287186]]]}}, {"type": "Feature", "properties": {"name": null, "name:en": null, "amenity": null, "building": "school", "operator:type": null, "capacity:persons": null, "addr:full": null, "addr:city": null, "source": null, "osm_id": 924521468, "osm_type": "ways_poly", "Analysis_Region": "North West"}, "geometry": {"type": "Polygon", "coordinates": [[[7.5797386, 8.8284759], [7.5799151, 8.8284254], [7.5799447, 8.8285266], [7.5797682, 8.828577], [7.5797386, 8.8284759]]]}}, {"type": "Feature", "properties": {"name": null, "name:en": null, "amenity": null, "building": "school", "operator:type": null, "capacity:persons": null, "addr:full": null, "addr:city": null, "source": null, "osm_id": 924521469, "osm_type": "ways_poly", "Analysis_Region": "North West"}, "geometry": {"type": "Polygon", "coordinates": [[[7.5799557, 8.8284137], [7.5801587, 8.8283581], [7.5801859, 8.8284552], [7.5799829, 8.8285108], [7.5799557, 8.8284137]]]}}, {"type": "Feature", "properties": {"name": null, "name:en": null, "amenity": null, "building": "school", "operator:type": null, "capacity:persons": null, "addr:full": null, "addr:city": null, "source": null, "osm_id": 924521470, "osm_type": "ways_poly", "Analysis_Region": "North West"}, "geometry": {"type": "Polygon", "coordinates": [[[7.5801668, 8.8281589], [7.5802603, 8.8281312], [7.5803305, 8.8283552], [7.5802284, 8.8283857], [7.5801668, 8.8281589]]]}}, {"type": "Feature", "properties": {"name": null, "name:en": null, "amenity": null, "building": "school", "operator:type": null, "capacity:persons": null, "addr:full": null, "addr:city": null, "source": null, "osm_id": 924521471, "osm_type": "ways_poly", "Analysis_Region": "North West"}, "geometry": {"type": "Polygon", "coordinates": [[[7.5802364, 8.8284346], [7.5803219, 8.8284068], [7.5803525, 8.8284988], [7.580267, 8.8285266], [7.5802364, 8.8284346]]]}}, {"type": "Feature", "properties": {"name": null, "name:en": null, "amenity": null, "building": "school", "operator:type": null, "capacity:persons": null, "addr:full": null, "addr:city": null, "source": null, "osm_id": 924750632, "osm_type": "ways_poly", "Analysis_Region": "North West"}, "geometry": {"type": "Polygon", "coordinates": [[[7.5790197, 8.8283655], [7.5791057, 8.8283416], [7.5791573, 8.828523], [7.5790714, 8.8285469], [7.5790197, 8.8283655]]]}}, {"type": "Feature", "properties": {"name": "Kaduna Polytechnic", "name:en": null, "amenity": "university", "building": null, "operator:type": null, "capacity:persons": null, "addr:full": null, "addr:city": null, "source": null, "osm_id": 798388630, "osm_type": "ways_poly", "Analysis_Region": "North West"}, "geometry": {"type": "Polygon", "coordinates": [[[7.4394497, 10.5231142], [7.4399486, 10.5202654], [7.4399834, 10.520218], [7.440021, 10.5201916], [7.4400773, 10.5201652], [7.4439129, 10.5208641], [7.4431028, 10.5215761], [7.4414023, 10.5233746], [7.4413192, 10.5238156], [7.4395703, 10.5232612], [7.4394497, 10.5231142]]]}}, {"type": "Feature", "properties": {"name": "Federal Government College Ogbomoso", "name:en": null, "amenity": "college", "building": null, "operator:type": null, "capacity:persons": null, "addr:full": null, "addr:city": null, "source": null, "osm_id": 723225256, "osm_type": "ways_poly", "Analysis_Region": "North West"}, "geometry": {"type": "Polygon", "coordinates": [[[4.2276336, 8.1559731], [4.2292757, 8.152876], [4.2305499, 8.1503956], [4.2408135, 8.1567438], [4.2387126, 8.1612102], [4.2383219, 8.1620409], [4.230649, 8.1588879], [4.2292723, 8.1577178], [4.2281432, 8.1565897], [4.2278997, 8.1562725], [4.2276336, 8.1559731]]]}}, {"type": "Feature", "properties": {"name": "Ladoke Akintola University of Technology, Ogbomoso", "name:en": null, "amenity": "university", "building": null, "operator:type": null, "capacity:persons": null, "addr:full": null, "addr:city": null, "source": null, "osm_id": 798025033, "osm_type": "ways_poly", "Analysis_Region": "North West"}, "geometry": {"type": "Polygon", "coordinates": [[[4.2605388, 8.1656408], [4.2614829, 8.1651152], [4.2632237, 8.1640239], [4.2640471, 8.1636443], [4.2647955, 8.1651125], [4.2658925, 8.1645151], [4.2662519, 8.1649585], [4.266551, 8.1654537], [4.2674965, 8.1648603], [4.2678183, 8.1657258], [4.2685948, 8.1664878], [4.2693928, 8.1673175], [4.2695564, 8.1675657], [4.2697086, 8.1678564], [4.2697556, 8.168031], [4.2698407, 8.1684644], [4.2699534, 8.1697654], [4.2699333, 8.1699154], [4.2698957, 8.1700229], [4.2697804, 8.170234], [4.2680208, 8.1717951], [4.2677177, 8.1720991], [4.2673101, 8.1725465], [4.2651844, 8.1744853], [4.2651482, 8.1744919], [4.2651059, 8.1744899], [4.2650798, 8.1744727], [4.2627764, 8.1700287], [4.2614669, 8.1674675], [4.2605388, 8.1656408]]]}}, {"type": "Feature", "properties": {"name": "Oduduwa Hall", "name:en": null, "amenity": null, "building": "university", "operator:type": null, "capacity:persons": null, "addr:full": null, "addr:city": null, "source": null, "osm_id": 617712376, "osm_type": "ways_poly", "Analysis_Region": "North West"}, "geometry": {"type": "Polygon", "coordinates": [[[4.5217977, 7.5187576], [4.5219246, 7.518599], [4.5220845, 7.5185772], [4.5222555, 7.5186756], [4.5222048, 7.5189841], [4.5220008, 7.5190169], [4.5217977, 7.5187576]]]}}, {"type": "Feature", "properties": {"name": "Amphi Theatre", "name:en": null, "amenity": null, "building": "university", "operator:type": null, "capacity:persons": null, "addr:full": null, "addr:city": null, "source": null, "osm_id": 617712375, "osm_type": "ways_poly", "Analysis_Region": "North West"}, "geometry": {"type": "Polygon", "coordinates": [[[4.5217979, 7.5192672], [4.5220008, 7.5190169], [4.5222048, 7.5189841], [4.5224637, 7.5191599], [4.522249, 7.5194708], [4.5220945, 7.5195036], [4.5217979, 7.5192672]]]}}, {"type": "Feature", "properties": {"name": "1000 Seater Lecture Theatre", "name:en": null, "amenity": null, "building": "university", "operator:type": null, "capacity:persons": null, "addr:full": null, "addr:city": null, "source": null, "osm_id": 617712421, "osm_type": "ways_poly", "Analysis_Region": "North West"}, "geometry": {"type": "Polygon", "coordinates": [[[4.5194319, 7.5208253], [4.5194769, 7.5208192], [4.5194724, 7.5207869], [4.519504, 7.5207826], [4.5194996, 7.5207506], [4.5195276, 7.5207468], [4.5195146, 7.5206521], [4.5196707, 7.520631], [4.5196757, 7.5206678], [4.5197173, 7.5206622], [4.5197229, 7.5207031], [4.5197515, 7.5206992], [4.5197568, 7.5207377], [4.5197885, 7.5207334], [4.5197927, 7.5207645], [4.5198545, 7.5207561], [4.5198664, 7.5208426], [4.5198065, 7.5208507], [4.5198114, 7.5208858], [4.5197841, 7.5208895], [4.5197887, 7.5209227], [4.5197563, 7.5209271], [4.5197601, 7.5209549], [4.5197272, 7.5209594], [4.5197377, 7.5210355], [4.5196147, 7.5210522], [4.5196045, 7.5209783], [4.5195783, 7.5209818], [4.5195741, 7.5209516], [4.5195315, 7.5209574], [4.5195271, 7.5209256], [4.5194957, 7.5209299], [4.5194921, 7.5209033], [4.5194436, 7.5209099], [4.5194319, 7.5208253]]]}}, {"type": "Feature", "properties": {"name": null, "name:en": null, "amenity": null, "building": "university", "operator:type": null, "capacity:persons": null, "addr:full": null, "addr:city": null, "source": null, "osm_id": 620980510, "osm_type": "ways_poly", "Analysis_Region": "North West"}, "geometry": {"type": "Polygon", "coordinates": [[[4.5208622, 7.5218071], [4.5210955, 7.5217763], [4.5210763, 7.5216338], [4.521219, 7.5216148], [4.5212516, 7.5218565], [4.5208756, 7.5219062], [4.5208622, 7.5218071]]]}}, {"type": "Feature", "properties": {"name": null, "name:en": null, "amenity": null, "building": "university", "operator:type": null, "capacity:persons": null, "addr:full": null, "addr:city": null, "source": null, "osm_id": 620980507, "osm_type": "ways_poly", "Analysis_Region": "North West"}, "geometry": {"type": "Polygon", "coordinates": [[[4.5209415, 7.5221155], [4.5213563, 7.5220562], [4.5213721, 7.522165], [4.5209573, 7.5222243], [4.5209415, 7.5221155]]]}}, {"type": "Feature", "properties": {"name": null, "name:en": null, "amenity": null, "building": "university", "operator:type": null, "capacity:persons": null, "addr:full": null, "addr:city": null, "source": null, "osm_id": 620980508, "osm_type": "ways_poly", "Analysis_Region": "North West"}, "geometry": {"type": "Polygon", "coordinates": [[[4.5206439, 7.5220883], [4.5208156, 7.5220648], [4.5208326, 7.5221867], [4.5206609, 7.5222102], [4.5206439, 7.5220883]]]}}, {"type": "Feature", "properties": {"name": null, "name:en": null, "amenity": null, "building": "university", "operator:type": null, "capacity:persons": null, "addr:full": null, "addr:city": null, "source": null, "osm_id": 617712409, "osm_type": "ways_poly", "Analysis_Region": "North West"}, "geometry": {"type": "Polygon", "coordinates": [[[4.5203972, 7.5207487], [4.5206784, 7.520702], [4.5206389, 7.520468], [4.5207845, 7.5204439], [4.5208519, 7.5208425], [4.520425, 7.5209134], [4.5203972, 7.5207487]]]}}, {"type": "Feature", "properties": {"name": null, "name:en": null, "amenity": null, "building": "university", "operator:type": null, "capacity:persons": null, "addr:full": null, "addr:city": null, "source": null, "osm_id": 620980511, "osm_type": "ways_poly", "Analysis_Region": "North West"}, "geometry": {"type": "Polygon", "coordinates": [[[4.5214137, 7.5216504], [4.5217122, 7.521605], [4.5217332, 7.5217404], [4.5216088, 7.5217593], [4.5215958, 7.5216757], [4.5214217, 7.5217022], [4.5214137, 7.5216504]]]}}, {"type": "Feature", "properties": {"name": null, "name:en": null, "amenity": null, "building": "university", "operator:type": null, "capacity:persons": null, "addr:full": null, "addr:city": null, "source": null, "osm_id": 620980512, "osm_type": "ways_poly", "Analysis_Region": "North West"}, "geometry": {"type": "Polygon", "coordinates": [[[4.5216012, 7.5217737], [4.5216464, 7.5217682], [4.5216499, 7.5217962], [4.5217263, 7.5217869], [4.5217309, 7.5218235], [4.5216092, 7.5218382], [4.5216012, 7.5217737]]]}}, {"type": "Feature", "properties": {"name": null, "name:en": null, "amenity": null, "building": "university", "operator:type": null, "capacity:persons": null, "addr:full": null, "addr:city": null, "source": null, "osm_id": 620980506, "osm_type": "ways_poly", "Analysis_Region": "North West"}, "geometry": {"type": "Polygon", "coordinates": [[[4.5209039, 7.5222396], [4.5210852, 7.5222211], [4.5210938, 7.5223041], [4.5209125, 7.5223226], [4.5209039, 7.5222396]]]}}, {"type": "Feature", "properties": {"name": null, "name:en": null, "amenity": null, "building": "university", "operator:type": null, "capacity:persons": null, "addr:full": null, "addr:city": null, "source": null, "osm_id": 620980509, "osm_type": "ways_poly", "Analysis_Region": "North West"}, "geometry": {"type": "Polygon", "coordinates": [[[4.5205793, 7.5219863], [4.5207383, 7.5219614], [4.5207518, 7.5220455], [4.5205927, 7.5220705], [4.5205793, 7.5219863]]]}}, {"type": "Feature", "properties": {"name": null, "name:en": null, "amenity": null, "building": "school", "operator:type": null, "capacity:persons": null, "addr:full": null, "addr:city": null, "source": null, "osm_id": 930713116, "osm_type": "ways_poly", "Analysis_Region": "North West"}, "geometry": {"type": "Polygon", "coordinates": [[[4.1227184, 7.8220655], [4.1228448, 7.821862], [4.1229222, 7.8219092], [4.1227959, 7.8221127], [4.1227184, 7.8220655]]]}}, {"type": "Feature", "properties": {"name": null, "name:en": null, "amenity": null, "building": "school", "operator:type": null, "capacity:persons": null, "addr:full": null, "addr:city": null, "source": null, "osm_id": 930713117, "osm_type": "ways_poly", "Analysis_Region": "North West"}, "geometry": {"type": "Polygon", "coordinates": [[[4.1226666, 7.8218449], [4.1227072, 7.8217877], [4.1228031, 7.8218546], [4.1227625, 7.8219118], [4.1226666, 7.8218449]]]}}, {"type": "Feature", "properties": {"name": null, "name:en": null, "amenity": null, "building": "school", "operator:type": null, "capacity:persons": null, "addr:full": null, "addr:city": null, "source": null, "osm_id": 930713118, "osm_type": "ways_poly", "Analysis_Region": "North West"}, "geometry": {"type": "Polygon", "coordinates": [[[4.122569, 7.8223394], [4.1227047, 7.8220947], [4.1227858, 7.8221388], [4.1226502, 7.8223836], [4.122569, 7.8223394]]]}}, {"type": "Feature", "properties": {"name": null, "name:en": null, "amenity": null, "building": "school", "operator:type": null, "capacity:persons": null, "addr:full": null, "addr:city": null, "source": null, "osm_id": 930713146, "osm_type": "ways_poly", "Analysis_Region": "North West"}, "geometry": {"type": "Polygon", "coordinates": [[[4.1251537, 7.8247212], [4.1252609, 7.8246031], [4.1253139, 7.8246503], [4.1252967, 7.8246693], [4.1253752, 7.8247392], [4.1252851, 7.8248384], [4.1251537, 7.8247212]]]}}, {"type": "Feature", "properties": {"name": null, "name:en": null, "amenity": null, "building": "school", "operator:type": null, "capacity:persons": null, "addr:full": null, "addr:city": null, "source": null, "osm_id": 931074200, "osm_type": "ways_poly", "Analysis_Region": "North West"}, "geometry": {"type": "Polygon", "coordinates": [[[4.1249051, 7.8248493], [4.1249092, 7.8248372], [4.1249171, 7.8248271], [4.1249264, 7.8248207], [4.1249372, 7.8248173], [4.1249486, 7.8248171], [4.1249595, 7.8248201], [4.1249691, 7.8248262], [4.1249765, 7.8248347], [4.1249811, 7.8248449], [4.1249826, 7.8248561], [4.1249807, 7.8248671], [4.1249748, 7.8248785], [4.1249655, 7.8248873], [4.1249538, 7.8248927], [4.124941, 7.8248939], [4.1249284, 7.824891], [4.1249052, 7.8248621], [4.1249051, 7.8248493]]]}}, {"type": "Feature", "properties": {"name": null, "name:en": null, "amenity": null, "building": "school", "operator:type": null, "capacity:persons": null, "addr:full": null, "addr:city": null, "source": null, "osm_id": 1246400559, "osm_type": "ways_poly", "Analysis_Region": "North West"}, "geometry": {"type": "Polygon", "coordinates": [[[4.1351162, 7.8341553], [4.1352484, 7.8338204], [4.135373, 7.8338687], [4.1352407, 7.8342036], [4.1351162, 7.8341553]]]}}, {"type": "Feature", "properties": {"name": null, "name:en": null, "amenity": null, "building": "school", "operator:type": null, "capacity:persons": null, "addr:full": null, "addr:city": null, "source": null, "osm_id": 1246400560, "osm_type": "ways_poly", "Analysis_Region": "North West"}, "geometry": {"type": "Polygon", "coordinates": [[[4.1345758, 7.8339424], [4.1346043, 7.8338627], [4.1348264, 7.8339407], [4.1347979, 7.8340203], [4.1345758, 7.8339424]]]}}, {"type": "Feature", "properties": {"name": null, "name:en": null, "amenity": null, "building": "school", "operator:type": null, "capacity:persons": null, "addr:full": null, "addr:city": null, "source": null, "osm_id": 1246400561, "osm_type": "ways_poly", "Analysis_Region": "North West"}, "geometry": {"type": "Polygon", "coordinates": [[[4.13541, 7.8337607], [4.1354509, 7.833661], [4.1357565, 7.833784], [4.1357157, 7.8338836], [4.13541, 7.8337607]]]}}, {"type": "Feature", "properties": {"name": "Baga primary school", "name:en": null, "amenity": "college", "building": null, "operator:type": null, "capacity:persons": null, "addr:full": null, "addr:city": null, "source": null, "osm_id": 322401865, "osm_type": "ways_poly", "Analysis_Region": "North East"}, "geometry": {"type": "Polygon", "coordinates": [[[13.8192234, 13.0947425], [13.8192649, 13.0941836], [13.8192872, 13.0939135], [13.8209671, 13.0941681], [13.8209597, 13.0942254], [13.8208988, 13.0947951], [13.8208843, 13.0949128], [13.8194498, 13.0948729], [13.8192234, 13.0947425]]]}}, {"type": "Feature", "properties": {"name": null, "name:en": null, "amenity": "school", "building": null, "operator:type": null, "capacity:persons": null, "addr:full": null, "addr:city": null, "source": null, "osm_id": 1383793391, "osm_type": "ways_poly", "Analysis_Region": "North West"}, "geometry": {"type": "Polygon", "coordinates": [[[7.9223391, 9.5358999], [7.9223825, 9.5354474], [7.9229808, 9.5355177], [7.9231421, 9.5358877], [7.9228909, 9.5361598], [7.9223391, 9.5358999]]]}}, {"type": "Feature", "properties": {"name": "Ajayi Crowther University", "name:en": null, "amenity": "university", "building": null, "operator:type": null, "capacity:persons": null, "addr:full": null, "addr:city": null, "source": null, "osm_id": 928892256, "osm_type": "ways_poly", "Analysis_Region": "North West"}, "geometry": {"type": "Polygon", "coordinates": [[[3.9449763, 7.850838], [3.9452639, 7.8494164], [3.9459264, 7.8496184], [3.9463328, 7.8479962], [3.946428, 7.8480168], [3.9464542, 7.8479949], [3.9462067, 7.8472801], [3.948614, 7.8460127], [3.9495583, 7.8454792], [3.9498939, 7.8458395], [3.9501612, 7.8455663], [3.9505157, 7.8458812], [3.9505143, 7.8459184], [3.9502287, 7.8462133], [3.9508201, 7.8468112], [3.9512071, 7.8471566], [3.9502931, 7.8523126], [3.9474969, 7.8518237], [3.9468893, 7.8517387], [3.9462496, 7.8515727], [3.9456676, 7.8514464], [3.9449763, 7.850838]]]}}, {"type": "Feature", "properties": {"name": null, "name:en": null, "amenity": "school", "building": null, "operator:type": null, "capacity:persons": null, "addr:full": null, "addr:city": null, "source": null, "osm_id": 1383793403, "osm_type": "ways_poly", "Analysis_Region": "North West"}, "geometry": {"type": "Polygon", "coordinates": [[[7.922298, 9.5505039], [7.9225866, 9.5495761], [7.9234221, 9.5490719], [7.9237775, 9.5493486], [7.9236996, 9.5499235], [7.9228547, 9.5507167], [7.922298, 9.5505039]]]}}, {"type": "Feature", "properties": {"name": null, "name:en": null, "amenity": "school", "building": null, "operator:type": null, "capacity:persons": null, "addr:full": null, "addr:city": null, "source": null, "osm_id": 1383793408, "osm_type": "ways_poly", "Analysis_Region": "North West"}, "geometry": {"type": "Polygon", "coordinates": [[[7.9242562, 9.528376], [7.9251486, 9.5276935], [7.925698, 9.5283679], [7.9249277, 9.5289135], [7.9242562, 9.528376]]]}}, {"type": "Feature", "properties": {"name": "LPANDIMTAI PRIMARY SCHOOL", "name:en": null, "amenity": null, "building": "school", "operator:type": null, "capacity:persons": null, "addr:full": null, "addr:city": "KALTUNGO", "source": null, "osm_id": 1206197316, "osm_type": "ways_poly", "Analysis_Region": "North East"}, "geometry": {"type": "Polygon", "coordinates": [[[11.3262777, 9.8202224], [11.326326, 9.8200911], [11.3265498, 9.820171], [11.3265015, 9.8203023], [11.3262777, 9.8202224]]]}}, {"type": "Feature", "properties": {"name": "LPANDIMTAI PRIMARY SCHOOL", "name:en": null, "amenity": null, "building": "school", "operator:type": null, "capacity:persons": null, "addr:full": null, "addr:city": "KALTUNGO", "source": null, "osm_id": 1332827615, "osm_type": "ways_poly", "Analysis_Region": "North East"}, "geometry": {"type": "Polygon", "coordinates": [[[11.3265363, 9.8202914], [11.3265751, 9.8201829], [11.3267826, 9.8202549], [11.3267439, 9.8203633], [11.3265363, 9.8202914]]]}}, {"type": "Feature", "properties": {"name": null, "name:en": null, "amenity": null, "building": "school", "operator:type": null, "capacity:persons": null, "addr:full": null, "addr:city": null, "source": null, "osm_id": 1144548782, "osm_type": "ways_poly", "Analysis_Region": "North West"}, "geometry": {"type": "Polygon", "coordinates": [[[6.2562066, 13.6780216], [6.256208, 13.6779514], [6.2562932, 13.677957], [6.2562831, 13.678023], [6.2562066, 13.6780216]]]}}, {"type": "Feature", "properties": {"name": "New Admin. Block AFRIGIST", "name:en": null, "amenity": null, "building": "university", "operator:type": null, "capacity:persons": null, "addr:full": null, "addr:city": null, "source": null, "osm_id": 1236664059, "osm_type": "ways_poly", "Analysis_Region": "North West"}, "geometry": {"type": "Polygon", "coordinates": [[[4.525274, 7.5050012], [4.5253093, 7.5049901], [4.5253027, 7.5048849], [4.5253918, 7.5048794], [4.5254128, 7.5052147], [4.5253133, 7.5052208], [4.5253073, 7.505126], [4.5252816, 7.5051061], [4.525274, 7.5050012]]]}}, {"type": "Feature", "properties": {"name": "Kwara State University", "name:en": null, "amenity": "university", "building": null, "operator:type": null, "capacity:persons": null, "addr:full": null, "addr:city": null, "source": null, "osm_id": 404791133, "osm_type": "ways_poly", "Analysis_Region": "North West"}, "geometry": {"type": "Polygon", "coordinates": [[[4.471718, 8.7174585], [4.4721397, 8.7167389], [4.4721926, 8.7166282], [4.4721649, 8.7166156], [4.4721803, 8.7165425], [4.4721773, 8.7165035], [4.4722007, 8.7164505], [4.4722358, 8.7164158], [4.4722586, 8.7163585], [4.4723448, 8.7161976], [4.4727118, 8.7159463], [4.4785863, 8.7161006], [4.4856872, 8.7165587], [4.4905691, 8.7153694], [4.493301, 8.7144628], [4.4931235, 8.7179528], [4.4879753, 8.721316], [4.4892673, 8.7249521], [4.4831625, 8.7271162], [4.4819395, 8.7246889], [4.4771633, 8.7279869], [4.471718, 8.7174585]]]}}, {"type": "Feature", "properties": {"name": null, "name:en": null, "amenity": null, "building": "school", "operator:type": null, "capacity:persons": null, "addr:full": null, "addr:city": null, "source": null, "osm_id": 1181006170, "osm_type": "ways_poly", "Analysis_Region": "North West"}, "geometry": {"type": "Polygon", "coordinates": [[[8.4121981, 8.9118143], [8.4122327, 8.91155], [8.4123213, 8.9115613], [8.4122867, 8.9118257], [8.4121981, 8.9118143]]]}}, {"type": "Feature", "properties": {"name": "Kano University of Science and Technology", "name:en": null, "amenity": "university", "building": null, "operator:type": null, "capacity:persons": null, "addr:full": null, "addr:city": null, "source": null, "osm_id": 389351930, "osm_type": "ways_poly", "Analysis_Region": "North West"}, "geometry": {"type": "Polygon", "coordinates": [[[8.847469, 11.8052129], [8.8475383, 11.8049943], [8.8476746, 11.80422], [8.8475566, 11.8037579], [8.8480275, 11.8021286], [8.848608, 11.801983], [8.8493073, 11.8018828], [8.8493229, 11.8019099], [8.8494389, 11.8019032], [8.8494752, 11.8018582], [8.8508148, 11.801626], [8.8518677, 11.801726], [8.8519595, 11.8017464], [8.8539527, 11.80236], [8.8557711, 11.8029787], [8.8581107, 11.8037212], [8.8606495, 11.8045908], [8.8602434, 11.8082193], [8.8599533, 11.808176], [8.8591463, 11.8079048], [8.8588831, 11.807798], [8.8587151, 11.8077862], [8.8586129, 11.8078167], [8.8585437, 11.8078624], [8.8575163, 11.8089842], [8.8567019, 11.8081667], [8.8528583, 11.8078794], [8.8516149, 11.8077489], [8.8514581, 11.807259], [8.8513776, 11.8072971], [8.8512088, 11.8071657], [8.8503056, 11.8063165], [8.8503576, 11.806208], [8.8494432, 11.8058639], [8.847469, 11.8052129]]]}}, {"type": "Feature", "properties": {"name": "Federal School of Surveying", "name:en": null, "amenity": "school", "building": null, "operator:type": null, "capacity:persons": null, "addr:full": null, "addr:city": null, "source": null, "osm_id": 992311315, "osm_type": "ways_poly", "Analysis_Region": "North West"}, "geometry": {"type": "Polygon", "coordinates": [[[3.9476954, 7.8434613], [3.9478753, 7.8432093], [3.9481131, 7.842862], [3.9483379, 7.8424878], [3.9489132, 7.8416701], [3.9494684, 7.8409699], [3.9501282, 7.8401834], [3.9508042, 7.8403322], [3.9515927, 7.8405661], [3.9516976, 7.8405263], [3.9524125, 7.8402047], [3.9527584, 7.8407195], [3.9548503, 7.8410187], [3.95538, 7.8424101], [3.9517595, 7.8446665], [3.9506827, 7.843686], [3.9498238, 7.8448036], [3.9497807, 7.8448805], [3.9496526, 7.8447377], [3.9492912, 7.8443844], [3.9489527, 7.8441861], [3.9487624, 7.8440814], [3.9485809, 7.8439759], [3.9476954, 7.8434613]]]}}, {"type": "Feature", "properties": {"name": "All Saints' School", "name:en": null, "amenity": "school", "building": null, "operator:type": null, "capacity:persons": null, "addr:full": null, "addr:city": "Abuja", "source": null, "osm_id": 1263215705, "osm_type": "ways_poly", "Analysis_Region": "North West"}, "geometry": {"type": "Polygon", "coordinates": [[[7.4689987, 9.0590414], [7.469983, 9.0582176], [7.4706107, 9.0589169], [7.469745, 9.0596668], [7.4697199, 9.0596367], [7.4695913, 9.0594826], [7.4695848, 9.0594747], [7.469452, 9.0595817], [7.4689987, 9.0590414]]]}}, {"type": "Feature", "properties": {"name": null, "name:en": null, "amenity": null, "building": "school", "operator:type": null, "capacity:persons": null, "addr:full": null, "addr:city": null, "source": null, "osm_id": 1263215707, "osm_type": "ways_poly", "Analysis_Region": "North West"}, "geometry": {"type": "Polygon", "coordinates": [[[7.4695826, 9.0593644], [7.4696413, 9.0593148], [7.4698294, 9.0595417], [7.4697256, 9.05963], [7.4696788, 9.0595737], [7.4697273, 9.059535], [7.4695826, 9.0593644]]]}}, {"type": "Feature", "properties": {"name": null, "name:en": null, "amenity": null, "building": "school", "operator:type": null, "capacity:persons": null, "addr:full": null, "addr:city": null, "source": null, "osm_id": 1263215709, "osm_type": "ways_poly", "Analysis_Region": "North West"}, "geometry": {"type": "Polygon", "coordinates": [[[7.4696933, 9.0593157], [7.469719, 9.0592933], [7.4697005, 9.0592689], [7.4700519, 9.0589737], [7.4700983, 9.0590267], [7.4701117, 9.0590155], [7.4701787, 9.0590969], [7.4701653, 9.0591132], [7.4702044, 9.059161], [7.469852, 9.0594561], [7.4698139, 9.0594124], [7.4697963, 9.0594266], [7.4697211, 9.059335], [7.4697129, 9.0593401], [7.4696933, 9.0593157]]]}}, {"type": "Feature", "properties": {"name": null, "name:en": null, "amenity": null, "building": "school", "operator:type": null, "capacity:persons": null, "addr:full": null, "addr:city": null, "source": null, "osm_id": 1263215710, "osm_type": "ways_poly", "Analysis_Region": "North West"}, "geometry": {"type": "Polygon", "coordinates": [[[7.4700876, 9.0587797], [7.4701481, 9.058723], [7.4701586, 9.058735], [7.4702115, 9.0586902], [7.4702055, 9.0586738], [7.4702689, 9.0586245], [7.470485, 9.0588901], [7.4704381, 9.0589319], [7.4704563, 9.0589573], [7.4703762, 9.0590244], [7.470355, 9.0590005], [7.4703007, 9.0590408], [7.4701692, 9.0588797], [7.4700876, 9.0587797]]]}}, {"type": "Feature", "properties": {"name": "Faculty of Law", "name:en": null, "amenity": null, "building": "university", "operator:type": null, "capacity:persons": null, "addr:full": null, "addr:city": null, "source": null, "osm_id": 617712365, "osm_type": "ways_poly", "Analysis_Region": "North West"}, "geometry": {"type": "Polygon", "coordinates": [[[4.5219015, 7.5209787], [4.5220148, 7.5209627], [4.5219993, 7.5208544], [4.5227901, 7.5207429], [4.5228307, 7.521026], [4.5220405, 7.5211375], [4.5220278, 7.5210489], [4.5219139, 7.521065], [4.5219015, 7.5209787]]]}}, {"type": "Feature", "properties": {"name": null, "name:en": null, "amenity": null, "building": "kindergarten", "operator:type": null, "capacity:persons": null, "addr:full": null, "addr:city": null, "source": "microsoft/BuildingFootprints", "osm_id": 1047447269, "osm_type": "ways_poly", "Analysis_Region": "North West"}, "geometry": {"type": "Polygon", "coordinates": [[[8.9001568, 9.8605303], [8.9001676, 9.8604434], [8.9001756, 9.8604444], [8.9001937, 9.8602986], [8.9003073, 9.8603123], [8.90029, 9.8604513], [8.9003376, 9.860457], [8.9003276, 9.8605377], [8.900273, 9.8605311], [8.9002714, 9.8605442], [8.9001568, 9.8605303]]]}}, {"type": "Feature", "properties": {"name": "SKY HEIGHTS", "name:en": null, "amenity": null, "building": "school", "operator:type": null, "capacity:persons": null, "addr:full": null, "addr:city": null, "source": null, "osm_id": 1046960286, "osm_type": "ways_poly", "Analysis_Region": "North West"}, "geometry": {"type": "Polygon", "coordinates": [[[7.3589331, 8.955845], [7.3589464, 8.9556894], [7.3593129, 8.9557198], [7.3592996, 8.9558755], [7.3589331, 8.955845]]]}}, {"type": "Feature", "properties": {"name": "Kaduna Capital School", "name:en": null, "amenity": "school", "building": null, "operator:type": null, "capacity:persons": null, "addr:full": null, "addr:city": null, "source": null, "osm_id": 39722477, "osm_type": "ways_poly", "Analysis_Region": "North West"}, "geometry": {"type": "Polygon", "coordinates": [[[7.4596852, 10.5479001], [7.4657653, 10.5474894], [7.4658577, 10.5475445], [7.4659016, 10.5475939], [7.4660301, 10.5500203], [7.4659496, 10.55007], [7.4598505, 10.5504524], [7.4596852, 10.5479001]]]}}, {"type": "Feature", "properties": {"name": "LEA Secondary School", "name:en": null, "amenity": "school", "building": null, "operator:type": null, "capacity:persons": null, "addr:full": null, "addr:city": null, "source": null, "osm_id": 787201271, "osm_type": "ways_poly", "Analysis_Region": "North West"}, "geometry": {"type": "Polygon", "coordinates": [[[7.4308462, 10.4519315], [7.4312559, 10.4518724], [7.4317083, 10.4517171], [7.4327544, 10.4513336], [7.4326466, 10.4508913], [7.4331985, 10.4507027], [7.4333288, 10.4506608], [7.4340632, 10.4504172], [7.4346256, 10.4522471], [7.4308649, 10.4532286], [7.4308462, 10.4519315]]]}}, {"type": "Feature", "properties": {"name": "Essence International School African Heritage Village", "name:en": null, "amenity": "school", "building": null, "operator:type": null, "capacity:persons": null, "addr:full": null, "addr:city": null, "source": null, "osm_id": 500152449, "osm_type": "ways_poly", "Analysis_Region": "North West"}, "geometry": {"type": "Polygon", "coordinates": [[[7.4546933, 10.5361868], [7.4548881, 10.5356871], [7.455432, 10.5358423], [7.4552746, 10.5363443], [7.4546933, 10.5361868]]]}}, {"type": "Feature", "properties": {"name": "Teshegwa Primary School", "name:en": null, "amenity": null, "building": "school", "operator:type": null, "capacity:persons": null, "addr:full": null, "addr:city": null, "source": null, "osm_id": 1209192911, "osm_type": "ways_poly", "Analysis_Region": "North East"}, "geometry": {"type": "Polygon", "coordinates": [[[10.1431909, 12.5489585], [10.1432631, 12.5488731], [10.1433443, 12.5487956], [10.1433777, 12.5488079], [10.1434399, 12.5488467], [10.1433975, 12.5489391], [10.1433254, 12.5490518], [10.1431909, 12.5489585]]]}}, {"type": "Feature", "properties": {"name": "An-Nur Schools", "name:en": null, "amenity": "school", "building": null, "operator:type": null, "capacity:persons": null, "addr:full": null, "addr:city": "Ilorin", "source": null, "osm_id": 696364286, "osm_type": "ways_poly", "Analysis_Region": "North West"}, "geometry": {"type": "Polygon", "coordinates": [[[4.5080408, 8.5023745], [4.5090937, 8.5020649], [4.5094515, 8.5019644], [4.5098994, 8.5032027], [4.5096552, 8.5032914], [4.5094818, 8.5033442], [4.5091668, 8.5034702], [4.5088179, 8.5035672], [4.5086963, 8.5031122], [4.5082684, 8.5031345], [4.5080408, 8.5023745]]]}}, {"type": "Feature", "properties": {"name": null, "name:en": null, "amenity": "school", "building": null, "operator:type": null, "capacity:persons": null, "addr:full": null, "addr:city": null, "source": null, "osm_id": 1138078809, "osm_type": "ways_poly", "Analysis_Region": "North West"}, "geometry": {"type": "Polygon", "coordinates": [[[5.3049125, 13.0500766], [5.3056167, 13.0490116], [5.3061661, 13.0491095], [5.3061617, 13.049223], [5.3065395, 13.0493535], [5.3065, 13.0497195], [5.306344, 13.050109], [5.3058717, 13.0499806], [5.3057926, 13.0503016], [5.3049125, 13.0500766]]]}}, {"type": "Feature", "properties": {"name": null, "name:en": null, "amenity": null, "building": "school", "operator:type": null, "capacity:persons": null, "addr:full": null, "addr:city": null, "source": "microsoft/BuildingFootprints", "osm_id": 1138074266, "osm_type": "ways_poly", "Analysis_Region": "North West"}, "geometry": {"type": "Polygon", "coordinates": [[[5.3060462, 13.0500156], [5.3061128, 13.0497261], [5.3062062, 13.0497465], [5.3061396, 13.050036], [5.3060462, 13.0500156]]]}}, {"type": "Feature", "properties": {"name": null, "name:en": null, "amenity": null, "building": "school", "operator:type": null, "capacity:persons": null, "addr:full": null, "addr:city": null, "source": "microsoft/BuildingFootprints", "osm_id": 1138074267, "osm_type": "ways_poly", "Analysis_Region": "North West"}, "geometry": {"type": "Polygon", "coordinates": [[[5.3058193, 13.049719], [5.3058436, 13.0496397], [5.3060614, 13.0497028], [5.3060371, 13.0497821], [5.3058193, 13.049719]]]}}, {"type": "Feature", "properties": {"name": null, "name:en": null, "amenity": null, "building": "university", "operator:type": null, "capacity:persons": null, "addr:full": null, "addr:city": null, "source": null, "osm_id": 620253752, "osm_type": "ways_poly", "Analysis_Region": "North West"}, "geometry": {"type": "Polygon", "coordinates": [[[4.5170771, 7.5213519], [4.5173145, 7.5213217], [4.5173308, 7.5213583], [4.5173241, 7.5213932], [4.5170905, 7.52142], [4.5170867, 7.5213835], [4.5170771, 7.5213519]]]}}, {"type": "Feature", "properties": {"name": "Africa University of Science and Technology", "name:en": null, "amenity": "university", "building": null, "operator:type": null, "capacity:persons": null, "addr:full": null, "addr:city": null, "source": null, "osm_id": 1009901077, "osm_type": "ways_poly", "Analysis_Region": "North West"}, "geometry": {"type": "Polygon", "coordinates": [[[7.4246771, 8.9979094], [7.4254717, 8.9972915], [7.4255022, 8.9972779], [7.4255267, 8.9972723], [7.4255582, 8.9972713], [7.4260088, 8.9973061], [7.4260266, 8.9973147], [7.426036, 8.9973229], [7.426043, 8.9973355], [7.4260423, 8.9973716], [7.4259894, 8.9977452], [7.4259773, 8.9977703], [7.4259645, 8.9977856], [7.4259424, 8.9978081], [7.4250559, 8.9984499], [7.4246771, 8.9979094]]]}}, {"type": "Feature", "properties": {"name": "Landmark University", "name:en": null, "amenity": "university", "building": null, "operator:type": null, "capacity:persons": null, "addr:full": null, "addr:city": null, "source": null, "osm_id": 1009828017, "osm_type": "ways_poly", "Analysis_Region": "North West"}, "geometry": {"type": "Polygon", "coordinates": [[[5.0653791, 8.1169929], [5.0655639, 8.1166462], [5.0659363, 8.1159717], [5.0663803, 8.1156249], [5.0664907, 8.1155321], [5.0671389, 8.1153355], [5.0678257, 8.1147757], [5.0692158, 8.1147074], [5.069009, 8.1143251], [5.0695523, 8.1141613], [5.0701702, 8.1139701], [5.0711135, 8.1133721], [5.0715631, 8.113039], [5.0721037, 8.1127113], [5.0731711, 8.1123618], [5.0733339, 8.1131946], [5.0734966, 8.1144917], [5.0735435, 8.1149013], [5.0736704, 8.115401], [5.0739766, 8.1166489], [5.0740759, 8.1169056], [5.0741724, 8.117225], [5.0741945, 8.1173752], [5.074473, 8.1175445], [5.0755791, 8.1177357], [5.0762907, 8.117864], [5.0778877, 8.1187924], [5.0791786, 8.1180552], [5.0809687, 8.1175391], [5.0810115, 8.1158857], [5.0817383, 8.1158516], [5.0837132, 8.115756], [5.0842689, 8.116552], [5.0849875, 8.1175595], [5.0854826, 8.1182668], [5.0859984, 8.1189931], [5.0863983, 8.1195611], [5.0868851, 8.1202478], [5.0874313, 8.1206219], [5.0881746, 8.1211148], [5.0889207, 8.1216118], [5.0901564, 8.1224077], [5.0913866, 8.1230986], [5.092341, 8.1229675], [5.0925589, 8.1233115], [5.0947903, 8.1231832], [5.0949999, 8.1231204], [5.0955102, 8.1231559], [5.0955488, 8.123403], [5.0953461, 8.1237389], [5.0953695, 8.1238754], [5.095004, 8.1239559], [5.0950211, 8.1240094], [5.0950485, 8.1240976], [5.0950723, 8.124092], [5.0950901, 8.1241653], [5.0950582, 8.1241729], [5.0950774, 8.1242792], [5.0950838, 8.1243115], [5.0954548, 8.1242563], [5.0954917, 8.1244077], [5.0958122, 8.1246161], [5.0958384, 8.1247287], [5.0955132, 8.1248046], [5.0929257, 8.1258428], [5.0931381, 8.1263643], [5.0923851, 8.1276668], [5.0911411, 8.1280518], [5.0887994, 8.1285979], [5.0860577, 8.1270306], [5.0847282, 8.1262769], [5.0831164, 8.1270935], [5.0813807, 8.1285188], [5.0805164, 8.1292256], [5.0798917, 8.129093], [5.0787737, 8.1285536], [5.0781255, 8.1287954], [5.0771907, 8.1282979], [5.0755701, 8.1284444], [5.0739918, 8.1287094], [5.0734399, 8.128342], [5.0726249, 8.1284978], [5.0717148, 8.1287631], [5.0704219, 8.1297627], [5.0697233, 8.1299277], [5.0687773, 8.1296082], [5.0683718, 8.1290512], [5.0681705, 8.1287808], [5.0680712, 8.1277951], [5.0677788, 8.1251246], [5.0677043, 8.1235982], [5.0671444, 8.1223831], [5.0671637, 8.1221565], [5.0671885, 8.1220391], [5.0673319, 8.1219217], [5.0668051, 8.1215203], [5.0663831, 8.1213728], [5.0662755, 8.121108], [5.0660218, 8.1201004], [5.0655584, 8.1188661], [5.0654536, 8.118634], [5.0655915, 8.1182927], [5.0653791, 8.1169929]]]}}, {"type": "Feature", "properties": {"name": "Premiere Academy (School Number 1)", "name:en": null, "amenity": "school", "building": null, "operator:type": null, "capacity:persons": null, "addr:full": null, "addr:city": "Lugbe, Abuja", "source": null, "osm_id": 520160191, "osm_type": "ways_poly", "Analysis_Region": "North West"}, "geometry": {"type": "Polygon", "coordinates": [[[7.3539131, 8.9860265], [7.3543418, 8.9857874], [7.3545051, 8.9856975], [7.3550368, 8.9857163], [7.3552019, 8.9857177], [7.3559074, 8.9857467], [7.3558766, 8.9866751], [7.3558338, 8.98693], [7.3558053, 8.98698], [7.3554019, 8.9875909], [7.3551961, 8.9879037], [7.3550499, 8.9881163], [7.3548691, 8.9879543], [7.3547668, 8.9877981], [7.3547062, 8.9876944], [7.3546346, 8.9875774], [7.3545482, 8.9874395], [7.3542088, 8.9868299], [7.3539131, 8.9860265]]]}}, {"type": "Feature", "properties": {"name": null, "name:en": null, "amenity": null, "building": "school", "operator:type": null, "capacity:persons": null, "addr:full": null, "addr:city": null, "source": null, "osm_id": 927070380, "osm_type": "ways_poly", "Analysis_Region": "North West"}, "geometry": {"type": "Polygon", "coordinates": [[[7.427611, 8.9934643], [7.4276187, 8.9934022], [7.4277576, 8.9934189], [7.4277499, 8.993481], [7.427611, 8.9934643]]]}}, {"type": "Feature", "properties": {"name": "Nabel International College", "name:en": null, "amenity": "school", "building": null, "operator:type": "private", "capacity:persons": null, "addr:full": null, "addr:city": null, "source": null, "osm_id": 1005807029, "osm_type": "ways_poly", "Analysis_Region": "North West"}, "geometry": {"type": "Polygon", "coordinates": [[[7.4259948, 8.987008], [7.4260341, 8.9868588], [7.4263074, 8.9869292], [7.4262929, 8.9869842], [7.4262681, 8.9870784], [7.4262233, 8.9870669], [7.4259948, 8.987008]]]}}, {"type": "Feature", "properties": {"name": "Faith Field Academy", "name:en": null, "amenity": "school", "building": null, "operator:type": "private", "capacity:persons": null, "addr:full": null, "addr:city": null, "source": "Nigerian Red Cross Society", "osm_id": 1005809157, "osm_type": "ways_poly", "Analysis_Region": "North West"}, "geometry": {"type": "Polygon", "coordinates": [[[7.4265112, 8.9887183], [7.4265483, 8.9886092], [7.4267027, 8.9886605], [7.4266656, 8.9887696], [7.4265112, 8.9887183]]]}}, {"type": "Feature", "properties": {"name": "Destiny Christian Academy", "name:en": null, "amenity": "school", "building": "yes", "operator:type": null, "capacity:persons": null, "addr:full": null, "addr:city": null, "source": null, "osm_id": 928357623, "osm_type": "ways_poly", "Analysis_Region": "North West"}, "geometry": {"type": "Polygon", "coordinates": [[[7.4262269, 8.9900113], [7.4262769, 8.9900082], [7.4263858, 8.9900014], [7.4264387, 8.9899981], [7.4265005, 8.9899942], [7.4265074, 8.9901024], [7.426475, 8.9901044], [7.4262338, 8.9901194], [7.4262269, 8.9900113]]]}}, {"type": "Feature", "properties": {"name": null, "name:en": null, "amenity": null, "building": "school", "operator:type": null, "capacity:persons": null, "addr:full": null, "addr:city": null, "source": null, "osm_id": 925172509, "osm_type": "ways_poly", "Analysis_Region": "North West"}, "geometry": {"type": "Polygon", "coordinates": [[[7.4258434, 8.9854505], [7.4258439, 8.9853655], [7.4259235, 8.9853659], [7.4259234, 8.9853847], [7.4259385, 8.9853848], [7.4259382, 8.9854244], [7.4259151, 8.9854243], [7.4259149, 8.9854509], [7.4258434, 8.9854505]]]}}, {"type": "Feature", "properties": {"name": null, "name:en": null, "amenity": null, "building": "school", "operator:type": null, "capacity:persons": null, "addr:full": null, "addr:city": null, "source": null, "osm_id": 926160059, "osm_type": "ways_poly", "Analysis_Region": "North West"}, "geometry": {"type": "Polygon", "coordinates": [[[7.426022, 8.9855266], [7.4260268, 8.985494], [7.426087, 8.9855026], [7.4260822, 8.9855352], [7.426022, 8.9855266]]]}}, {"type": "Feature", "properties": {"name": null, "name:en": null, "amenity": null, "building": "school", "operator:type": null, "capacity:persons": null, "addr:full": null, "addr:city": null, "source": null, "osm_id": 926160060, "osm_type": "ways_poly", "Analysis_Region": "North West"}, "geometry": {"type": "Polygon", "coordinates": [[[7.425704, 8.9862169], [7.4257248, 8.9859233], [7.4258155, 8.9859296], [7.4257946, 8.9862231], [7.425704, 8.9862169]]]}}, {"type": "Feature", "properties": {"name": null, "name:en": null, "amenity": null, "building": "school", "operator:type": null, "capacity:persons": null, "addr:full": null, "addr:city": null, "source": null, "osm_id": 926160061, "osm_type": "ways_poly", "Analysis_Region": "North West"}, "geometry": {"type": "Polygon", "coordinates": [[[7.4255171, 8.9863076], [7.4255191, 8.986149], [7.4256074, 8.98615], [7.4256054, 8.9863086], [7.4255171, 8.9863076]]]}}, {"type": "Feature", "properties": {"name": null, "name:en": null, "amenity": null, "building": "school", "operator:type": null, "capacity:persons": null, "addr:full": null, "addr:city": null, "source": null, "osm_id": 926160062, "osm_type": "ways_poly", "Analysis_Region": "North West"}, "geometry": {"type": "Polygon", "coordinates": [[[7.4257214, 8.9864131], [7.4260111, 8.9863398], [7.4260326, 8.9864228], [7.4257429, 8.9864962], [7.4257214, 8.9864131]]]}}, {"type": "Feature", "properties": {"name": null, "name:en": null, "amenity": null, "building": "school", "operator:type": null, "capacity:persons": null, "addr:full": null, "addr:city": null, "source": null, "osm_id": 926160072, "osm_type": "ways_poly", "Analysis_Region": "North West"}, "geometry": {"type": "Polygon", "coordinates": [[[7.4262562, 8.9855075], [7.4262652, 8.9854562], [7.4262984, 8.9854619], [7.4262894, 8.9855132], [7.4262562, 8.9855075]]]}}, {"type": "Feature", "properties": {"name": null, "name:en": null, "amenity": null, "building": "school", "operator:type": null, "capacity:persons": null, "addr:full": null, "addr:city": null, "source": null, "osm_id": 927060612, "osm_type": "ways_poly", "Analysis_Region": "North West"}, "geometry": {"type": "Polygon", "coordinates": [[[7.425727, 8.9858776], [7.4257718, 8.9855761], [7.4258717, 8.9855906], [7.4258268, 8.9858921], [7.425727, 8.9858776]]]}}, {"type": "Feature", "properties": {"name": null, "name:en": null, "amenity": null, "building": "school", "operator:type": null, "capacity:persons": null, "addr:full": null, "addr:city": null, "source": null, "osm_id": 936791291, "osm_type": "ways_poly", "Analysis_Region": "North West"}, "geometry": {"type": "Polygon", "coordinates": [[[7.4255025, 8.9940359], [7.4255227, 8.9938827], [7.4256252, 8.9938962], [7.4256029, 8.994048], [7.4255025, 8.9940359]]]}}, {"type": "Feature", "properties": {"name": null, "name:en": null, "amenity": null, "building": "school", "operator:type": null, "capacity:persons": null, "addr:full": null, "addr:city": null, "source": null, "osm_id": 936790758, "osm_type": "ways_poly", "Analysis_Region": "North West"}, "geometry": {"type": "Polygon", "coordinates": [[[7.4253659, 8.9947209], [7.4253707, 8.9946576], [7.4254484, 8.9946634], [7.4254436, 8.9947267], [7.4253659, 8.9947209]]]}}, {"type": "Feature", "properties": {"name": null, "name:en": null, "amenity": null, "building": "school", "operator:type": null, "capacity:persons": null, "addr:full": null, "addr:city": null, "source": null, "osm_id": 936790757, "osm_type": "ways_poly", "Analysis_Region": "North West"}, "geometry": {"type": "Polygon", "coordinates": [[[7.4253768, 8.9946507], [7.4253904, 8.9944155], [7.425481, 8.9944206], [7.4254674, 8.9946558], [7.4253768, 8.9946507]]]}}, {"type": "Feature", "properties": {"name": null, "name:en": null, "amenity": null, "building": "school", "operator:type": null, "capacity:persons": null, "addr:full": null, "addr:city": null, "source": null, "osm_id": 936791290, "osm_type": "ways_poly", "Analysis_Region": "North West"}, "geometry": {"type": "Polygon", "coordinates": [[[7.4253928, 8.9944036], [7.4254038, 8.9941527], [7.4254993, 8.9941568], [7.4254883, 8.9944077], [7.4253928, 8.9944036]]]}}, {"type": "Feature", "properties": {"name": null, "name:en": null, "amenity": null, "building": "school", "operator:type": null, "capacity:persons": null, "addr:full": null, "addr:city": null, "source": null, "osm_id": 936791293, "osm_type": "ways_poly", "Analysis_Region": "North West"}, "geometry": {"type": "Polygon", "coordinates": [[[7.4257464, 8.9937766], [7.425921, 8.9937699], [7.4259236, 8.9938347], [7.4257489, 8.9938414], [7.4257464, 8.9937766]]]}}, {"type": "Feature", "properties": {"name": null, "name:en": null, "amenity": null, "building": "school", "operator:type": null, "capacity:persons": null, "addr:full": null, "addr:city": null, "source": null, "osm_id": 936791292, "osm_type": "ways_poly", "Analysis_Region": "North West"}, "geometry": {"type": "Polygon", "coordinates": [[[7.4256519, 8.9940549], [7.4256644, 8.9939523], [7.4258188, 8.9939706], [7.4258064, 8.9940732], [7.4256519, 8.9940549]]]}}, {"type": "Feature", "properties": {"name": "White House", "name:en": null, "amenity": null, "building": "university", "operator:type": null, "capacity:persons": null, "addr:full": null, "addr:city": null, "source": null, "osm_id": 617712411, "osm_type": "ways_poly", "Analysis_Region": "North West"}, "geometry": {"type": "Polygon", "coordinates": [[[4.5203606, 7.5196139], [4.5205354, 7.5195858], [4.5205518, 7.5196862], [4.5207971, 7.5196466], [4.5207808, 7.5195476], [4.5213145, 7.5194614], [4.5213278, 7.5195424], [4.5213609, 7.519537], [4.521375, 7.519622], [4.5213467, 7.5196266], [4.5213494, 7.5196432], [4.5209282, 7.5197128], [4.5209315, 7.5197707], [4.5209538, 7.5198379], [4.5209945, 7.5199609], [4.5209891, 7.5200753], [4.5213974, 7.5200078], [4.5214002, 7.520025], [4.5214202, 7.5200217], [4.5214261, 7.520057], [4.5213927, 7.5200624], [4.5214126, 7.5201834], [4.520875, 7.5202703], [4.5208581, 7.5201673], [4.5206643, 7.5201986], [4.5206795, 7.5202909], [4.5204796, 7.5203231], [4.5204485, 7.5201327], [4.5208119, 7.5200742], [4.5207789, 7.5198729], [4.5207602, 7.5197585], [4.520394, 7.5198175], [4.5203606, 7.5196139]]]}}, {"type": "Feature", "properties": {"name": "Veritas University Abuja", "name:en": null, "amenity": "university", "building": null, "operator:type": null, "capacity:persons": null, "addr:full": null, "addr:city": null, "source": null, "osm_id": 357391881, "osm_type": "ways_poly", "Analysis_Region": "North West"}, "geometry": {"type": "Polygon", "coordinates": [[[7.4085134, 9.2891991], [7.4085188, 9.2883573], [7.4087173, 9.286147], [7.4086797, 9.2834153], [7.4131492, 9.2834745], [7.4167004, 9.2845757], [7.419709, 9.28512], [7.4196875, 9.2867453], [7.4196446, 9.2869412], [7.4196768, 9.2876082], [7.4196634, 9.2891064], [7.4196365, 9.2912505], [7.4194863, 9.2913696], [7.4194917, 9.2917561], [7.4196285, 9.292807], [7.4183035, 9.2931405], [7.4179696, 9.2931167], [7.4178368, 9.2930134], [7.4173835, 9.2923967], [7.4168497, 9.2915046], [7.4165305, 9.2909408], [7.4165735, 9.2909051], [7.4165654, 9.2908627], [7.4165346, 9.2908389], [7.4165091, 9.2908488], [7.4163508, 9.2906999], [7.416371, 9.2906761], [7.4163482, 9.2906483], [7.4162851, 9.2906444], [7.4162167, 9.2905782], [7.4162409, 9.2904326], [7.4156535, 9.2894413], [7.414995, 9.2883401], [7.4144666, 9.2875553], [7.4142829, 9.287325], [7.413961, 9.2870457], [7.4137384, 9.2869412], [7.413387, 9.2868022], [7.4129967, 9.2867704], [7.4123383, 9.2868181], [7.4116556, 9.2869345], [7.4110535, 9.287092], [7.4105385, 9.2873852], [7.4098679, 9.2878875], [7.4085134, 9.2891991]]]}}, {"type": "Feature", "properties": {"name": "Fountain University", "name:en": null, "amenity": "university", "building": null, "operator:type": null, "capacity:persons": null, "addr:full": null, "addr:city": "Osogbo", "source": null, "osm_id": 378033206, "osm_type": "ways_poly", "Analysis_Region": "North West"}, "geometry": {"type": "Polygon", "coordinates": [[[4.5434099, 7.743664], [4.5444788, 7.7410986], [4.5458467, 7.7417763], [4.546634, 7.7426968], [4.5469427, 7.7430886], [4.5477095, 7.744256], [4.5479858, 7.7447105], [4.5474574, 7.7450214], [4.5473494, 7.7451822], [4.5474044, 7.7452626], [4.5453438, 7.7463612], [4.5444574, 7.7440078], [4.5434099, 7.743664]]]}}, {"type": "Feature", "properties": {"name": "Al-Hikmah University, Ilorin", "name:en": null, "amenity": "university", "building": null, "operator:type": null, "capacity:persons": null, "addr:full": null, "addr:city": "Ilorin", "source": null, "osm_id": 589644243, "osm_type": "ways_poly", "Analysis_Region": "North West"}, "geometry": {"type": "Polygon", "coordinates": [[[4.5016144, 8.4814771], [4.5017298, 8.4813073], [4.5022206, 8.4809611], [4.5027074, 8.4806056], [4.5036086, 8.479949], [4.5042738, 8.4794423], [4.5049028, 8.4789847], [4.5051295, 8.4796161], [4.5054433, 8.4796001], [4.5058349, 8.4795856], [4.5058362, 8.4797222], [4.5058429, 8.4799716], [4.5058467, 8.4803214], [4.5058402, 8.4806931], [4.5060039, 8.4806951], [4.5060049, 8.4811916], [4.5059824, 8.4816521], [4.5069802, 8.481672], [4.5069949, 8.4822981], [4.5071076, 8.4825104], [4.5069078, 8.4825833], [4.5065296, 8.4827451], [4.5068528, 8.4829666], [4.5064156, 8.4838288], [4.5056914, 8.4834588], [4.5027718, 8.4820209], [4.5016144, 8.4814771]]]}}, {"type": "Feature", "properties": {"name": "Faculty of Social Sciences", "name:en": null, "amenity": null, "building": "university", "operator:type": null, "capacity:persons": null, "addr:full": null, "addr:city": null, "source": null, "osm_id": 617712366, "osm_type": "ways_poly", "Analysis_Region": "North West"}, "geometry": {"type": "Polygon", "coordinates": [[[4.5219571, 7.5214055], [4.5220574, 7.5213907], [4.5220363, 7.5212502], [4.5233375, 7.5210575], [4.5233536, 7.5211642], [4.5234093, 7.5211559], [4.5234192, 7.5212217], [4.5233493, 7.5212321], [4.5233685, 7.5213597], [4.5220881, 7.5215492], [4.5220752, 7.5214637], [4.5219682, 7.5214795], [4.5219571, 7.5214055]]]}}, {"type": "Feature", "properties": {"name": null, "name:en": null, "amenity": null, "building": "university", "operator:type": null, "capacity:persons": null, "addr:full": null, "addr:city": null, "source": null, "osm_id": 619368827, "osm_type": "ways_poly", "Analysis_Region": "North West"}, "geometry": {"type": "Polygon", "coordinates": [[[4.5166956, 7.5184236], [4.5170196, 7.518372], [4.5170324, 7.5184512], [4.5167084, 7.5185027], [4.5166956, 7.5184236]]]}}, {"type": "Feature", "properties": {"name": null, "name:en": null, "amenity": null, "building": "university", "operator:type": null, "capacity:persons": null, "addr:full": null, "addr:city": null, "source": null, "osm_id": 619368833, "osm_type": "ways_poly", "Analysis_Region": "North West"}, "geometry": {"type": "Polygon", "coordinates": [[[4.5166499, 7.5174175], [4.5169887, 7.5173735], [4.5170009, 7.5174654], [4.516662, 7.5175095], [4.5166499, 7.5174175]]]}}, {"type": "Feature", "properties": {"name": null, "name:en": null, "amenity": null, "building": "university", "operator:type": null, "capacity:persons": null, "addr:full": null, "addr:city": null, "source": null, "osm_id": 619368834, "osm_type": "ways_poly", "Analysis_Region": "North West"}, "geometry": {"type": "Polygon", "coordinates": [[[4.5166093, 7.5172096], [4.5168635, 7.5171589], [4.5169427, 7.5171431], [4.5169611, 7.5172335], [4.5166277, 7.5173], [4.5166093, 7.5172096]]]}}, {"type": "Feature", "properties": {"name": null, "name:en": null, "amenity": null, "building": "university", "operator:type": null, "capacity:persons": null, "addr:full": null, "addr:city": null, "source": null, "osm_id": 618217511, "osm_type": "ways_poly", "Analysis_Region": "North West"}, "geometry": {"type": "Polygon", "coordinates": [[[4.5138688, 7.5197776], [4.5144265, 7.519682], [4.5144436, 7.51978], [4.5138859, 7.5198756], [4.5138688, 7.5197776]]]}}, {"type": "Feature", "properties": {"name": null, "name:en": null, "amenity": null, "building": "university", "operator:type": null, "capacity:persons": null, "addr:full": null, "addr:city": null, "source": null, "osm_id": 619368831, "osm_type": "ways_poly", "Analysis_Region": "North West"}, "geometry": {"type": "Polygon", "coordinates": [[[4.516717, 7.5178375], [4.5170604, 7.5177815], [4.5170756, 7.5178731], [4.5167322, 7.5179291], [4.516717, 7.5178375]]]}}, {"type": "Feature", "properties": {"name": null, "name:en": null, "amenity": null, "building": "university", "operator:type": null, "capacity:persons": null, "addr:full": null, "addr:city": null, "source": null, "osm_id": 619368835, "osm_type": "ways_poly", "Analysis_Region": "North West"}, "geometry": {"type": "Polygon", "coordinates": [[[4.5165801, 7.5169814], [4.5169, 7.516923], [4.516917, 7.5170145], [4.5165971, 7.5170729], [4.5165801, 7.5169814]]]}}, {"type": "Feature", "properties": {"name": "American University of Nigeria", "name:en": null, "amenity": "university", "building": null, "operator:type": null, "capacity:persons": null, "addr:full": null, "addr:city": null, "source": null, "osm_id": 432890703, "osm_type": "ways_poly", "Analysis_Region": "North East"}, "geometry": {"type": "Polygon", "coordinates": [[[12.4961227, 9.197116], [12.4962462, 9.1966183], [12.4982101, 9.1887055], [12.4988901, 9.1859658], [12.499408, 9.1838789], [12.505398, 9.1848178], [12.5035815, 9.1924182], [12.5022155, 9.1981335], [12.5020533, 9.1988123], [12.500008, 9.1982357], [12.4993483, 9.1980498], [12.4993201, 9.1978936], [12.4992852, 9.1978791], [12.4991608, 9.1978444], [12.499127, 9.1978353], [12.4990224, 9.1979068], [12.4976169, 9.1975255], [12.497574, 9.1974514], [12.4975543, 9.1974455], [12.4974158, 9.1974037], [12.497338, 9.1974487], [12.4964951, 9.1972179], [12.4961227, 9.197116]]]}}, {"type": "Feature", "properties": {"name": "Rayfield Chrisitan Academy", "name:en": null, "amenity": null, "building": "school", "operator:type": null, "capacity:persons": null, "addr:full": null, "addr:city": "Jos", "source": null, "osm_id": 1125543333, "osm_type": "ways_poly", "Analysis_Region": "North West"}, "geometry": {"type": "Polygon", "coordinates": [[[8.8944158, 9.8357636], [8.8944666, 9.8356822], [8.8946945, 9.835829], [8.8945788, 9.8360221], [8.8945234, 9.8359885], [8.8944958, 9.8359718], [8.8945682, 9.8358558], [8.8944158, 9.8357636]]]}}, {"type": "Feature", "properties": {"name": "First Class Grammar School", "name:en": null, "amenity": "school", "building": null, "operator:type": null, "capacity:persons": null, "addr:full": null, "addr:city": null, "source": null, "osm_id": 1255053799, "osm_type": "ways_poly", "Analysis_Region": "North West"}, "geometry": {"type": "Polygon", "coordinates": [[[4.52675, 7.7764383], [4.5274738, 7.7758601], [4.527775, 7.7762524], [4.5269224, 7.7767067], [4.52675, 7.7764383]]]}}, {"type": "Feature", "properties": {"name": "GGSS Maimuna Gwarzo", "name:en": null, "amenity": "school", "building": null, "operator:type": null, "capacity:persons": null, "addr:full": null, "addr:city": null, "source": null, "osm_id": 39657525, "osm_type": "ways_poly", "Analysis_Region": "North West"}, "geometry": {"type": "Polygon", "coordinates": [[[7.4077476, 10.5249106], [7.4077503, 10.5246577], [7.4077825, 10.5244425], [7.407783, 10.5242121], [7.4077963, 10.5240509], [7.4079858, 10.52407], [7.408068, 10.5239842], [7.4082208, 10.524103], [7.4084371, 10.5241974], [7.4087382, 10.5242844], [7.4089287, 10.524276], [7.4092309, 10.5244398], [7.4091092, 10.5248117], [7.4089938, 10.5251384], [7.4086298, 10.525123], [7.4080315, 10.5250581], [7.4077978, 10.5250411], [7.4078093, 10.5249489], [7.4077476, 10.5249106]]]}}, {"type": "Feature", "properties": {"name": "Nigeria Police Training School", "name:en": null, "amenity": "college", "building": null, "operator:type": null, "capacity:persons": null, "addr:full": null, "addr:city": null, "source": null, "osm_id": 38876202, "osm_type": "ways_poly", "Analysis_Region": "North West"}, "geometry": {"type": "Polygon", "coordinates": [[[7.4368383, 10.5066487], [7.4370766, 10.5043718], [7.4396227, 10.5050015], [7.4422512, 10.5054725], [7.4460858, 10.5060727], [7.4498877, 10.5067603], [7.4494408, 10.5090674], [7.4471148, 10.5129999], [7.4437509, 10.5125515], [7.443827, 10.5121004], [7.4439906, 10.5117341], [7.4429005, 10.5115569], [7.4431292, 10.5102095], [7.441649, 10.5099163], [7.4372912, 10.5092662], [7.4371128, 10.5088471], [7.4368383, 10.5066487]]]}}, {"type": "Feature", "properties": {"name": null, "name:en": null, "amenity": null, "building": "school", "operator:type": null, "capacity:persons": null, "addr:full": null, "addr:city": null, "source": null, "osm_id": 759702385, "osm_type": "ways_poly", "Analysis_Region": "North West"}, "geometry": {"type": "Polygon", "coordinates": [[[6.4509852, 9.5313539], [6.4510506, 9.531303], [6.4512296, 9.5315267], [6.4511641, 9.5315776], [6.4509852, 9.5313539]]]}}, {"type": "Feature", "properties": {"name": null, "name:en": null, "amenity": null, "building": "school", "operator:type": null, "capacity:persons": null, "addr:full": null, "addr:city": null, "source": null, "osm_id": 1254541588, "osm_type": "ways_poly", "Analysis_Region": "North West"}, "geometry": {"type": "Polygon", "coordinates": [[[6.4509981, 9.5312103], [6.4510841, 9.5311263], [6.4511468, 9.5311887], [6.4510608, 9.5312727], [6.4509981, 9.5312103]]]}}, {"type": "Feature", "properties": {"name": null, "name:en": null, "amenity": null, "building": "school", "operator:type": null, "capacity:persons": null, "addr:full": null, "addr:city": null, "source": null, "osm_id": 1254541589, "osm_type": "ways_poly", "Analysis_Region": "North West"}, "geometry": {"type": "Polygon", "coordinates": [[[6.4511824, 9.5312068], [6.4512395, 9.5311642], [6.4514055, 9.5313802], [6.4513484, 9.5314228], [6.4511824, 9.5312068]]]}}, {"type": "Feature", "properties": {"name": null, "name:en": null, "amenity": "university", "building": null, "operator:type": null, "capacity:persons": null, "addr:full": null, "addr:city": null, "source": null, "osm_id": 491206923, "osm_type": "ways_poly", "Analysis_Region": "North West"}, "geometry": {"type": "Polygon", "coordinates": [[[7.4104668, 10.5252517], [7.4115068, 10.5231299], [7.4124427, 10.5203286], [7.4171803, 10.5219645], [7.4182055, 10.5223103], [7.416959, 10.523162], [7.4169714, 10.5242651], [7.4170653, 10.5248477], [7.4146077, 10.52528], [7.4142348, 10.5260007], [7.4133427, 10.5263036], [7.4126548, 10.5262337], [7.4118437, 10.5262947], [7.4113265, 10.5263519], [7.4113067, 10.5253835], [7.4104668, 10.5252517]]]}}, {"type": "Feature", "properties": {"name": null, "name:en": null, "amenity": "school", "building": null, "operator:type": null, "capacity:persons": null, "addr:full": null, "addr:city": null, "source": null, "osm_id": 1253959935, "osm_type": "ways_poly", "Analysis_Region": "North West"}, "geometry": {"type": "Polygon", "coordinates": [[[7.4422546, 10.5576858], [7.4424311, 10.5561068], [7.442634, 10.5561491], [7.4428406, 10.5562018], [7.4431277, 10.5562667], [7.443434, 10.5563579], [7.4434144, 10.5565339], [7.4433881, 10.5569472], [7.4433369, 10.5577523], [7.4422546, 10.5576858]]]}}, {"type": "Feature", "properties": {"name": null, "name:en": null, "amenity": null, "building": "school", "operator:type": null, "capacity:persons": null, "addr:full": null, "addr:city": null, "source": null, "osm_id": 1253420571, "osm_type": "ways_poly", "Analysis_Region": "North West"}, "geometry": {"type": "Polygon", "coordinates": [[[7.4738157, 9.0086683], [7.4738243, 9.0084221], [7.4738483, 9.0084239], [7.4738511, 9.0083842], [7.4738713, 9.0083605], [7.4738837, 9.0083586], [7.4741417, 9.0083643], [7.4741369, 9.0084315], [7.4741637, 9.0084344], [7.4741599, 9.0086787], [7.474133, 9.0086815], [7.474133, 9.0086967], [7.4738415, 9.0086863], [7.4738406, 9.0086683], [7.4738157, 9.0086683]]]}}, {"type": "Feature", "properties": {"name": null, "name:en": null, "amenity": null, "building": "school", "operator:type": null, "capacity:persons": null, "addr:full": null, "addr:city": null, "source": null, "osm_id": 1253420572, "osm_type": "ways_poly", "Analysis_Region": "North West"}, "geometry": {"type": "Polygon", "coordinates": [[[7.4746727, 9.0089692], [7.4746752, 9.0088459], [7.4749245, 9.0088531], [7.4749259, 9.0091472], [7.4746742, 9.0091444], [7.4746727, 9.0089692]]]}}, {"type": "Feature", "properties": {"name": null, "name:en": null, "amenity": null, "building": "school", "operator:type": null, "capacity:persons": null, "addr:full": null, "addr:city": null, "source": null, "osm_id": 1253420573, "osm_type": "ways_poly", "Analysis_Region": "North West"}, "geometry": {"type": "Polygon", "coordinates": [[[7.4746799, 9.0092784], [7.4746823, 9.0091704], [7.4749729, 9.009179], [7.4749698, 9.0092854], [7.4746799, 9.0092784]]]}}, {"type": "Feature", "properties": {"name": null, "name:en": null, "amenity": null, "building": "school", "operator:type": null, "capacity:persons": null, "addr:full": null, "addr:city": null, "source": null, "osm_id": 1253420574, "osm_type": "ways_poly", "Analysis_Region": "North West"}, "geometry": {"type": "Polygon", "coordinates": [[[7.4746752, 9.0094763], [7.4746791, 9.0093722], [7.4749714, 9.0093769], [7.4749714, 9.0094817], [7.4746752, 9.0094763]]]}}, {"type": "Feature", "properties": {"name": null, "name:en": null, "amenity": "school", "building": "yes", "operator:type": null, "capacity:persons": null, "addr:full": null, "addr:city": null, "source": null, "osm_id": 1127576870, "osm_type": "ways_poly", "Analysis_Region": "North West"}, "geometry": {"type": "Polygon", "coordinates": [[[7.9076541, 8.7729319], [7.9079047, 8.7728551], [7.9079315, 8.7729405], [7.907681, 8.7730174], [7.9076541, 8.7729319]]]}}, {"type": "Feature", "properties": {"name": "National Open University of Nigeria", "name:en": null, "amenity": "university", "building": null, "operator:type": null, "capacity:persons": null, "addr:full": null, "addr:city": null, "source": null, "osm_id": 670255155, "osm_type": "ways_poly", "Analysis_Region": "North West"}, "geometry": {"type": "Polygon", "coordinates": [[[7.4061692, 9.019615], [7.4066278, 9.018815], [7.4072434, 9.0176759], [7.4077943, 9.0180037], [7.4078122, 9.0180647], [7.4079076, 9.0180988], [7.4081262, 9.0181735], [7.4082828, 9.0180057], [7.4085912, 9.0179713], [7.4097566, 9.0202839], [7.4102287, 9.0211965], [7.4104325, 9.0215991], [7.41045, 9.0219051], [7.4104433, 9.0225422], [7.4104473, 9.0228097], [7.4104956, 9.0237289], [7.4102528, 9.0237488], [7.4100852, 9.0237382], [7.4099551, 9.0237263], [7.4098451, 9.0237051], [7.4097352, 9.0236601], [7.4096896, 9.0236018], [7.40964, 9.0235607], [7.4094911, 9.0234442], [7.4093033, 9.0233038], [7.4092416, 9.0232389], [7.4091893, 9.0231435], [7.4091303, 9.0230852], [7.4089801, 9.0229621], [7.4089064, 9.0229422], [7.4088447, 9.0229448], [7.4087428, 9.0229726], [7.4086408, 9.0230071], [7.4080574, 9.0227157], [7.4076994, 9.0225117], [7.407513, 9.0224058], [7.4073158, 9.0222018], [7.4071401, 9.0219607], [7.4069296, 9.021525], [7.4066868, 9.0210004], [7.4065326, 9.0206283], [7.4061692, 9.019615]]]}}, {"type": "Feature", "properties": {"name": null, "name:en": null, "amenity": null, "building": "school", "operator:type": null, "capacity:persons": null, "addr:full": null, "addr:city": null, "source": null, "osm_id": 1123694512, "osm_type": "ways_poly", "Analysis_Region": "North East"}, "geometry": {"type": "Polygon", "coordinates": [[[12.4868307, 9.207685], [12.4870271, 9.2076376], [12.4870408, 9.207695], [12.4868439, 9.2077394], [12.4868307, 9.207685]]]}}, {"type": "Feature", "properties": {"name": null, "name:en": null, "amenity": null, "building": "school", "operator:type": null, "capacity:persons": null, "addr:full": null, "addr:city": null, "source": null, "osm_id": 1123694513, "osm_type": "ways_poly", "Analysis_Region": "North East"}, "geometry": {"type": "Polygon", "coordinates": [[[12.4865875, 9.2075121], [12.4866761, 9.2074911], [12.4867292, 9.2077091], [12.4868307, 9.207685], [12.4868439, 9.2077394], [12.4867243, 9.2077678], [12.4867586, 9.2079087], [12.486688, 9.2079254], [12.4865875, 9.2075121]]]}}, {"type": "Feature", "properties": {"name": null, "name:en": null, "amenity": null, "building": "school", "operator:type": null, "capacity:persons": null, "addr:full": null, "addr:city": null, "source": null, "osm_id": 1123694511, "osm_type": "ways_poly", "Analysis_Region": "North East"}, "geometry": {"type": "Polygon", "coordinates": [[[12.4866178, 9.2074], [12.4869778, 9.2073761], [12.4869823, 9.2074417], [12.4866222, 9.2074655], [12.4866178, 9.2074]]]}}, {"type": "Feature", "properties": {"name": null, "name:en": null, "amenity": null, "building": "school", "operator:type": null, "capacity:persons": null, "addr:full": null, "addr:city": null, "source": null, "osm_id": 1123694505, "osm_type": "ways_poly", "Analysis_Region": "North East"}, "geometry": {"type": "Polygon", "coordinates": [[[12.4881444, 9.2078788], [12.4881824, 9.207629], [12.4882743, 9.2076426], [12.4882362, 9.2078924], [12.4881444, 9.2078788]]]}}, {"type": "Feature", "properties": {"name": null, "name:en": null, "amenity": null, "building": "school", "operator:type": null, "capacity:persons": null, "addr:full": null, "addr:city": null, "source": null, "osm_id": 1123694506, "osm_type": "ways_poly", "Analysis_Region": "North East"}, "geometry": {"type": "Polygon", "coordinates": [[[12.4870861, 9.2076229], [12.4872849, 9.2075752], [12.4872983, 9.2076299], [12.4870996, 9.2076776], [12.4870861, 9.2076229]]]}}, {"type": "Feature", "properties": {"name": null, "name:en": null, "amenity": null, "building": "school", "operator:type": null, "capacity:persons": null, "addr:full": null, "addr:city": null, "source": null, "osm_id": 1123694507, "osm_type": "ways_poly", "Analysis_Region": "North East"}, "geometry": {"type": "Polygon", "coordinates": [[[12.4872543, 9.2073523], [12.4873464, 9.2073502], [12.4873473, 9.2073889], [12.4872551, 9.2073909], [12.4872543, 9.2073523]]]}}, {"type": "Feature", "properties": {"name": null, "name:en": null, "amenity": null, "building": "school", "operator:type": null, "capacity:persons": null, "addr:full": null, "addr:city": null, "source": null, "osm_id": 1123694508, "osm_type": "ways_poly", "Analysis_Region": "North East"}, "geometry": {"type": "Polygon", "coordinates": [[[12.4870071, 9.2073973], [12.4870141, 9.2073396], [12.4871414, 9.2073466], [12.4871356, 9.2074076], [12.4870071, 9.2073973]]]}}, {"type": "Feature", "properties": {"name": null, "name:en": null, "amenity": null, "building": "school", "operator:type": null, "capacity:persons": null, "addr:full": null, "addr:city": null, "source": null, "osm_id": 1123694478, "osm_type": "ways_poly", "Analysis_Region": "North East"}, "geometry": {"type": "Polygon", "coordinates": [[[12.4874278, 9.2068054], [12.4876035, 9.2068037], [12.4876041, 9.2068567], [12.4874284, 9.2068579], [12.4874278, 9.2068054]]]}}, {"type": "Feature", "properties": {"name": null, "name:en": null, "amenity": null, "building": "school", "operator:type": null, "capacity:persons": null, "addr:full": null, "addr:city": null, "source": null, "osm_id": 1115073449, "osm_type": "ways_poly", "Analysis_Region": "North East"}, "geometry": {"type": "Polygon", "coordinates": [[[12.4878357, 9.2065041], [12.4881343, 9.2065027], [12.4881328, 9.2065918], [12.4878382, 9.2065964], [12.4878357, 9.2065041]]]}}, {"type": "Feature", "properties": {"name": null, "name:en": null, "amenity": null, "building": "school", "operator:type": null, "capacity:persons": null, "addr:full": null, "addr:city": null, "source": null, "osm_id": 1123694479, "osm_type": "ways_poly", "Analysis_Region": "North East"}, "geometry": {"type": "Polygon", "coordinates": [[[12.4876107, 9.206887], [12.4876355, 9.2068861], [12.4876355, 9.2068564], [12.4876514, 9.2068564], [12.4876461, 9.2068389], [12.4876594, 9.2068389], [12.4876603, 9.2068119], [12.4881372, 9.2068049], [12.4881398, 9.2068896], [12.4881186, 9.2068931], [12.4881168, 9.2069079], [12.488092, 9.2069071], [12.488092, 9.2068983], [12.4879903, 9.2069018], [12.4879885, 9.2069149], [12.4879646, 9.2069141], [12.4879646, 9.2069018], [12.4878761, 9.2069044], [12.4878664, 9.2069953], [12.4877682, 9.2069979], [12.4877655, 9.2069289], [12.4877381, 9.2069298], [12.4877408, 9.2069193], [12.4877275, 9.2069184], [12.4877257, 9.2069359], [12.487701, 9.2069341], [12.4877001, 9.2069175], [12.4876107, 9.2069184], [12.4876107, 9.206887]]]}}, {"type": "Feature", "properties": {"name": null, "name:en": null, "amenity": null, "building": "school", "operator:type": null, "capacity:persons": null, "addr:full": null, "addr:city": null, "source": null, "osm_id": 1123694495, "osm_type": "ways_poly", "Analysis_Region": "North East"}, "geometry": {"type": "Polygon", "coordinates": [[[12.4881508, 9.2069452], [12.4883855, 9.2069333], [12.4883882, 9.2070273], [12.4881562, 9.2070379], [12.4881508, 9.2069452]]]}}, {"type": "Feature", "properties": {"name": null, "name:en": null, "amenity": null, "building": "school", "operator:type": null, "capacity:persons": null, "addr:full": null, "addr:city": null, "source": null, "osm_id": 1123696355, "osm_type": "ways_poly", "Analysis_Region": "North East"}, "geometry": {"type": "Polygon", "coordinates": [[[12.4881999, 9.2068076], [12.4884132, 9.2068023], [12.4884172, 9.2068831], [12.4882013, 9.2068897], [12.4881999, 9.2068076]]]}}, {"type": "Feature", "properties": {"name": null, "name:en": null, "amenity": null, "building": "school", "operator:type": null, "capacity:persons": null, "addr:full": null, "addr:city": null, "source": null, "osm_id": 1123694526, "osm_type": "ways_poly", "Analysis_Region": "North East"}, "geometry": {"type": "Polygon", "coordinates": [[[12.4862132, 9.2065098], [12.4862413, 9.206315], [12.4863253, 9.2063242], [12.4862976, 9.2065229], [12.4862132, 9.2065098]]]}}, {"type": "Feature", "properties": {"name": null, "name:en": null, "amenity": null, "building": "school", "operator:type": null, "capacity:persons": null, "addr:full": null, "addr:city": null, "source": null, "osm_id": 1123694528, "osm_type": "ways_poly", "Analysis_Region": "North East"}, "geometry": {"type": "Polygon", "coordinates": [[[12.4866114, 9.2068774], [12.4866207, 9.2066296], [12.4866791, 9.2066308], [12.4866662, 9.2068797], [12.4866114, 9.2068774]]]}}, {"type": "Feature", "properties": {"name": null, "name:en": null, "amenity": null, "building": "school", "operator:type": null, "capacity:persons": null, "addr:full": null, "addr:city": null, "source": null, "osm_id": 1123694518, "osm_type": "ways_poly", "Analysis_Region": "North East"}, "geometry": {"type": "Polygon", "coordinates": [[[12.4859225, 9.2069719], [12.4860113, 9.2069708], [12.4860089, 9.2069592], [12.4859237, 9.2069523], [12.4859272, 9.2068613], [12.4861082, 9.2068567], [12.4861047, 9.2070457], [12.4859225, 9.2070411], [12.4859225, 9.2069719]]]}}, {"type": "Feature", "properties": {"name": null, "name:en": null, "amenity": null, "building": "school", "operator:type": null, "capacity:persons": null, "addr:full": null, "addr:city": null, "source": null, "osm_id": 1123694519, "osm_type": "ways_poly", "Analysis_Region": "North East"}, "geometry": {"type": "Polygon", "coordinates": [[[12.4861058, 9.2061064], [12.4861117, 9.2060246], [12.4863277, 9.2060361], [12.4863218, 9.2061202], [12.4861058, 9.2061064]]]}}, {"type": "Feature", "properties": {"name": null, "name:en": null, "amenity": null, "building": "school", "operator:type": null, "capacity:persons": null, "addr:full": null, "addr:city": null, "source": null, "osm_id": 1123694525, "osm_type": "ways_poly", "Analysis_Region": "North East"}, "geometry": {"type": "Polygon", "coordinates": [[[12.4862599, 9.2069454], [12.4865098, 9.206935], [12.4865121, 9.2069996], [12.4862634, 9.2070065], [12.4862599, 9.2069454]]]}}, {"type": "Feature", "properties": {"name": "Federal College of Education", "name:en": null, "amenity": "school", "building": null, "operator:type": null, "capacity:persons": null, "addr:full": null, "addr:city": "Yola", "source": null, "osm_id": 670632824, "osm_type": "ways_poly", "Analysis_Region": "North East"}, "geometry": {"type": "Polygon", "coordinates": [[[12.4559855, 9.2479585], [12.4560522, 9.245698], [12.4560832, 9.2446468], [12.4562001, 9.2406809], [12.4561357, 9.2406756], [12.4561375, 9.2405616], [12.4561384, 9.2406014], [12.4561921, 9.238727], [12.4589574, 9.2381287], [12.4596763, 9.2381817], [12.4600249, 9.2385841], [12.4605453, 9.2393942], [12.4610496, 9.2400349], [12.461881, 9.2410832], [12.4621278, 9.2413003], [12.4628252, 9.2417504], [12.4631801, 9.241921], [12.4632705, 9.2419705], [12.4640483, 9.2423381], [12.4649441, 9.2429946], [12.4653464, 9.2432337], [12.4654126, 9.243274], [12.4654928, 9.2433226], [12.465561, 9.24336], [12.4656061, 9.2433926], [12.465623, 9.2434004], [12.4657367, 9.243466], [12.4665862, 9.244051], [12.4668404, 9.2442601], [12.4670657, 9.2443819], [12.4675029, 9.2445858], [12.4721271, 9.2469075], [12.4721484, 9.2470904], [12.4721646, 9.2476541], [12.4721811, 9.2481758], [12.4721962, 9.2486555], [12.4723504, 9.2487253], [12.4720949, 9.2492954], [12.4719688, 9.2498646], [12.4717435, 9.2502484], [12.4716362, 9.2502061], [12.4711427, 9.2512333], [12.4704453, 9.2530493], [12.4703406, 9.2533173], [12.4702967, 9.2534112], [12.470094, 9.2539309], [12.4695817, 9.2538144], [12.4693993, 9.2535894], [12.4693, 9.2535695], [12.4692357, 9.2535576], [12.4691874, 9.2537985], [12.4687877, 9.2536873], [12.4682593, 9.2530308], [12.4673474, 9.2513365], [12.4667734, 9.2511141], [12.4664247, 9.2509023], [12.4661887, 9.250537], [12.4647617, 9.2492557], [12.4642199, 9.2488692], [12.4633402, 9.2483927], [12.462573, 9.2481756], [12.4594134, 9.2480538], [12.4559855, 9.2479585]]]}}, {"type": "Feature", "properties": {"name": "Faculty of Technology", "name:en": null, "amenity": null, "building": "university", "operator:type": null, "capacity:persons": null, "addr:full": null, "addr:city": null, "source": null, "osm_id": 599038666, "osm_type": "ways_poly", "Analysis_Region": "North West"}, "geometry": {"type": "Polygon", "coordinates": [[[4.5280675, 7.5176773], [4.5284641, 7.5176163], [4.5284784, 7.517708], [4.5285073, 7.5177035], [4.5285492, 7.5179715], [4.5285204, 7.5179759], [4.5285294, 7.5180337], [4.5281328, 7.5180947], [4.5280675, 7.5176773]]]}}, {"type": "Feature", "properties": {"name": null, "name:en": null, "amenity": "school", "building": null, "operator:type": null, "capacity:persons": null, "addr:full": null, "addr:city": null, "source": null, "osm_id": 1248092299, "osm_type": "ways_poly", "Analysis_Region": "North West"}, "geometry": {"type": "Polygon", "coordinates": [[[7.6004842, 9.0111301], [7.60054, 9.0106049], [7.6010532, 9.0106784], [7.6010107, 9.010857], [7.6010771, 9.0108649], [7.6010824, 9.0109962], [7.6011489, 9.0109962], [7.6011383, 9.0110645], [7.6011941, 9.0110776], [7.6011915, 9.0112325], [7.6009548, 9.0111958], [7.6004842, 9.0111301]]]}}, {"type": "Feature", "properties": {"name": "GGSS Doka", "name:en": null, "amenity": null, "building": "school", "operator:type": null, "capacity:persons": null, "addr:full": null, "addr:city": null, "source": null, "osm_id": 104425334, "osm_type": "ways_poly", "Analysis_Region": "North West"}, "geometry": {"type": "Polygon", "coordinates": [[[7.4326312, 10.5015637], [7.4328048, 10.5007619], [7.4328933, 10.500769], [7.4328078, 10.5011548], [7.4328976, 10.5011728], [7.4328789, 10.5012625], [7.4327892, 10.5012445], [7.4327382, 10.501489], [7.4334897, 10.5016403], [7.4335055, 10.5015644], [7.4335937, 10.5015821], [7.4335778, 10.5016581], [7.4336625, 10.5016751], [7.4336433, 10.5017673], [7.4326312, 10.5015637]]]}}, {"type": "Feature", "properties": {"name": null, "name:en": null, "amenity": null, "building": "school", "operator:type": null, "capacity:persons": null, "addr:full": null, "addr:city": null, "source": null, "osm_id": 1245385738, "osm_type": "ways_poly", "Analysis_Region": "North West"}, "geometry": {"type": "Polygon", "coordinates": [[[7.4268155, 10.5466071], [7.4268638, 10.5466071], [7.4268638, 10.5466598], [7.4268155, 10.5466598], [7.4268155, 10.5466071]]]}}, {"type": "Feature", "properties": {"name": null, "name:en": null, "amenity": null, "building": "school", "operator:type": null, "capacity:persons": null, "addr:full": null, "addr:city": null, "source": null, "osm_id": 1245385741, "osm_type": "ways_poly", "Analysis_Region": "North West"}, "geometry": {"type": "Polygon", "coordinates": [[[7.4270107, 10.5470225], [7.4270394, 10.5469407], [7.4273653, 10.5470514], [7.4273366, 10.5471332], [7.4270107, 10.5470225]]]}}, {"type": "Feature", "properties": {"name": null, "name:en": null, "amenity": null, "building": "school", "operator:type": null, "capacity:persons": null, "addr:full": null, "addr:city": null, "source": null, "osm_id": 1245385753, "osm_type": "ways_poly", "Analysis_Region": "North West"}, "geometry": {"type": "Polygon", "coordinates": [[[7.4276175, 10.5460652], [7.4277851, 10.5460309], [7.4278029, 10.5461152], [7.4277783, 10.5461202], [7.4278201, 10.5463182], [7.4276763, 10.5463476], [7.4276683, 10.5463095], [7.4277214, 10.5462987], [7.4276877, 10.5461388], [7.4276353, 10.5461495], [7.4276175, 10.5460652]]]}}, {"type": "Feature", "properties": {"name": null, "name:en": null, "amenity": null, "building": "school", "operator:type": null, "capacity:persons": null, "addr:full": null, "addr:city": null, "source": null, "osm_id": 1245385757, "osm_type": "ways_poly", "Analysis_Region": "North West"}, "geometry": {"type": "Polygon", "coordinates": [[[7.4268343, 10.5462261], [7.4271065, 10.5461615], [7.4271293, 10.5462542], [7.426857, 10.5463188], [7.4268343, 10.5462261]]]}}, {"type": "Feature", "properties": {"name": null, "name:en": null, "amenity": null, "building": "school", "operator:type": null, "capacity:persons": null, "addr:full": null, "addr:city": null, "source": null, "osm_id": 1245385737, "osm_type": "ways_poly", "Analysis_Region": "North West"}, "geometry": {"type": "Polygon", "coordinates": [[[7.4268182, 10.546528], [7.4268592, 10.5465276], [7.4268599, 10.5465935], [7.4268188, 10.5465939], [7.4268182, 10.546528]]]}}, {"type": "Feature", "properties": {"name": null, "name:en": null, "amenity": null, "building": "school", "operator:type": null, "capacity:persons": null, "addr:full": null, "addr:city": null, "source": null, "osm_id": 1245385739, "osm_type": "ways_poly", "Analysis_Region": "North West"}, "geometry": {"type": "Polygon", "coordinates": [[[7.4268155, 10.546677], [7.4268588, 10.5466761], [7.4268601, 10.546738], [7.4268168, 10.5467389], [7.4268155, 10.546677]]]}}, {"type": "Feature", "properties": {"name": null, "name:en": null, "amenity": null, "building": "school", "operator:type": null, "capacity:persons": null, "addr:full": null, "addr:city": null, "source": null, "osm_id": 1245385740, "osm_type": "ways_poly", "Analysis_Region": "North West"}, "geometry": {"type": "Polygon", "coordinates": [[[7.4267726, 10.5469328], [7.4268018, 10.5468574], [7.4270096, 10.5469351], [7.4269804, 10.5470105], [7.4267726, 10.5469328]]]}}, {"type": "Feature", "properties": {"name": null, "name:en": null, "amenity": null, "building": "school", "operator:type": null, "capacity:persons": null, "addr:full": null, "addr:city": null, "source": null, "osm_id": 1245385742, "osm_type": "ways_poly", "Analysis_Region": "North West"}, "geometry": {"type": "Polygon", "coordinates": [[[7.4274483, 10.5470646], [7.4278701, 10.5469835], [7.4278857, 10.547062], [7.4274639, 10.547143], [7.4274483, 10.5470646]]]}}, {"type": "Feature", "properties": {"name": null, "name:en": null, "amenity": null, "building": "school", "operator:type": null, "capacity:persons": null, "addr:full": null, "addr:city": null, "source": null, "osm_id": 1245385752, "osm_type": "ways_poly", "Analysis_Region": "North West"}, "geometry": {"type": "Polygon", "coordinates": [[[7.4277543, 10.5464621], [7.4278402, 10.5464469], [7.4279327, 10.5469545], [7.4278468, 10.5469697], [7.4277543, 10.5464621]]]}}, {"type": "Feature", "properties": {"name": null, "name:en": null, "amenity": null, "building": "school", "operator:type": null, "capacity:persons": null, "addr:full": null, "addr:city": null, "source": null, "osm_id": 1245385755, "osm_type": "ways_poly", "Analysis_Region": "North West"}, "geometry": {"type": "Polygon", "coordinates": [[[7.4272356, 10.546139], [7.4275172, 10.546081], [7.427533, 10.5461549], [7.4272513, 10.5462129], [7.4272356, 10.546139]]]}}, {"type": "Feature", "properties": {"name": null, "name:en": null, "amenity": null, "building": "school", "operator:type": null, "capacity:persons": null, "addr:full": null, "addr:city": null, "source": null, "osm_id": 544771415, "osm_type": "ways_poly", "Analysis_Region": "North West"}, "geometry": {"type": "Polygon", "coordinates": [[[5.9856649, 9.0889509], [5.9857593, 9.0888945], [5.9858631, 9.0890642], [5.9857686, 9.0891205], [5.9856649, 9.0889509]]]}}, {"type": "Feature", "properties": {"name": null, "name:en": null, "amenity": null, "building": "school", "operator:type": null, "capacity:persons": null, "addr:full": null, "addr:city": null, "source": null, "osm_id": 544771417, "osm_type": "ways_poly", "Analysis_Region": "North West"}, "geometry": {"type": "Polygon", "coordinates": [[[5.9858959, 9.0886427], [5.9862998, 9.0884177], [5.9863686, 9.0885379], [5.9859646, 9.0887629], [5.9858959, 9.0886427]]]}}, {"type": "Feature", "properties": {"name": null, "name:en": null, "amenity": null, "building": "school", "operator:type": null, "capacity:persons": null, "addr:full": null, "addr:city": null, "source": null, "osm_id": 544771419, "osm_type": "ways_poly", "Analysis_Region": "North West"}, "geometry": {"type": "Polygon", "coordinates": [[[5.9857141, 9.0883336], [5.9861387, 9.0881062], [5.9862051, 9.0882271], [5.9857804, 9.0884544], [5.9857141, 9.0883336]]]}}, {"type": "Feature", "properties": {"name": null, "name:en": null, "amenity": null, "building": "school", "operator:type": null, "capacity:persons": null, "addr:full": null, "addr:city": null, "source": null, "osm_id": 544771407, "osm_type": "ways_poly", "Analysis_Region": "North West"}, "geometry": {"type": "Polygon", "coordinates": [[[5.9849845, 9.0884007], [5.9854838, 9.0881197], [5.9855579, 9.0882482], [5.9850586, 9.088529], [5.9849845, 9.0884007]]]}}, {"type": "Feature", "properties": {"name": "Federal science and technical college", "name:en": null, "amenity": "university", "building": null, "operator:type": null, "capacity:persons": null, "addr:full": null, "addr:city": "usi ekiti", "source": null, "osm_id": 607514501, "osm_type": "ways_poly", "Analysis_Region": "North West"}, "geometry": {"type": "Polygon", "coordinates": [[[5.1696551, 7.8877996], [5.1699126, 7.8864924], [5.17061, 7.8847531], [5.1723802, 7.8854828], [5.1740324, 7.8866412], [5.1734209, 7.8886923], [5.1717687, 7.8883416], [5.1708674, 7.8883735], [5.1696551, 7.8877996]]]}}, {"type": "Feature", "properties": {"name": null, "name:en": null, "amenity": null, "building": "school", "operator:type": null, "capacity:persons": null, "addr:full": null, "addr:city": null, "source": null, "osm_id": 1123969825, "osm_type": "ways_poly", "Analysis_Region": "North East"}, "geometry": {"type": "Polygon", "coordinates": [[[12.4886356, 9.2105715], [12.4886434, 9.2104817], [12.488916, 9.2105045], [12.4889082, 9.2105944], [12.4886356, 9.2105715]]]}}, {"type": "Feature", "properties": {"name": null, "name:en": null, "amenity": null, "building": "university", "operator:type": null, "capacity:persons": null, "addr:full": null, "addr:city": null, "source": null, "osm_id": 848569925, "osm_type": "ways_poly", "Analysis_Region": "North West"}, "geometry": {"type": "Polygon", "coordinates": [[[8.881537, 9.964478], [8.881542, 9.9644552], [8.8815545, 9.9644355], [8.8815732, 9.9644212], [8.8815957, 9.964414], [8.8816193, 9.9644149], [8.8816412, 9.9644237], [8.8816588, 9.9644393], [8.8816698, 9.9644599], [8.8816731, 9.964483], [8.8816681, 9.9645057], [8.8816575, 9.9645224], [8.8816651, 9.9645334], [8.8816922, 9.964528], [8.8817176, 9.9645309], [8.8817344, 9.9645021], [8.881724, 9.9644827], [8.8817202, 9.9644558], [8.881726, 9.9644293], [8.8817407, 9.9644063], [8.8817624, 9.9643896], [8.8817886, 9.9643813], [8.8818162, 9.9643823], [8.8818417, 9.9643925], [8.8818621, 9.9644107], [8.881875, 9.9644347], [8.8818787, 9.9644616], [8.881873, 9.9644881], [8.8818583, 9.9645111], [8.8818366, 9.9645277], [8.8818104, 9.9645361], [8.8817828, 9.964535], [8.8817762, 9.9645324], [8.8817628, 9.9645553], [8.8817731, 9.9645646], [8.8817881, 9.9645909], [8.8817886, 9.9645936], [8.8818106, 9.9645937], [8.8818139, 9.9645783], [8.8818346, 9.9645454], [8.8818656, 9.9645216], [8.8819029, 9.9645095], [8.8819422, 9.9645108], [8.8819786, 9.9645252], [8.8820079, 9.9645511], [8.8820264, 9.9645852], [8.8820319, 9.9646235], [8.8820238, 9.9646614], [8.8820031, 9.9646942], [8.8819722, 9.9647181], [8.8819348, 9.9647301], [8.8818955, 9.9647289], [8.8818591, 9.9647144], [8.8818298, 9.9646886], [8.8818113, 9.9646545], [8.8818108, 9.9646505], [8.8817906, 9.9646504], [8.8817778, 9.9646779], [8.8817651, 9.9646915], [8.8817808, 9.9647201], [8.8817814, 9.9647199], [8.8818104, 9.9647186], [8.881838, 9.9647272], [8.881861, 9.9647446], [8.8818766, 9.9647687], [8.8818829, 9.9647965], [8.8818791, 9.9648249], [8.8818657, 9.9648502], [8.8818443, 9.9648695], [8.8818176, 9.9648804], [8.8817886, 9.9648816], [8.8817609, 9.9648731], [8.8817379, 9.9648557], [8.8817224, 9.9648316], [8.8817161, 9.9648037], [8.8817199, 9.9647754], [8.8817333, 9.9647501], [8.8817337, 9.9647497], [8.8817161, 9.9647178], [8.8817003, 9.9647209], [8.8816757, 9.9647181], [8.8816611, 9.964745], [8.8816712, 9.9647637], [8.8816744, 9.9647868], [8.8816695, 9.9648095], [8.8816569, 9.9648293], [8.8816382, 9.9648436], [8.8816157, 9.9648507], [8.8815921, 9.9648498], [8.8815702, 9.9648411], [8.8815526, 9.9648255], [8.8815416, 9.9648049], [8.8815383, 9.9647818], [8.8815433, 9.964759], [8.8815559, 9.9647393], [8.8815745, 9.964725], [8.881597, 9.9647178], [8.8816139, 9.9647185], [8.8816281, 9.9646922], [8.8816194, 9.9646843], [8.8816044, 9.964658], [8.8815983, 9.9646284], [8.8816019, 9.9645984], [8.8816147, 9.964571], [8.8816268, 9.964558], [8.8816183, 9.9645457], [8.8816144, 9.9645469], [8.8815907, 9.964546], [8.8815688, 9.9645373], [8.8815513, 9.9645217], [8.8815402, 9.9645011], [8.881537, 9.964478]]]}}, {"type": "Feature", "properties": {"name": "University of Jos", "name:en": null, "amenity": "university", "building": null, "operator:type": null, "capacity:persons": null, "addr:full": null, "addr:city": null, "source": null, "osm_id": 180132760, "osm_type": "ways_poly", "Analysis_Region": "North West"}, "geometry": {"type": "Polygon", "coordinates": [[[8.8695616, 9.9633548], [8.8695697, 9.963264], [8.8696146, 9.9628942], [8.8696347, 9.9627343], [8.8696441, 9.9625573], [8.8696481, 9.9624827], [8.8696656, 9.9624041], [8.8697132, 9.9622225], [8.8697843, 9.9620263], [8.8699197, 9.9616354], [8.8699975, 9.9613315], [8.870025, 9.9612477], [8.8700471, 9.9611968], [8.8700947, 9.9611268], [8.8701752, 9.9610086], [8.8702235, 9.9609439], [8.8702483, 9.9608983], [8.8702717, 9.9608263], [8.8702992, 9.9607279], [8.8703204, 9.9606609], [8.8703324, 9.9606384], [8.8703432, 9.9606328], [8.8703804, 9.9606236], [8.8704642, 9.9606453], [8.8706131, 9.9606794], [8.8709631, 9.9607233], [8.8712984, 9.9607543], [8.8714465, 9.9607801], [8.8714781, 9.9607834], [8.8715009, 9.9607807], [8.8715277, 9.9607636], [8.8716489, 9.9603407], [8.871661, 9.9603173], [8.8716744, 9.9603079], [8.8716886, 9.9603052], [8.8718254, 9.9603039], [8.8724383, 9.9602953], [8.8729466, 9.9602748], [8.8734569, 9.9602233], [8.8736902, 9.9601863], [8.8740188, 9.9601427], [8.8742951, 9.9601051], [8.8748711, 9.9600067], [8.8760308, 9.9597362], [8.8760667, 9.959725], [8.8760777, 9.9597273], [8.8760838, 9.9597382], [8.8760854, 9.959759], [8.8760884, 9.959831], [8.8760898, 9.9599978], [8.8762722, 9.9599803], [8.8762702, 9.9597356], [8.8762745, 9.9597211], [8.8762859, 9.9597069], [8.8762993, 9.9597009], [8.8763582, 9.9596899], [8.876754, 9.9595959], [8.8772636, 9.9595147], [8.8779704, 9.9593694], [8.8782711, 9.9593027], [8.8787091, 9.9592249], [8.8787257, 9.9592219], [8.8787275, 9.9592227], [8.8787294, 9.959225], [8.8787303, 9.9592333], [8.8787303, 9.9592423], [8.8787318, 9.9592447], [8.8787347, 9.959246], [8.8787398, 9.9592465], [8.8790721, 9.9591656], [8.8794509, 9.9590883], [8.8796001, 9.959051], [8.8798469, 9.9589975], [8.8803015, 9.9589331], [8.8809778, 9.958804], [8.8814217, 9.9587347], [8.8818604, 9.9586947], [8.8818713, 9.9586998], [8.8818768, 9.9587069], [8.8818782, 9.9587144], [8.8818817, 9.9588773], [8.8818792, 9.958912], [8.8818807, 9.9589203], [8.8818877, 9.9589259], [8.8819063, 9.9589272], [8.8819834, 9.9589271], [8.8819877, 9.9589304], [8.8819899, 9.9589374], [8.8819911, 9.9589714], [8.8819929, 9.9589779], [8.8819978, 9.9589808], [8.8820059, 9.9589834], [8.8823021, 9.9589698], [8.882475, 9.9589671], [8.8824833, 9.9589655], [8.8824897, 9.9589589], [8.8824927, 9.9589505], [8.8824951, 9.9589079], [8.8824976, 9.9589021], [8.8825023, 9.9589004], [8.8825092, 9.9589001], [8.8825772, 9.958899], [8.8825866, 9.9588943], [8.882591, 9.9588881], [8.8825955, 9.958878], [8.8826039, 9.9587713], [8.8826094, 9.9587603], [8.88262, 9.9587525], [8.882632, 9.9587506], [8.8829184, 9.9587584], [8.8831139, 9.9587763], [8.8832902, 9.9588001], [8.8833703, 9.958808], [8.8834602, 9.9588271], [8.8836358, 9.9588753], [8.8839255, 9.9589579], [8.8839684, 9.9589817], [8.8840898, 9.9590857], [8.8841005, 9.9591025], [8.8841186, 9.9592369], [8.884127, 9.959261], [8.8841368, 9.9592703], [8.8841575, 9.9592782], [8.8841994, 9.9592934], [8.8849344, 9.9595873], [8.8849597, 9.9595962], [8.8849659, 9.9596027], [8.8849642, 9.9596119], [8.8849575, 9.9596174], [8.8849257, 9.9596302], [8.8844385, 9.9597874], [8.8843895, 9.9598092], [8.8843721, 9.9598429], [8.8843721, 9.9598918], [8.8843815, 9.9599347], [8.8844217, 9.9600787], [8.8846269, 9.9604974], [8.885673, 9.9629866], [8.8857058, 9.9630467], [8.8857608, 9.9630725], [8.8858346, 9.9630751], [8.8859318, 9.9630612], [8.8863435, 9.9630335], [8.8867623, 9.9630289], [8.8871811, 9.9630527], [8.887623, 9.963087], [8.8878617, 9.9631095], [8.8882037, 9.9631352], [8.8883549, 9.9631458], [8.8884457, 9.9631524], [8.8884595, 9.9631542], [8.8884665, 9.9631613], [8.8884994, 9.9632151], [8.8886811, 9.9635295], [8.8887669, 9.963686], [8.8890781, 9.964217], [8.8893074, 9.9644885], [8.8894985, 9.9646582], [8.8896078, 9.9647414], [8.8897318, 9.9648253], [8.8901925, 9.9651172], [8.8904473, 9.9652077], [8.8907645, 9.9654018], [8.8908543, 9.9654567], [8.890975, 9.9655584], [8.8911434, 9.9656911], [8.8918307, 9.966228], [8.8919768, 9.9663456], [8.8920359, 9.9663984], [8.8920942, 9.9664698], [8.8924013, 9.9669037], [8.8927721, 9.9674465], [8.8928888, 9.9676354], [8.8930041, 9.9678646], [8.8931121, 9.9681208], [8.89333, 9.9686749], [8.8934286, 9.9689853], [8.8935412, 9.9693446], [8.8936767, 9.969686], [8.8937089, 9.969793], [8.8937552, 9.96997], [8.8937578, 9.970042], [8.893733, 9.9702639], [8.8937344, 9.9704621], [8.8937317, 9.9705875], [8.8937733, 9.9708491], [8.8939825, 9.9713866], [8.8940153, 9.9714883], [8.8941045, 9.9718694], [8.8925622, 9.9724407], [8.8918447, 9.9727141], [8.8915793, 9.9728241], [8.8914937, 9.9729196], [8.8914605, 9.9729591], [8.8898803, 9.9736684], [8.888663, 9.9741967], [8.8885919, 9.9742337], [8.8885456, 9.9742634], [8.8884858, 9.9743227], [8.8883418, 9.974447], [8.8880548, 9.9747343], [8.8878865, 9.974877], [8.8877866, 9.9749443], [8.8876981, 9.9749939], [8.8875036, 9.9751438], [8.8872642, 9.9753604], [8.8870268, 9.9755691], [8.8867834, 9.9757791], [8.8865393, 9.9760036], [8.8863335, 9.9761813], [8.8862255, 9.9762434], [8.8861209, 9.9762817], [8.8859962, 9.9763226], [8.8856783, 9.9764283], [8.8856019, 9.9764653], [8.8855, 9.9765432], [8.8853209, 9.9767862], [8.8850588, 9.9770425], [8.884808, 9.977267], [8.8847557, 9.9773093], [8.8846987, 9.9773429], [8.884645, 9.9773661], [8.8845183, 9.9774004], [8.8844593, 9.97744], [8.8843507, 9.9775556], [8.8841368, 9.9777815], [8.884071, 9.9778752], [8.8840402, 9.9779367], [8.8840114, 9.9779763], [8.8839705, 9.9780073], [8.883717, 9.9782305], [8.8836392, 9.9783005], [8.8836037, 9.9783547], [8.8835755, 9.978391], [8.8834608, 9.9785033], [8.8829552, 9.978887], [8.8827836, 9.9790276], [8.8827199, 9.979099], [8.8826662, 9.9791611], [8.8825455, 9.9792634], [8.882333, 9.9794153], [8.8821801, 9.9795368], [8.8821056, 9.9796167], [8.8820024, 9.9797112], [8.8817006, 9.9799496], [8.8816296, 9.9799727], [8.8815732, 9.979976], [8.8815008, 9.9799694], [8.8814036, 9.9799271], [8.881252, 9.9797977], [8.8811414, 9.9797541], [8.88102, 9.9796914], [8.8809127, 9.9795976], [8.8808839, 9.9795679], [8.8808544, 9.979513], [8.8807786, 9.9794318], [8.8806995, 9.9793889], [8.8805909, 9.9793433], [8.8805439, 9.9793129], [8.8805158, 9.979276], [8.8804843, 9.9792311], [8.880448, 9.9791756], [8.8804326, 9.9791287], [8.8804219, 9.9789781], [8.8804137, 9.9787811], [8.8803703, 9.9785026], [8.8803273, 9.9781731], [8.8802871, 9.9780093], [8.8802496, 9.9778495], [8.8802395, 9.9777194], [8.8802281, 9.9774717], [8.8802053, 9.9773991], [8.8800517, 9.9770643], [8.8800175, 9.9769942], [8.8799981, 9.9769282], [8.8799954, 9.9768701], [8.8799974, 9.9768199], [8.8799968, 9.9767205], [8.8799559, 9.9766264], [8.8798499, 9.9765491], [8.8797668, 9.9765194], [8.8796394, 9.976491], [8.8795408, 9.976489], [8.8794308, 9.976495], [8.8792786, 9.9765221], [8.8790908, 9.9765973], [8.8787401, 9.9767889], [8.8783814, 9.9770299], [8.8779777, 9.9772432], [8.8778269, 9.9772875], [8.8774674, 9.9773251], [8.8770671, 9.9773449], [8.8769015, 9.977341], [8.8768458, 9.9773383], [8.8767721, 9.9773482], [8.876707, 9.9773694], [8.8764623, 9.9774843], [8.8763469, 9.9775536], [8.8761813, 9.9777022], [8.8761297, 9.9777372], [8.8760392, 9.9777762], [8.8759506, 9.9778013], [8.875832, 9.9778039], [8.8757327, 9.9777828], [8.875665, 9.977728], [8.8755986, 9.9775965], [8.8752448, 9.9764172], [8.8751493, 9.9761535], [8.8751339, 9.9760862], [8.8751259, 9.9760376], [8.8751155, 9.9760112], [8.875088, 9.9759997], [8.8750776, 9.9759957], [8.8750575, 9.9759987], [8.8750327, 9.9760304], [8.8750142, 9.9760409], [8.8749703, 9.9760449], [8.8749281, 9.97603], [8.874682, 9.9759567], [8.8745519, 9.9758702], [8.874372, 9.9757032], [8.8741133, 9.9754601], [8.873954, 9.9753245], [8.8738988, 9.9752825], [8.8738672, 9.9752488], [8.8738525, 9.9752006], [8.8738585, 9.9751424], [8.8738762, 9.9749723], [8.8739561, 9.9744775], [8.8741261, 9.973364], [8.8741757, 9.973076], [8.8742468, 9.9724526], [8.8742997, 9.9718754], [8.8743051, 9.9716706], [8.8743246, 9.971565], [8.8743527, 9.9715009], [8.8744386, 9.9713695], [8.8745653, 9.9711885], [8.8745854, 9.9711436], [8.8745975, 9.9710941], [8.8745948, 9.971034], [8.8745794, 9.9709686], [8.8745485, 9.9708207], [8.8744989, 9.9705783], [8.8744793, 9.9703841], [8.8744821, 9.9701272], [8.8744761, 9.9698162], [8.8744808, 9.9696471], [8.8744828, 9.9695229], [8.8744821, 9.9694377], [8.8745096, 9.9691907], [8.874513, 9.9690699], [8.8745056, 9.9689794], [8.8744801, 9.968879], [8.8743863, 9.9687357], [8.874348, 9.9686578], [8.8743306, 9.9685719], [8.8743107, 9.9684367], [8.8742977, 9.9683751], [8.874291, 9.9683348], [8.8742924, 9.96828], [8.8743621, 9.9678487], [8.8744037, 9.9675357], [8.8744982, 9.9671401], [8.8745472, 9.9668455], [8.87457, 9.9666382], [8.8745988, 9.9665642], [8.8746276, 9.9665186], [8.8746793, 9.9664731], [8.8748677, 9.9663793], [8.8750595, 9.966308], [8.8751198, 9.9662822], [8.8752083, 9.9662452], [8.8752861, 9.9661944], [8.8753257, 9.9661415], [8.8753626, 9.9660537], [8.8753813, 9.966016], [8.8753948, 9.9659632], [8.8754075, 9.9658952], [8.8754075, 9.9658106], [8.8753746, 9.9657096], [8.8753244, 9.9656211], [8.8751815, 9.965495], [8.8749998, 9.9653754], [8.8747571, 9.9652447], [8.8745814, 9.9651674], [8.8745076, 9.9651317], [8.8744359, 9.9650729], [8.8743909, 9.9650214], [8.874336, 9.964962], [8.874279, 9.9649151], [8.8741013, 9.9648629], [8.8737385, 9.9648048], [8.8735051, 9.9647731], [8.8733818, 9.9647255], [8.873312, 9.9646886], [8.8732557, 9.9646701], [8.8732128, 9.964674], [8.8729774, 9.9647698], [8.8729231, 9.9648477], [8.8729124, 9.9649342], [8.8729057, 9.9650749], [8.8728815, 9.9651449], [8.8728493, 9.9651898], [8.872795, 9.9652196], [8.8727226, 9.965238], [8.8723089, 9.9653048], [8.8720836, 9.9653378], [8.8720024, 9.9653536], [8.8719267, 9.9653906], [8.8716031, 9.9655346], [8.8715907, 9.9655336], [8.8715766, 9.9655286], [8.8715699, 9.9655148], [8.8714995, 9.9652202], [8.8714606, 9.965001], [8.8714432, 9.963655], [8.8714003, 9.9632382], [8.8713889, 9.9632145], [8.8713714, 9.9632022], [8.8713356, 9.9632032], [8.8706533, 9.9632581], [8.8696363, 9.9633731], [8.8695978, 9.9633766], [8.8695784, 9.9633759], [8.869568, 9.9633693], [8.8695616, 9.9633548]]]}}, {"type": "Feature", "properties": {"name": "KANAR HERITAGE ACADEMY", "name:en": null, "amenity": null, "building": "school", "operator:type": null, "capacity:persons": null, "addr:full": null, "addr:city": "KALTUNGO", "source": null, "osm_id": 1206197595, "osm_type": "ways_poly", "Analysis_Region": "North East"}, "geometry": {"type": "Polygon", "coordinates": [[[11.329248, 9.8187856], [11.3300957, 9.8187831], [11.3300959, 9.8188645], [11.3292483, 9.8188672], [11.329248, 9.8187856]]]}}, {"type": "Feature", "properties": {"name": "class room", "name:en": null, "amenity": null, "building": "school", "operator:type": null, "capacity:persons": null, "addr:full": null, "addr:city": null, "source": null, "osm_id": 1121640387, "osm_type": "ways_poly", "Analysis_Region": "North West"}, "geometry": {"type": "Polygon", "coordinates": [[[7.3702906, 8.9576605], [7.3703329, 8.9576559], [7.3703476, 8.957787], [7.3703054, 8.9577917], [7.3702906, 8.9576605]]]}}, {"type": "Feature", "properties": {"name": null, "name:en": null, "amenity": null, "building": "school", "operator:type": null, "capacity:persons": null, "addr:full": null, "addr:city": null, "source": null, "osm_id": 1314678703, "osm_type": "ways_poly", "Analysis_Region": "North East"}, "geometry": {"type": "Polygon", "coordinates": [[[13.9161815, 12.0412034], [13.916223, 12.0411241], [13.9164088, 12.0412112], [13.9163515, 12.041302], [13.9161815, 12.0412034]]]}}, {"type": "Feature", "properties": {"name": null, "name:en": null, "amenity": null, "building": "university", "operator:type": null, "capacity:persons": null, "addr:full": null, "addr:city": null, "source": null, "osm_id": 619368829, "osm_type": "ways_poly", "Analysis_Region": "North West"}, "geometry": {"type": "Polygon", "coordinates": [[[4.5166622, 7.5180733], [4.5169984, 7.5180109], [4.5170168, 7.5181081], [4.5166806, 7.5181705], [4.5166622, 7.5180733]]]}}, {"type": "Feature", "properties": {"name": null, "name:en": null, "amenity": null, "building": "university", "operator:type": null, "capacity:persons": null, "addr:full": null, "addr:city": null, "source": null, "osm_id": 815316446, "osm_type": "ways_poly", "Analysis_Region": "North West"}, "geometry": {"type": "Polygon", "coordinates": [[[7.2012986, 9.2007651], [7.2014448, 9.2007546], [7.2014621, 9.2008819], [7.2013166, 9.200893], [7.2012986, 9.2007651]]]}}, {"type": "Feature", "properties": {"name": null, "name:en": null, "amenity": null, "building": "university", "operator:type": null, "capacity:persons": null, "addr:full": null, "addr:city": null, "source": null, "osm_id": 619270918, "osm_type": "ways_poly", "Analysis_Region": "North West"}, "geometry": {"type": "Polygon", "coordinates": [[[4.5189111, 7.5200838], [4.5190508, 7.5200617], [4.5190687, 7.5201732], [4.5190937, 7.5203286], [4.5189541, 7.5203507], [4.5189311, 7.5201958], [4.5189111, 7.5200838]]]}}, {"type": "Feature", "properties": {"name": "Njepuome Auditorium AFRIGIST, O.A.U Campus, Ile-Ife", "name:en": null, "amenity": null, "building": "university", "operator:type": null, "capacity:persons": null, "addr:full": null, "addr:city": null, "source": null, "osm_id": 1236663825, "osm_type": "ways_poly", "Analysis_Region": "North West"}, "geometry": {"type": "Polygon", "coordinates": [[[4.5249267, 7.5053113], [4.5249719, 7.5052858], [4.5249639, 7.5052611], [4.5250095, 7.5052619], [4.5250332, 7.505264], [4.5250551, 7.5052653], [4.5250976, 7.5053028], [4.5251043, 7.5053651], [4.525103, 7.5054571], [4.5249888, 7.5054661], [4.5249298, 7.5054561], [4.5249267, 7.5053113]]]}}, {"type": "Feature", "properties": {"name": "Kenyi Secondary School", "name:en": null, "amenity": "school", "building": null, "operator:type": null, "capacity:persons": null, "addr:full": null, "addr:city": null, "source": null, "osm_id": 1383793396, "osm_type": "ways_poly", "Analysis_Region": "North West"}, "geometry": {"type": "Polygon", "coordinates": [[[7.9309261, 9.5527421], [7.9310869, 9.5519112], [7.9321274, 9.5522422], [7.9328652, 9.5524685], [7.9324911, 9.553523], [7.9318676, 9.5536275], [7.9315154, 9.5535568], [7.9316089, 9.5529635], [7.9309261, 9.5527421]]]}}, {"type": "Feature", "properties": {"name": null, "name:en": null, "amenity": null, "building": "school", "operator:type": null, "capacity:persons": null, "addr:full": null, "addr:city": null, "source": null, "osm_id": 1372468582, "osm_type": "ways_poly", "Analysis_Region": "North East"}, "geometry": {"type": "Polygon", "coordinates": [[[9.89196, 9.197298], [9.8920162, 9.1972677], [9.8921172, 9.1975763], [9.8920548, 9.1975947], [9.89196, 9.197298]]]}}, {"type": "Feature", "properties": {"name": null, "name:en": null, "amenity": null, "building": "school", "operator:type": null, "capacity:persons": null, "addr:full": null, "addr:city": null, "source": null, "osm_id": 1372468583, "osm_type": "ways_poly", "Analysis_Region": "North East"}, "geometry": {"type": "Polygon", "coordinates": [[[9.892331, 9.1975779], [9.892335, 9.1974267], [9.8923934, 9.1974223], [9.8923895, 9.1975774], [9.892331, 9.1975779]]]}}, {"type": "Feature", "properties": {"name": null, "name:en": null, "amenity": null, "building": "school", "operator:type": null, "capacity:persons": null, "addr:full": null, "addr:city": null, "source": null, "osm_id": 1372468584, "osm_type": "ways_poly", "Analysis_Region": "North East"}, "geometry": {"type": "Polygon", "coordinates": [[[9.892196, 9.1974139], [9.8922147, 9.1973517], [9.8922845, 9.1973657], [9.8922647, 9.197429], [9.892196, 9.1974139]]]}}, {"type": "Feature", "properties": {"name": null, "name:en": null, "amenity": null, "building": "school", "operator:type": null, "capacity:persons": null, "addr:full": null, "addr:city": null, "source": null, "osm_id": 1372468585, "osm_type": "ways_poly", "Analysis_Region": "North East"}, "geometry": {"type": "Polygon", "coordinates": [[[9.8921564, 9.1976282], [9.8923585, 9.1975934], [9.8923678, 9.1976526], [9.8921676, 9.1976943], [9.8921564, 9.1976282]]]}}, {"type": "Feature", "properties": {"name": null, "name:en": null, "amenity": null, "building": "school", "operator:type": null, "capacity:persons": null, "addr:full": null, "addr:city": null, "source": null, "osm_id": 1370727738, "osm_type": "ways_poly", "Analysis_Region": "North East"}, "geometry": {"type": "Polygon", "coordinates": [[[9.8936786, 9.1890622], [9.8937095, 9.1889839], [9.8940036, 9.1891056], [9.8939709, 9.1891812], [9.8936786, 9.1890622]]]}}, {"type": "Feature", "properties": {"name": null, "name:en": null, "amenity": null, "building": "school", "operator:type": null, "capacity:persons": null, "addr:full": null, "addr:city": null, "source": null, "osm_id": 1370727739, "osm_type": "ways_poly", "Analysis_Region": "North East"}, "geometry": {"type": "Polygon", "coordinates": [[[9.8938401, 9.1893423], [9.8938487, 9.1893063], [9.8938723, 9.1892714], [9.8940494, 9.1893413], [9.8940172, 9.1894186], [9.8938401, 9.1893423]]]}}, {"type": "Feature", "properties": {"name": null, "name:en": null, "amenity": null, "building": "school", "operator:type": null, "capacity:persons": null, "addr:full": null, "addr:city": null, "source": "microsoft/BuildingFootprints", "osm_id": 1265454436, "osm_type": "ways_poly", "Analysis_Region": "North West"}, "geometry": {"type": "Polygon", "coordinates": [[[7.4530447, 10.4643313], [7.4531891, 10.4642919], [7.4532389, 10.4644683], [7.4531552, 10.4644911], [7.4531283, 10.4643956], [7.4530675, 10.4644121], [7.4530447, 10.4643313]]]}}, {"type": "Feature", "properties": {"name": null, "name:en": null, "amenity": null, "building": "school", "operator:type": null, "capacity:persons": null, "addr:full": null, "addr:city": null, "source": "microsoft/BuildingFootprints", "osm_id": 1265454748, "osm_type": "ways_poly", "Analysis_Region": "North West"}, "geometry": {"type": "Polygon", "coordinates": [[[7.452921, 10.464351], [7.4530088, 10.4643431], [7.4530228, 10.4644948], [7.4529351, 10.4645027], [7.452921, 10.464351]]]}}, {"type": "Feature", "properties": {"name": "Manara Primary School", "name:en": null, "amenity": "school", "building": null, "operator:type": null, "capacity:persons": null, "addr:full": null, "addr:city": null, "source": null, "osm_id": 914861917, "osm_type": "ways_poly", "Analysis_Region": "North East"}, "geometry": {"type": "Polygon", "coordinates": [[[11.4717454, 10.1730833], [11.4717588, 10.1730489], [11.4719251, 10.1729935], [11.4719842, 10.1731519], [11.4718554, 10.1732707], [11.471842, 10.1732443], [11.4717776, 10.1732945], [11.4717454, 10.1732337], [11.471791, 10.1731862], [11.4717454, 10.1730833]]]}}, {"type": "Feature", "properties": {"name": "class rooms", "name:en": null, "amenity": "school", "building": null, "operator:type": null, "capacity:persons": null, "addr:full": null, "addr:city": null, "source": null, "osm_id": 1356727291, "osm_type": "ways_poly", "Analysis_Region": "North East"}, "geometry": {"type": "Polygon", "coordinates": [[[9.8780283, 9.186792], [9.878032, 9.186736], [9.8780534, 9.1866978], [9.8783805, 9.1867912], [9.8783577, 9.1868327], [9.87835, 9.1868851], [9.8780283, 9.186792]]]}}, {"type": "Feature", "properties": {"name": "class rooms", "name:en": null, "amenity": "school", "building": null, "operator:type": null, "capacity:persons": null, "addr:full": null, "addr:city": null, "source": null, "osm_id": 1356727292, "osm_type": "ways_poly", "Analysis_Region": "North East"}, "geometry": {"type": "Polygon", "coordinates": [[[9.8784068, 9.1868436], [9.8784271, 9.1868073], [9.8788633, 9.1869255], [9.8788331, 9.1869691], [9.8788312, 9.1870182], [9.8784094, 9.1869022], [9.8784068, 9.1868436]]]}}, {"type": "Feature", "properties": {"name": "Laboratory", "name:en": null, "amenity": "school", "building": null, "operator:type": null, "capacity:persons": null, "addr:full": null, "addr:city": null, "source": null, "osm_id": 1356727293, "osm_type": "ways_poly", "Analysis_Region": "North East"}, "geometry": {"type": "Polygon", "coordinates": [[[9.8788216, 9.1872081], [9.8788944, 9.1869549], [9.8789859, 9.1869725], [9.8789122, 9.1872324], [9.8788216, 9.1872081]]]}}, {"type": "Feature", "properties": {"name": "casher office", "name:en": null, "amenity": "school", "building": null, "operator:type": null, "capacity:persons": null, "addr:full": null, "addr:city": null, "source": null, "osm_id": 1356727295, "osm_type": "ways_poly", "Analysis_Region": "North East"}, "geometry": {"type": "Polygon", "coordinates": [[[9.8781463, 9.1872055], [9.8781586, 9.1871638], [9.8782602, 9.1871951], [9.87825, 9.187236], [9.8781463, 9.1872055]]]}}, {"type": "Feature", "properties": {"name": "NASARAWA NUR/PTIMARY SCHOOL", "name:en": null, "amenity": null, "building": "school", "operator:type": null, "capacity:persons": null, "addr:full": null, "addr:city": "KALTUNGO", "source": null, "osm_id": 1332827424, "osm_type": "ways_poly", "Analysis_Region": "North East"}, "geometry": {"type": "Polygon", "coordinates": [[[11.3151842, 9.8256033], [11.3153866, 9.8255495], [11.3154081, 9.8256279], [11.3152056, 9.8256817], [11.3151842, 9.8256033]]]}}, {"type": "Feature", "properties": {"name": "African univeristy of science and technology", "name:en": null, "amenity": "school", "building": null, "operator:type": null, "capacity:persons": null, "addr:full": null, "addr:city": null, "source": null, "osm_id": 447860691, "osm_type": "ways_poly", "Analysis_Region": "North West"}, "geometry": {"type": "Polygon", "coordinates": [[[7.4222805, 8.9978228], [7.4224592, 8.9977317], [7.4237388, 8.9968464], [7.4243574, 8.9964322], [7.4260356, 8.9953087], [7.426108, 8.9950544], [7.4263789, 8.9950967], [7.4268617, 8.9952795], [7.4269787, 8.995428], [7.4271447, 8.995604], [7.4272036, 8.9956427], [7.4272492, 8.9956607], [7.4272705, 8.9956693], [7.4273042, 8.9956743], [7.4274786, 8.9955789], [7.4274705, 8.99551], [7.4275376, 8.9955047], [7.4280204, 8.9950411], [7.4286024, 8.9947047], [7.4287555, 8.9948938], [7.4288023, 8.9949517], [7.429271, 8.9955312], [7.429796, 8.9961803], [7.4295224, 8.9982467], [7.4287485, 8.9987035], [7.4262957, 9.0001514], [7.4258806, 9.0003342], [7.42529, 9.0003502], [7.4244604, 9.0001486], [7.4237697, 8.9997488], [7.4232058, 8.9991156], [7.4229805, 8.9988189], [7.4230073, 8.9987209], [7.4231307, 8.9986281], [7.4230959, 8.9985811], [7.4230456, 8.9985134], [7.4230181, 8.9984771], [7.4228974, 8.9985646], [7.4227955, 8.9985593], [7.4222805, 8.9978228]]]}}, {"type": "Feature", "properties": {"name": "Excel Christabel Nursery and Primary School", "name:en": null, "amenity": "school", "building": null, "operator:type": null, "capacity:persons": null, "addr:full": null, "addr:city": null, "source": "Nigerian Red Cross Society", "osm_id": 996855108, "osm_type": "ways_poly", "Analysis_Region": "North West"}, "geometry": {"type": "Polygon", "coordinates": [[[7.4276069, 8.9934692], [7.4276327, 8.993259], [7.4278671, 8.9932871], [7.4278413, 8.9934972], [7.4276069, 8.9934692]]]}}, {"type": "Feature", "properties": {"name": null, "name:en": null, "amenity": null, "building": "school", "operator:type": null, "capacity:persons": null, "addr:full": null, "addr:city": null, "source": null, "osm_id": 993540941, "osm_type": "ways_poly", "Analysis_Region": "North West"}, "geometry": {"type": "Polygon", "coordinates": [[[8.4822018, 12.0594578], [8.4822529, 12.0593801], [8.4824713, 12.0594855], [8.4823777, 12.0595577], [8.4822018, 12.0594578]]]}}, {"type": "Feature", "properties": {"name": "Champions Path", "name:en": null, "amenity": null, "building": "school", "operator:type": null, "capacity:persons": null, "addr:full": null, "addr:city": null, "source": null, "osm_id": 858988056, "osm_type": "ways_poly", "Analysis_Region": "North West"}, "geometry": {"type": "Polygon", "coordinates": [[[7.6514037, 9.0201869], [7.6518143, 9.0200471], [7.6518426, 9.020096], [7.6514391, 9.0202428], [7.6514037, 9.0201869]]]}}, {"type": "Feature", "properties": {"name": "Bendav", "name:en": null, "amenity": null, "building": "school", "operator:type": null, "capacity:persons": null, "addr:full": null, "addr:city": null, "source": null, "osm_id": 515211302, "osm_type": "ways_poly", "Analysis_Region": "North West"}, "geometry": {"type": "Polygon", "coordinates": [[[7.5625737, 8.9745384], [7.5626219, 8.9743966], [7.562685, 8.9744311], [7.562634, 8.9745662], [7.5625737, 8.9745384]]]}}, {"type": "Feature", "properties": {"name": "ChapelFiled Christian Academy", "name:en": null, "amenity": null, "building": "school", "operator:type": null, "capacity:persons": null, "addr:full": null, "addr:city": "Karu", "source": null, "osm_id": 587860971, "osm_type": "ways_poly", "Analysis_Region": "North West"}, "geometry": {"type": "Polygon", "coordinates": [[[7.5920329, 9.0163701], [7.5920692, 9.0163648], [7.5920674, 9.0163211], [7.5920966, 9.0163194], [7.5920924, 9.0162882], [7.5922023, 9.0162776], [7.592231, 9.0164772], [7.5921112, 9.0164895], [7.592091, 9.0164312], [7.5920414, 9.0164378], [7.5920329, 9.0163701]]]}}, {"type": "Feature", "properties": {"name": null, "name:en": null, "amenity": null, "building": "school", "operator:type": null, "capacity:persons": null, "addr:full": null, "addr:city": null, "source": null, "osm_id": 750779470, "osm_type": "ways_poly", "Analysis_Region": "North West"}, "geometry": {"type": "Polygon", "coordinates": [[[7.5265888, 9.012997], [7.5266842, 9.0129633], [7.5266868, 9.0130746], [7.5266248, 9.0130965], [7.5265888, 9.012997]]]}}, {"type": "Feature", "properties": {"name": null, "name:en": null, "amenity": null, "building": "school", "operator:type": null, "capacity:persons": null, "addr:full": null, "addr:city": null, "source": null, "osm_id": 754118207, "osm_type": "ways_poly", "Analysis_Region": "North West"}, "geometry": {"type": "Polygon", "coordinates": [[[7.5265035, 9.0129576], [7.5265497, 9.0129516], [7.5265682, 9.0130307], [7.5265312, 9.013055], [7.5265035, 9.0129576]]]}}, {"type": "Feature", "properties": {"name": null, "name:en": null, "amenity": null, "building": "school", "operator:type": null, "capacity:persons": null, "addr:full": null, "addr:city": null, "source": null, "osm_id": 754118209, "osm_type": "ways_poly", "Analysis_Region": "North West"}, "geometry": {"type": "Polygon", "coordinates": [[[7.5265959, 9.0129211], [7.5266452, 9.0129059], [7.5266606, 9.0129394], [7.5266082, 9.0129485], [7.5265959, 9.0129211]]]}}, {"type": "Feature", "properties": {"name": "IBB School Minna", "name:en": null, "amenity": "school", "building": null, "operator:type": null, "capacity:persons": null, "addr:full": null, "addr:city": null, "source": null, "osm_id": 1187724620, "osm_type": "ways_poly", "Analysis_Region": "North West"}, "geometry": {"type": "Polygon", "coordinates": [[[6.5505464, 9.6234919], [6.5506763, 9.6225661], [6.5511757, 9.622623], [6.5517382, 9.6226594], [6.5516286, 9.6236878], [6.5505464, 9.6234919]]]}}, {"type": "Feature", "properties": {"name": "Center fo Entrepreneurship Development", "name:en": null, "amenity": "university", "building": null, "operator:type": null, "capacity:persons": null, "addr:full": null, "addr:city": null, "source": null, "osm_id": 1442262675, "osm_type": "ways_poly", "Analysis_Region": "North West"}, "geometry": {"type": "Polygon", "coordinates": [[[7.4431839, 10.6133185], [7.443215, 10.6130737], [7.4433427, 10.6130921], [7.4433333, 10.6133185], [7.4431839, 10.6133185]]]}}, {"type": "Feature", "properties": {"name": "Part of school compound", "name:en": null, "amenity": null, "building": "school", "operator:type": null, "capacity:persons": null, "addr:full": null, "addr:city": null, "source": null, "osm_id": 753624342, "osm_type": "ways_poly", "Analysis_Region": "North West"}, "geometry": {"type": "Polygon", "coordinates": [[[7.5287079, 9.0144344], [7.5287838, 9.0144258], [7.5287905, 9.0144832], [7.5287146, 9.0144918], [7.5287079, 9.0144344]]]}}, {"type": "Feature", "properties": {"name": "Government School", "name:en": null, "amenity": null, "building": "school", "operator:type": null, "capacity:persons": null, "addr:full": null, "addr:city": null, "source": null, "osm_id": 753624343, "osm_type": "ways_poly", "Analysis_Region": "North West"}, "geometry": {"type": "Polygon", "coordinates": [[[7.5283832, 9.0146845], [7.5285969, 9.0145866], [7.5286296, 9.0146562], [7.5286434, 9.0146856], [7.5284297, 9.0147836], [7.5283832, 9.0146845]]]}}, {"type": "Feature", "properties": {"name": "Faculty of Education (University of Jos)", "name:en": null, "amenity": null, "building": "university", "operator:type": null, "capacity:persons": null, "addr:full": null, "addr:city": "Jos", "source": null, "osm_id": 848569827, "osm_type": "ways_poly", "Analysis_Region": "North West"}, "geometry": {"type": "Polygon", "coordinates": [[[8.8813164, 9.9658237], [8.8814458, 9.9658226], [8.8814472, 9.9659753], [8.8813177, 9.9659765], [8.8813164, 9.9658237]]]}}, {"type": "Feature", "properties": {"name": null, "name:en": null, "amenity": null, "building": "university", "operator:type": null, "capacity:persons": null, "addr:full": null, "addr:city": null, "source": null, "osm_id": 848569905, "osm_type": "ways_poly", "Analysis_Region": "North West"}, "geometry": {"type": "Polygon", "coordinates": [[[8.8819434, 9.966086], [8.8819494, 9.9656623], [8.882046, 9.9656636], [8.8820468, 9.9656047], [8.8820342, 9.9656046], [8.8820148, 9.9655918], [8.8820018, 9.9655726], [8.8819972, 9.96555], [8.8820018, 9.9655274], [8.8820148, 9.9655082], [8.8820342, 9.9654954], [8.8820572, 9.9654909], [8.8820802, 9.9654954], [8.8820996, 9.9655082], [8.8821127, 9.9655274], [8.8821172, 9.96555], [8.8821127, 9.9655726], [8.8820996, 9.9655918], [8.8820802, 9.9656046], [8.8820776, 9.9656045], [8.8820768, 9.9656624], [8.8822123, 9.9656643], [8.8822748, 9.9656651], [8.8825466, 9.9656688], [8.8825472, 9.9656225], [8.8825412, 9.9656225], [8.8825217, 9.9656097], [8.8825087, 9.9655905], [8.8825041, 9.9655679], [8.8825087, 9.9655452], [8.8825217, 9.9655261], [8.8825412, 9.9655132], [8.8825641, 9.9655087], [8.8825871, 9.9655132], [8.8826066, 9.9655261], [8.8826196, 9.9655452], [8.8826242, 9.9655679], [8.8826196, 9.9655905], [8.8826066, 9.9656097], [8.8825871, 9.9656225], [8.882578, 9.9656223], [8.8825774, 9.9656699], [8.8826753, 9.9656711], [8.88267, 9.9660955], [8.8825795, 9.9660944], [8.8825793, 9.9661135], [8.8825864, 9.9661136], [8.8826059, 9.9661264], [8.8826189, 9.9661456], [8.8826235, 9.9661682], [8.8826189, 9.9661908], [8.8826059, 9.96621], [8.8825864, 9.9662228], [8.8825635, 9.9662273], [8.8825405, 9.9662228], [8.882521, 9.96621], [8.882508, 9.9661908], [8.8825035, 9.9661682], [8.882508, 9.9661456], [8.882521, 9.9661264], [8.8825405, 9.9661136], [8.8825486, 9.9661137], [8.8825489, 9.9660937], [8.8820773, 9.9660878], [8.882077, 9.9661088], [8.8820859, 9.966109], [8.8821053, 9.9661218], [8.8821184, 9.9661409], [8.8821229, 9.9661636], [8.8821184, 9.9661862], [8.8821053, 9.9662054], [8.8820859, 9.9662182], [8.8820629, 9.9662227], [8.8820399, 9.9662182], [8.8820205, 9.9662054], [8.8820075, 9.9661862], [8.8820029, 9.9661636], [8.8820075, 9.9661409], [8.8820205, 9.9661218], [8.8820399, 9.966109], [8.8820465, 9.966109], [8.8820468, 9.9660874], [8.8819434, 9.966086]]]}}, {"type": "Feature", "properties": {"name": null, "name:en": null, "amenity": null, "building": "university", "operator:type": null, "capacity:persons": null, "addr:full": null, "addr:city": null, "source": null, "osm_id": 848569919, "osm_type": "ways_poly", "Analysis_Region": "North West"}, "geometry": {"type": "Polygon", "coordinates": [[[8.8808691, 9.9654179], [8.8808786, 9.9653983], [8.8808959, 9.9653848], [8.8809174, 9.9653799], [8.880939, 9.9653848], [8.8809562, 9.9653983], [8.8809618, 9.9654098], [8.8810155, 9.9654099], [8.8810242, 9.9653993], [8.8810395, 9.9653921], [8.8810498, 9.9653906], [8.881093, 9.9653262], [8.8811298, 9.9653504], [8.8810843, 9.9654135], [8.8810859, 9.9654287], [8.8810821, 9.965445], [8.8810715, 9.965458], [8.8810562, 9.9654652], [8.8810393, 9.9654651], [8.8810241, 9.9654579], [8.8810194, 9.9654521], [8.8809598, 9.965452], [8.8809562, 9.9654593], [8.880939, 9.9654728], [8.8809174, 9.9654777], [8.8808959, 9.9654728], [8.8808786, 9.9654593], [8.8808691, 9.9654397], [8.8808691, 9.9654179]]]}}, {"type": "Feature", "properties": {"name": null, "name:en": null, "amenity": null, "building": "university", "operator:type": null, "capacity:persons": null, "addr:full": null, "addr:city": null, "source": null, "osm_id": 848569922, "osm_type": "ways_poly", "Analysis_Region": "North West"}, "geometry": {"type": "Polygon", "coordinates": [[[8.8806553, 9.9648119], [8.8806596, 9.9647904], [8.8806718, 9.9647721], [8.8806902, 9.9647598], [8.880712, 9.9647554], [8.8807338, 9.9647596], [8.8807524, 9.9647716], [8.8807649, 9.9647898], [8.8807693, 9.9648112], [8.8807651, 9.9648327], [8.8807529, 9.964851], [8.8807345, 9.9648633], [8.8807341, 9.9648746], [8.880691, 9.9648743], [8.8806908, 9.9648636], [8.8806723, 9.9648515], [8.8806598, 9.9648334], [8.8806553, 9.9648119]]]}}, {"type": "Feature", "properties": {"name": "faculty of environmental science", "name:en": null, "amenity": null, "building": "university", "operator:type": null, "capacity:persons": null, "addr:full": null, "addr:city": null, "source": null, "osm_id": 848569923, "osm_type": "ways_poly", "Analysis_Region": "North West"}, "geometry": {"type": "Polygon", "coordinates": [[[8.880161, 9.9650053], [8.8802612, 9.9648683], [8.8802799, 9.9648743], [8.8803196, 9.9648838], [8.8803423, 9.9648831], [8.880691, 9.9648743], [8.8807341, 9.9648746], [8.880755, 9.9648783], [8.8811209, 9.9651456], [8.8811523, 9.9651685], [8.8817786, 9.9651704], [8.8818204, 9.9651709], [8.8818229, 9.965353], [8.8811298, 9.9653504], [8.881093, 9.9653262], [8.8806859, 9.9650659], [8.8801954, 9.9650641], [8.8801957, 9.9650626], [8.8801944, 9.9650644], [8.880161, 9.9650053]]]}}, {"type": "Feature", "properties": {"name": "PTDF", "name:en": null, "amenity": null, "building": "school", "operator:type": null, "capacity:persons": null, "addr:full": null, "addr:city": null, "source": null, "osm_id": 947018086, "osm_type": "ways_poly", "Analysis_Region": "North West"}, "geometry": {"type": "Polygon", "coordinates": [[[5.2972671, 7.5925572], [5.2974791, 7.592481], [5.2975283, 7.5926516], [5.2973194, 7.5927247], [5.2972671, 7.5925572]]]}}, {"type": "Feature", "properties": {"name": "Civil and Environmental Engineering Department (CEED)", "name:en": null, "amenity": "university", "building": null, "operator:type": null, "capacity:persons": null, "addr:full": null, "addr:city": null, "source": "microsoft/BuildingFootprints", "osm_id": 1247357548, "osm_type": "ways_poly", "Analysis_Region": "North West"}, "geometry": {"type": "Polygon", "coordinates": [[[7.4432065, 10.610285], [7.4432082, 10.610194], [7.4434334, 10.6101981], [7.4434427, 10.6096987], [7.4432282, 10.6096948], [7.4432302, 10.6095867], [7.4435359, 10.6095922], [7.4435229, 10.6102906], [7.4432065, 10.610285]]]}}, {"type": "Feature", "properties": {"name": "Faculty of Air Engineering", "name:en": "Mechanical Engineering Department", "amenity": "university", "building": null, "operator:type": null, "capacity:persons": null, "addr:full": null, "addr:city": null, "source": "microsoft/BuildingFootprints", "osm_id": 1247357555, "osm_type": "ways_poly", "Analysis_Region": "North West"}, "geometry": {"type": "Polygon", "coordinates": [[[7.4408228, 10.6117948], [7.4409623, 10.6116816], [7.4409774, 10.6116995], [7.4410388, 10.6116497], [7.4410941, 10.6117155], [7.4411156, 10.611698], [7.4412315, 10.6118359], [7.4411382, 10.6119117], [7.4410315, 10.6117847], [7.4409024, 10.6118896], [7.4408228, 10.6117948]]]}}, {"type": "Feature", "properties": {"name": "Block Of Classrooms", "name:en": null, "amenity": "university", "building": null, "operator:type": null, "capacity:persons": null, "addr:full": null, "addr:city": null, "source": null, "osm_id": 1247365996, "osm_type": "ways_poly", "Analysis_Region": "North West"}, "geometry": {"type": "Polygon", "coordinates": [[[7.4409936, 10.6095262], [7.4409988, 10.6094228], [7.4414105, 10.6094426], [7.4414054, 10.609546], [7.4409936, 10.6095262]]]}}, {"type": "Feature", "properties": {"name": "AFIT Armament Engineering Department", "name:en": null, "amenity": "university", "building": null, "operator:type": null, "capacity:persons": null, "addr:full": null, "addr:city": null, "source": "microsoft/BuildingFootprints", "osm_id": 1248101633, "osm_type": "ways_poly", "Analysis_Region": "North West"}, "geometry": {"type": "Polygon", "coordinates": [[[7.4432979, 10.6113789], [7.4433015, 10.6112736], [7.4434382, 10.6112781], [7.4434436, 10.6111188], [7.443315, 10.6111146], [7.4433186, 10.6110066], [7.4435678, 10.6110148], [7.4435646, 10.6111096], [7.4436932, 10.6111138], [7.443687, 10.6112968], [7.4435584, 10.6112926], [7.4435551, 10.6113874], [7.4432979, 10.6113789]]]}}, {"type": "Feature", "properties": {"name": "Air Force Research And Development Centre (AFRDC)", "name:en": null, "amenity": "university", "building": null, "operator:type": null, "capacity:persons": null, "addr:full": null, "addr:city": null, "source": null, "osm_id": 1248133502, "osm_type": "ways_poly", "Analysis_Region": "North West"}, "geometry": {"type": "Polygon", "coordinates": [[[7.4422776, 10.6107885], [7.4422878, 10.6106064], [7.4428552, 10.610637], [7.4428451, 10.6108191], [7.4422776, 10.6107885]]]}}, {"type": "Feature", "properties": {"name": "Air Force Research And Development Centre (AFRDC)", "name:en": null, "amenity": "university", "building": null, "operator:type": null, "capacity:persons": null, "addr:full": null, "addr:city": null, "source": null, "osm_id": 1248133503, "osm_type": "ways_poly", "Analysis_Region": "North West"}, "geometry": {"type": "Polygon", "coordinates": [[[7.4428551, 10.6108418], [7.4428625, 10.6106441], [7.4429125, 10.6106459], [7.4429051, 10.6108436], [7.4428551, 10.6108418]]]}}, {"type": "Feature", "properties": {"name": "School of Basic and Remidal Studies, Airforce institute of technology kaduna Nigeria", "name:en": null, "amenity": "university", "building": null, "operator:type": null, "capacity:persons": null, "addr:full": null, "addr:city": null, "source": null, "osm_id": 1248828260, "osm_type": "ways_poly", "Analysis_Region": "North West"}, "geometry": {"type": "Polygon", "coordinates": [[[7.4426486, 10.6093694], [7.4426512, 10.6093035], [7.4427155, 10.609306], [7.4427128, 10.6093719], [7.4426486, 10.6093694]]]}}, {"type": "Feature", "properties": {"name": null, "name:en": null, "amenity": null, "building": "school", "operator:type": null, "capacity:persons": null, "addr:full": null, "addr:city": null, "source": null, "osm_id": 1409127460, "osm_type": "ways_poly", "Analysis_Region": "North East"}, "geometry": {"type": "Polygon", "coordinates": [[[9.8915953, 9.1983608], [9.8917991, 9.1982888], [9.8918216, 9.1983545], [9.8916135, 9.1984223], [9.8915953, 9.1983608]]]}}, {"type": "Feature", "properties": {"name": "AIR FORCE INSTITUTE OF TECHNOLOGY (AFIT), Kaduna", "name:en": null, "amenity": "university", "building": null, "operator:type": null, "capacity:persons": null, "addr:full": null, "addr:city": null, "source": null, "osm_id": 1419984046, "osm_type": "ways_poly", "Analysis_Region": "North West"}, "geometry": {"type": "Polygon", "coordinates": [[[7.437274, 10.6162422], [7.437716, 10.6067597], [7.4485494, 10.6033729], [7.4616529, 10.6130467], [7.4466023, 10.6213109], [7.437274, 10.6162422]]]}}, {"type": "Feature", "properties": {"name": null, "name:en": null, "amenity": null, "building": "university", "operator:type": null, "capacity:persons": null, "addr:full": null, "addr:city": null, "source": null, "osm_id": 1426040259, "osm_type": "ways_poly", "Analysis_Region": "North West"}, "geometry": {"type": "Polygon", "coordinates": [[[8.8811414, 9.9651012], [8.8811456, 9.9650797], [8.8811579, 9.9650614], [8.8811763, 9.9650491], [8.8811981, 9.9650447], [8.8812199, 9.9650489], [8.8812385, 9.9650609], [8.8812509, 9.9650791], [8.8812554, 9.9651005], [8.8812512, 9.965122], [8.8812389, 9.9651403], [8.8812302, 9.9651489], [8.8812227, 9.9651538], [8.8812231, 9.9651686], [8.8812221, 9.9651686], [8.8811813, 9.9651681], [8.8811824, 9.9651532], [8.8811583, 9.9651408], [8.8811459, 9.9651226], [8.8811414, 9.9651012]]]}}, {"type": "Feature", "properties": {"name": null, "name:en": null, "amenity": null, "building": "school", "operator:type": null, "capacity:persons": null, "addr:full": null, "addr:city": null, "source": null, "osm_id": 1430588276, "osm_type": "ways_poly", "Analysis_Region": "North East"}, "geometry": {"type": "Polygon", "coordinates": [[[12.4811666, 8.6238834], [12.4811789, 8.6235499], [12.4813669, 8.6235605], [12.481353, 8.6239032], [12.4811666, 8.6238834]]]}}, {"type": "Feature", "properties": {"name": null, "name:en": null, "amenity": null, "building": "school", "operator:type": null, "capacity:persons": null, "addr:full": null, "addr:city": null, "source": null, "osm_id": 1449973703, "osm_type": "ways_poly", "Analysis_Region": "North West"}, "geometry": {"type": "Polygon", "coordinates": [[[7.6090232, 12.9803189], [7.6091068, 12.9803075], [7.6091355, 12.9805076], [7.6090518, 12.980519], [7.6090232, 12.9803189]]]}}, {"type": "Feature", "properties": {"name": null, "name:en": null, "amenity": null, "building": "school", "operator:type": null, "capacity:persons": null, "addr:full": null, "addr:city": null, "source": null, "osm_id": 1449973704, "osm_type": "ways_poly", "Analysis_Region": "North West"}, "geometry": {"type": "Polygon", "coordinates": [[[7.6089619, 12.9800315], [7.6090489, 12.9800157], [7.6090835, 12.9801965], [7.6089964, 12.9802123], [7.6089619, 12.9800315]]]}}, {"type": "Feature", "properties": {"name": null, "name:en": null, "amenity": null, "building": "school", "operator:type": null, "capacity:persons": null, "addr:full": null, "addr:city": null, "source": null, "osm_id": 1449973705, "osm_type": "ways_poly", "Analysis_Region": "North West"}, "geometry": {"type": "Polygon", "coordinates": [[[7.6091119, 12.9806755], [7.6091249, 12.9805933], [7.6093096, 12.980621], [7.6092966, 12.9807032], [7.6091119, 12.9806755]]]}}, {"type": "Feature", "properties": {"name": null, "name:en": null, "amenity": null, "building": "school", "operator:type": null, "capacity:persons": null, "addr:full": null, "addr:city": null, "source": null, "osm_id": 1449973706, "osm_type": "ways_poly", "Analysis_Region": "North West"}, "geometry": {"type": "Polygon", "coordinates": [[[7.6093437, 12.9807104], [7.6093558, 12.9806273], [7.6095384, 12.9806525], [7.6095263, 12.9807356], [7.6093437, 12.9807104]]]}}, {"type": "Feature", "properties": {"name": null, "name:en": null, "amenity": null, "building": "school", "operator:type": null, "capacity:persons": null, "addr:full": null, "addr:city": null, "source": null, "osm_id": 1449973707, "osm_type": "ways_poly", "Analysis_Region": "North West"}, "geometry": {"type": "Polygon", "coordinates": [[[7.6085806, 12.9806147], [7.6085901, 12.9805316], [7.6087844, 12.9805526], [7.608775, 12.9806356], [7.6085806, 12.9806147]]]}}, {"type": "Feature", "properties": {"name": null, "name:en": null, "amenity": null, "building": "school", "operator:type": null, "capacity:persons": null, "addr:full": null, "addr:city": null, "source": null, "osm_id": 1449973708, "osm_type": "ways_poly", "Analysis_Region": "North West"}, "geometry": {"type": "Polygon", "coordinates": [[[7.6085229, 12.9804583], [7.6085331, 12.9802662], [7.6086167, 12.9802704], [7.6086065, 12.9804624], [7.6085229, 12.9804583]]]}}, {"type": "Feature", "properties": {"name": null, "name:en": null, "amenity": null, "building": "school", "operator:type": null, "capacity:persons": null, "addr:full": null, "addr:city": null, "source": null, "osm_id": 1449973709, "osm_type": "ways_poly", "Analysis_Region": "North West"}, "geometry": {"type": "Polygon", "coordinates": [[[7.6086647, 12.9800068], [7.6089231, 12.9799925], [7.6089283, 12.980082], [7.6086699, 12.9800962], [7.6086647, 12.9800068]]]}}, {"type": "Feature", "properties": {"name": null, "name:en": null, "amenity": null, "building": "school", "operator:type": null, "capacity:persons": null, "addr:full": null, "addr:city": null, "source": null, "osm_id": 1449973710, "osm_type": "ways_poly", "Analysis_Region": "North West"}, "geometry": {"type": "Polygon", "coordinates": [[[7.6091369, 12.9800914], [7.609249, 12.9800858], [7.6092537, 12.9801759], [7.6091416, 12.9801815], [7.6091369, 12.9800914]]]}}, {"type": "Feature", "properties": {"name": null, "name:en": null, "amenity": null, "building": "school", "operator:type": null, "capacity:persons": null, "addr:full": null, "addr:city": null, "source": null, "osm_id": 1449973711, "osm_type": "ways_poly", "Analysis_Region": "North West"}, "geometry": {"type": "Polygon", "coordinates": [[[7.6093524, 12.9804093], [7.6093626, 12.9801715], [7.6094402, 12.9801747], [7.6094299, 12.9804124], [7.6093524, 12.9804093]]]}}, {"type": "Feature", "properties": {"name": null, "name:en": null, "amenity": null, "building": "school", "operator:type": null, "capacity:persons": null, "addr:full": null, "addr:city": null, "source": null, "osm_id": 1449973712, "osm_type": "ways_poly", "Analysis_Region": "North West"}, "geometry": {"type": "Polygon", "coordinates": [[[7.6094808, 12.9806007], [7.6094895, 12.9804284], [7.609573, 12.9804324], [7.6095643, 12.9806047], [7.6094808, 12.9806007]]]}}, {"type": "Feature", "properties": {"name": null, "name:en": null, "amenity": null, "building": "school", "operator:type": null, "capacity:persons": null, "addr:full": null, "addr:city": null, "source": null, "osm_id": 1449973713, "osm_type": "ways_poly", "Analysis_Region": "North West"}, "geometry": {"type": "Polygon", "coordinates": [[[7.6094935, 12.9804048], [7.60951, 12.980178], [7.6095899, 12.9801835], [7.6095734, 12.9804104], [7.6094935, 12.9804048]]]}}, {"type": "Feature", "properties": {"name": null, "name:en": null, "amenity": "school", "building": null, "operator:type": null, "capacity:persons": null, "addr:full": null, "addr:city": null, "source": null, "osm_id": 1463858819, "osm_type": "ways_poly", "Analysis_Region": "North East"}, "geometry": {"type": "Polygon", "coordinates": [[[9.4490861, 12.8283211], [9.4492508, 12.8277681], [9.4492955, 12.8276849], [9.4497287, 12.8277293], [9.4498748, 12.8277443], [9.4498265, 12.8280989], [9.4497793, 12.8284459], [9.4497508, 12.8284618], [9.4491247, 12.8283568], [9.4490861, 12.8283211]]]}}, {"type": "Feature", "properties": {"name": null, "name:en": null, "amenity": null, "building": "school", "operator:type": null, "capacity:persons": null, "addr:full": null, "addr:city": null, "source": null, "osm_id": 10955748, "osm_type": "relations", "Analysis_Region": "North West"}, "geometry": {"type": "Polygon", "coordinates": [[[8.5171098, 8.4700779], [8.5171835, 8.4697616], [8.5172574, 8.4697784], [8.5172644, 8.4697486], [8.5177671, 8.4698632], [8.5177608, 8.46989], [8.5177914, 8.469897], [8.5177976, 8.4698703], [8.5178981, 8.4698932], [8.5178622, 8.4700473], [8.5179162, 8.4700597], [8.5179081, 8.4700944], [8.5179399, 8.4701016], [8.5179292, 8.4701474], [8.5179013, 8.470141], [8.5178969, 8.4701599], [8.5178316, 8.470145], [8.5177984, 8.4702876], [8.5177076, 8.4702669], [8.5177151, 8.4702346], [8.5176901, 8.4702289], [8.5176847, 8.4702523], [8.5171651, 8.4701339], [8.5171747, 8.4700927], [8.5171098, 8.4700779]], [[8.5172508, 8.4700443], [8.5176826, 8.4701412], [8.5177215, 8.4699647], [8.5172857, 8.4698666], [8.5172508, 8.4700443]]]}}, {"type": "Feature", "properties": {"name": null, "name:en": null, "amenity": null, "building": "school", "operator:type": null, "capacity:persons": null, "addr:full": null, "addr:city": null, "source": null, "osm_id": 10955746, "osm_type": "relations", "Analysis_Region": "North West"}, "geometry": {"type": "Polygon", "coordinates": [[[8.517608, 8.4691164], [8.5176373, 8.4690042], [8.5176733, 8.4690134], [8.5176856, 8.4689663], [8.5180916, 8.46907], [8.5180791, 8.4691178], [8.5181087, 8.4691254], [8.5180805, 8.4692335], [8.518047, 8.469225], [8.5180367, 8.4692645], [8.5178656, 8.4692208], [8.5178578, 8.4692507], [8.517803, 8.4692367], [8.5178102, 8.4692088], [8.5176307, 8.469163], [8.5176407, 8.4691247], [8.517608, 8.4691164]], [[8.5177197, 8.4691023], [8.5178254, 8.4691278], [8.5178333, 8.4690961], [8.5177276, 8.4690706], [8.5177197, 8.4691023]], [[8.5178847, 8.4691427], [8.5179904, 8.4691683], [8.5179982, 8.4691366], [8.5178925, 8.469111], [8.5178847, 8.4691427]]]}}, {"type": "Feature", "properties": {"name": "School of Information and Communication Technology", "name:en": null, "amenity": null, "building": "school", "operator:type": null, "capacity:persons": null, "addr:full": null, "addr:city": null, "source": null, "osm_id": 10375504, "osm_type": "relations", "Analysis_Region": "North West"}, "geometry": {"type": "MultiPolygon", "coordinates": [[[[6.4513013, 9.5317856], [6.4513442, 9.5317512], [6.4513764, 9.5317274], [6.4515669, 9.5319549], [6.4516151, 9.5319708], [6.4516795, 9.5319205], [6.4516768, 9.5318729], [6.4515413, 9.5316765], [6.4516158, 9.5316328], [6.4517573, 9.5318306], [6.4517358, 9.5318517], [6.4517224, 9.5319311], [6.4517707, 9.5319708], [6.4516607, 9.5320475], [6.4516259, 9.5320105], [6.4515534, 9.5320105], [6.4515132, 9.5320369], [6.4513013, 9.5317856]]], [[[6.4514007, 9.5313402], [6.4514912, 9.5312728], [6.4514495, 9.5312307], [6.4514617, 9.5310833], [6.4516233, 9.5310893], [6.4516406, 9.5311124], [6.4517443, 9.5310362], [6.4517799, 9.5310823], [6.4516782, 9.5311655], [6.4518358, 9.531358], [6.4519506, 9.5312868], [6.4519872, 9.5313359], [6.4518795, 9.5314111], [6.4518978, 9.5314301], [6.4518774, 9.5315895], [6.4516985, 9.5315654], [6.4516183, 9.5316256], [6.4515817, 9.5315825], [6.4516559, 9.5315203], [6.4516772, 9.5315033], [6.4515126, 9.5313048], [6.4514313, 9.531378], [6.4514007, 9.5313402]]]]}}, {"type": "Feature", "properties": {"name": "Airforce Primary School", "name:en": null, "amenity": "school", "building": null, "operator:type": null, "capacity:persons": null, "addr:full": null, "addr:city": null, "source": null, "osm_id": 9753996, "osm_type": "relations", "Analysis_Region": "North West"}, "geometry": {"type": "Polygon", "coordinates": [[[8.884483, 9.8725776], [8.8844844, 9.8725477], [8.8844866, 9.8725498], [8.8845123, 9.8724442], [8.8846273, 9.8720484], [8.8851798, 9.8718456], [8.8864613, 9.8713257], [8.8864924, 9.871327], [8.8865262, 9.871331], [8.8865668, 9.8713443], [8.8865966, 9.8713697], [8.8866304, 9.8714083], [8.8866643, 9.8714656], [8.8866873, 9.8715456], [8.8867184, 9.8716656], [8.886786, 9.8719776], [8.8869038, 9.8724695], [8.8870686, 9.8730389], [8.8871199, 9.8731871], [8.8870942, 9.8731845], [8.8871321, 9.8735202], [8.8871525, 9.8737042], [8.884765, 9.8725526], [8.884499, 9.8725818], [8.884483, 9.8725776]]]}}, {"type": "Feature", "properties": {"name": null, "name:en": null, "amenity": null, "building": "school", "operator:type": null, "capacity:persons": null, "addr:full": null, "addr:city": null, "source": "Bing", "osm_id": 3755722, "osm_type": "relations", "Analysis_Region": "North West"}, "geometry": {"type": "Polygon", "coordinates": [[[8.553526, 11.9790763], [8.5535464, 11.9787395], [8.5539169, 11.978761], [8.5538965, 11.9790977], [8.553526, 11.9790763]], [[8.5536371, 11.9789911], [8.5537789, 11.9789993], [8.5537878, 11.9788529], [8.5536459, 11.9788447], [8.5536371, 11.9789911]]]}}, {"type": "Feature", "properties": {"name": "Christian Community School", "name:en": null, "amenity": "school", "building": null, "operator:type": null, "capacity:persons": null, "addr:full": null, "addr:city": null, "source": null, "osm_id": 12127418, "osm_type": "relations", "Analysis_Region": "North West"}, "geometry": {"type": "Polygon", "coordinates": [[[7.472357, 9.07339], [7.4727834, 9.0733291], [7.4727888, 9.0726299], [7.4730624, 9.0725796], [7.4733172, 9.0733689], [7.4737034, 9.0739701], [7.4738546, 9.0742689], [7.4740199, 9.0752447], [7.4735018, 9.0753662], [7.4730735, 9.0744753], [7.4729755, 9.0739296], [7.4729052, 9.0737647], [7.472829, 9.0736311], [7.4723999, 9.073692], [7.472357, 9.07339]]]}}, {"type": "Feature", "properties": {"name": "University of Maiduguri", "name:en": null, "amenity": "university", "building": null, "operator:type": null, "capacity:persons": null, "addr:full": null, "addr:city": null, "source": null, "osm_id": 13441918, "osm_type": "relations", "Analysis_Region": "North East"}, "geometry": {"type": "Polygon", "coordinates": [[[13.1851105, 11.8058483], [13.1886252, 11.8031723], [13.188646, 11.803191], [13.1887084, 11.8031406], [13.188755, 11.803104], [13.1888106, 11.8030581], [13.1887996, 11.8030426], [13.1900391, 11.8021096], [13.1934397, 11.7995096], [13.1939618, 11.7991178], [13.1941285, 11.7989844], [13.1941442, 11.7989721], [13.1953593, 11.7980466], [13.1959198, 11.7976291], [13.1959765, 11.7975832], [13.1960151, 11.7976324], [13.1960633, 11.7975924], [13.196114, 11.797551], [13.1961811, 11.7974962], [13.1971483, 11.798724], [13.1973991, 11.7991428], [13.1974567, 11.7993226], [13.197497, 11.7995195], [13.197509, 11.7999134], [13.1975238, 11.8007049], [13.2027742, 11.8008178], [13.2027769, 11.800869], [13.2043701, 11.8008933], [13.2044231, 11.800894], [13.2055476, 11.8009124], [13.2056228, 11.7990016], [13.208093, 11.7989327], [13.2091606, 11.799127], [13.2090318, 11.8004503], [13.2093939, 11.800911], [13.2094261, 11.8009491], [13.2097828, 11.8014427], [13.2112849, 11.8018129], [13.2117596, 11.8019127], [13.2121821, 11.8027962], [13.2122585, 11.8029803], [13.2122733, 11.8030174], [13.2130189, 11.8048125], [13.213731, 11.8064561], [13.2102871, 11.8090855], [13.2095817, 11.811325], [13.210117, 11.8120814], [13.2103193, 11.8123673], [13.2099974, 11.8123515], [13.2085557, 11.8122426], [13.2083626, 11.8123134], [13.2081775, 11.8124749], [13.2081086, 11.8125349], [13.2071288, 11.8133807], [13.2070684, 11.814507], [13.2066795, 11.8144151], [13.2066634, 11.8148745], [13.2065132, 11.8149493], [13.2049911, 11.8142109], [13.2049086, 11.8141886], [13.2039691, 11.8139464], [13.2002127, 11.8167648], [13.2001913, 11.8176023], [13.1990084, 11.8176417], [13.1972596, 11.8189806], [13.1972046, 11.8189294], [13.196013, 11.8198686], [13.1948708, 11.8184165], [13.1934435, 11.8165928], [13.1911294, 11.8136432], [13.1894946, 11.8115586], [13.1883272, 11.8100694], [13.1868278, 11.808158], [13.1859125, 11.8070173], [13.1851105, 11.8058483]]]}}, {"type": "Feature", "properties": {"name": null, "name:en": null, "amenity": null, "building": "university", "operator:type": null, "capacity:persons": null, "addr:full": null, "addr:city": null, "source": null, "osm_id": 11637823, "osm_type": "relations", "Analysis_Region": "North West"}, "geometry": {"type": "Polygon", "coordinates": [[[8.8788442, 9.9653051], [8.8788454, 9.9651979], [8.878945, 9.9651989], [8.8789452, 9.9651788], [8.8795811, 9.9651852], [8.8795796, 9.9653297], [8.8793561, 9.9653274], [8.8793561, 9.9653595], [8.8794917, 9.9653597], [8.8794915, 9.9654671], [8.8793525, 9.9654669], [8.8793525, 9.9654983], [8.8793562, 9.9654983], [8.8793544, 9.965672], [8.8793523, 9.9656719], [8.8793522, 9.9657108], [8.8795051, 9.965711], [8.8795049, 9.9658224], [8.8793655, 9.9658222], [8.8793655, 9.9658481], [8.879589, 9.9658453], [8.8795909, 9.9659897], [8.8789767, 9.9659976], [8.8789764, 9.9659804], [8.8788551, 9.965982], [8.8788537, 9.9658748], [8.8789367, 9.9658738], [8.878937, 9.9656678], [8.878848, 9.9656669], [8.8788498, 9.9654932], [8.8789372, 9.9654941], [8.8789375, 9.965306], [8.8788442, 9.9653051]], [[8.8790977, 9.9658516], [8.8793187, 9.9658487], [8.8793187, 9.9658221], [8.8791765, 9.965822], [8.8791766, 9.9657106], [8.8793116, 9.9657108], [8.8793117, 9.9656715], [8.8790979, 9.9656694], [8.8790977, 9.9658516]], [[8.8790981, 9.9654957], [8.8793119, 9.9654979], [8.8793119, 9.9654668], [8.8791725, 9.9654666], [8.8791726, 9.9653592], [8.879308, 9.9653594], [8.879308, 9.965327], [8.8790984, 9.9653248], [8.8790981, 9.9654957]]]}}, {"type": "Feature", "properties": {"name": null, "name:en": null, "amenity": null, "building": "school", "operator:type": null, "capacity:persons": null, "addr:full": null, "addr:city": null, "source": null, "osm_id": 10955747, "osm_type": "relations", "Analysis_Region": "North West"}, "geometry": {"type": "Polygon", "coordinates": [[[8.5171426, 8.4694705], [8.517242, 8.4690676], [8.5172908, 8.4690794], [8.5172981, 8.4690501], [8.5174078, 8.4690765], [8.5173995, 8.4691099], [8.5174387, 8.4691193], [8.5173972, 8.4692871], [8.5174283, 8.4692946], [8.5174143, 8.4693515], [8.5173826, 8.4693439], [8.5173387, 8.4695215], [8.517303, 8.4695129], [8.5172951, 8.4695452], [8.5171812, 8.4695178], [8.5171901, 8.469482], [8.5171426, 8.4694705]], [[8.5172453, 8.4694299], [8.5172775, 8.4694372], [8.5173018, 8.4693323], [8.5172696, 8.469325], [8.5172453, 8.4694299]], [[8.5172862, 8.4692605], [8.5173184, 8.4692678], [8.5173427, 8.4691629], [8.5173105, 8.4691556], [8.5172862, 8.4692605]]]}}, {"type": "Feature", "properties": {"name": "Faculty of Social Sciences", "name:en": null, "amenity": null, "building": "university", "operator:type": null, "capacity:persons": null, "addr:full": null, "addr:city": null, "source": null, "osm_id": 11637824, "osm_type": "relations", "Analysis_Region": "North West"}, "geometry": {"type": "Polygon", "coordinates": [[[8.8788173, 9.964538], [8.8788447, 9.9642142], [8.8792491, 9.9642474], [8.879245, 9.9642961], [8.8792594, 9.9642973], [8.8792715, 9.9641544], [8.8791338, 9.9641431], [8.8791468, 9.9639888], [8.8792845, 9.9640001], [8.8792908, 9.9639256], [8.8791359, 9.9639129], [8.8791458, 9.9637961], [8.879734, 9.9638444], [8.8796927, 9.9643328], [8.8797636, 9.9643386], [8.8797467, 9.9645393], [8.8796757, 9.9645335], [8.8796338, 9.9650296], [8.8790681, 9.9649832], [8.8790798, 9.9648443], [8.8792122, 9.9648552], [8.8792175, 9.9647919], [8.8790855, 9.9647811], [8.8790982, 9.9646311], [8.8792302, 9.9646419], [8.8792424, 9.964498], [8.879228, 9.9644968], [8.8792217, 9.9645712], [8.8788173, 9.964538]], [[8.8792701, 9.9648536], [8.8794979, 9.9648722], [8.8795281, 9.964515], [8.8793003, 9.9644963], [8.8792882, 9.9646403], [8.8794261, 9.9646516], [8.8794134, 9.9648016], [8.8792755, 9.9647903], [8.8792701, 9.9648536]], [[8.8793012, 9.9642929], [8.879529, 9.9643116], [8.8795604, 9.9639399], [8.8793327, 9.9639212], [8.8793264, 9.9639958], [8.8794623, 9.964007], [8.8794493, 9.9641612], [8.8793133, 9.96415], [8.8793012, 9.9642929]]]}}, {"type": "Feature", "properties": {"name": "Government Girls Secondary School Chibok", "name:en": null, "amenity": "school", "building": null, "operator:type": "public", "capacity:persons": null, "addr:full": null, "addr:city": null, "source": null, "osm_id": 5410944, "osm_type": "relations", "Analysis_Region": "North East"}, "geometry": {"type": "Polygon", "coordinates": [[[12.829214, 10.8840499], [12.8322653, 10.8758923], [12.8340781, 10.876583], [12.8402909, 10.8789057], [12.8389271, 10.883242], [12.8389138, 10.8832898], [12.8389039, 10.8833188], [12.8388949, 10.883347], [12.8377648, 10.8868127], [12.829214, 10.8840499]]]}}, {"type": "Feature", "properties": {"name": "The Centagon International School", "name:en": null, "amenity": "school", "building": null, "operator:type": null, "capacity:persons": null, "addr:full": null, "addr:city": null, "source": null, "osm_id": 12159809, "osm_type": "relations", "Analysis_Region": "North West"}, "geometry": {"type": "Polygon", "coordinates": [[[7.4844771, 9.0923448], [7.4845113, 9.092301], [7.4849466, 9.0920756], [7.4858549, 9.0913872], [7.4860417, 9.091653], [7.4861752, 9.0921316], [7.485876, 9.0928262], [7.485728, 9.0928021], [7.484589, 9.0929479], [7.4845516, 9.0929304], [7.4844771, 9.0923448]]]}}, {"type": "Feature", "properties": {"name": "First Bank Lecture Theare", "name:en": null, "amenity": null, "building": "university", "operator:type": null, "capacity:persons": null, "addr:full": null, "addr:city": null, "source": null, "osm_id": 14909933, "osm_type": "relations", "Analysis_Region": "North West"}, "geometry": {"type": "Polygon", "coordinates": [[[4.5235729, 7.5217033], [4.5237315, 7.5216878], [4.5237379, 7.5217529], [4.5238028, 7.5217466], [4.5237998, 7.5217164], [4.5238485, 7.5217116], [4.5238426, 7.5216532], [4.5239536, 7.5216423], [4.5239591, 7.5216975], [4.524004, 7.5216932], [4.5240072, 7.5217253], [4.5240954, 7.5217167], [4.5240887, 7.5216499], [4.5242053, 7.5216385], [4.5242238, 7.5218243], [4.5240964, 7.5218368], [4.5240914, 7.521786], [4.5240416, 7.5217909], [4.524044, 7.5218159], [4.5240113, 7.5218192], [4.5240163, 7.5218694], [4.5240009, 7.5218709], [4.5240073, 7.5219353], [4.5238682, 7.5219489], [4.5238609, 7.5218761], [4.5238252, 7.5218796], [4.5238234, 7.5218615], [4.5237915, 7.5218646], [4.5237889, 7.5218376], [4.5237466, 7.5218418], [4.5237519, 7.521895], [4.5235935, 7.5219105], [4.5235729, 7.5217033]], [[4.5236286, 7.5217857], [4.52363, 7.5218189], [4.523693, 7.5218163], [4.5236916, 7.521783], [4.5236286, 7.5217857]], [[4.5241215, 7.5217193], [4.5241235, 7.5217618], [4.5241812, 7.5217591], [4.5241792, 7.5217167], [4.5241215, 7.5217193]]]}}, {"type": "Feature", "properties": {"name": "Senate Building", "name:en": null, "amenity": "university", "building": "yes", "operator:type": null, "capacity:persons": null, "addr:full": null, "addr:city": null, "source": null, "osm_id": 17653632, "osm_type": "relations", "Analysis_Region": "North West"}, "geometry": {"type": "Polygon", "coordinates": [[[7.6543175, 11.1506526], [7.6545283, 11.1504135], [7.6547852, 11.1506314], [7.6545745, 11.1508706], [7.6543175, 11.1506526]], [[7.6544841, 11.1506546], [7.6545657, 11.1507171], [7.6546327, 11.1506329], [7.6545511, 11.1505704], [7.6544841, 11.1506546]]]}}, {"type": "Feature", "properties": {"name": "Mandela Hall", "name:en": null, "amenity": null, "building": "university", "operator:type": null, "capacity:persons": null, "addr:full": null, "addr:city": null, "source": null, "osm_id": 4235504, "osm_type": "relations", "Analysis_Region": "North West"}, "geometry": {"type": "Polygon", "coordinates": [[[7.4221119, 9.0010038], [7.4222617, 9.0008954], [7.4222436, 9.0008711], [7.422356, 9.0007897], [7.4223741, 9.0008141], [7.4224882, 9.0007315], [7.4225436, 9.0008062], [7.4225164, 9.0008259], [7.4226343, 9.0009849], [7.4224099, 9.0011472], [7.422397, 9.0011297], [7.4222927, 9.0012052], [7.422255, 9.0011544], [7.4222345, 9.0011692], [7.4222153, 9.0011433], [7.4222314, 9.0011316], [7.4222184, 9.0011141], [7.4222023, 9.0011258], [7.4221119, 9.0010038]], [[7.4222898, 9.0009823], [7.4223522, 9.001068], [7.4224557, 9.0009945], [7.4223934, 9.0009088], [7.4222898, 9.0009823]]]}}, {"type": "Feature", "properties": {"name": "ICT department", "name:en": null, "amenity": null, "building": "school", "operator:type": null, "capacity:persons": null, "addr:full": null, "addr:city": null, "source": null, "osm_id": 16533212, "osm_type": "relations", "Analysis_Region": "North West"}, "geometry": {"type": "Polygon", "coordinates": [[[8.8902886, 9.9503966], [8.890596, 9.9503415], [8.8905888, 9.950302], [8.8906977, 9.9502825], [8.8907632, 9.9506371], [8.8906414, 9.9506589], [8.8906347, 9.9506223], [8.89034, 9.9506751], [8.8902886, 9.9503966]], [[8.8903956, 9.9504669], [8.8904084, 9.9505589], [8.890623, 9.9505298], [8.8906102, 9.9504379], [8.8903956, 9.9504669]]]}}, {"type": "Feature", "properties": {"name": null, "name:en": null, "amenity": null, "building": "school", "operator:type": null, "capacity:persons": null, "addr:full": null, "addr:city": null, "source": null, "osm_id": 17651701, "osm_type": "relations", "Analysis_Region": "North West"}, "geometry": {"type": "Polygon", "coordinates": [[[4.5457103, 7.744552], [4.5462172, 7.7442673], [4.5463583, 7.7445139], [4.5458514, 7.7447986], [4.5457103, 7.744552]], [[4.5458306, 7.7446294], [4.5458595, 7.7446775], [4.5462457, 7.7444503], [4.5462169, 7.7444022], [4.5458306, 7.7446294]]]}}, {"type": "Feature", "properties": {"name": "Kaduna State University Main Campus", "name:en": null, "amenity": "university", "building": null, "operator:type": null, "capacity:persons": null, "addr:full": null, "addr:city": null, "source": null, "osm_id": 13432010, "osm_type": "relations", "Analysis_Region": "North West"}, "geometry": {"type": "Polygon", "coordinates": [[[7.4503639, 10.5206774], [7.4505973, 10.5201803], [7.4508131, 10.5197467], [7.4512531, 10.5187655], [7.4513336, 10.5187523], [7.4513635, 10.5186881], [7.4513892, 10.5186159], [7.4513577, 10.5185255], [7.4514274, 10.5184662], [7.4514918, 10.5182882], [7.4514864, 10.5181286], [7.4515884, 10.5178979], [7.4516, 10.5178607], [7.4530014, 10.5184488], [7.4525902, 10.5197636], [7.4525338, 10.5197425], [7.4522428, 10.5205047], [7.4520966, 10.520444], [7.4519008, 10.5204216], [7.4510506, 10.5208422], [7.4508803, 10.5213037], [7.4505369, 10.5211903], [7.4504819, 10.5210862], [7.4505825, 10.5207684], [7.4503639, 10.5206774]]]}}, {"type": "Feature", "properties": {"name": "Faculty of Science Complex", "name:en": null, "amenity": null, "building": "school", "operator:type": null, "capacity:persons": null, "addr:full": null, "addr:city": null, "source": null, "osm_id": 12814558, "osm_type": "relations", "Analysis_Region": "North East"}, "geometry": {"type": "Polygon", "coordinates": [[[11.1746895, 10.3050851], [11.1747234, 10.3050725], [11.1747072, 10.3050279], [11.1747513, 10.3050121], [11.1747362, 10.3049729], [11.1749529, 10.3048884], [11.1751151, 10.3048084], [11.1751321, 10.3048593], [11.1752259, 10.3048203], [11.1752016, 10.3047679], [11.1753216, 10.3047084], [11.1753394, 10.3047748], [11.1754208, 10.3047494], [11.1754109, 10.3047088], [11.1757717, 10.3045687], [11.1757961, 10.3046161], [11.1758482, 10.3045959], [11.1758823, 10.3046513], [11.1759343, 10.3046495], [11.1759522, 10.3046883], [11.1759833, 10.3046845], [11.176047, 10.3048591], [11.1760137, 10.3048755], [11.1760319, 10.3049295], [11.1759513, 10.3049585], [11.1756978, 10.3050529], [11.1756611, 10.3049953], [11.1756193, 10.3050125], [11.1756026, 10.304991], [11.1754259, 10.305057], [11.1754349, 10.3050898], [11.1755224, 10.305062], [11.1755356, 10.3051042], [11.1756489, 10.3050306], [11.1756799, 10.3050772], [11.1757095, 10.3050765], [11.1757149, 10.3050903], [11.1757503, 10.3050846], [11.1757548, 10.3051019], [11.1757716, 10.3050997], [11.1757845, 10.3051375], [11.17577, 10.3051464], [11.1757742, 10.3051646], [11.1757485, 10.3051735], [11.1757501, 10.3051989], [11.1757297, 10.3052073], [11.1757423, 10.3052596], [11.1756855, 10.3052677], [11.1756208, 10.3052769], [11.1755915, 10.3052811], [11.1755563, 10.3052932], [11.1755313, 10.3053018], [11.1755102, 10.3053091], [11.1753986, 10.3053493], [11.1753809, 10.3053544], [11.1753731, 10.3053567], [11.1753664, 10.3053628], [11.1752722, 10.3054273], [11.1752477, 10.3054445], [11.1752197, 10.3053972], [11.175185, 10.305407], [11.1751793, 10.305385], [11.1751466, 10.3053966], [11.1751361, 10.3053798], [11.1751187, 10.3053863], [11.1750995, 10.3053336], [11.1751166, 10.305327], [11.175116, 10.3052989], [11.1751421, 10.3052959], [11.1751396, 10.3052724], [11.1751646, 10.3052672], [11.1751633, 10.3052045], [11.1752881, 10.305194], [11.1752704, 10.3051522], [11.175389, 10.3051052], [11.1753555, 10.3050137], [11.1751776, 10.3050816], [11.1751788, 10.3050851], [11.1752033, 10.3051552], [11.1751542, 10.3051806], [11.1751152, 10.3051925], [11.1751104, 10.3052102], [11.174948, 10.3052687], [11.1748259, 10.305312], [11.1748053, 10.3052536], [11.1747606, 10.3052688], [11.1746895, 10.3050851]]]}}, {"type": "Feature", "properties": {"name": "Pyakasa Government Science Secondary School", "name:en": null, "amenity": "school", "building": null, "operator:type": null, "capacity:persons": null, "addr:full": null, "addr:city": null, "source": null, "osm_id": 14471766, "osm_type": "relations", "Analysis_Region": "North West"}, "geometry": {"type": "Polygon", "coordinates": [[[7.4777807, 9.0861329], [7.4778852, 9.0860736], [7.4778606, 9.0860248], [7.4778551, 9.085903], [7.4779373, 9.0857622], [7.4784534, 9.0854116], [7.4785932, 9.0853225], [7.4788182, 9.0851796], [7.4792948, 9.084855], [7.4792875, 9.0848048], [7.4801745, 9.0846014], [7.4809513, 9.0858599], [7.4797354, 9.0868167], [7.4795339, 9.0870087], [7.4790735, 9.0876195], [7.4789554, 9.0875945], [7.4777807, 9.0861329]]]}}, {"type": "Feature", "properties": {"name": null, "name:en": null, "amenity": null, "building": "university", "operator:type": null, "capacity:persons": null, "addr:full": null, "addr:city": null, "source": null, "osm_id": 14911972, "osm_type": "relations", "Analysis_Region": "North West"}, "geometry": {"type": "Polygon", "coordinates": [[[4.5145607, 7.5211044], [4.5152732, 7.5209857], [4.5152888, 7.521078], [4.5152905, 7.5210777], [4.5153239, 7.5213002], [4.5153436, 7.521423], [4.51536, 7.5215255], [4.5152775, 7.5215385], [4.5152717, 7.521579], [4.514954, 7.5216339], [4.5149365, 7.5216021], [4.5146476, 7.5216477], [4.5146099, 7.5214129], [4.5148522, 7.5213728], [4.5148556, 7.5213722], [4.5148265, 7.5212004], [4.5145838, 7.5212408], [4.5145607, 7.5211044]], [[4.5149058, 7.5211872], [4.5149349, 7.5213593], [4.5152338, 7.5213135], [4.5152075, 7.5211383], [4.5152066, 7.5211385], [4.5149058, 7.5211872]]]}}, {"type": "Feature", "properties": {"name": null, "name:en": null, "amenity": null, "building": "university", "operator:type": null, "capacity:persons": null, "addr:full": null, "addr:city": null, "source": null, "osm_id": 14909899, "osm_type": "relations", "Analysis_Region": "North West"}, "geometry": {"type": "Polygon", "coordinates": [[[4.525561, 7.5113333], [4.5256574, 7.5111766], [4.5257889, 7.511256], [4.525693, 7.5114131], [4.525561, 7.5113333]], [[4.5256736, 7.511322], [4.5256872, 7.5113302], [4.5257112, 7.5112911], [4.5256976, 7.5112829], [4.5256736, 7.511322]]]}}, {"type": "Feature", "properties": {"name": null, "name:en": null, "amenity": null, "building": "university", "operator:type": null, "capacity:persons": null, "addr:full": null, "addr:city": null, "source": null, "osm_id": 11637828, "osm_type": "relations", "Analysis_Region": "North West"}, "geometry": {"type": "Polygon", "coordinates": [[[8.8859506, 9.9649668], [8.8862151, 9.9649573], [8.8862304, 9.9652331], [8.8862288, 9.9652872], [8.8862391, 9.9656067], [8.8859746, 9.9656162], [8.8859506, 9.9649668]], [[8.8860327, 9.9651231], [8.8860485, 9.9655511], [8.886122, 9.9655485], [8.886115, 9.965359], [8.8861129, 9.9653021], [8.8861062, 9.9651205], [8.8860327, 9.9651231]]]}}]}