{"type": "FeatureCollection", "name": "hotosm_nga_education_facilities_points_geojson", "features": [{"type": "Feature", "properties": {"name": "School", "name:en": "Idi primary school", "amenity": "school", "building": null, "operator:type": null, "capacity:persons": null, "addr:full": null, "addr:city": null, "source": null, "osm_id": 11147898005, "osm_type": "nodes", "Analysis_Region": "North East"}, "geometry": {"type": "Point", "coordinates": [11.1780469, 10.2935941]}}, {"type": "Feature", "properties": {"name": "GDSS Feshingo", "name:en": null, "amenity": "school", "building": null, "operator:type": null, "capacity:persons": null, "addr:full": null, "addr:city": null, "source": null, "osm_id": 8484372938, "osm_type": "nodes", "Analysis_Region": "North East"}, "geometry": {"type": "Point", "coordinates": [11.4668405, 10.9166509]}}, {"type": "Feature", "properties": {"name": "Usman Memorial Islamiyya School (Loddo), Gombe", "name:en": null, "amenity": "school", "building": null, "operator:type": null, "capacity:persons": null, "addr:full": null, "addr:city": null, "source": null, "osm_id": 11157931205, "osm_type": "nodes", "Analysis_Region": "North East"}, "geometry": {"type": "Point", "coordinates": [11.1702928, 10.2948278]}}, {"type": "Feature", "properties": {"name": "Kwaine College of Education (KCOE) Yelanguruza Gombe", "name:en": null, "amenity": "school", "building": null, "operator:type": null, "capacity:persons": null, "addr:full": null, "addr:city": null, "source": null, "osm_id": 11153624607, "osm_type": "nodes", "Analysis_Region": "North East"}, "geometry": {"type": "Point", "coordinates": [11.1958093, 10.271742]}}, {"type": "Feature", "properties": {"name": null, "name:en": null, "amenity": "school", "building": null, "operator:type": null, "capacity:persons": null, "addr:full": null, "addr:city": null, "source": null, "osm_id": 11151643805, "osm_type": "nodes", "Analysis_Region": "North East"}, "geometry": {"type": "Point", "coordinates": [11.1785822, 10.2956145]}}, {"type": "Feature", "properties": {"name": "Evangel Group of Schools", "name:en": null, "amenity": "school", "building": null, "operator:type": null, "capacity:persons": null, "addr:full": null, "addr:city": null, "source": null, "osm_id": 7264272786, "osm_type": "nodes", "Analysis_Region": "North East"}, "geometry": {"type": "Point", "coordinates": [11.151902, 10.2876289]}}, {"type": "Feature", "properties": {"name": null, "name:en": null, "amenity": "school", "building": null, "operator:type": null, "capacity:persons": null, "addr:full": null, "addr:city": null, "source": "nigeriase4all.gov.ng", "osm_id": 9888515210, "osm_type": "nodes", "Analysis_Region": "North East"}, "geometry": {"type": "Point", "coordinates": [10.5441239, 12.7211715]}}, {"type": "Feature", "properties": {"name": "Jauro Secondary school", "name:en": null, "amenity": "school", "building": null, "operator:type": null, "capacity:persons": null, "addr:full": null, "addr:city": null, "source": null, "osm_id": 7253718185, "osm_type": "nodes", "Analysis_Region": "North East"}, "geometry": {"type": "Point", "coordinates": [11.1724155, 10.2990622]}}, {"type": "Feature", "properties": {"name": "Department of Nursing Science", "name:en": null, "amenity": "school", "building": null, "operator:type": null, "capacity:persons": null, "addr:full": null, "addr:city": null, "source": null, "osm_id": 11142161705, "osm_type": "nodes", "Analysis_Region": "North East"}, "geometry": {"type": "Point", "coordinates": [11.1756137, 10.3027998]}}, {"type": "Feature", "properties": {"name": null, "name:en": null, "amenity": "school", "building": null, "operator:type": null, "capacity:persons": null, "addr:full": null, "addr:city": null, "source": "nigeriase4all.gov.ng", "osm_id": 9897390255, "osm_type": "nodes", "Analysis_Region": "North East"}, "geometry": {"type": "Point", "coordinates": [9.4548773, 11.559206]}}, {"type": "Feature", "properties": {"name": "ASCL Staff Secondary School I", "name:en": null, "amenity": "school", "building": null, "operator:type": null, "capacity:persons": null, "addr:full": null, "addr:city": null, "source": null, "osm_id": 1846885981, "osm_type": "nodes", "Analysis_Region": "North West"}, "geometry": {"type": "Point", "coordinates": [6.6001617, 7.5496203]}}, {"type": "Feature", "properties": {"name": null, "name:en": null, "amenity": "school", "building": null, "operator:type": null, "capacity:persons": null, "addr:full": null, "addr:city": null, "source": "nigeriase4all.gov.ng", "osm_id": 9939662929, "osm_type": "nodes", "Analysis_Region": "North West"}, "geometry": {"type": "Point", "coordinates": [8.1575247, 8.4338926]}}, {"type": "Feature", "properties": {"name": "College of Medical sciences", "name:en": null, "amenity": "college", "building": null, "operator:type": null, "capacity:persons": null, "addr:full": null, "addr:city": null, "source": null, "osm_id": 7252695488, "osm_type": "nodes", "Analysis_Region": "North East"}, "geometry": {"type": "Point", "coordinates": [11.1746645, 10.3033759]}}, {"type": "Feature", "properties": {"name": "NURSING DEPARTMENT", "name:en": null, "amenity": "college", "building": null, "operator:type": null, "capacity:persons": null, "addr:full": null, "addr:city": null, "source": null, "osm_id": 11162424505, "osm_type": "nodes", "Analysis_Region": "North East"}, "geometry": {"type": "Point", "coordinates": [11.1754462, 10.3030118]}}, {"type": "Feature", "properties": {"name": "Faculty of Science Complex", "name:en": null, "amenity": "university", "building": null, "operator:type": null, "capacity:persons": null, "addr:full": null, "addr:city": null, "source": null, "osm_id": 7252656185, "osm_type": "nodes", "Analysis_Region": "North East"}, "geometry": {"type": "Point", "coordinates": [11.1753386, 10.304987]}}, {"type": "Feature", "properties": {"name": "ZBA", "name:en": null, "amenity": null, "building": "school", "operator:type": null, "capacity:persons": null, "addr:full": null, "addr:city": null, "source": "Mr auwal abdallah", "osm_id": 2293594537, "osm_type": "nodes", "Analysis_Region": "North East"}, "geometry": {"type": "Point", "coordinates": [11.171028, 10.2607681]}}, {"type": "Feature", "properties": {"name": "GYADI GYADI SPECIAL PRIMARY SCHOOL", "name:en": null, "amenity": "school", "building": null, "operator:type": null, "capacity:persons": null, "addr:full": null, "addr:city": null, "source": null, "osm_id": 5128989132, "osm_type": "nodes", "Analysis_Region": "North West"}, "geometry": {"type": "Point", "coordinates": [8.5459836, 11.9683965]}}, {"type": "Feature", "properties": {"name": "Babban Giji Secondary School, Karkasara", "name:en": null, "amenity": "school", "building": null, "operator:type": null, "capacity:persons": null, "addr:full": null, "addr:city": null, "source": null, "osm_id": 5127880729, "osm_type": "nodes", "Analysis_Region": "North West"}, "geometry": {"type": "Point", "coordinates": [8.5447452, 11.9585136]}}, {"type": "Feature", "properties": {"name": "Hassan Gwarzo School", "name:en": null, "amenity": "school", "building": null, "operator:type": null, "capacity:persons": null, "addr:full": null, "addr:city": null, "source": "steadfast.com.ng", "osm_id": 3820291611, "osm_type": "nodes", "Analysis_Region": "North West"}, "geometry": {"type": "Point", "coordinates": [8.5398573, 11.9493769]}}, {"type": "Feature", "properties": {"name": "Ajaokuta Indian Language School", "name:en": null, "amenity": "school", "building": null, "operator:type": null, "capacity:persons": null, "addr:full": null, "addr:city": null, "source": null, "osm_id": 1846516824, "osm_type": "nodes", "Analysis_Region": "North West"}, "geometry": {"type": "Point", "coordinates": [6.6008411, 7.5570842]}}, {"type": "Feature", "properties": {"name": "Garama Primary School", "name:en": null, "amenity": "school", "building": null, "operator:type": null, "capacity:persons": null, "addr:full": null, "addr:city": null, "source": null, "osm_id": 2570329831, "osm_type": "nodes", "Analysis_Region": "North West"}, "geometry": {"type": "Point", "coordinates": [7.6041997, 12.984344]}}, {"type": "Feature", "properties": {"name": "GSS Kachia", "name:en": null, "amenity": "school", "building": null, "operator:type": "public", "capacity:persons": null, "addr:full": null, "addr:city": null, "source": null, "osm_id": 6603582359, "osm_type": "nodes", "Analysis_Region": "North West"}, "geometry": {"type": "Point", "coordinates": [7.9575532, 9.8813976]}}, {"type": "Feature", "properties": {"name": "St. John's Secondary Kachia", "name:en": null, "amenity": "school", "building": null, "operator:type": null, "capacity:persons": null, "addr:full": null, "addr:city": null, "source": null, "osm_id": 6603610278, "osm_type": "nodes", "Analysis_Region": "North West"}, "geometry": {"type": "Point", "coordinates": [7.9513849, 9.8949276]}}, {"type": "Feature", "properties": {"name": null, "name:en": null, "amenity": "school", "building": null, "operator:type": null, "capacity:persons": null, "addr:full": null, "addr:city": null, "source": "nigeriase4all.gov.ng", "osm_id": 9899947738, "osm_type": "nodes", "Analysis_Region": "North West"}, "geometry": {"type": "Point", "coordinates": [8.7663322, 12.1984899]}}, {"type": "Feature", "properties": {"name": null, "name:en": null, "amenity": "school", "building": null, "operator:type": null, "capacity:persons": null, "addr:full": null, "addr:city": null, "source": null, "osm_id": 7116412954, "osm_type": "nodes", "Analysis_Region": "North West"}, "geometry": {"type": "Point", "coordinates": [8.6547026, 12.5103771]}}, {"type": "Feature", "properties": {"name": "Madarasatu Amina Islamiyya Primary School", "name:en": null, "amenity": "school", "building": null, "operator:type": null, "capacity:persons": null, "addr:full": null, "addr:city": "Kano", "source": "survey", "osm_id": 2883623452, "osm_type": "nodes", "Analysis_Region": "North West"}, "geometry": {"type": "Point", "coordinates": [8.551032, 12.0272812]}}, {"type": "Feature", "properties": {"name": null, "name:en": null, "amenity": "school", "building": null, "operator:type": null, "capacity:persons": null, "addr:full": null, "addr:city": null, "source": null, "osm_id": 4986442022, "osm_type": "nodes", "Analysis_Region": "North West"}, "geometry": {"type": "Point", "coordinates": [7.4573839, 9.0247278]}}, {"type": "Feature", "properties": {"name": null, "name:en": null, "amenity": "school", "building": null, "operator:type": null, "capacity:persons": null, "addr:full": null, "addr:city": null, "source": null, "osm_id": 7136886051, "osm_type": "nodes", "Analysis_Region": "North West"}, "geometry": {"type": "Point", "coordinates": [8.8048205, 11.2057729]}}, {"type": "Feature", "properties": {"name": "SCIENCE SECONDARY SCHOOL", "name:en": null, "amenity": "school", "building": null, "operator:type": null, "capacity:persons": null, "addr:full": null, "addr:city": null, "source": null, "osm_id": 5128628124, "osm_type": "nodes", "Analysis_Region": "North West"}, "geometry": {"type": "Point", "coordinates": [8.5674438, 11.9464446]}}, {"type": "Feature", "properties": {"name": "HOTORO MARADI SPECIAL PRIMARY SCHOOL", "name:en": null, "amenity": "school", "building": null, "operator:type": null, "capacity:persons": null, "addr:full": null, "addr:city": null, "source": null, "osm_id": 5127884528, "osm_type": "nodes", "Analysis_Region": "North West"}, "geometry": {"type": "Point", "coordinates": [8.5796546, 11.9602668]}}, {"type": "Feature", "properties": {"name": null, "name:en": null, "amenity": "school", "building": null, "operator:type": null, "capacity:persons": null, "addr:full": null, "addr:city": null, "source": null, "osm_id": 7128358864, "osm_type": "nodes", "Analysis_Region": "North West"}, "geometry": {"type": "Point", "coordinates": [8.5669716, 12.3743981]}}, {"type": "Feature", "properties": {"name": null, "name:en": null, "amenity": "school", "building": null, "operator:type": null, "capacity:persons": null, "addr:full": null, "addr:city": null, "source": null, "osm_id": 5160567822, "osm_type": "nodes", "Analysis_Region": "North West"}, "geometry": {"type": "Point", "coordinates": [8.4261574, 11.767644]}}, {"type": "Feature", "properties": {"name": null, "name:en": null, "amenity": "school", "building": null, "operator:type": null, "capacity:persons": null, "addr:full": null, "addr:city": null, "source": null, "osm_id": 6925412777, "osm_type": "nodes", "Analysis_Region": "North West"}, "geometry": {"type": "Point", "coordinates": [7.6248497, 9.1958761]}}, {"type": "Feature", "properties": {"name": null, "name:en": null, "amenity": "school", "building": null, "operator:type": null, "capacity:persons": null, "addr:full": null, "addr:city": null, "source": null, "osm_id": 6909346290, "osm_type": "nodes", "Analysis_Region": "North West"}, "geometry": {"type": "Point", "coordinates": [7.6276445, 9.1515892]}}, {"type": "Feature", "properties": {"name": "GYADI GYADI, GIRLS SECONDARY SCHOOL", "name:en": null, "amenity": "school", "building": null, "operator:type": null, "capacity:persons": null, "addr:full": null, "addr:city": null, "source": null, "osm_id": 5128989131, "osm_type": "nodes", "Analysis_Region": "North West"}, "geometry": {"type": "Point", "coordinates": [8.5448098, 11.9678941]}}, {"type": "Feature", "properties": {"name": "Ado Gwaram Secondary School", "name:en": null, "amenity": "school", "building": null, "operator:type": null, "capacity:persons": null, "addr:full": null, "addr:city": null, "source": "steadfast.com.ng", "osm_id": 3812587993, "osm_type": "nodes", "Analysis_Region": "North West"}, "geometry": {"type": "Point", "coordinates": [8.5315573, 11.9675575]}}, {"type": "Feature", "properties": {"name": "Albakans pre science school", "name:en": null, "amenity": "school", "building": null, "operator:type": null, "capacity:persons": null, "addr:full": null, "addr:city": null, "source": null, "osm_id": 10031852367, "osm_type": "nodes", "Analysis_Region": "North West"}, "geometry": {"type": "Point", "coordinates": [8.8651452, 9.8975747]}}, {"type": "Feature", "properties": {"name": "senior block", "name:en": null, "amenity": null, "building": "school", "operator:type": null, "capacity:persons": null, "addr:full": null, "addr:city": null, "source": null, "osm_id": 3842424370, "osm_type": "nodes", "Analysis_Region": "North West"}, "geometry": {"type": "Point", "coordinates": [8.5427154, 12.0228468]}}, {"type": "Feature", "properties": {"name": "INTERCONTINENTAL SCHOOLS, SEC", "name:en": null, "amenity": "school", "building": null, "operator:type": null, "capacity:persons": null, "addr:full": null, "addr:city": null, "source": null, "osm_id": 5128635892, "osm_type": "nodes", "Analysis_Region": "North West"}, "geometry": {"type": "Point", "coordinates": [8.5537124, 11.978936]}}, {"type": "Feature", "properties": {"name": "Governor's College", "name:en": null, "amenity": "school", "building": null, "operator:type": null, "capacity:persons": null, "addr:full": null, "addr:city": "kano", "source": "steadfast.com.ng", "osm_id": 3808616775, "osm_type": "nodes", "Analysis_Region": "North West"}, "geometry": {"type": "Point", "coordinates": [8.5323907, 11.9904243]}}, {"type": "Feature", "properties": {"name": "Nuhu Bamalli Polytechnic Zaria", "name:en": null, "amenity": "school", "building": null, "operator:type": null, "capacity:persons": null, "addr:full": null, "addr:city": null, "source": null, "osm_id": 4223538889, "osm_type": "nodes", "Analysis_Region": "North West"}, "geometry": {"type": "Point", "coordinates": [7.6739439, 11.0373333]}}, {"type": "Feature", "properties": {"name": null, "name:en": null, "amenity": "school", "building": null, "operator:type": null, "capacity:persons": null, "addr:full": null, "addr:city": null, "source": null, "osm_id": 6813123685, "osm_type": "nodes", "Analysis_Region": "North West"}, "geometry": {"type": "Point", "coordinates": [8.8606443, 9.7597141]}}, {"type": "Feature", "properties": {"name": null, "name:en": null, "amenity": "school", "building": null, "operator:type": null, "capacity:persons": null, "addr:full": null, "addr:city": null, "source": null, "osm_id": 7133134317, "osm_type": "nodes", "Analysis_Region": "North West"}, "geometry": {"type": "Point", "coordinates": [8.8073464, 11.197798]}}, {"type": "Feature", "properties": {"name": "Agboola Model School", "name:en": null, "amenity": "school", "building": null, "operator:type": null, "capacity:persons": null, "addr:full": null, "addr:city": null, "source": null, "osm_id": 11004256568, "osm_type": "nodes", "Analysis_Region": "North West"}, "geometry": {"type": "Point", "coordinates": [8.9128533, 9.9252659]}}, {"type": "Feature", "properties": {"name": null, "name:en": null, "amenity": "school", "building": null, "operator:type": null, "capacity:persons": null, "addr:full": null, "addr:city": null, "source": null, "osm_id": 6929969146, "osm_type": "nodes", "Analysis_Region": "North West"}, "geometry": {"type": "Point", "coordinates": [7.6835713, 9.1726825]}}, {"type": "Feature", "properties": {"name": null, "name:en": null, "amenity": "school", "building": null, "operator:type": null, "capacity:persons": null, "addr:full": null, "addr:city": null, "source": "nigeriase4all.gov.ng", "osm_id": 9939629301, "osm_type": "nodes", "Analysis_Region": "North West"}, "geometry": {"type": "Point", "coordinates": [7.5465436, 8.6558908]}}, {"type": "Feature", "properties": {"name": null, "name:en": null, "amenity": "school", "building": null, "operator:type": null, "capacity:persons": null, "addr:full": null, "addr:city": null, "source": "nigeriase4all.gov.ng", "osm_id": 9897655526, "osm_type": "nodes", "Analysis_Region": "North East"}, "geometry": {"type": "Point", "coordinates": [9.8074211, 11.9488886]}}, {"type": "Feature", "properties": {"name": null, "name:en": null, "amenity": "school", "building": null, "operator:type": null, "capacity:persons": null, "addr:full": null, "addr:city": null, "source": "nigeriase4all.gov.ng", "osm_id": 9897655528, "osm_type": "nodes", "Analysis_Region": "North East"}, "geometry": {"type": "Point", "coordinates": [9.8059267, 11.9484208]}}, {"type": "Feature", "properties": {"name": "St John's College Jos", "name:en": null, "amenity": "school", "building": null, "operator:type": null, "capacity:persons": null, "addr:full": null, "addr:city": "Joe", "source": null, "osm_id": 9768918539, "osm_type": "nodes", "Analysis_Region": "North West"}, "geometry": {"type": "Point", "coordinates": [8.8763404, 9.93061]}}, {"type": "Feature", "properties": {"name": "Baptist Science Grammar School", "name:en": null, "amenity": "school", "building": null, "operator:type": null, "capacity:persons": null, "addr:full": null, "addr:city": null, "source": null, "osm_id": 11004256569, "osm_type": "nodes", "Analysis_Region": "North West"}, "geometry": {"type": "Point", "coordinates": [8.912403, 9.9259633]}}, {"type": "Feature", "properties": {"name": "Amina Zwindila Foundation School", "name:en": null, "amenity": "school", "building": null, "operator:type": null, "capacity:persons": null, "addr:full": null, "addr:city": null, "source": null, "osm_id": 10969495090, "osm_type": "nodes", "Analysis_Region": "North West"}, "geometry": {"type": "Point", "coordinates": [8.9110023, 9.9202482]}}, {"type": "Feature", "properties": {"name": "American International School Abuja", "name:en": null, "amenity": "school", "building": null, "operator:type": null, "capacity:persons": null, "addr:full": null, "addr:city": "Abuja", "source": null, "osm_id": 9268272535, "osm_type": "nodes", "Analysis_Region": "North West"}, "geometry": {"type": "Point", "coordinates": [7.4574033, 9.0225384]}}, {"type": "Feature", "properties": {"name": "Gombe state university day care", "name:en": null, "amenity": "school", "building": null, "operator:type": null, "capacity:persons": null, "addr:full": null, "addr:city": null, "source": null, "osm_id": 11148246605, "osm_type": "nodes", "Analysis_Region": "North East"}, "geometry": {"type": "Point", "coordinates": [11.173345, 10.3078925]}}, {"type": "Feature", "properties": {"name": "National Teachers Institute", "name:en": null, "amenity": "college", "building": null, "operator:type": null, "capacity:persons": null, "addr:full": null, "addr:city": null, "source": null, "osm_id": 557728663, "osm_type": "nodes", "Analysis_Region": "North West"}, "geometry": {"type": "Point", "coordinates": [7.4698018, 10.6203744]}}, {"type": "Feature", "properties": {"name": "Biochemistry and microbiology department", "name:en": null, "amenity": "college", "building": null, "operator:type": null, "capacity:persons": null, "addr:full": null, "addr:city": null, "source": null, "osm_id": 7252704287, "osm_type": "nodes", "Analysis_Region": "North East"}, "geometry": {"type": "Point", "coordinates": [11.1751292, 10.3037496]}}, {"type": "Feature", "properties": {"name": "Primary School Katugal", "name:en": null, "amenity": null, "building": "school", "operator:type": null, "capacity:persons": null, "addr:full": null, "addr:city": null, "source": null, "osm_id": 6277358261, "osm_type": "nodes", "Analysis_Region": "North West"}, "geometry": {"type": "Point", "coordinates": [7.8835863, 9.4656137]}}, {"type": "Feature", "properties": {"name": "GDJSS", "name:en": null, "amenity": "school", "building": null, "operator:type": null, "capacity:persons": null, "addr:full": null, "addr:city": null, "source": null, "osm_id": 7255201785, "osm_type": "nodes", "Analysis_Region": "North East"}, "geometry": {"type": "Point", "coordinates": [11.1781189, 10.3092414]}}, {"type": "Feature", "properties": {"name": "NURAIN INTEGRATED SCHOOL", "name:en": null, "amenity": "school", "building": null, "operator:type": null, "capacity:persons": null, "addr:full": null, "addr:city": null, "source": null, "osm_id": 7253719589, "osm_type": "nodes", "Analysis_Region": "North East"}, "geometry": {"type": "Point", "coordinates": [11.1607754, 10.319148]}}, {"type": "Feature", "properties": {"name": "Class 5A", "name:en": null, "amenity": "school", "building": null, "operator:type": null, "capacity:persons": null, "addr:full": null, "addr:city": null, "source": null, "osm_id": 11153534706, "osm_type": "nodes", "Analysis_Region": "North East"}, "geometry": {"type": "Point", "coordinates": [11.1675466, 10.306928]}}, {"type": "Feature", "properties": {"name": "Faculty of law gombe state university", "name:en": null, "amenity": "school", "building": null, "operator:type": null, "capacity:persons": null, "addr:full": null, "addr:city": null, "source": null, "osm_id": 11148234005, "osm_type": "nodes", "Analysis_Region": "North East"}, "geometry": {"type": "Point", "coordinates": [11.172938, 10.3075324]}}, {"type": "Feature", "properties": {"name": "Federal Polythecnic", "name:en": null, "amenity": "school", "building": null, "operator:type": null, "capacity:persons": null, "addr:full": null, "addr:city": null, "source": null, "osm_id": 11010238566, "osm_type": "nodes", "Analysis_Region": "North East"}, "geometry": {"type": "Point", "coordinates": [9.7736349, 10.2593191]}}, {"type": "Feature", "properties": {"name": "Karima International Academy", "name:en": null, "amenity": "school", "building": null, "operator:type": null, "capacity:persons": null, "addr:full": null, "addr:city": null, "source": null, "osm_id": 11029573913, "osm_type": "nodes", "Analysis_Region": "North East"}, "geometry": {"type": "Point", "coordinates": [9.7873386, 10.2874248]}}, {"type": "Feature", "properties": {"name": "St. Paul Nur/Pri School", "name:en": null, "amenity": "school", "building": null, "operator:type": "private", "capacity:persons": null, "addr:full": null, "addr:city": null, "source": "local knowledge", "osm_id": 11011672206, "osm_type": "nodes", "Analysis_Region": "North East"}, "geometry": {"type": "Point", "coordinates": [9.8334614, 10.3206851]}}, {"type": "Feature", "properties": {"name": "Department of Sociology", "name:en": null, "amenity": "school", "building": null, "operator:type": null, "capacity:persons": null, "addr:full": null, "addr:city": null, "source": null, "osm_id": 7252755385, "osm_type": "nodes", "Analysis_Region": "North East"}, "geometry": {"type": "Point", "coordinates": [11.1742133, 10.3060703]}}, {"type": "Feature", "properties": {"name": "faculty of law Gombe state university", "name:en": null, "amenity": "school", "building": null, "operator:type": null, "capacity:persons": null, "addr:full": null, "addr:city": null, "source": null, "osm_id": 11148212505, "osm_type": "nodes", "Analysis_Region": "North East"}, "geometry": {"type": "Point", "coordinates": [11.1731971, 10.3065066]}}, {"type": "Feature", "properties": {"name": "Pentecost Academy", "name:en": null, "amenity": "school", "building": null, "operator:type": null, "capacity:persons": null, "addr:full": null, "addr:city": null, "source": null, "osm_id": 11054241187, "osm_type": "nodes", "Analysis_Region": "North East"}, "geometry": {"type": "Point", "coordinates": [9.7994119, 10.2728229]}}, {"type": "Feature", "properties": {"name": "Sunshine Int'l", "name:en": null, "amenity": "school", "building": null, "operator:type": null, "capacity:persons": null, "addr:full": null, "addr:city": null, "source": null, "osm_id": 11011049108, "osm_type": "nodes", "Analysis_Region": "North East"}, "geometry": {"type": "Point", "coordinates": [9.8053001, 10.3004816]}}, {"type": "Feature", "properties": {"name": "LYS Academy", "name:en": null, "amenity": "school", "building": null, "operator:type": "private", "capacity:persons": null, "addr:full": null, "addr:city": null, "source": "local knowledge", "osm_id": 11011843009, "osm_type": "nodes", "Analysis_Region": "North East"}, "geometry": {"type": "Point", "coordinates": [9.8003311, 10.2917048]}}, {"type": "Feature", "properties": {"name": "Gandu primary school", "name:en": null, "amenity": "school", "building": null, "operator:type": null, "capacity:persons": null, "addr:full": null, "addr:city": null, "source": null, "osm_id": 11151578305, "osm_type": "nodes", "Analysis_Region": "North East"}, "geometry": {"type": "Point", "coordinates": [11.1724834, 10.3016186]}}, {"type": "Feature", "properties": {"name": "Pioneer Academy", "name:en": null, "amenity": "school", "building": null, "operator:type": null, "capacity:persons": null, "addr:full": null, "addr:city": null, "source": null, "osm_id": 11034579535, "osm_type": "nodes", "Analysis_Region": "North East"}, "geometry": {"type": "Point", "coordinates": [9.7849277, 10.2866599]}}, {"type": "Feature", "properties": {"name": "LIMAN PRIMARY DCHOOL", "name:en": null, "amenity": "school", "building": null, "operator:type": null, "capacity:persons": null, "addr:full": null, "addr:city": null, "source": null, "osm_id": 7252838888, "osm_type": "nodes", "Analysis_Region": "North East"}, "geometry": {"type": "Point", "coordinates": [11.1742716, 10.3006731]}}, {"type": "Feature", "properties": {"name": "Early Child Care Development Education Primary School", "name:en": null, "amenity": "school", "building": null, "operator:type": null, "capacity:persons": null, "addr:full": null, "addr:city": null, "source": null, "osm_id": 7253158989, "osm_type": "nodes", "Analysis_Region": "North East"}, "geometry": {"type": "Point", "coordinates": [11.1728369, 10.3002849]}}, {"type": "Feature", "properties": {"name": "GDSS GANDU", "name:en": null, "amenity": "school", "building": null, "operator:type": null, "capacity:persons": null, "addr:full": null, "addr:city": null, "source": null, "osm_id": 7253158987, "osm_type": "nodes", "Analysis_Region": "North East"}, "geometry": {"type": "Point", "coordinates": [11.1739583, 10.2964944]}}, {"type": "Feature", "properties": {"name": null, "name:en": null, "amenity": "school", "building": null, "operator:type": null, "capacity:persons": null, "addr:full": null, "addr:city": null, "source": "nigeriase4all.gov.ng", "osm_id": 9885583170, "osm_type": "nodes", "Analysis_Region": "North West"}, "geometry": {"type": "Point", "coordinates": [8.9142404, 12.3660346]}}, {"type": "Feature", "properties": {"name": null, "name:en": null, "amenity": "school", "building": null, "operator:type": null, "capacity:persons": null, "addr:full": null, "addr:city": null, "source": "nigeriase4all.gov.ng", "osm_id": 9897678330, "osm_type": "nodes", "Analysis_Region": "North East"}, "geometry": {"type": "Point", "coordinates": [9.1455749, 12.7800067]}}, {"type": "Feature", "properties": {"name": null, "name:en": null, "amenity": "school", "building": null, "operator:type": null, "capacity:persons": null, "addr:full": null, "addr:city": null, "source": null, "osm_id": 4620257469, "osm_type": "nodes", "Analysis_Region": "North East"}, "geometry": {"type": "Point", "coordinates": [12.0378729, 13.1471078]}}, {"type": "Feature", "properties": {"name": "Faculty Rooms", "name:en": null, "amenity": "college", "building": null, "operator:type": null, "capacity:persons": null, "addr:full": null, "addr:city": null, "source": null, "osm_id": 7252839888, "osm_type": "nodes", "Analysis_Region": "North East"}, "geometry": {"type": "Point", "coordinates": [11.173712, 10.3060358]}}, {"type": "Feature", "properties": {"name": "Economics Department", "name:en": null, "amenity": "college", "building": null, "operator:type": null, "capacity:persons": null, "addr:full": null, "addr:city": null, "source": null, "osm_id": 7256326152, "osm_type": "nodes", "Analysis_Region": "North East"}, "geometry": {"type": "Point", "coordinates": [11.1742852, 10.3064733]}}, {"type": "Feature", "properties": {"name": "Politcal Science Department", "name:en": null, "amenity": "college", "building": null, "operator:type": null, "capacity:persons": null, "addr:full": null, "addr:city": null, "source": null, "osm_id": 7256326151, "osm_type": "nodes", "Analysis_Region": "North East"}, "geometry": {"type": "Point", "coordinates": [11.1745112, 10.3063766]}}, {"type": "Feature", "properties": {"name": "College of Agric", "name:en": null, "amenity": "college", "building": null, "operator:type": null, "capacity:persons": null, "addr:full": null, "addr:city": null, "source": null, "osm_id": 11010221445, "osm_type": "nodes", "Analysis_Region": "North East"}, "geometry": {"type": "Point", "coordinates": [9.797502, 10.2840215]}}, {"type": "Feature", "properties": {"name": "A.T.B.U Yelwa Campus", "name:en": null, "amenity": "university", "building": null, "operator:type": null, "capacity:persons": null, "addr:full": null, "addr:city": null, "source": null, "osm_id": 11010221446, "osm_type": "nodes", "Analysis_Region": "North East"}, "geometry": {"type": "Point", "coordinates": [9.7948111, 10.2783566]}}, {"type": "Feature", "properties": {"name": "LOFTY GRIMSHAW MEMORIAL INSTITUTE", "name:en": null, "amenity": "school", "building": null, "operator:type": null, "capacity:persons": null, "addr:full": null, "addr:city": "Jos", "source": null, "osm_id": 9655574473, "osm_type": "nodes", "Analysis_Region": "North West"}, "geometry": {"type": "Point", "coordinates": [8.8542219, 9.9539793]}}, {"type": "Feature", "properties": {"name": "Heritage Little lambs academy Jos", "name:en": null, "amenity": "school", "building": null, "operator:type": null, "capacity:persons": null, "addr:full": null, "addr:city": null, "source": null, "osm_id": 9655518205, "osm_type": "nodes", "Analysis_Region": "North West"}, "geometry": {"type": "Point", "coordinates": [8.8548434, 9.9559635]}}, {"type": "Feature", "properties": {"name": "Faculty of Engineering", "name:en": null, "amenity": "university", "building": null, "operator:type": null, "capacity:persons": null, "addr:full": null, "addr:city": null, "source": null, "osm_id": 10840110980, "osm_type": "nodes", "Analysis_Region": "North West"}, "geometry": {"type": "Point", "coordinates": [8.8846301, 9.9651051]}}, {"type": "Feature", "properties": {"name": "Therbow School Zaria", "name:en": null, "amenity": null, "building": "school", "operator:type": null, "capacity:persons": null, "addr:full": null, "addr:city": null, "source": null, "osm_id": 5170042461, "osm_type": "nodes", "Analysis_Region": "North West"}, "geometry": {"type": "Point", "coordinates": [7.7170654, 11.1006314]}}, {"type": "Feature", "properties": {"name": null, "name:en": null, "amenity": "kindergarten", "building": null, "operator:type": null, "capacity:persons": null, "addr:full": null, "addr:city": null, "source": null, "osm_id": 1842623042, "osm_type": "nodes", "Analysis_Region": "North West"}, "geometry": {"type": "Point", "coordinates": [6.6043716, 7.5619087]}}, {"type": "Feature", "properties": {"name": null, "name:en": null, "amenity": "school", "building": null, "operator:type": null, "capacity:persons": null, "addr:full": null, "addr:city": null, "source": null, "osm_id": 1844912034, "osm_type": "nodes", "Analysis_Region": "North West"}, "geometry": {"type": "Point", "coordinates": [6.6016352, 7.56454]}}, {"type": "Feature", "properties": {"name": null, "name:en": null, "amenity": "school", "building": null, "operator:type": null, "capacity:persons": null, "addr:full": null, "addr:city": null, "source": null, "osm_id": 1842656958, "osm_type": "nodes", "Analysis_Region": "North West"}, "geometry": {"type": "Point", "coordinates": [6.6347745, 7.5553598]}}, {"type": "Feature", "properties": {"name": "ASCL Staff Comprehensive Secondary School II", "name:en": null, "amenity": "school", "building": null, "operator:type": null, "capacity:persons": null, "addr:full": null, "addr:city": null, "source": null, "osm_id": 1842632179, "osm_type": "nodes", "Analysis_Region": "North West"}, "geometry": {"type": "Point", "coordinates": [6.6449797, 7.5540263]}}, {"type": "Feature", "properties": {"name": "ASCL Staff Comprehensive Secondary School III", "name:en": null, "amenity": "school", "building": null, "operator:type": null, "capacity:persons": null, "addr:full": null, "addr:city": null, "source": null, "osm_id": 1842632176, "osm_type": "nodes", "Analysis_Region": "North West"}, "geometry": {"type": "Point", "coordinates": [6.6299089, 7.5527913]}}, {"type": "Feature", "properties": {"name": null, "name:en": null, "amenity": "school", "building": null, "operator:type": null, "capacity:persons": null, "addr:full": null, "addr:city": null, "source": null, "osm_id": 3139918666, "osm_type": "nodes", "Analysis_Region": "North East"}, "geometry": {"type": "Point", "coordinates": [10.1938123, 11.6822854]}}, {"type": "Feature", "properties": {"name": "Nomadic", "name:en": null, "amenity": "school", "building": null, "operator:type": "government", "capacity:persons": null, "addr:full": null, "addr:city": null, "source": null, "osm_id": 9808539371, "osm_type": "nodes", "Analysis_Region": "North West"}, "geometry": {"type": "Point", "coordinates": [4.4860983, 7.7846664]}}, {"type": "Feature", "properties": {"name": "Islahudeen Model College, Ido-Osun", "name:en": null, "amenity": "school", "building": null, "operator:type": "private", "capacity:persons": null, "addr:full": null, "addr:city": null, "source": null, "osm_id": 9808539361, "osm_type": "nodes", "Analysis_Region": "North West"}, "geometry": {"type": "Point", "coordinates": [4.4905721, 7.7815027]}}, {"type": "Feature", "properties": {"name": "Wayage Primary School", "name:en": null, "amenity": "school", "building": null, "operator:type": null, "capacity:persons": null, "addr:full": null, "addr:city": null, "source": "MSFsurvey", "osm_id": 5823910508, "osm_type": "nodes", "Analysis_Region": "North West"}, "geometry": {"type": "Point", "coordinates": [4.8432078, 13.5404543]}}, {"type": "Feature", "properties": {"name": null, "name:en": null, "amenity": "school", "building": null, "operator:type": null, "capacity:persons": null, "addr:full": null, "addr:city": null, "source": "nigeriase4all.gov.ng", "osm_id": 10064178561, "osm_type": "nodes", "Analysis_Region": "North East"}, "geometry": {"type": "Point", "coordinates": [9.6306243, 7.6644335]}}, {"type": "Feature", "properties": {"name": "Bayero University", "name:en": null, "amenity": "university", "building": null, "operator:type": null, "capacity:persons": null, "addr:full": null, "addr:city": null, "source": null, "osm_id": 359579022, "osm_type": "nodes", "Analysis_Region": "North West"}, "geometry": {"type": "Point", "coordinates": [8.5065423, 12.0160591]}}, {"type": "Feature", "properties": {"name": "Iman International School", "name:en": null, "amenity": "school", "building": null, "operator:type": null, "capacity:persons": null, "addr:full": null, "addr:city": null, "source": null, "osm_id": 7132070573, "osm_type": "nodes", "Analysis_Region": "North West"}, "geometry": {"type": "Point", "coordinates": [5.1898518, 13.024155]}}, {"type": "Feature", "properties": {"name": null, "name:en": null, "amenity": "school", "building": null, "operator:type": null, "capacity:persons": null, "addr:full": null, "addr:city": null, "source": "nigeriase4all.gov.ng", "osm_id": 9899911720, "osm_type": "nodes", "Analysis_Region": "North West"}, "geometry": {"type": "Point", "coordinates": [3.5376823, 8.4914371]}}, {"type": "Feature", "properties": {"name": "Knowledge Base International Kiddies Embassy", "name:en": null, "amenity": "school", "building": null, "operator:type": null, "capacity:persons": null, "addr:full": null, "addr:city": null, "source": null, "osm_id": 3723243894, "osm_type": "nodes", "Analysis_Region": "North West"}, "geometry": {"type": "Point", "coordinates": [3.9244815, 7.5265159]}}, {"type": "Feature", "properties": {"name": "Oyelagbawo Grammar School", "name:en": null, "amenity": "school", "building": null, "operator:type": null, "capacity:persons": null, "addr:full": null, "addr:city": null, "source": null, "osm_id": 2157203547, "osm_type": "nodes", "Analysis_Region": "North West"}, "geometry": {"type": "Point", "coordinates": [4.8155794, 8.3277018]}}, {"type": "Feature", "properties": {"name": "LGEA Muslim Pry School", "name:en": null, "amenity": "school", "building": null, "operator:type": null, "capacity:persons": null, "addr:full": null, "addr:city": null, "source": null, "osm_id": 2156354939, "osm_type": "nodes", "Analysis_Region": "North West"}, "geometry": {"type": "Point", "coordinates": [4.7989466, 8.2717798]}}, {"type": "Feature", "properties": {"name": null, "name:en": null, "amenity": "school", "building": null, "operator:type": null, "capacity:persons": null, "addr:full": null, "addr:city": null, "source": null, "osm_id": 3869917572, "osm_type": "nodes", "Analysis_Region": "North West"}, "geometry": {"type": "Point", "coordinates": [4.344777, 7.8774478]}}, {"type": "Feature", "properties": {"name": "Oke Moyo Baptist Primary School", "name:en": null, "amenity": "school", "building": null, "operator:type": null, "capacity:persons": null, "addr:full": null, "addr:city": "Ejigbo", "source": null, "osm_id": 3409200092, "osm_type": "nodes", "Analysis_Region": "North West"}, "geometry": {"type": "Point", "coordinates": [4.3200203, 7.8960114]}}, {"type": "Feature", "properties": {"name": "ZOE School", "name:en": null, "amenity": "school", "building": null, "operator:type": null, "capacity:persons": null, "addr:full": null, "addr:city": null, "source": null, "osm_id": 6773178292, "osm_type": "nodes", "Analysis_Region": "North West"}, "geometry": {"type": "Point", "coordinates": [4.2550269, 8.1540858]}}, {"type": "Feature", "properties": {"name": "Zamani Junior Secondary", "name:en": null, "amenity": "school", "building": null, "operator:type": null, "capacity:persons": null, "addr:full": null, "addr:city": null, "source": null, "osm_id": 4911584424, "osm_type": "nodes", "Analysis_Region": "North West"}, "geometry": {"type": "Point", "coordinates": [7.4555694, 10.5432009]}}, {"type": "Feature", "properties": {"name": "Laila Dogon Yaro", "name:en": null, "amenity": "school", "building": null, "operator:type": null, "capacity:persons": null, "addr:full": null, "addr:city": null, "source": null, "osm_id": 4912691140, "osm_type": "nodes", "Analysis_Region": "North West"}, "geometry": {"type": "Point", "coordinates": [7.4341549, 10.5364754]}}, {"type": "Feature", "properties": {"name": "ADENIRAN MEMORIAL GRAMMAR SCHOOL", "name:en": null, "amenity": "college", "building": null, "operator:type": null, "capacity:persons": null, "addr:full": null, "addr:city": null, "source": null, "osm_id": 6786096372, "osm_type": "nodes", "Analysis_Region": "North West"}, "geometry": {"type": "Point", "coordinates": [4.2112475, 8.1358463]}}, {"type": "Feature", "properties": {"name": "Federal Government College, Ogbomoso", "name:en": null, "amenity": "college", "building": null, "operator:type": null, "capacity:persons": null, "addr:full": null, "addr:city": null, "source": null, "osm_id": 6783473668, "osm_type": "nodes", "Analysis_Region": "North West"}, "geometry": {"type": "Point", "coordinates": [4.229205, 8.1544736]}}, {"type": "Feature", "properties": {"name": "ST. Maria Goretti Academy Army engineer Jos", "name:en": null, "amenity": "school", "building": null, "operator:type": null, "capacity:persons": null, "addr:full": null, "addr:city": "Jos", "source": null, "osm_id": 9769092886, "osm_type": "nodes", "Analysis_Region": "North West"}, "geometry": {"type": "Point", "coordinates": [8.8525617, 9.9737733]}}, {"type": "Feature", "properties": {"name": "Destiny Model Academy Ajigo", "name:en": null, "amenity": "school", "building": null, "operator:type": null, "capacity:persons": null, "addr:full": null, "addr:city": "Jos", "source": null, "osm_id": 9769313872, "osm_type": "nodes", "Analysis_Region": "North West"}, "geometry": {"type": "Point", "coordinates": [8.8589901, 9.9711567]}}, {"type": "Feature", "properties": {"name": "Pilot Science Primary School, Karshi", "name:en": null, "amenity": "school", "building": null, "operator:type": "government", "capacity:persons": null, "addr:full": null, "addr:city": "Karshi", "source": "Nigerian Red Cross Society", "osm_id": 9860799535, "osm_type": "nodes", "Analysis_Region": "North West"}, "geometry": {"type": "Point", "coordinates": [7.5678555, 8.8293447]}}, {"type": "Feature", "properties": {"name": "Central Primary School,Baganje", "name:en": null, "amenity": "school", "building": null, "operator:type": null, "capacity:persons": null, "addr:full": null, "addr:city": null, "source": null, "osm_id": 6026948986, "osm_type": "nodes", "Analysis_Region": "North East"}, "geometry": {"type": "Point", "coordinates": [11.1789713, 9.846987]}}, {"type": "Feature", "properties": {"name": "LEA Primary School Kabusa", "name:en": null, "amenity": "school", "building": null, "operator:type": "government", "capacity:persons": null, "addr:full": null, "addr:city": null, "source": "Nigerian Red Cross Society", "osm_id": 10753848032, "osm_type": "nodes", "Analysis_Region": "North West"}, "geometry": {"type": "Point", "coordinates": [7.4449043, 8.9503928]}}, {"type": "Feature", "properties": {"name": "Government Secondary School Kabusa", "name:en": null, "amenity": "school", "building": null, "operator:type": "government", "capacity:persons": null, "addr:full": null, "addr:city": null, "source": "Nigerian Red Cross Society", "osm_id": 10753848031, "osm_type": "nodes", "Analysis_Region": "North West"}, "geometry": {"type": "Point", "coordinates": [7.4448178, 8.9504378]}}, {"type": "Feature", "properties": {"name": null, "name:en": null, "amenity": "school", "building": null, "operator:type": null, "capacity:persons": null, "addr:full": null, "addr:city": null, "source": null, "osm_id": 5987035092, "osm_type": "nodes", "Analysis_Region": "North West"}, "geometry": {"type": "Point", "coordinates": [6.5863979, 8.3147488]}}, {"type": "Feature", "properties": {"name": "St. Paul Anglican Primary School", "name:en": null, "amenity": "school", "building": null, "operator:type": "government", "capacity:persons": null, "addr:full": null, "addr:city": "Igbeti", "source": null, "osm_id": 9751697359, "osm_type": "nodes", "Analysis_Region": "North West"}, "geometry": {"type": "Point", "coordinates": [4.1414939, 8.7431921]}}, {"type": "Feature", "properties": {"name": "Fed poly Nasarawa", "name:en": null, "amenity": "college", "building": null, "operator:type": null, "capacity:persons": null, "addr:full": null, "addr:city": null, "source": null, "osm_id": 8117618417, "osm_type": "nodes", "Analysis_Region": "North West"}, "geometry": {"type": "Point", "coordinates": [7.7251227, 8.5656344]}}, {"type": "Feature", "properties": {"name": "Maiduguri International Scholl", "name:en": null, "amenity": "school", "building": null, "operator:type": null, "capacity:persons": null, "addr:full": null, "addr:city": "Maisandari", "source": null, "osm_id": 5917934404, "osm_type": "nodes", "Analysis_Region": "North East"}, "geometry": {"type": "Point", "coordinates": [13.1396285, 11.8055693]}}, {"type": "Feature", "properties": {"name": "Rimai Model Primary School", "name:en": null, "amenity": "school", "building": null, "operator:type": null, "capacity:persons": null, "addr:full": null, "addr:city": null, "source": null, "osm_id": 5915751986, "osm_type": "nodes", "Analysis_Region": "North West"}, "geometry": {"type": "Point", "coordinates": [7.8628516, 12.3205022]}}, {"type": "Feature", "properties": {"name": null, "name:en": null, "amenity": "school", "building": null, "operator:type": null, "capacity:persons": null, "addr:full": null, "addr:city": null, "source": "nigeriase4all.gov.ng", "osm_id": 9899617950, "osm_type": "nodes", "Analysis_Region": "North West"}, "geometry": {"type": "Point", "coordinates": [3.597935, 7.6026184]}}, {"type": "Feature", "properties": {"name": "Mafoni liberty Primary School", "name:en": null, "amenity": "school", "building": null, "operator:type": null, "capacity:persons": null, "addr:full": null, "addr:city": "Maisandari", "source": null, "osm_id": 5917897696, "osm_type": "nodes", "Analysis_Region": "North East"}, "geometry": {"type": "Point", "coordinates": [13.1392719, 11.804309]}}, {"type": "Feature", "properties": {"name": "NASFTS Buni Yadi", "name:en": null, "amenity": "school", "building": null, "operator:type": null, "capacity:persons": null, "addr:full": null, "addr:city": null, "source": null, "osm_id": 5906529685, "osm_type": "nodes", "Analysis_Region": "North East"}, "geometry": {"type": "Point", "coordinates": [12.0137503, 11.2446014]}}, {"type": "Feature", "properties": {"name": "JSS SHONGO IDRISA", "name:en": null, "amenity": "school", "building": null, "operator:type": null, "capacity:persons": null, "addr:full": null, "addr:city": null, "source": null, "osm_id": 7345602886, "osm_type": "nodes", "Analysis_Region": "North East"}, "geometry": {"type": "Point", "coordinates": [11.0799588, 10.2897853]}}, {"type": "Feature", "properties": {"name": "TOMPKINS SOLID ACADEMY GOMBE", "name:en": null, "amenity": "school", "building": null, "operator:type": null, "capacity:persons": null, "addr:full": null, "addr:city": null, "source": null, "osm_id": 7345603185, "osm_type": "nodes", "Analysis_Region": "North East"}, "geometry": {"type": "Point", "coordinates": [11.0802588, 10.2881627]}}, {"type": "Feature", "properties": {"name": "Multiple Grace Academy", "name:en": null, "amenity": "school", "building": null, "operator:type": null, "capacity:persons": null, "addr:full": null, "addr:city": null, "source": null, "osm_id": 10225163844, "osm_type": "nodes", "Analysis_Region": "North West"}, "geometry": {"type": "Point", "coordinates": [7.3814754, 9.1415802]}}, {"type": "Feature", "properties": {"name": "L. E. A primary school Dutse Alhaji", "name:en": null, "amenity": "school", "building": null, "operator:type": null, "capacity:persons": null, "addr:full": null, "addr:city": null, "source": null, "osm_id": 10225219201, "osm_type": "nodes", "Analysis_Region": "North West"}, "geometry": {"type": "Point", "coordinates": [7.3722181, 9.1405899]}}, {"type": "Feature", "properties": {"name": "Degracia Model Primary School", "name:en": null, "amenity": "school", "building": null, "operator:type": null, "capacity:persons": null, "addr:full": null, "addr:city": null, "source": null, "osm_id": 10225245168, "osm_type": "nodes", "Analysis_Region": "North West"}, "geometry": {"type": "Point", "coordinates": [7.370198, 9.1380686]}}, {"type": "Feature", "properties": {"name": "Divine Faith Preparatory School", "name:en": null, "amenity": "school", "building": null, "operator:type": null, "capacity:persons": null, "addr:full": null, "addr:city": null, "source": null, "osm_id": 10225249463, "osm_type": "nodes", "Analysis_Region": "North West"}, "geometry": {"type": "Point", "coordinates": [7.3702442, 9.1374699]}}, {"type": "Feature", "properties": {"name": "Unique Angels Montessori School", "name:en": null, "amenity": "school", "building": null, "operator:type": null, "capacity:persons": null, "addr:full": null, "addr:city": null, "source": null, "osm_id": 10225064991, "osm_type": "nodes", "Analysis_Region": "North West"}, "geometry": {"type": "Point", "coordinates": [7.3773687, 9.1408649]}}, {"type": "Feature", "properties": {"name": "Sleek International School", "name:en": null, "amenity": "school", "building": null, "operator:type": null, "capacity:persons": null, "addr:full": null, "addr:city": null, "source": null, "osm_id": 10225080354, "osm_type": "nodes", "Analysis_Region": "North West"}, "geometry": {"type": "Point", "coordinates": [7.3777855, 9.140681]}}, {"type": "Feature", "properties": {"name": "Beacon Height School", "name:en": null, "amenity": "school", "building": null, "operator:type": null, "capacity:persons": null, "addr:full": null, "addr:city": null, "source": null, "osm_id": 10225104347, "osm_type": "nodes", "Analysis_Region": "North West"}, "geometry": {"type": "Point", "coordinates": [7.3802745, 9.1400936]}}, {"type": "Feature", "properties": {"name": "Geography and planning", "name:en": null, "amenity": "school", "building": null, "operator:type": null, "capacity:persons": null, "addr:full": null, "addr:city": null, "source": null, "osm_id": 10839750643, "osm_type": "nodes", "Analysis_Region": "North West"}, "geometry": {"type": "Point", "coordinates": [8.8796578, 9.9668089]}}, {"type": "Feature", "properties": {"name": "\u00c9cole Primaire Guidan Elh Sambo", "name:en": null, "amenity": "school", "building": null, "operator:type": null, "capacity:persons": null, "addr:full": null, "addr:city": null, "source": null, "osm_id": 11079115719, "osm_type": "nodes", "Analysis_Region": "North West"}, "geometry": {"type": "Point", "coordinates": [8.1454468, 13.2866468]}}, {"type": "Feature", "properties": {"name": null, "name:en": null, "amenity": "school", "building": null, "operator:type": null, "capacity:persons": null, "addr:full": null, "addr:city": null, "source": null, "osm_id": 7116649852, "osm_type": "nodes", "Analysis_Region": "North West"}, "geometry": {"type": "Point", "coordinates": [8.6554905, 12.5086436]}}, {"type": "Feature", "properties": {"name": "faculty of veterinary medicine", "name:en": null, "amenity": "university", "building": null, "operator:type": null, "capacity:persons": null, "addr:full": null, "addr:city": "behind jerry usaini stadium", "source": null, "osm_id": 10841617869, "osm_type": "nodes", "Analysis_Region": "North West"}, "geometry": {"type": "Point", "coordinates": [8.8857115, 9.9770757]}}, {"type": "Feature", "properties": {"name": "Entrepreneurship Centre", "name:en": null, "amenity": "university", "building": null, "operator:type": null, "capacity:persons": null, "addr:full": null, "addr:city": null, "source": null, "osm_id": 10840127844, "osm_type": "nodes", "Analysis_Region": "North West"}, "geometry": {"type": "Point", "coordinates": [8.8861134, 9.9650247]}}, {"type": "Feature", "properties": {"name": "INTERCONTINENTAL SCHOOLS, PRIMARY", "name:en": null, "amenity": "school", "building": null, "operator:type": null, "capacity:persons": null, "addr:full": null, "addr:city": null, "source": null, "osm_id": 5128635893, "osm_type": "nodes", "Analysis_Region": "North West"}, "geometry": {"type": "Point", "coordinates": [8.5533114, 11.9789374]}}, {"type": "Feature", "properties": {"name": null, "name:en": null, "amenity": "school", "building": null, "operator:type": null, "capacity:persons": null, "addr:full": null, "addr:city": null, "source": "nigeriase4all.gov.ng", "osm_id": 9897661866, "osm_type": "nodes", "Analysis_Region": "North East"}, "geometry": {"type": "Point", "coordinates": [9.3011916, 12.808773]}}, {"type": "Feature", "properties": {"name": null, "name:en": null, "amenity": "school", "building": null, "operator:type": null, "capacity:persons": null, "addr:full": null, "addr:city": null, "source": "nigeriase4all.gov.ng", "osm_id": 9897652585, "osm_type": "nodes", "Analysis_Region": "North East"}, "geometry": {"type": "Point", "coordinates": [9.4907109, 11.988598]}}, {"type": "Feature", "properties": {"name": null, "name:en": null, "amenity": "school", "building": null, "operator:type": null, "capacity:persons": null, "addr:full": null, "addr:city": null, "source": "nigeriase4all.gov.ng", "osm_id": 9897652587, "osm_type": "nodes", "Analysis_Region": "North East"}, "geometry": {"type": "Point", "coordinates": [9.4916316, 11.9901607]}}, {"type": "Feature", "properties": {"name": "Command Children School", "name:en": null, "amenity": "school", "building": null, "operator:type": "military", "capacity:persons": null, "addr:full": null, "addr:city": null, "source": "local knowledge", "osm_id": 11013607412, "osm_type": "nodes", "Analysis_Region": "North East"}, "geometry": {"type": "Point", "coordinates": [9.8234626, 10.324593]}}, {"type": "Feature", "properties": {"name": "Redeemers University, Ede", "name:en": null, "amenity": "college", "building": null, "operator:type": null, "capacity:persons": null, "addr:full": null, "addr:city": null, "source": null, "osm_id": 7956218500, "osm_type": "nodes", "Analysis_Region": "North West"}, "geometry": {"type": "Point", "coordinates": [4.4600885, 7.6781633]}}, {"type": "Feature", "properties": {"name": "Ladoke Akintola University of Technology (LAUTECH)", "name:en": null, "amenity": "college", "building": null, "operator:type": null, "capacity:persons": null, "addr:full": null, "addr:city": null, "source": null, "osm_id": 7956231996, "osm_type": "nodes", "Analysis_Region": "North West"}, "geometry": {"type": "Point", "coordinates": [4.2680408, 8.1667555]}}, {"type": "Feature", "properties": {"name": "Ladoke Akintola University of Technology (LAUTECH)", "name:en": null, "amenity": "college", "building": null, "operator:type": null, "capacity:persons": null, "addr:full": null, "addr:city": null, "source": null, "osm_id": 7956218501, "osm_type": "nodes", "Analysis_Region": "North West"}, "geometry": {"type": "Point", "coordinates": [4.2670422, 8.1673148]}}, {"type": "Feature", "properties": {"name": "Obafemi Awolowo University, Moro Campus", "name:en": null, "amenity": "college", "building": null, "operator:type": null, "capacity:persons": null, "addr:full": null, "addr:city": null, "source": null, "osm_id": 7956225498, "osm_type": "nodes", "Analysis_Region": "North West"}, "geometry": {"type": "Point", "coordinates": [4.4703772, 7.5419277]}}, {"type": "Feature", "properties": {"name": "Aleru University", "name:en": null, "amenity": "university", "building": null, "operator:type": null, "capacity:persons": null, "addr:full": null, "addr:city": null, "source": "MSFsurvey", "osm_id": 5825193367, "osm_type": "nodes", "Analysis_Region": "North West"}, "geometry": {"type": "Point", "coordinates": [4.4893205, 12.3067532]}}, {"type": "Feature", "properties": {"name": "Sen. Joshua Lidani", "name:en": null, "amenity": "school", "building": null, "operator:type": null, "capacity:persons": null, "addr:full": null, "addr:city": null, "source": null, "osm_id": 11175518137, "osm_type": "nodes", "Analysis_Region": "North East"}, "geometry": {"type": "Point", "coordinates": [11.1724016, 10.3053789]}}, {"type": "Feature", "properties": {"name": "Ibrahim Waziri Abubakar", "name:en": null, "amenity": "college", "building": null, "operator:type": null, "capacity:persons": null, "addr:full": null, "addr:city": null, "source": null, "osm_id": 7252720193, "osm_type": "nodes", "Analysis_Region": "North East"}, "geometry": {"type": "Point", "coordinates": [11.1712799, 10.3052966]}}, {"type": "Feature", "properties": {"name": "Rufai Ahmad Alkali", "name:en": null, "amenity": "college", "building": null, "operator:type": null, "capacity:persons": null, "addr:full": null, "addr:city": null, "source": null, "osm_id": 7252720194, "osm_type": "nodes", "Analysis_Region": "North East"}, "geometry": {"type": "Point", "coordinates": [11.1720578, 10.305536]}}, {"type": "Feature", "properties": {"name": "Haruna Kadir Rashid", "name:en": null, "amenity": "college", "building": null, "operator:type": null, "capacity:persons": null, "addr:full": null, "addr:city": null, "source": null, "osm_id": 7252838889, "osm_type": "nodes", "Analysis_Region": "North East"}, "geometry": {"type": "Point", "coordinates": [11.1730928, 10.3080899]}}, {"type": "Feature", "properties": {"name": "JWD Somasundara", "name:en": null, "amenity": "college", "building": null, "operator:type": null, "capacity:persons": null, "addr:full": null, "addr:city": null, "source": null, "osm_id": 7252880786, "osm_type": "nodes", "Analysis_Region": "North East"}, "geometry": {"type": "Point", "coordinates": [11.1709804, 10.3053635]}}, {"type": "Feature", "properties": {"name": "Musa Babayo", "name:en": null, "amenity": "college", "building": null, "operator:type": null, "capacity:persons": null, "addr:full": null, "addr:city": null, "source": null, "osm_id": 7253015688, "osm_type": "nodes", "Analysis_Region": "North East"}, "geometry": {"type": "Point", "coordinates": [11.1714413, 10.3060658]}}, {"type": "Feature", "properties": {"name": null, "name:en": null, "amenity": "kindergarten", "building": null, "operator:type": null, "capacity:persons": null, "addr:full": null, "addr:city": null, "source": null, "osm_id": 5690695488, "osm_type": "nodes", "Analysis_Region": "North East"}, "geometry": {"type": "Point", "coordinates": [13.3178026, 10.5570303]}}, {"type": "Feature", "properties": {"name": "Zhunnurain integrated school Gombe", "name:en": null, "amenity": "kindergarten", "building": null, "operator:type": null, "capacity:persons": null, "addr:full": null, "addr:city": null, "source": null, "osm_id": 11179049837, "osm_type": "nodes", "Analysis_Region": "North East"}, "geometry": {"type": "Point", "coordinates": [11.180027, 10.2701579]}}, {"type": "Feature", "properties": {"name": "Kofar Marusa Primary School", "name:en": null, "amenity": "school", "building": null, "operator:type": null, "capacity:persons": null, "addr:full": null, "addr:city": null, "source": null, "osm_id": 2570329828, "osm_type": "nodes", "Analysis_Region": "North West"}, "geometry": {"type": "Point", "coordinates": [7.6126182, 12.9881792]}}, {"type": "Feature", "properties": {"name": "Central Primary School", "name:en": null, "amenity": "school", "building": null, "operator:type": null, "capacity:persons": null, "addr:full": null, "addr:city": null, "source": null, "osm_id": 5606844914, "osm_type": "nodes", "Analysis_Region": "North East"}, "geometry": {"type": "Point", "coordinates": [13.7826512, 11.2194965]}}, {"type": "Feature", "properties": {"name": "International School", "name:en": null, "amenity": "kindergarten", "building": null, "operator:type": null, "capacity:persons": null, "addr:full": null, "addr:city": null, "source": null, "osm_id": 5604720210, "osm_type": "nodes", "Analysis_Region": "North East"}, "geometry": {"type": "Point", "coordinates": [13.1457075, 11.8163482]}}, {"type": "Feature", "properties": {"name": "Islamic School", "name:en": null, "amenity": "kindergarten", "building": null, "operator:type": null, "capacity:persons": null, "addr:full": null, "addr:city": null, "source": null, "osm_id": 5604720201, "osm_type": "nodes", "Analysis_Region": "North East"}, "geometry": {"type": "Point", "coordinates": [13.1607221, 11.8222728]}}, {"type": "Feature", "properties": {"name": "Mara Imul Iman - Islamic School", "name:en": null, "amenity": "school", "building": null, "operator:type": null, "capacity:persons": null, "addr:full": null, "addr:city": null, "source": null, "osm_id": 5604720219, "osm_type": "nodes", "Analysis_Region": "North East"}, "geometry": {"type": "Point", "coordinates": [13.1421148, 11.8115512]}}, {"type": "Feature", "properties": {"name": "Mara Imul Iman - Islamic School", "name:en": null, "amenity": "school", "building": null, "operator:type": null, "capacity:persons": null, "addr:full": null, "addr:city": null, "source": null, "osm_id": 5604725421, "osm_type": "nodes", "Analysis_Region": "North East"}, "geometry": {"type": "Point", "coordinates": [13.1521293, 11.8061584]}}, {"type": "Feature", "properties": {"name": null, "name:en": null, "amenity": "kindergarten", "building": null, "operator:type": null, "capacity:persons": null, "addr:full": null, "addr:city": null, "source": null, "osm_id": 5482882942, "osm_type": "nodes", "Analysis_Region": "North East"}, "geometry": {"type": "Point", "coordinates": [13.0619749, 11.8375468]}}, {"type": "Feature", "properties": {"name": "science garden", "name:en": null, "amenity": "college", "building": null, "operator:type": null, "capacity:persons": null, "addr:full": null, "addr:city": null, "source": null, "osm_id": 7327941089, "osm_type": "nodes", "Analysis_Region": "North East"}, "geometry": {"type": "Point", "coordinates": [11.1751134, 10.3044574]}}, {"type": "Feature", "properties": {"name": null, "name:en": null, "amenity": "school", "building": null, "operator:type": null, "capacity:persons": null, "addr:full": null, "addr:city": null, "source": null, "osm_id": 12550832143, "osm_type": "nodes", "Analysis_Region": "North West"}, "geometry": {"type": "Point", "coordinates": [8.8798417, 9.9298283]}}, {"type": "Feature", "properties": {"name": "Kulp Bible School", "name:en": null, "amenity": "school", "building": null, "operator:type": null, "capacity:persons": null, "addr:full": null, "addr:city": null, "source": "GNS", "osm_id": 501287824, "osm_type": "nodes", "Analysis_Region": "North East"}, "geometry": {"type": "Point", "coordinates": [13.170123, 10.3273135]}}, {"type": "Feature", "properties": {"name": null, "name:en": null, "amenity": "school", "building": null, "operator:type": null, "capacity:persons": null, "addr:full": null, "addr:city": null, "source": null, "osm_id": 7116649859, "osm_type": "nodes", "Analysis_Region": "North West"}, "geometry": {"type": "Point", "coordinates": [8.6554643, 12.5087615]}}, {"type": "Feature", "properties": {"name": "Unijos Naraguta campus", "name:en": null, "amenity": "school", "building": null, "operator:type": null, "capacity:persons": null, "addr:full": null, "addr:city": null, "source": null, "osm_id": 13009160956, "osm_type": "nodes", "Analysis_Region": "North West"}, "geometry": {"type": "Point", "coordinates": [8.8116957, 9.9508298]}}, {"type": "Feature", "properties": {"name": "Air Force Research And Development Centre (AFRDC)", "name:en": null, "amenity": "university", "building": null, "operator:type": null, "capacity:persons": null, "addr:full": null, "addr:city": null, "source": null, "osm_id": 13032418050, "osm_type": "nodes", "Analysis_Region": "North West"}, "geometry": {"type": "Point", "coordinates": [7.4428853, 10.6106955]}}, {"type": "Feature", "properties": {"name": "AMAO hall", "name:en": null, "amenity": "university", "building": null, "operator:type": null, "capacity:persons": null, "addr:full": null, "addr:city": null, "source": null, "osm_id": 13032418057, "osm_type": "nodes", "Analysis_Region": "North West"}, "geometry": {"type": "Point", "coordinates": [7.4402139, 10.6098124]}}, {"type": "Feature", "properties": {"name": "School of Basic and Remidal Studies, Airforce institute of technology kaduna Nigeria", "name:en": null, "amenity": "university", "building": null, "operator:type": null, "capacity:persons": null, "addr:full": null, "addr:city": null, "source": null, "osm_id": 13032418058, "osm_type": "nodes", "Analysis_Region": "North West"}, "geometry": {"type": "Point", "coordinates": [7.4426743, 10.609342]}}, {"type": "Feature", "properties": {"name": "AED lecture Room (Hall A, Hall B2. Hall B3, Hall C2, Hall C3)", "name:en": null, "amenity": "university", "building": null, "operator:type": null, "capacity:persons": null, "addr:full": null, "addr:city": null, "source": null, "osm_id": 13032418061, "osm_type": "nodes", "Analysis_Region": "North West"}, "geometry": {"type": "Point", "coordinates": [7.4399285, 10.6116822]}}, {"type": "Feature", "properties": {"name": "Faculty of Air Engineering(FAE)", "name:en": null, "amenity": "university", "building": null, "operator:type": null, "capacity:persons": null, "addr:full": null, "addr:city": null, "source": null, "osm_id": 13032418062, "osm_type": "nodes", "Analysis_Region": "North West"}, "geometry": {"type": "Point", "coordinates": [7.4410322, 10.6117613]}}, {"type": "Feature", "properties": {"name": "Bennie International School", "name:en": null, "amenity": null, "building": "school", "operator:type": null, "capacity:persons": null, "addr:full": null, "addr:city": "Kano", "source": null, "osm_id": 3698427778, "osm_type": "nodes", "Analysis_Region": "North West"}, "geometry": {"type": "Point", "coordinates": [8.5837103, 12.0108393]}}, {"type": "Feature", "properties": {"name": null, "name:en": null, "amenity": "school", "building": null, "operator:type": null, "capacity:persons": null, "addr:full": null, "addr:city": null, "source": "nigeriase4all.gov.ng", "osm_id": 10208382606, "osm_type": "nodes", "Analysis_Region": "North West"}, "geometry": {"type": "Point", "coordinates": [8.7330988, 11.3397592]}}, {"type": "Feature", "properties": {"name": null, "name:en": null, "amenity": "school", "building": null, "operator:type": null, "capacity:persons": null, "addr:full": null, "addr:city": null, "source": "nigeriase4all.gov.ng", "osm_id": 10208414684, "osm_type": "nodes", "Analysis_Region": "North West"}, "geometry": {"type": "Point", "coordinates": [8.7318523, 11.2783965]}}, {"type": "Feature", "properties": {"name": null, "name:en": null, "amenity": "school", "building": null, "operator:type": null, "capacity:persons": null, "addr:full": null, "addr:city": null, "source": "nigeriase4all.gov.ng", "osm_id": 10208414685, "osm_type": "nodes", "Analysis_Region": "North West"}, "geometry": {"type": "Point", "coordinates": [8.7317728, 11.279358]}}, {"type": "Feature", "properties": {"name": null, "name:en": null, "amenity": "school", "building": null, "operator:type": null, "capacity:persons": null, "addr:full": null, "addr:city": null, "source": "nigeriase4all.gov.ng", "osm_id": 10208414688, "osm_type": "nodes", "Analysis_Region": "North West"}, "geometry": {"type": "Point", "coordinates": [8.730744, 11.278772]}}, {"type": "Feature", "properties": {"name": null, "name:en": null, "amenity": "school", "building": null, "operator:type": null, "capacity:persons": null, "addr:full": null, "addr:city": null, "source": "nigeriase4all.gov.ng", "osm_id": 10208395947, "osm_type": "nodes", "Analysis_Region": "North West"}, "geometry": {"type": "Point", "coordinates": [8.9084364, 11.3498486]}}, {"type": "Feature", "properties": {"name": "Namu Model Model Secondary School", "name:en": null, "amenity": "school", "building": null, "operator:type": null, "capacity:persons": null, "addr:full": null, "addr:city": null, "source": null, "osm_id": 11753035914, "osm_type": "nodes", "Analysis_Region": "North East"}, "geometry": {"type": "Point", "coordinates": [13.1521735, 11.8153323]}}, {"type": "Feature", "properties": {"name": "Titbun High School", "name:en": null, "amenity": "school", "building": null, "operator:type": null, "capacity:persons": null, "addr:full": null, "addr:city": null, "source": null, "osm_id": 3723243896, "osm_type": "nodes", "Analysis_Region": "North West"}, "geometry": {"type": "Point", "coordinates": [3.9233886, 7.5249811]}}, {"type": "Feature", "properties": {"name": "Faith Foundation Group of Schools", "name:en": null, "amenity": "school", "building": null, "operator:type": null, "capacity:persons": null, "addr:full": null, "addr:city": null, "source": null, "osm_id": 11737939482, "osm_type": "nodes", "Analysis_Region": "North West"}, "geometry": {"type": "Point", "coordinates": [4.1221609, 7.8220051]}}, {"type": "Feature", "properties": {"name": "Anglican Grammar School", "name:en": null, "amenity": "school", "building": null, "operator:type": null, "capacity:persons": null, "addr:full": null, "addr:city": null, "source": null, "osm_id": 11737939134, "osm_type": "nodes", "Analysis_Region": "North West"}, "geometry": {"type": "Point", "coordinates": [4.1354942, 7.8343824]}}, {"type": "Feature", "properties": {"name": "Mohammed Goni College of Legal and Islamic Studies", "name:en": null, "amenity": "school", "building": null, "operator:type": "public", "capacity:persons": null, "addr:full": "Mafoni, Hausari, Maiduguri", "addr:city": null, "source": null, "osm_id": 7817546689, "osm_type": "nodes", "Analysis_Region": "North East"}, "geometry": {"type": "Point", "coordinates": [13.1489235, 11.8469076]}}, {"type": "Feature", "properties": {"name": "Command Secondary School", "name:en": null, "amenity": "school", "building": null, "operator:type": null, "capacity:persons": null, "addr:full": null, "addr:city": null, "source": null, "osm_id": 539450899, "osm_type": "nodes", "Analysis_Region": "North West"}, "geometry": {"type": "Point", "coordinates": [7.4236304, 10.4443208]}}, {"type": "Feature", "properties": {"name": "AETD Hangar", "name:en": null, "amenity": "university", "building": null, "operator:type": null, "capacity:persons": null, "addr:full": null, "addr:city": null, "source": null, "osm_id": 13032418045, "osm_type": "nodes", "Analysis_Region": "North West"}, "geometry": {"type": "Point", "coordinates": [7.4428749, 10.6089513]}}, {"type": "Feature", "properties": {"name": "AFIT Electrical Electronics Department", "name:en": null, "amenity": "university", "building": null, "operator:type": null, "capacity:persons": null, "addr:full": null, "addr:city": null, "source": null, "osm_id": 13032418059, "osm_type": "nodes", "Analysis_Region": "North West"}, "geometry": {"type": "Point", "coordinates": [7.4405752, 10.6105388]}}, {"type": "Feature", "properties": {"name": "GOF Secondary School", "name:en": null, "amenity": "school", "building": null, "operator:type": null, "capacity:persons": null, "addr:full": null, "addr:city": null, "source": null, "osm_id": 11737904226, "osm_type": "nodes", "Analysis_Region": "North West"}, "geometry": {"type": "Point", "coordinates": [4.1250148, 7.8249254]}}, {"type": "Feature", "properties": {"name": "Government Girls Secondary School", "name:en": null, "amenity": "school", "building": null, "operator:type": null, "capacity:persons": null, "addr:full": null, "addr:city": null, "source": null, "osm_id": 10821559847, "osm_type": "nodes", "Analysis_Region": "North West"}, "geometry": {"type": "Point", "coordinates": [7.659999, 11.1697018]}}, {"type": "Feature", "properties": {"name": "Government Day Sec School Basawa.", "name:en": null, "amenity": "school", "building": null, "operator:type": null, "capacity:persons": null, "addr:full": null, "addr:city": null, "source": null, "osm_id": 10821646111, "osm_type": "nodes", "Analysis_Region": "North West"}, "geometry": {"type": "Point", "coordinates": [7.6687987, 11.1824918]}}, {"type": "Feature", "properties": {"name": "The Day Spring College", "name:en": null, "amenity": "school", "building": null, "operator:type": null, "capacity:persons": null, "addr:full": null, "addr:city": null, "source": null, "osm_id": 10225499577, "osm_type": "nodes", "Analysis_Region": "North West"}, "geometry": {"type": "Point", "coordinates": [7.3661208, 9.1496988]}}, {"type": "Feature", "properties": {"name": null, "name:en": "Kuriga Primary School", "amenity": "school", "building": null, "operator:type": null, "capacity:persons": null, "addr:full": null, "addr:city": null, "source": null, "osm_id": 11703587214, "osm_type": "nodes", "Analysis_Region": "North West"}, "geometry": {"type": "Point", "coordinates": [6.809682, 10.7022452]}}, {"type": "Feature", "properties": {"name": "Martin Luther Agwai International Peace Keeping Centre", "name:en": null, "amenity": "school", "building": null, "operator:type": null, "capacity:persons": null, "addr:full": null, "addr:city": null, "source": null, "osm_id": 7798749005, "osm_type": "nodes", "Analysis_Region": "North West"}, "geometry": {"type": "Point", "coordinates": [7.543973, 10.81136]}}, {"type": "Feature", "properties": {"name": "Government Science College", "name:en": null, "amenity": "college", "building": null, "operator:type": null, "capacity:persons": null, "addr:full": null, "addr:city": null, "source": null, "osm_id": 3650710252, "osm_type": "nodes", "Analysis_Region": "North West"}, "geometry": {"type": "Point", "coordinates": [4.4820544, 12.3037872]}}, {"type": "Feature", "properties": {"name": "Fgc A", "name:en": null, "amenity": "school", "building": null, "operator:type": null, "capacity:persons": null, "addr:full": null, "addr:city": null, "source": "ehealthafrica.org", "osm_id": 2994124108, "osm_type": "nodes", "Analysis_Region": "North West"}, "geometry": {"type": "Point", "coordinates": [8.56084, 11.9489]}}, {"type": "Feature", "properties": {"name": "LIVING STONE SCHOOL", "name:en": null, "amenity": "school", "building": null, "operator:type": null, "capacity:persons": null, "addr:full": null, "addr:city": null, "source": null, "osm_id": 5127847832, "osm_type": "nodes", "Analysis_Region": "North West"}, "geometry": {"type": "Point", "coordinates": [8.5364436, 11.9617166]}}, {"type": "Feature", "properties": {"name": "KUNDILA PRIMARY SCHOOL KUNDILA", "name:en": null, "amenity": "school", "building": null, "operator:type": null, "capacity:persons": null, "addr:full": null, "addr:city": null, "source": null, "osm_id": 5127793308, "osm_type": "nodes", "Analysis_Region": "North West"}, "geometry": {"type": "Point", "coordinates": [8.5556055, 11.965125]}}, {"type": "Feature", "properties": {"name": null, "name:en": null, "amenity": "school", "building": null, "operator:type": null, "capacity:persons": null, "addr:full": null, "addr:city": null, "source": "nigeriase4all.gov.ng", "osm_id": 10173496965, "osm_type": "nodes", "Analysis_Region": "North East"}, "geometry": {"type": "Point", "coordinates": [9.1109336, 12.5588319]}}, {"type": "Feature", "properties": {"name": null, "name:en": null, "amenity": "school", "building": null, "operator:type": null, "capacity:persons": null, "addr:full": null, "addr:city": null, "source": "nigeriase4all.gov.ng", "osm_id": 10173496979, "osm_type": "nodes", "Analysis_Region": "North East"}, "geometry": {"type": "Point", "coordinates": [9.1107795, 12.5590744]}}, {"type": "Feature", "properties": {"name": null, "name:en": null, "amenity": "school", "building": null, "operator:type": null, "capacity:persons": null, "addr:full": null, "addr:city": null, "source": "nigeriase4all.gov.ng", "osm_id": 10173503223, "osm_type": "nodes", "Analysis_Region": "North East"}, "geometry": {"type": "Point", "coordinates": [9.5336536, 12.0009584]}}, {"type": "Feature", "properties": {"name": null, "name:en": null, "amenity": "school", "building": null, "operator:type": null, "capacity:persons": null, "addr:full": null, "addr:city": null, "source": "nigeriase4all.gov.ng", "osm_id": 10173504370, "osm_type": "nodes", "Analysis_Region": "North East"}, "geometry": {"type": "Point", "coordinates": [9.1441612, 12.6120552]}}, {"type": "Feature", "properties": {"name": null, "name:en": null, "amenity": "school", "building": null, "operator:type": null, "capacity:persons": null, "addr:full": null, "addr:city": null, "source": "nigeriase4all.gov.ng", "osm_id": 10173504447, "osm_type": "nodes", "Analysis_Region": "North West"}, "geometry": {"type": "Point", "coordinates": [8.8151658, 12.6414426]}}, {"type": "Feature", "properties": {"name": null, "name:en": null, "amenity": "school", "building": null, "operator:type": null, "capacity:persons": null, "addr:full": null, "addr:city": null, "source": "nigeriase4all.gov.ng", "osm_id": 10173524730, "osm_type": "nodes", "Analysis_Region": "North East"}, "geometry": {"type": "Point", "coordinates": [9.6817148, 12.0044776]}}, {"type": "Feature", "properties": {"name": null, "name:en": null, "amenity": "school", "building": null, "operator:type": null, "capacity:persons": null, "addr:full": null, "addr:city": null, "source": "nigeriase4all.gov.ng", "osm_id": 10173524734, "osm_type": "nodes", "Analysis_Region": "North East"}, "geometry": {"type": "Point", "coordinates": [9.6804777, 12.0066931]}}, {"type": "Feature", "properties": {"name": "Osin Aremu Community Secondary School, Ilorin, Osin Aremu, LGA, Nigeria", "name:en": null, "amenity": "school", "building": null, "operator:type": null, "capacity:persons": null, "addr:full": null, "addr:city": null, "source": "csv_import", "osm_id": 13048283398, "osm_type": "nodes", "Analysis_Region": "North West"}, "geometry": {"type": "Point", "coordinates": [4.5726192, 8.4319871]}}, {"type": "Feature", "properties": {"name": "Baboko Community Secondary School, Oko Erin, Nigeria", "name:en": null, "amenity": "school", "building": null, "operator:type": null, "capacity:persons": null, "addr:full": null, "addr:city": null, "source": "csv_import", "osm_id": 13048286755, "osm_type": "nodes", "Analysis_Region": "North West"}, "geometry": {"type": "Point", "coordinates": [4.5389628, 8.4897539]}}, {"type": "Feature", "properties": {"name": "Union Baptist Grammar School, 1 Yashikira Road, ilorin, Oko Erin 240101, Kwara, Nigeria", "name:en": null, "amenity": "school", "building": null, "operator:type": null, "capacity:persons": null, "addr:full": null, "addr:city": null, "source": null, "osm_id": 13047972500, "osm_type": "nodes", "Analysis_Region": "North West"}, "geometry": {"type": "Point", "coordinates": [4.5851765, 8.4626485]}}, {"type": "Feature", "properties": {"name": "Muyhideen College of Education, Ilorin, Federal Road, Oko Erin, Nigeria", "name:en": null, "amenity": "school", "building": null, "operator:type": null, "capacity:persons": null, "addr:full": null, "addr:city": null, "source": "csv_import", "osm_id": 13048286630, "osm_type": "nodes", "Analysis_Region": "North West"}, "geometry": {"type": "Point", "coordinates": [4.5858502, 8.5278323]}}, {"type": "Feature", "properties": {"name": "messiah high school, Tipper Garage Road, Oko Erin, Nigeria", "name:en": null, "amenity": "school", "building": null, "operator:type": null, "capacity:persons": null, "addr:full": null, "addr:city": null, "source": null, "osm_id": 13047974819, "osm_type": "nodes", "Analysis_Region": "North West"}, "geometry": {"type": "Point", "coordinates": [4.6169692, 8.4941896]}}, {"type": "Feature", "properties": {"name": "Adeta Primary School, Oko Erin, Nigeria", "name:en": null, "amenity": "school", "building": null, "operator:type": null, "capacity:persons": null, "addr:full": null, "addr:city": null, "source": null, "osm_id": 13047975304, "osm_type": "nodes", "Analysis_Region": "North West"}, "geometry": {"type": "Point", "coordinates": [4.5223131, 8.4905673]}}, {"type": "Feature", "properties": {"name": "THE DANIALU LGEA PRIAMRY SCHOOL, Ilorin, Nigeria", "name:en": null, "amenity": "school", "building": null, "operator:type": null, "capacity:persons": null, "addr:full": null, "addr:city": null, "source": null, "osm_id": 13047974711, "osm_type": "nodes", "Analysis_Region": "North West"}, "geometry": {"type": "Point", "coordinates": [4.6015454, 8.4645618]}}, {"type": "Feature", "properties": {"name": null, "name:en": null, "amenity": "school", "building": null, "operator:type": null, "capacity:persons": null, "addr:full": null, "addr:city": null, "source": "nigeriase4all.gov.ng", "osm_id": 10064163881, "osm_type": "nodes", "Analysis_Region": "North East"}, "geometry": {"type": "Point", "coordinates": [9.7910319, 7.5143441]}}, {"type": "Feature", "properties": {"name": "ASCL PRIMARY SCHOOL II", "name:en": null, "amenity": "school", "building": null, "operator:type": null, "capacity:persons": null, "addr:full": null, "addr:city": null, "source": null, "osm_id": 4995099216, "osm_type": "nodes", "Analysis_Region": "North West"}, "geometry": {"type": "Point", "coordinates": [6.6374085, 7.5589627]}}, {"type": "Feature", "properties": {"name": null, "name:en": null, "amenity": "school", "building": null, "operator:type": null, "capacity:persons": null, "addr:full": null, "addr:city": null, "source": null, "osm_id": 6927252225, "osm_type": "nodes", "Analysis_Region": "North West"}, "geometry": {"type": "Point", "coordinates": [7.6791101, 9.1748024]}}, {"type": "Feature", "properties": {"name": null, "name:en": null, "amenity": "school", "building": null, "operator:type": null, "capacity:persons": null, "addr:full": null, "addr:city": null, "source": null, "osm_id": 6926804557, "osm_type": "nodes", "Analysis_Region": "North West"}, "geometry": {"type": "Point", "coordinates": [7.6288488, 9.1870603]}}, {"type": "Feature", "properties": {"name": "Balogun Nursery & Primary School Ibrahim Taiwo Road, Ilorin, Nigeria", "name:en": null, "amenity": "school", "building": null, "operator:type": null, "capacity:persons": null, "addr:full": null, "addr:city": null, "source": null, "osm_id": 13047974846, "osm_type": "nodes", "Analysis_Region": "North West"}, "geometry": {"type": "Point", "coordinates": [4.5511543, 8.4829524]}}, {"type": "Feature", "properties": {"name": null, "name:en": null, "amenity": "school", "building": null, "operator:type": null, "capacity:persons": null, "addr:full": null, "addr:city": null, "source": "nigeriase4all.gov.ng", "osm_id": 10126428812, "osm_type": "nodes", "Analysis_Region": "North West"}, "geometry": {"type": "Point", "coordinates": [8.7981333, 8.7650086]}}, {"type": "Feature", "properties": {"name": null, "name:en": null, "amenity": "school", "building": null, "operator:type": null, "capacity:persons": null, "addr:full": null, "addr:city": null, "source": "nigeriase4all.gov.ng", "osm_id": 10126445843, "osm_type": "nodes", "Analysis_Region": "North West"}, "geometry": {"type": "Point", "coordinates": [8.753747, 8.7603535]}}, {"type": "Feature", "properties": {"name": null, "name:en": null, "amenity": "school", "building": null, "operator:type": null, "capacity:persons": null, "addr:full": null, "addr:city": null, "source": "nigeriase4all.gov.ng", "osm_id": 10126360318, "osm_type": "nodes", "Analysis_Region": "North West"}, "geometry": {"type": "Point", "coordinates": [8.7986274, 8.6929068]}}, {"type": "Feature", "properties": {"name": null, "name:en": null, "amenity": "school", "building": null, "operator:type": null, "capacity:persons": null, "addr:full": null, "addr:city": null, "source": "nigeriase4all.gov.ng", "osm_id": 10126360320, "osm_type": "nodes", "Analysis_Region": "North West"}, "geometry": {"type": "Point", "coordinates": [8.8015233, 8.690431]}}, {"type": "Feature", "properties": {"name": null, "name:en": null, "amenity": "school", "building": null, "operator:type": null, "capacity:persons": null, "addr:full": null, "addr:city": null, "source": "nigeriase4all.gov.ng", "osm_id": 10126366065, "osm_type": "nodes", "Analysis_Region": "North West"}, "geometry": {"type": "Point", "coordinates": [8.6830456, 8.6786185]}}, {"type": "Feature", "properties": {"name": null, "name:en": null, "amenity": "school", "building": null, "operator:type": null, "capacity:persons": null, "addr:full": null, "addr:city": null, "source": "nigeriase4all.gov.ng", "osm_id": 10126360321, "osm_type": "nodes", "Analysis_Region": "North West"}, "geometry": {"type": "Point", "coordinates": [8.8024332, 8.6919114]}}, {"type": "Feature", "properties": {"name": null, "name:en": null, "amenity": "school", "building": null, "operator:type": null, "capacity:persons": null, "addr:full": null, "addr:city": null, "source": "nigeriase4all.gov.ng", "osm_id": 10126360359, "osm_type": "nodes", "Analysis_Region": "North West"}, "geometry": {"type": "Point", "coordinates": [8.8012447, 8.694188]}}, {"type": "Feature", "properties": {"name": null, "name:en": null, "amenity": "school", "building": null, "operator:type": null, "capacity:persons": null, "addr:full": null, "addr:city": null, "source": "nigeriase4all.gov.ng", "osm_id": 10126085841, "osm_type": "nodes", "Analysis_Region": "North West"}, "geometry": {"type": "Point", "coordinates": [8.0596228, 7.9672626]}}, {"type": "Feature", "properties": {"name": null, "name:en": null, "amenity": "school", "building": null, "operator:type": null, "capacity:persons": null, "addr:full": null, "addr:city": null, "source": "nigeriase4all.gov.ng", "osm_id": 10125920376, "osm_type": "nodes", "Analysis_Region": "North East"}, "geometry": {"type": "Point", "coordinates": [9.0996769, 8.4352069]}}, {"type": "Feature", "properties": {"name": "Hope High Academy", "name:en": null, "amenity": "school", "building": null, "operator:type": null, "capacity:persons": null, "addr:full": null, "addr:city": "Jos", "source": null, "osm_id": 6813138739, "osm_type": "nodes", "Analysis_Region": "North West"}, "geometry": {"type": "Point", "coordinates": [8.8612633, 9.7562851]}}, {"type": "Feature", "properties": {"name": null, "name:en": null, "amenity": "kindergarten", "building": null, "operator:type": null, "capacity:persons": null, "addr:full": null, "addr:city": null, "source": "nigeriase4all.gov.ng", "osm_id": 10126445909, "osm_type": "nodes", "Analysis_Region": "North West"}, "geometry": {"type": "Point", "coordinates": [8.7551518, 8.7543586]}}, {"type": "Feature", "properties": {"name": null, "name:en": null, "amenity": "kindergarten", "building": null, "operator:type": null, "capacity:persons": null, "addr:full": null, "addr:city": null, "source": "nigeriase4all.gov.ng", "osm_id": 10126366062, "osm_type": "nodes", "Analysis_Region": "North West"}, "geometry": {"type": "Point", "coordinates": [8.6842561, 8.6805685]}}, {"type": "Feature", "properties": {"name": null, "name:en": null, "amenity": "kindergarten", "building": null, "operator:type": null, "capacity:persons": null, "addr:full": null, "addr:city": null, "source": "nigeriase4all.gov.ng", "osm_id": 10126219657, "osm_type": "nodes", "Analysis_Region": "North East"}, "geometry": {"type": "Point", "coordinates": [9.0614986, 8.4318544]}}, {"type": "Feature", "properties": {"name": "Public School (Black and White)", "name:en": null, "amenity": "school", "building": null, "operator:type": null, "capacity:persons": null, "addr:full": null, "addr:city": null, "source": null, "osm_id": 4912505221, "osm_type": "nodes", "Analysis_Region": "North West"}, "geometry": {"type": "Point", "coordinates": [7.4442753, 10.5458501]}}, {"type": "Feature", "properties": {"name": "Essence International School", "name:en": null, "amenity": "school", "building": null, "operator:type": null, "capacity:persons": null, "addr:full": null, "addr:city": null, "source": null, "osm_id": 4910976248, "osm_type": "nodes", "Analysis_Region": "North West"}, "geometry": {"type": "Point", "coordinates": [7.4556597, 10.5352658]}}, {"type": "Feature", "properties": {"name": "Taurari Trend Setters School", "name:en": null, "amenity": "school", "building": null, "operator:type": null, "capacity:persons": null, "addr:full": null, "addr:city": null, "source": null, "osm_id": 4910976257, "osm_type": "nodes", "Analysis_Region": "North West"}, "geometry": {"type": "Point", "coordinates": [7.4558453, 10.551863]}}, {"type": "Feature", "properties": {"name": "Sacre Heart", "name:en": null, "amenity": "school", "building": null, "operator:type": null, "capacity:persons": null, "addr:full": null, "addr:city": null, "source": null, "osm_id": 4912656912, "osm_type": "nodes", "Analysis_Region": "North West"}, "geometry": {"type": "Point", "coordinates": [7.4412812, 10.5108736]}}, {"type": "Feature", "properties": {"name": "Moini", "name:en": null, "amenity": "school", "building": null, "operator:type": null, "capacity:persons": null, "addr:full": null, "addr:city": null, "source": null, "osm_id": 4912459167, "osm_type": "nodes", "Analysis_Region": "North West"}, "geometry": {"type": "Point", "coordinates": [7.4400714, 10.5423233]}}, {"type": "Feature", "properties": {"name": "F.G.C", "name:en": null, "amenity": "school", "building": null, "operator:type": null, "capacity:persons": null, "addr:full": null, "addr:city": null, "source": null, "osm_id": 4911598968, "osm_type": "nodes", "Analysis_Region": "North West"}, "geometry": {"type": "Point", "coordinates": [7.4740608, 10.5528992]}}, {"type": "Feature", "properties": {"name": null, "name:en": null, "amenity": "school", "building": null, "operator:type": null, "capacity:persons": null, "addr:full": null, "addr:city": null, "source": null, "osm_id": 3794573073, "osm_type": "nodes", "Analysis_Region": "North West"}, "geometry": {"type": "Point", "coordinates": [4.3402658, 7.8290493]}}, {"type": "Feature", "properties": {"name": "Dialogue Computer Training School", "name:en": null, "amenity": "college", "building": null, "operator:type": null, "capacity:persons": null, "addr:full": null, "addr:city": null, "source": null, "osm_id": 4912505214, "osm_type": "nodes", "Analysis_Region": "North West"}, "geometry": {"type": "Point", "coordinates": [7.4394465, 10.5464057]}}, {"type": "Feature", "properties": {"name": null, "name:en": null, "amenity": "school", "building": null, "operator:type": null, "capacity:persons": null, "addr:full": null, "addr:city": null, "source": "nigeriase4all.gov.ng", "osm_id": 9885583156, "osm_type": "nodes", "Analysis_Region": "North West"}, "geometry": {"type": "Point", "coordinates": [8.9134123, 12.3658966]}}, {"type": "Feature", "properties": {"name": "Little Angels Private School", "name:en": null, "amenity": "school", "building": null, "operator:type": null, "capacity:persons": null, "addr:full": null, "addr:city": null, "source": null, "osm_id": 11107685617, "osm_type": "nodes", "Analysis_Region": "North West"}, "geometry": {"type": "Point", "coordinates": [8.9111099, 9.9122929]}}, {"type": "Feature", "properties": {"name": "Glisten Academy", "name:en": null, "amenity": "school", "building": null, "operator:type": null, "capacity:persons": null, "addr:full": null, "addr:city": null, "source": null, "osm_id": 889070557, "osm_type": "nodes", "Analysis_Region": "North West"}, "geometry": {"type": "Point", "coordinates": [7.4023209, 9.0779206]}}, {"type": "Feature", "properties": {"name": "Prison Children Staff School", "name:en": null, "amenity": "school", "building": null, "operator:type": null, "capacity:persons": null, "addr:full": null, "addr:city": null, "source": null, "osm_id": 11109574400, "osm_type": "nodes", "Analysis_Region": "North West"}, "geometry": {"type": "Point", "coordinates": [8.9465051, 9.9089567]}}, {"type": "Feature", "properties": {"name": "Destined Champions Academy", "name:en": null, "amenity": "school", "building": null, "operator:type": null, "capacity:persons": null, "addr:full": null, "addr:city": null, "source": null, "osm_id": 10225196416, "osm_type": "nodes", "Analysis_Region": "North West"}, "geometry": {"type": "Point", "coordinates": [7.3770165, 9.1431997]}}, {"type": "Feature", "properties": {"name": null, "name:en": null, "amenity": "school", "building": null, "operator:type": null, "capacity:persons": null, "addr:full": null, "addr:city": null, "source": null, "osm_id": 9870606826, "osm_type": "nodes", "Analysis_Region": "North West"}, "geometry": {"type": "Point", "coordinates": [8.9584625, 12.4830983]}}, {"type": "Feature", "properties": {"name": null, "name:en": null, "amenity": "school", "building": null, "operator:type": null, "capacity:persons": null, "addr:full": null, "addr:city": null, "source": null, "osm_id": 2293719416, "osm_type": "nodes", "Analysis_Region": "North East"}, "geometry": {"type": "Point", "coordinates": [11.1711599, 10.2605818]}}, {"type": "Feature", "properties": {"name": "UPE Primary School", "name:en": null, "amenity": "school", "building": null, "operator:type": null, "capacity:persons": null, "addr:full": null, "addr:city": null, "source": null, "osm_id": 2570329834, "osm_type": "nodes", "Analysis_Region": "North West"}, "geometry": {"type": "Point", "coordinates": [7.6089822, 12.9803465]}}, {"type": "Feature", "properties": {"name": "faculty of science complex park", "name:en": null, "amenity": "school", "building": null, "operator:type": null, "capacity:persons": null, "addr:full": null, "addr:city": null, "source": null, "osm_id": 11176252837, "osm_type": "nodes", "Analysis_Region": "North East"}, "geometry": {"type": "Point", "coordinates": [11.1750166, 10.3055909]}}, {"type": "Feature", "properties": {"name": "Geography Department Room 4", "name:en": null, "amenity": "school", "building": null, "operator:type": null, "capacity:persons": null, "addr:full": null, "addr:city": null, "source": null, "osm_id": 11176211438, "osm_type": "nodes", "Analysis_Region": "North East"}, "geometry": {"type": "Point", "coordinates": [11.1759974, 10.3049747]}}, {"type": "Feature", "properties": {"name": "Buschords High School", "name:en": null, "amenity": "school", "building": null, "operator:type": "private", "capacity:persons": null, "addr:full": null, "addr:city": null, "source": null, "osm_id": 12897077394, "osm_type": "nodes", "Analysis_Region": "North West"}, "geometry": {"type": "Point", "coordinates": [8.9175046, 9.9297053]}}, {"type": "Feature", "properties": {"name": "Geography Department Room 4", "name:en": null, "amenity": "school", "building": null, "operator:type": null, "capacity:persons": null, "addr:full": null, "addr:city": null, "source": null, "osm_id": 11176243337, "osm_type": "nodes", "Analysis_Region": "North East"}, "geometry": {"type": "Point", "coordinates": [11.1780821, 10.3060954]}}, {"type": "Feature", "properties": {"name": "male and female mosque road", "name:en": null, "amenity": "school", "building": null, "operator:type": null, "capacity:persons": null, "addr:full": null, "addr:city": null, "source": null, "osm_id": 11176243338, "osm_type": "nodes", "Analysis_Region": "North East"}, "geometry": {"type": "Point", "coordinates": [11.1754541, 10.3055827]}}, {"type": "Feature", "properties": {"name": "Cocin Treasure Academy", "name:en": null, "amenity": "school", "building": null, "operator:type": null, "capacity:persons": null, "addr:full": null, "addr:city": null, "source": null, "osm_id": 12907690697, "osm_type": "nodes", "Analysis_Region": "North West"}, "geometry": {"type": "Point", "coordinates": [8.917594, 9.9303901]}}, {"type": "Feature", "properties": {"name": "Nigerian Baptist Theological Seminary", "name:en": null, "amenity": "school", "building": null, "operator:type": null, "capacity:persons": null, "addr:full": null, "addr:city": null, "source": null, "osm_id": 6773145378, "osm_type": "nodes", "Analysis_Region": "North West"}, "geometry": {"type": "Point", "coordinates": [4.2324972, 8.1323551]}}, {"type": "Feature", "properties": {"name": "St Michael Primary School", "name:en": null, "amenity": "school", "building": null, "operator:type": null, "capacity:persons": null, "addr:full": null, "addr:city": null, "source": null, "osm_id": 2156322807, "osm_type": "nodes", "Analysis_Region": "North West"}, "geometry": {"type": "Point", "coordinates": [4.7907577, 8.277577]}}, {"type": "Feature", "properties": {"name": "UMURUDEN", "name:en": null, "amenity": "school", "building": null, "operator:type": null, "capacity:persons": null, "addr:full": null, "addr:city": null, "source": "ideamaps_2024", "osm_id": 12282205051, "osm_type": "nodes", "Analysis_Region": "North West"}, "geometry": {"type": "Point", "coordinates": [8.5758321, 12.0496704]}}, {"type": "Feature", "properties": {"name": "NURUDDEEN ISLAMIYYA SCHOOL", "name:en": null, "amenity": "school", "building": null, "operator:type": null, "capacity:persons": null, "addr:full": null, "addr:city": null, "source": "ideamaps_2024", "osm_id": 12282205073, "osm_type": "nodes", "Analysis_Region": "North West"}, "geometry": {"type": "Point", "coordinates": [8.5675975, 12.0374182]}}, {"type": "Feature", "properties": {"name": "MAKARANTAR MALAM BABBA", "name:en": null, "amenity": "school", "building": null, "operator:type": null, "capacity:persons": null, "addr:full": null, "addr:city": null, "source": "ideamaps_2024", "osm_id": 12282212728, "osm_type": "nodes", "Analysis_Region": "North West"}, "geometry": {"type": "Point", "coordinates": [8.5629493, 12.038032]}}, {"type": "Feature", "properties": {"name": "MALAN YARO ISLAMIYYA", "name:en": null, "amenity": "school", "building": null, "operator:type": null, "capacity:persons": null, "addr:full": null, "addr:city": null, "source": "ideamaps_2024", "osm_id": 12282205068, "osm_type": "nodes", "Analysis_Region": "North West"}, "geometry": {"type": "Point", "coordinates": [8.5703867, 12.04436]}}, {"type": "Feature", "properties": {"name": "ISLAMIYYA QURANIC SCHOOL", "name:en": null, "amenity": "school", "building": null, "operator:type": null, "capacity:persons": null, "addr:full": null, "addr:city": null, "source": "ideamaps_2024", "osm_id": 12282205076, "osm_type": "nodes", "Analysis_Region": "North West"}, "geometry": {"type": "Point", "coordinates": [8.5686012, 12.0409264]}}, {"type": "Feature", "properties": {"name": "Gombe Childrean and High School", "name:en": null, "amenity": "school", "building": null, "operator:type": null, "capacity:persons": null, "addr:full": null, "addr:city": "Gombe", "source": null, "osm_id": 4663065035, "osm_type": "nodes", "Analysis_Region": "North East"}, "geometry": {"type": "Point", "coordinates": [11.1620797, 10.2801411]}}, {"type": "Feature", "properties": {"name": "Community LGEA Pry School, Atanda", "name:en": null, "amenity": "school", "building": null, "operator:type": "government", "capacity:persons": null, "addr:full": null, "addr:city": null, "source": null, "osm_id": 9674227200, "osm_type": "nodes", "Analysis_Region": "North West"}, "geometry": {"type": "Point", "coordinates": [4.735253, 8.3185545]}}, {"type": "Feature", "properties": {"name": "NURUL HUDA INTERNATIONAL ACADEMY GOMBE", "name:en": null, "amenity": "school", "building": null, "operator:type": null, "capacity:persons": null, "addr:full": null, "addr:city": "gombe", "source": null, "osm_id": 11176128570, "osm_type": "nodes", "Analysis_Region": "North East"}, "geometry": {"type": "Point", "coordinates": [11.1431572, 10.2767756]}}, {"type": "Feature", "properties": {"name": "GDSS Bolari East Gombe", "name:en": null, "amenity": "school", "building": null, "operator:type": null, "capacity:persons": null, "addr:full": null, "addr:city": "Gombe", "source": null, "osm_id": 11175993518, "osm_type": "nodes", "Analysis_Region": "North East"}, "geometry": {"type": "Point", "coordinates": [11.1832218, 10.277148]}}, {"type": "Feature", "properties": {"name": "Adda Secondary School", "name:en": null, "amenity": "school", "building": null, "operator:type": null, "capacity:persons": null, "addr:full": null, "addr:city": "Kano", "source": "steadfast.com.ng", "osm_id": 3812580146, "osm_type": "nodes", "Analysis_Region": "North West"}, "geometry": {"type": "Point", "coordinates": [8.5318874, 11.9666403]}}, {"type": "Feature", "properties": {"name": "Divine Grace Secondary School", "name:en": null, "amenity": "school", "building": null, "operator:type": null, "capacity:persons": null, "addr:full": null, "addr:city": null, "source": null, "osm_id": 12942233703, "osm_type": "nodes", "Analysis_Region": "North West"}, "geometry": {"type": "Point", "coordinates": [8.9168922, 9.9377775]}}, {"type": "Feature", "properties": {"name": "Ashaka School", "name:en": null, "amenity": "school", "building": null, "operator:type": null, "capacity:persons": null, "addr:full": null, "addr:city": null, "source": null, "osm_id": 8465108371, "osm_type": "nodes", "Analysis_Region": "North East"}, "geometry": {"type": "Point", "coordinates": [11.4823097, 10.9199373]}}, {"type": "Feature", "properties": {"name": "Solid Rock view Private School", "name:en": null, "amenity": "school", "building": null, "operator:type": "private", "capacity:persons": null, "addr:full": null, "addr:city": null, "source": null, "osm_id": 12897777629, "osm_type": "nodes", "Analysis_Region": "North West"}, "geometry": {"type": "Point", "coordinates": [8.9086443, 9.9288518]}}, {"type": "Feature", "properties": {"name": "Confidence Model International School", "name:en": null, "amenity": "school", "building": null, "operator:type": null, "capacity:persons": null, "addr:full": null, "addr:city": null, "source": null, "osm_id": 12897777630, "osm_type": "nodes", "Analysis_Region": "North West"}, "geometry": {"type": "Point", "coordinates": [8.9084377, 9.9300642]}}, {"type": "Feature", "properties": {"name": "St Louis Secondary School Bompai", "name:en": null, "amenity": "school", "building": null, "operator:type": null, "capacity:persons": null, "addr:full": null, "addr:city": null, "source": null, "osm_id": 3842424200, "osm_type": "nodes", "Analysis_Region": "North West"}, "geometry": {"type": "Point", "coordinates": [8.5628833, 12.0192539]}}, {"type": "Feature", "properties": {"name": "Gombe state university College", "name:en": null, "amenity": "college", "building": null, "operator:type": null, "capacity:persons": null, "addr:full": null, "addr:city": null, "source": null, "osm_id": 11175720237, "osm_type": "nodes", "Analysis_Region": "North East"}, "geometry": {"type": "Point", "coordinates": [11.137734, 10.3050737]}}, {"type": "Feature", "properties": {"name": "LR 301 and LR 302", "name:en": null, "amenity": "university", "building": null, "operator:type": null, "capacity:persons": null, "addr:full": null, "addr:city": null, "source": null, "osm_id": 13055981059, "osm_type": "nodes", "Analysis_Region": "North West"}, "geometry": {"type": "Point", "coordinates": [7.4425416, 10.6125688]}}, {"type": "Feature", "properties": {"name": null, "name:en": null, "amenity": "school", "building": null, "operator:type": null, "capacity:persons": null, "addr:full": null, "addr:city": null, "source": null, "osm_id": 7598950928, "osm_type": "nodes", "Analysis_Region": "North West"}, "geometry": {"type": "Point", "coordinates": [7.2404812, 9.3105559]}}, {"type": "Feature", "properties": {"name": "Ecwa Kauna Secondary Schools", "name:en": null, "amenity": "school", "building": null, "operator:type": null, "capacity:persons": null, "addr:full": null, "addr:city": null, "source": null, "osm_id": 12983075392, "osm_type": "nodes", "Analysis_Region": "North East"}, "geometry": {"type": "Point", "coordinates": [9.7969491, 10.2654045]}}, {"type": "Feature", "properties": {"name": "Madarasatul Nurul Islam", "name:en": null, "amenity": "school", "building": null, "operator:type": "private", "capacity:persons": null, "addr:full": null, "addr:city": null, "source": null, "osm_id": 12985683308, "osm_type": "nodes", "Analysis_Region": "North East"}, "geometry": {"type": "Point", "coordinates": [9.7833627, 10.2923969]}}, {"type": "Feature", "properties": {"name": "Precious Kids Academy", "name:en": null, "amenity": "school", "building": null, "operator:type": null, "capacity:persons": null, "addr:full": null, "addr:city": null, "source": null, "osm_id": 12994626661, "osm_type": "nodes", "Analysis_Region": "North East"}, "geometry": {"type": "Point", "coordinates": [9.8028506, 10.2719017]}}, {"type": "Feature", "properties": {"name": "Government Day Secondary School", "name:en": null, "amenity": "school", "building": null, "operator:type": null, "capacity:persons": null, "addr:full": null, "addr:city": null, "source": null, "osm_id": 9644363034, "osm_type": "nodes", "Analysis_Region": "North West"}, "geometry": {"type": "Point", "coordinates": [4.6524386, 12.498432]}}, {"type": "Feature", "properties": {"name": "UC Primary School", "name:en": null, "amenity": "school", "building": null, "operator:type": null, "capacity:persons": null, "addr:full": null, "addr:city": null, "source": null, "osm_id": 9644363035, "osm_type": "nodes", "Analysis_Region": "North West"}, "geometry": {"type": "Point", "coordinates": [4.6460238, 12.5003385]}}, {"type": "Feature", "properties": {"name": "Baptist High School, Ejigbo", "name:en": null, "amenity": "school", "building": null, "operator:type": null, "capacity:persons": null, "addr:full": null, "addr:city": null, "source": null, "osm_id": 6611244036, "osm_type": "nodes", "Analysis_Region": "North West"}, "geometry": {"type": "Point", "coordinates": [4.3194213, 7.8969116]}}, {"type": "Feature", "properties": {"name": "Page Schools", "name:en": null, "amenity": "school", "building": null, "operator:type": null, "capacity:persons": null, "addr:full": null, "addr:city": null, "source": null, "osm_id": 13137997726, "osm_type": "nodes", "Analysis_Region": "North West"}, "geometry": {"type": "Point", "coordinates": [7.4921511, 8.9821672]}}, {"type": "Feature", "properties": {"name": "Thomas Kent Academy", "name:en": null, "amenity": "school", "building": null, "operator:type": null, "capacity:persons": null, "addr:full": null, "addr:city": null, "source": null, "osm_id": 12983070891, "osm_type": "nodes", "Analysis_Region": "North East"}, "geometry": {"type": "Point", "coordinates": [9.7964478, 10.2657342]}}, {"type": "Feature", "properties": {"name": "Moussa Unity Academy", "name:en": null, "amenity": "school", "building": null, "operator:type": null, "capacity:persons": null, "addr:full": null, "addr:city": null, "source": null, "osm_id": 12989286783, "osm_type": "nodes", "Analysis_Region": "North East"}, "geometry": {"type": "Point", "coordinates": [9.7800555, 10.290132]}}, {"type": "Feature", "properties": {"name": "Queen Amina College", "name:en": null, "amenity": "school", "building": null, "operator:type": null, "capacity:persons": null, "addr:full": null, "addr:city": null, "source": null, "osm_id": 1880793618, "osm_type": "nodes", "Analysis_Region": "North West"}, "geometry": {"type": "Point", "coordinates": [7.4211579, 10.4762373]}}, {"type": "Feature", "properties": {"name": null, "name:en": null, "amenity": "university", "building": null, "operator:type": null, "capacity:persons": null, "addr:full": null, "addr:city": null, "source": null, "osm_id": 7598970736, "osm_type": "nodes", "Analysis_Region": "North West"}, "geometry": {"type": "Point", "coordinates": [7.2769101, 9.2423199]}}, {"type": "Feature", "properties": {"name": "Ungwan Yelwa Primary School", "name:en": null, "amenity": "school", "building": null, "operator:type": null, "capacity:persons": null, "addr:full": null, "addr:city": null, "source": null, "osm_id": 4978843358, "osm_type": "nodes", "Analysis_Region": "North West"}, "geometry": {"type": "Point", "coordinates": [7.4364298, 10.4484825]}}, {"type": "Feature", "properties": {"name": null, "name:en": null, "amenity": null, "building": "school", "operator:type": null, "capacity:persons": null, "addr:full": null, "addr:city": null, "source": null, "osm_id": 11578539595, "osm_type": "nodes", "Analysis_Region": "North West"}, "geometry": {"type": "Point", "coordinates": [7.4270746, 10.5447648]}}, {"type": "Feature", "properties": {"name": "Bowen University", "name:en": null, "amenity": "school", "building": null, "operator:type": null, "capacity:persons": null, "addr:full": null, "addr:city": null, "source": null, "osm_id": 8437381317, "osm_type": "nodes", "Analysis_Region": "North West"}, "geometry": {"type": "Point", "coordinates": [4.1920882, 7.6211377]}}, {"type": "Feature", "properties": {"name": "Universal basic dducation junior", "name:en": null, "amenity": "school", "building": null, "operator:type": null, "capacity:persons": null, "addr:full": null, "addr:city": null, "source": null, "osm_id": 5606844915, "osm_type": "nodes", "Analysis_Region": "North East"}, "geometry": {"type": "Point", "coordinates": [13.7835172, 11.2184686]}}, {"type": "Feature", "properties": {"name": null, "name:en": null, "amenity": "school", "building": null, "operator:type": null, "capacity:persons": null, "addr:full": null, "addr:city": null, "source": null, "osm_id": 3139918667, "osm_type": "nodes", "Analysis_Region": "North East"}, "geometry": {"type": "Point", "coordinates": [10.1924629, 11.6821919]}}, {"type": "Feature", "properties": {"name": "Mafoni Liberty Junior Secondary School", "name:en": null, "amenity": "school", "building": null, "operator:type": null, "capacity:persons": null, "addr:full": null, "addr:city": "Maisandari", "source": null, "osm_id": 5917938410, "osm_type": "nodes", "Analysis_Region": "North East"}, "geometry": {"type": "Point", "coordinates": [13.1356782, 11.8055678]}}, {"type": "Feature", "properties": {"name": "family support nursery and primary school.Gombe", "name:en": null, "amenity": "school", "building": null, "operator:type": null, "capacity:persons": null, "addr:full": null, "addr:city": null, "source": null, "osm_id": 11153546809, "osm_type": "nodes", "Analysis_Region": "North East"}, "geometry": {"type": "Point", "coordinates": [11.1671617, 10.3075259]}}, {"type": "Feature", "properties": {"name": "Usman Memorial Islamiyya School (Loddo)", "name:en": null, "amenity": "school", "building": null, "operator:type": null, "capacity:persons": null, "addr:full": null, "addr:city": null, "source": null, "osm_id": 11157838408, "osm_type": "nodes", "Analysis_Region": "North East"}, "geometry": {"type": "Point", "coordinates": [11.17027, 10.29484]}}, {"type": "Feature", "properties": {"name": "idi primary school Gombe", "name:en": null, "amenity": "school", "building": null, "operator:type": null, "capacity:persons": null, "addr:full": null, "addr:city": null, "source": null, "osm_id": 11151627905, "osm_type": "nodes", "Analysis_Region": "North East"}, "geometry": {"type": "Point", "coordinates": [11.178308, 10.2936856]}}, {"type": "Feature", "properties": {"name": "GSTC Vocational Gombe state", "name:en": null, "amenity": "school", "building": null, "operator:type": null, "capacity:persons": null, "addr:full": null, "addr:city": null, "source": null, "osm_id": 11151646505, "osm_type": "nodes", "Analysis_Region": "North East"}, "geometry": {"type": "Point", "coordinates": [11.1783877, 10.2957819]}}, {"type": "Feature", "properties": {"name": "Karshi Junior Secondary School", "name:en": null, "amenity": "school", "building": null, "operator:type": "government", "capacity:persons": null, "addr:full": null, "addr:city": "Karshi", "source": "Nigerian Red Cross Society", "osm_id": 9860799536, "osm_type": "nodes", "Analysis_Region": "North West"}, "geometry": {"type": "Point", "coordinates": [7.5669275, 8.8296628]}}, {"type": "Feature", "properties": {"name": "Sheikh Dahiru Usman Bauchi Foundation", "name:en": null, "amenity": "school", "building": null, "operator:type": "religious", "capacity:persons": null, "addr:full": null, "addr:city": "FCT, Abuja, Karshi", "source": "Nigerian Red Cross Society", "osm_id": 9860796768, "osm_type": "nodes", "Analysis_Region": "North West"}, "geometry": {"type": "Point", "coordinates": [7.5712286, 8.8314056]}}, {"type": "Feature", "properties": {"name": "Jinie Schools", "name:en": null, "amenity": "school", "building": null, "operator:type": null, "capacity:persons": null, "addr:full": null, "addr:city": null, "source": null, "osm_id": 2524960957, "osm_type": "nodes", "Analysis_Region": "North West"}, "geometry": {"type": "Point", "coordinates": [7.4298348, 10.4714673]}}, {"type": "Feature", "properties": {"name": null, "name:en": null, "amenity": "school", "building": null, "operator:type": null, "capacity:persons": null, "addr:full": null, "addr:city": null, "source": "nigeriase4all.gov.ng", "osm_id": 9939674776, "osm_type": "nodes", "Analysis_Region": "North West"}, "geometry": {"type": "Point", "coordinates": [8.2564019, 8.5439883]}}, {"type": "Feature", "properties": {"name": "Al-muhibbah Islamic academy", "name:en": null, "amenity": "school", "building": null, "operator:type": null, "capacity:persons": null, "addr:full": null, "addr:city": null, "source": null, "osm_id": 6131026290, "osm_type": "nodes", "Analysis_Region": "North West"}, "geometry": {"type": "Point", "coordinates": [7.4738693, 10.590636]}}, {"type": "Feature", "properties": {"name": "Darrul Hudda", "name:en": null, "amenity": "school", "building": null, "operator:type": null, "capacity:persons": null, "addr:full": null, "addr:city": null, "source": null, "osm_id": 4911602170, "osm_type": "nodes", "Analysis_Region": "North West"}, "geometry": {"type": "Point", "coordinates": [7.4783743, 10.5651904]}}, {"type": "Feature", "properties": {"name": null, "name:en": null, "amenity": "school", "building": null, "operator:type": null, "capacity:persons": null, "addr:full": null, "addr:city": null, "source": null, "osm_id": 3856152616, "osm_type": "nodes", "Analysis_Region": "North East"}, "geometry": {"type": "Point", "coordinates": [13.1873958, 10.172857]}}, {"type": "Feature", "properties": {"name": "Windsor Locks School, Kingston Estate", "name:en": null, "amenity": "school", "building": null, "operator:type": null, "capacity:persons": null, "addr:full": null, "addr:city": null, "source": null, "osm_id": 6633059585, "osm_type": "nodes", "Analysis_Region": "North West"}, "geometry": {"type": "Point", "coordinates": [7.377686, 9.0917593]}}, {"type": "Feature", "properties": {"name": null, "name:en": null, "amenity": "school", "building": null, "operator:type": null, "capacity:persons": null, "addr:full": null, "addr:city": null, "source": null, "osm_id": 3330823005, "osm_type": "nodes", "Analysis_Region": "North West"}, "geometry": {"type": "Point", "coordinates": [7.4760821, 9.066179]}}, {"type": "Feature", "properties": {"name": "Harvase International School", "name:en": null, "amenity": "school", "building": null, "operator:type": "private", "capacity:persons": null, "addr:full": null, "addr:city": null, "source": "Nigerian Red Cross Society", "osm_id": 9280686918, "osm_type": "nodes", "Analysis_Region": "North West"}, "geometry": {"type": "Point", "coordinates": [7.4242551, 8.9948158]}}, {"type": "Feature", "properties": {"name": "Turkish International School", "name:en": null, "amenity": "school", "building": null, "operator:type": null, "capacity:persons": null, "addr:full": null, "addr:city": null, "source": null, "osm_id": 4912868606, "osm_type": "nodes", "Analysis_Region": "North West"}, "geometry": {"type": "Point", "coordinates": [7.4654092, 10.5381951]}}, {"type": "Feature", "properties": {"name": null, "name:en": null, "amenity": "school", "building": null, "operator:type": null, "capacity:persons": null, "addr:full": null, "addr:city": null, "source": "nigeriase4all.gov.ng", "osm_id": 9939636705, "osm_type": "nodes", "Analysis_Region": "North West"}, "geometry": {"type": "Point", "coordinates": [8.2289573, 8.5394546]}}, {"type": "Feature", "properties": {"name": "Dominion Integrated School", "name:en": null, "amenity": "school", "building": null, "operator:type": null, "capacity:persons": null, "addr:full": null, "addr:city": null, "source": null, "osm_id": 11107595944, "osm_type": "nodes", "Analysis_Region": "North West"}, "geometry": {"type": "Point", "coordinates": [8.9131656, 9.9343495]}}, {"type": "Feature", "properties": {"name": "Sarkin Danko Model Primary School Nasarawa Burkullu", "name:en": null, "amenity": "school", "building": null, "operator:type": null, "capacity:persons": null, "addr:full": null, "addr:city": null, "source": null, "osm_id": 13208406284, "osm_type": "nodes", "Analysis_Region": "North West"}, "geometry": {"type": "Point", "coordinates": [5.74364, 12.04473]}}, {"type": "Feature", "properties": {"name": "Government Day Secondary School Nasarawa Burkullu", "name:en": null, "amenity": "school", "building": null, "operator:type": null, "capacity:persons": null, "addr:full": null, "addr:city": null, "source": null, "osm_id": 13208476605, "osm_type": "nodes", "Analysis_Region": "North West"}, "geometry": {"type": "Point", "coordinates": [5.74326, 12.04518]}}, {"type": "Feature", "properties": {"name": "Durkwa Primary and Junior Secondary school", "name:en": null, "amenity": "school", "building": null, "operator:type": null, "capacity:persons": null, "addr:full": null, "addr:city": null, "source": null, "osm_id": 13207021637, "osm_type": "nodes", "Analysis_Region": "North East"}, "geometry": {"type": "Point", "coordinates": [12.1212, 10.47907]}}, {"type": "Feature", "properties": {"name": "Shehu Marafa Model Primary School Nasarawa Burkullu", "name:en": null, "amenity": "school", "building": null, "operator:type": null, "capacity:persons": null, "addr:full": null, "addr:city": null, "source": null, "osm_id": 13208475555, "osm_type": "nodes", "Analysis_Region": "North West"}, "geometry": {"type": "Point", "coordinates": [5.74222, 12.05153]}}, {"type": "Feature", "properties": {"name": null, "name:en": null, "amenity": "school", "building": null, "operator:type": null, "capacity:persons": null, "addr:full": null, "addr:city": null, "source": "nigeriase4all.gov.ng", "osm_id": 10173507784, "osm_type": "nodes", "Analysis_Region": "North East"}, "geometry": {"type": "Point", "coordinates": [9.8554837, 12.0699654]}}, {"type": "Feature", "properties": {"name": "Sky Crest High School", "name:en": null, "amenity": "school", "building": null, "operator:type": null, "capacity:persons": null, "addr:full": null, "addr:city": null, "source": null, "osm_id": 11011106709, "osm_type": "nodes", "Analysis_Region": "North East"}, "geometry": {"type": "Point", "coordinates": [9.8246923, 10.313283]}}, {"type": "Feature", "properties": {"name": "Mafoni Day Secondary School", "name:en": null, "amenity": "school", "building": null, "operator:type": "public", "capacity:persons": null, "addr:full": "Mafoni, Hausari, Maiduguri", "addr:city": null, "source": null, "osm_id": 7817546690, "osm_type": "nodes", "Analysis_Region": "North East"}, "geometry": {"type": "Point", "coordinates": [13.1503022, 11.8456843]}}, {"type": "Feature", "properties": {"name": null, "name:en": null, "amenity": "school", "building": null, "operator:type": null, "capacity:persons": null, "addr:full": null, "addr:city": null, "source": null, "osm_id": 5604833626, "osm_type": "nodes", "Analysis_Region": "North East"}, "geometry": {"type": "Point", "coordinates": [13.163665, 11.8404725]}}, {"type": "Feature", "properties": {"name": "Mala Kachallah Model School", "name:en": null, "amenity": "school", "building": null, "operator:type": null, "capacity:persons": null, "addr:full": null, "addr:city": null, "source": null, "osm_id": 5604821219, "osm_type": "nodes", "Analysis_Region": "North East"}, "geometry": {"type": "Point", "coordinates": [13.1555649, 11.8412804]}}, {"type": "Feature", "properties": {"name": null, "name:en": null, "amenity": "school", "building": null, "operator:type": null, "capacity:persons": null, "addr:full": null, "addr:city": null, "source": null, "osm_id": 3855668814, "osm_type": "nodes", "Analysis_Region": "North East"}, "geometry": {"type": "Point", "coordinates": [13.2262499, 10.1675759]}}, {"type": "Feature", "properties": {"name": "Faculth of Agricultural Science", "name:en": null, "amenity": "university", "building": null, "operator:type": null, "capacity:persons": null, "addr:full": null, "addr:city": null, "source": null, "osm_id": 10841617866, "osm_type": "nodes", "Analysis_Region": "North West"}, "geometry": {"type": "Point", "coordinates": [8.8864023, 9.978965]}}, {"type": "Feature", "properties": {"name": null, "name:en": null, "amenity": "school", "building": null, "operator:type": null, "capacity:persons": null, "addr:full": null, "addr:city": null, "source": null, "osm_id": 5604821208, "osm_type": "nodes", "Analysis_Region": "North East"}, "geometry": {"type": "Point", "coordinates": [13.1532222, 11.8300548]}}, {"type": "Feature", "properties": {"name": "School Women Primary-Secondary", "name:en": null, "amenity": "school", "building": null, "operator:type": null, "capacity:persons": null, "addr:full": null, "addr:city": null, "source": null, "osm_id": 5604720211, "osm_type": "nodes", "Analysis_Region": "North East"}, "geometry": {"type": "Point", "coordinates": [13.1402776, 11.8157927]}}, {"type": "Feature", "properties": {"name": "cac secondary school", "name:en": null, "amenity": "school", "building": null, "operator:type": null, "capacity:persons": null, "addr:full": null, "addr:city": null, "source": null, "osm_id": 5059378304, "osm_type": "nodes", "Analysis_Region": "North West"}, "geometry": {"type": "Point", "coordinates": [5.1904652, 7.6165355]}}, {"type": "Feature", "properties": {"name": "baptist secondary school", "name:en": null, "amenity": "school", "building": null, "operator:type": null, "capacity:persons": null, "addr:full": null, "addr:city": null, "source": null, "osm_id": 5059378714, "osm_type": "nodes", "Analysis_Region": "North West"}, "geometry": {"type": "Point", "coordinates": [5.1933085, 7.6150775]}}, {"type": "Feature", "properties": {"name": "Federal University Lokoja", "name:en": null, "amenity": "university", "building": null, "operator:type": null, "capacity:persons": null, "addr:full": null, "addr:city": null, "source": null, "osm_id": 8851563682, "osm_type": "nodes", "Analysis_Region": "North West"}, "geometry": {"type": "Point", "coordinates": [6.7319975, 7.7921375]}}, {"type": "Feature", "properties": {"name": null, "name:en": null, "amenity": "school", "building": null, "operator:type": null, "capacity:persons": null, "addr:full": null, "addr:city": null, "source": null, "osm_id": 5604833633, "osm_type": "nodes", "Analysis_Region": "North East"}, "geometry": {"type": "Point", "coordinates": [13.1718387, 11.8265768]}}, {"type": "Feature", "properties": {"name": "Baptist Girls High School", "name:en": null, "amenity": "school", "building": null, "operator:type": null, "capacity:persons": null, "addr:full": null, "addr:city": "Osogbo", "source": null, "osm_id": 3358487422, "osm_type": "nodes", "Analysis_Region": "North West"}, "geometry": {"type": "Point", "coordinates": [4.5446725, 7.7686348]}}, {"type": "Feature", "properties": {"name": "ADO BOBI PRIMARY SCHOOL.", "name:en": null, "amenity": "school", "building": null, "operator:type": null, "capacity:persons": null, "addr:full": null, "addr:city": null, "source": null, "osm_id": 4517241427, "osm_type": "nodes", "Analysis_Region": "North West"}, "geometry": {"type": "Point", "coordinates": [6.0224903, 10.1364866]}}, {"type": "Feature", "properties": {"name": "GOVERNMENT GIRLS SECONDARY SCHOOL", "name:en": null, "amenity": "school", "building": null, "operator:type": null, "capacity:persons": null, "addr:full": null, "addr:city": "MARIGA", "source": null, "osm_id": 4515579319, "osm_type": "nodes", "Analysis_Region": "North West"}, "geometry": {"type": "Point", "coordinates": [6.0062078, 10.1414034]}}, {"type": "Feature", "properties": {"name": "Kafin Soli Primary School", "name:en": null, "amenity": "school", "building": null, "operator:type": null, "capacity:persons": null, "addr:full": null, "addr:city": null, "source": null, "osm_id": 5915760585, "osm_type": "nodes", "Analysis_Region": "North West"}, "geometry": {"type": "Point", "coordinates": [7.7400574, 12.5030024]}}, {"type": "Feature", "properties": {"name": "4 Demo Mess", "name:en": null, "amenity": "school", "building": null, "operator:type": null, "capacity:persons": null, "addr:full": null, "addr:city": null, "source": null, "osm_id": 7798733452, "osm_type": "nodes", "Analysis_Region": "North West"}, "geometry": {"type": "Point", "coordinates": [7.5484094, 10.8093788]}}, {"type": "Feature", "properties": {"name": "Warrant Officers Academy", "name:en": null, "amenity": "school", "building": null, "operator:type": null, "capacity:persons": null, "addr:full": null, "addr:city": null, "source": null, "osm_id": 7798731190, "osm_type": "nodes", "Analysis_Region": "North West"}, "geometry": {"type": "Point", "coordinates": [7.5463119, 10.8129829]}}, {"type": "Feature", "properties": {"name": "Oke Okanla Baptist Primary School", "name:en": null, "amenity": "school", "building": null, "operator:type": null, "capacity:persons": null, "addr:full": null, "addr:city": "Osogbo", "source": null, "osm_id": 3819120357, "osm_type": "nodes", "Analysis_Region": "North West"}, "geometry": {"type": "Point", "coordinates": [4.5526194, 7.7674812]}}, {"type": "Feature", "properties": {"name": null, "name:en": null, "amenity": "school", "building": null, "operator:type": null, "capacity:persons": null, "addr:full": null, "addr:city": null, "source": null, "osm_id": 5594685797, "osm_type": "nodes", "Analysis_Region": "North West"}, "geometry": {"type": "Point", "coordinates": [4.716109, 10.0751167]}}, {"type": "Feature", "properties": {"name": null, "name:en": null, "amenity": "school", "building": null, "operator:type": null, "capacity:persons": null, "addr:full": null, "addr:city": null, "source": null, "osm_id": 5594685795, "osm_type": "nodes", "Analysis_Region": "North West"}, "geometry": {"type": "Point", "coordinates": [4.715971, 10.0757753]}}, {"type": "Feature", "properties": {"name": null, "name:en": null, "amenity": "school", "building": null, "operator:type": null, "capacity:persons": null, "addr:full": null, "addr:city": null, "source": null, "osm_id": 5594685796, "osm_type": "nodes", "Analysis_Region": "North West"}, "geometry": {"type": "Point", "coordinates": [4.7161657, 10.0756951]}}, {"type": "Feature", "properties": {"name": null, "name:en": null, "amenity": "school", "building": null, "operator:type": null, "capacity:persons": null, "addr:full": null, "addr:city": null, "source": null, "osm_id": 5594685798, "osm_type": "nodes", "Analysis_Region": "North West"}, "geometry": {"type": "Point", "coordinates": [4.7161586, 10.0752944]}}, {"type": "Feature", "properties": {"name": "Redeemers Private School", "name:en": null, "amenity": "school", "building": null, "operator:type": null, "capacity:persons": null, "addr:full": null, "addr:city": null, "source": null, "osm_id": 10225093606, "osm_type": "nodes", "Analysis_Region": "North West"}, "geometry": {"type": "Point", "coordinates": [7.379241, 9.1405283]}}, {"type": "Feature", "properties": {"name": "Chinakwe International School Dakibiyu", "name:en": null, "amenity": "school", "building": null, "operator:type": "private", "capacity:persons": null, "addr:full": null, "addr:city": "abuja", "source": null, "osm_id": 10054050565, "osm_type": "nodes", "Analysis_Region": "North West"}, "geometry": {"type": "Point", "coordinates": [7.4266724, 9.0585394]}}, {"type": "Feature", "properties": {"name": "Mafoni Primary School", "name:en": null, "amenity": "school", "building": null, "operator:type": "public", "capacity:persons": null, "addr:full": "Mafoni, Hausari, Maiduguri", "addr:city": null, "source": null, "osm_id": 7817546691, "osm_type": "nodes", "Analysis_Region": "North East"}, "geometry": {"type": "Point", "coordinates": [13.1507581, 11.84486]}}, {"type": "Feature", "properties": {"name": "Maryland Catholic Nursery and Primary School", "name:en": null, "amenity": "school", "building": null, "operator:type": "private", "capacity:persons": null, "addr:full": null, "addr:city": "Ogbomoso", "source": null, "osm_id": 6767086649, "osm_type": "nodes", "Analysis_Region": "North West"}, "geometry": {"type": "Point", "coordinates": [4.2480194, 8.1589802]}}, {"type": "Feature", "properties": {"name": "St. George's RCM Primary School, Ofatedo", "name:en": null, "amenity": "school", "building": null, "operator:type": null, "capacity:persons": null, "addr:full": null, "addr:city": null, "source": null, "osm_id": 9817020457, "osm_type": "nodes", "Analysis_Region": "North West"}, "geometry": {"type": "Point", "coordinates": [4.5025624, 7.780751]}}, {"type": "Feature", "properties": {"name": "Islahudeen Nur & Pri School, Ido-Osun", "name:en": null, "amenity": "school", "building": null, "operator:type": "private", "capacity:persons": null, "addr:full": null, "addr:city": null, "source": null, "osm_id": 9808539363, "osm_type": "nodes", "Analysis_Region": "North West"}, "geometry": {"type": "Point", "coordinates": [4.4876327, 7.7799185]}}, {"type": "Feature", "properties": {"name": "St.Paul Anglican Primary School, Ido-Osun", "name:en": null, "amenity": "school", "building": null, "operator:type": "government", "capacity:persons": null, "addr:full": null, "addr:city": null, "source": null, "osm_id": 9808539362, "osm_type": "nodes", "Analysis_Region": "North West"}, "geometry": {"type": "Point", "coordinates": [4.4885138, 7.7796194]}}, {"type": "Feature", "properties": {"name": null, "name:en": null, "amenity": "school", "building": null, "operator:type": null, "capacity:persons": null, "addr:full": null, "addr:city": "Owode", "source": null, "osm_id": 3885537621, "osm_type": "nodes", "Analysis_Region": "North West"}, "geometry": {"type": "Point", "coordinates": [4.4889517, 7.7146111]}}, {"type": "Feature", "properties": {"name": "Great-Elsaadai Schools", "name:en": null, "amenity": "school", "building": null, "operator:type": null, "capacity:persons": null, "addr:full": null, "addr:city": null, "source": null, "osm_id": 3932979895, "osm_type": "nodes", "Analysis_Region": "North West"}, "geometry": {"type": "Point", "coordinates": [4.4898376, 7.7173884]}}, {"type": "Feature", "properties": {"name": "Ataoja School of Science", "name:en": null, "amenity": "school", "building": null, "operator:type": null, "capacity:persons": null, "addr:full": null, "addr:city": "Osogbo", "source": null, "osm_id": 3799233011, "osm_type": "nodes", "Analysis_Region": "North West"}, "geometry": {"type": "Point", "coordinates": [4.5165695, 7.7486703]}}, {"type": "Feature", "properties": {"name": "Divine Heritage Nursey and Primary School", "name:en": null, "amenity": "school", "building": null, "operator:type": "private", "capacity:persons": null, "addr:full": null, "addr:city": null, "source": "Nigerian Red Cross Society", "osm_id": 10741877789, "osm_type": "nodes", "Analysis_Region": "North West"}, "geometry": {"type": "Point", "coordinates": [7.4233106, 9.0188653]}}, {"type": "Feature", "properties": {"name": null, "name:en": null, "amenity": "school", "building": null, "operator:type": null, "capacity:persons": null, "addr:full": null, "addr:city": null, "source": null, "osm_id": 6046476879, "osm_type": "nodes", "Analysis_Region": "North West"}, "geometry": {"type": "Point", "coordinates": [6.7015757, 7.6670074]}}, {"type": "Feature", "properties": {"name": null, "name:en": null, "amenity": "school", "building": null, "operator:type": null, "capacity:persons": null, "addr:full": null, "addr:city": null, "source": null, "osm_id": 1842738097, "osm_type": "nodes", "Analysis_Region": "North West"}, "geometry": {"type": "Point", "coordinates": [6.6835478, 7.5435221]}}, {"type": "Feature", "properties": {"name": "Madrasatu Tarbiyyatul Awladul Muslimin", "name:en": null, "amenity": "school", "building": null, "operator:type": null, "capacity:persons": null, "addr:full": null, "addr:city": null, "source": null, "osm_id": 3644620783, "osm_type": "nodes", "Analysis_Region": "North West"}, "geometry": {"type": "Point", "coordinates": [7.4036788, 10.530646]}}, {"type": "Feature", "properties": {"name": "PTS Minna", "name:en": null, "amenity": "college", "building": null, "operator:type": null, "capacity:persons": null, "addr:full": null, "addr:city": null, "source": null, "osm_id": 6915092785, "osm_type": "nodes", "Analysis_Region": "North West"}, "geometry": {"type": "Point", "coordinates": [6.5517289, 9.6075152]}}, {"type": "Feature", "properties": {"name": "PTS Minna", "name:en": null, "amenity": "college", "building": null, "operator:type": null, "capacity:persons": null, "addr:full": null, "addr:city": null, "source": null, "osm_id": 6915092885, "osm_type": "nodes", "Analysis_Region": "North West"}, "geometry": {"type": "Point", "coordinates": [6.5517622, 9.6065921]}}, {"type": "Feature", "properties": {"name": "National Open University", "name:en": null, "amenity": "college", "building": null, "operator:type": null, "capacity:persons": null, "addr:full": null, "addr:city": null, "source": null, "osm_id": 557728665, "osm_type": "nodes", "Analysis_Region": "North West"}, "geometry": {"type": "Point", "coordinates": [7.4684833, 10.6138093]}}, {"type": "Feature", "properties": {"name": "Rest Room", "name:en": null, "amenity": "school", "building": null, "operator:type": null, "capacity:persons": null, "addr:full": null, "addr:city": null, "source": null, "osm_id": 11224620338, "osm_type": "nodes", "Analysis_Region": "North East"}, "geometry": {"type": "Point", "coordinates": [11.1752653, 10.3050956]}}, {"type": "Feature", "properties": {"name": "Src secretariat gombe state university", "name:en": null, "amenity": "school", "building": null, "operator:type": null, "capacity:persons": null, "addr:full": null, "addr:city": null, "source": null, "osm_id": 11148259405, "osm_type": "nodes", "Analysis_Region": "North East"}, "geometry": {"type": "Point", "coordinates": [11.1746769, 10.3067579]}}, {"type": "Feature", "properties": {"name": null, "name:en": null, "amenity": "university", "building": null, "operator:type": null, "capacity:persons": null, "addr:full": null, "addr:city": null, "source": null, "osm_id": 7598950973, "osm_type": "nodes", "Analysis_Region": "North West"}, "geometry": {"type": "Point", "coordinates": [7.2422077, 9.311646]}}, {"type": "Feature", "properties": {"name": null, "name:en": null, "amenity": "university", "building": null, "operator:type": null, "capacity:persons": null, "addr:full": null, "addr:city": null, "source": null, "osm_id": 7600633738, "osm_type": "nodes", "Analysis_Region": "North West"}, "geometry": {"type": "Point", "coordinates": [7.1631285, 9.2502229]}}, {"type": "Feature", "properties": {"name": null, "name:en": null, "amenity": "school", "building": null, "operator:type": null, "capacity:persons": null, "addr:full": null, "addr:city": null, "source": "nigeriase4all.gov.ng", "osm_id": 9945386993, "osm_type": "nodes", "Analysis_Region": "North West"}, "geometry": {"type": "Point", "coordinates": [6.9058569, 8.9435845]}}, {"type": "Feature", "properties": {"name": "mosque male and female rest roo", "name:en": null, "amenity": "school", "building": null, "operator:type": null, "capacity:persons": null, "addr:full": null, "addr:city": null, "source": null, "osm_id": 11176399237, "osm_type": "nodes", "Analysis_Region": "North East"}, "geometry": {"type": "Point", "coordinates": [11.1754149, 10.3058136]}}, {"type": "Feature", "properties": {"name": "Geography Department Room 3", "name:en": null, "amenity": "school", "building": null, "operator:type": null, "capacity:persons": null, "addr:full": null, "addr:city": null, "source": null, "osm_id": 11176288372, "osm_type": "nodes", "Analysis_Region": "North East"}, "geometry": {"type": "Point", "coordinates": [11.1758545, 10.3047515]}}, {"type": "Feature", "properties": {"name": "The Apostles Academy Laranto", "name:en": null, "amenity": "school", "building": null, "operator:type": null, "capacity:persons": null, "addr:full": null, "addr:city": null, "source": null, "osm_id": 12733123671, "osm_type": "nodes", "Analysis_Region": "North West"}, "geometry": {"type": "Point", "coordinates": [8.8742693, 9.9428724]}}, {"type": "Feature", "properties": {"name": "S.D.A Primary School Laranto", "name:en": null, "amenity": "school", "building": null, "operator:type": null, "capacity:persons": null, "addr:full": null, "addr:city": null, "source": null, "osm_id": 12733002769, "osm_type": "nodes", "Analysis_Region": "North West"}, "geometry": {"type": "Point", "coordinates": [8.874791, 9.9428612]}}, {"type": "Feature", "properties": {"name": "Shining Grace College & Salama Triumph Private School", "name:en": null, "amenity": "school", "building": null, "operator:type": null, "capacity:persons": null, "addr:full": null, "addr:city": null, "source": null, "osm_id": 12733002771, "osm_type": "nodes", "Analysis_Region": "North West"}, "geometry": {"type": "Point", "coordinates": [8.8713603, 9.945075]}}, {"type": "Feature", "properties": {"name": "Remnant Adventist School Laranto", "name:en": null, "amenity": "school", "building": null, "operator:type": null, "capacity:persons": null, "addr:full": null, "addr:city": null, "source": null, "osm_id": 12733002773, "osm_type": "nodes", "Analysis_Region": "North West"}, "geometry": {"type": "Point", "coordinates": [8.8725885, 9.9435156]}}, {"type": "Feature", "properties": {"name": "AirForce Institute of Technology Kaduna", "name:en": null, "amenity": "university", "building": null, "operator:type": null, "capacity:persons": null, "addr:full": null, "addr:city": null, "source": null, "osm_id": 13028030960, "osm_type": "nodes", "Analysis_Region": "North West"}, "geometry": {"type": "Point", "coordinates": [7.4391133, 10.6081277]}}, {"type": "Feature", "properties": {"name": null, "name:en": null, "amenity": "school", "building": null, "operator:type": null, "capacity:persons": null, "addr:full": null, "addr:city": null, "source": "nigeriase4all.gov.ng", "osm_id": 10101428802, "osm_type": "nodes", "Analysis_Region": "North East"}, "geometry": {"type": "Point", "coordinates": [9.0859334, 9.6756536]}}, {"type": "Feature", "properties": {"name": null, "name:en": null, "amenity": "school", "building": null, "operator:type": null, "capacity:persons": null, "addr:full": null, "addr:city": null, "source": "nigeriase4all.gov.ng", "osm_id": 10101428553, "osm_type": "nodes", "Analysis_Region": "North West"}, "geometry": {"type": "Point", "coordinates": [8.682991, 10.0118661]}}, {"type": "Feature", "properties": {"name": null, "name:en": null, "amenity": "school", "building": null, "operator:type": null, "capacity:persons": null, "addr:full": null, "addr:city": null, "source": "nigeriase4all.gov.ng", "osm_id": 10076563478, "osm_type": "nodes", "Analysis_Region": "North East"}, "geometry": {"type": "Point", "coordinates": [9.4436931, 12.1426622]}}, {"type": "Feature", "properties": {"name": null, "name:en": null, "amenity": "school", "building": null, "operator:type": null, "capacity:persons": null, "addr:full": null, "addr:city": null, "source": "nigeriase4all.gov.ng", "osm_id": 10076578984, "osm_type": "nodes", "Analysis_Region": "North East"}, "geometry": {"type": "Point", "coordinates": [9.4421319, 12.2208773]}}, {"type": "Feature", "properties": {"name": null, "name:en": null, "amenity": "school", "building": null, "operator:type": null, "capacity:persons": null, "addr:full": null, "addr:city": null, "source": "nigeriase4all.gov.ng", "osm_id": 10076601726, "osm_type": "nodes", "Analysis_Region": "North West"}, "geometry": {"type": "Point", "coordinates": [8.9167026, 12.2801401]}}, {"type": "Feature", "properties": {"name": null, "name:en": null, "amenity": "school", "building": null, "operator:type": null, "capacity:persons": null, "addr:full": null, "addr:city": null, "source": "nigeriase4all.gov.ng", "osm_id": 10076601732, "osm_type": "nodes", "Analysis_Region": "North West"}, "geometry": {"type": "Point", "coordinates": [8.915922, 12.2817082]}}, {"type": "Feature", "properties": {"name": null, "name:en": null, "amenity": "school", "building": null, "operator:type": null, "capacity:persons": null, "addr:full": null, "addr:city": null, "source": "nigeriase4all.gov.ng", "osm_id": 10076601770, "osm_type": "nodes", "Analysis_Region": "North West"}, "geometry": {"type": "Point", "coordinates": [8.9182999, 12.2810386]}}, {"type": "Feature", "properties": {"name": null, "name:en": null, "amenity": "school", "building": null, "operator:type": null, "capacity:persons": null, "addr:full": null, "addr:city": null, "source": "nigeriase4all.gov.ng", "osm_id": 10076578945, "osm_type": "nodes", "Analysis_Region": "North East"}, "geometry": {"type": "Point", "coordinates": [9.4352787, 12.2208519]}}, {"type": "Feature", "properties": {"name": null, "name:en": null, "amenity": "school", "building": null, "operator:type": null, "capacity:persons": null, "addr:full": null, "addr:city": null, "source": "nigeriase4all.gov.ng", "osm_id": 10076578946, "osm_type": "nodes", "Analysis_Region": "North East"}, "geometry": {"type": "Point", "coordinates": [9.4405903, 12.2233459]}}, {"type": "Feature", "properties": {"name": null, "name:en": null, "amenity": "school", "building": null, "operator:type": null, "capacity:persons": null, "addr:full": null, "addr:city": null, "source": "nigeriase4all.gov.ng", "osm_id": 10076601752, "osm_type": "nodes", "Analysis_Region": "North West"}, "geometry": {"type": "Point", "coordinates": [8.9167097, 12.2825354]}}, {"type": "Feature", "properties": {"name": null, "name:en": null, "amenity": "school", "building": null, "operator:type": null, "capacity:persons": null, "addr:full": null, "addr:city": null, "source": "nigeriase4all.gov.ng", "osm_id": 10076486543, "osm_type": "nodes", "Analysis_Region": "North East"}, "geometry": {"type": "Point", "coordinates": [9.5832439, 11.6702041]}}, {"type": "Feature", "properties": {"name": null, "name:en": null, "amenity": "kindergarten", "building": null, "operator:type": null, "capacity:persons": null, "addr:full": null, "addr:city": null, "source": "nigeriase4all.gov.ng", "osm_id": 10101430423, "osm_type": "nodes", "Analysis_Region": "North West"}, "geometry": {"type": "Point", "coordinates": [8.8731684, 9.1233262]}}, {"type": "Feature", "properties": {"name": "MECHANICAL & AEROSPACE GROUND ENGINEERING(MAGED)", "name:en": null, "amenity": "university", "building": null, "operator:type": null, "capacity:persons": null, "addr:full": null, "addr:city": null, "source": null, "osm_id": 13030512998, "osm_type": "nodes", "Analysis_Region": "North West"}, "geometry": {"type": "Point", "coordinates": [7.4415621, 10.6088188]}}, {"type": "Feature", "properties": {"name": "Yisa Doko Hall", "name:en": null, "amenity": "university", "building": null, "operator:type": null, "capacity:persons": null, "addr:full": null, "addr:city": null, "source": null, "osm_id": 13030512999, "osm_type": "nodes", "Analysis_Region": "North West"}, "geometry": {"type": "Point", "coordinates": [7.4419613, 10.6085304]}}, {"type": "Feature", "properties": {"name": "Lecture room 191", "name:en": null, "amenity": "university", "building": null, "operator:type": null, "capacity:persons": null, "addr:full": null, "addr:city": null, "source": null, "osm_id": 13042245155, "osm_type": "nodes", "Analysis_Region": "North West"}, "geometry": {"type": "Point", "coordinates": [7.4410634, 10.6094381]}}, {"type": "Feature", "properties": {"name": "Lecture room 192", "name:en": null, "amenity": "university", "building": null, "operator:type": null, "capacity:persons": null, "addr:full": null, "addr:city": null, "source": null, "osm_id": 13042245156, "osm_type": "nodes", "Analysis_Region": "North West"}, "geometry": {"type": "Point", "coordinates": [7.4411678, 10.6094449]}}, {"type": "Feature", "properties": {"name": null, "name:en": null, "amenity": "school", "building": null, "operator:type": null, "capacity:persons": null, "addr:full": null, "addr:city": null, "source": "nigeriase4all.gov.ng", "osm_id": 10064189663, "osm_type": "nodes", "Analysis_Region": "North East"}, "geometry": {"type": "Point", "coordinates": [9.7815707, 7.5694296]}}, {"type": "Feature", "properties": {"name": null, "name:en": null, "amenity": "school", "building": null, "operator:type": null, "capacity:persons": null, "addr:full": null, "addr:city": null, "source": "nigeriase4all.gov.ng", "osm_id": 10064189667, "osm_type": "nodes", "Analysis_Region": "North East"}, "geometry": {"type": "Point", "coordinates": [9.7806454, 7.5676882]}}, {"type": "Feature", "properties": {"name": null, "name:en": null, "amenity": "school", "building": null, "operator:type": null, "capacity:persons": null, "addr:full": null, "addr:city": null, "source": "nigeriase4all.gov.ng", "osm_id": 10064189657, "osm_type": "nodes", "Analysis_Region": "North East"}, "geometry": {"type": "Point", "coordinates": [9.7823233, 7.5691106]}}, {"type": "Feature", "properties": {"name": null, "name:en": null, "amenity": "school", "building": null, "operator:type": null, "capacity:persons": null, "addr:full": null, "addr:city": null, "source": "nigeriase4all.gov.ng", "osm_id": 10064193736, "osm_type": "nodes", "Analysis_Region": "North East"}, "geometry": {"type": "Point", "coordinates": [9.607118, 7.7118154]}}, {"type": "Feature", "properties": {"name": null, "name:en": null, "amenity": "school", "building": null, "operator:type": null, "capacity:persons": null, "addr:full": null, "addr:city": null, "source": "nigeriase4all.gov.ng", "osm_id": 10064193745, "osm_type": "nodes", "Analysis_Region": "North East"}, "geometry": {"type": "Point", "coordinates": [9.6072925, 7.710832]}}, {"type": "Feature", "properties": {"name": "Nasarawa state university", "name:en": null, "amenity": "school", "building": null, "operator:type": null, "capacity:persons": null, "addr:full": null, "addr:city": null, "source": null, "osm_id": 8117611818, "osm_type": "nodes", "Analysis_Region": "North West"}, "geometry": {"type": "Point", "coordinates": [7.9066259, 8.8431624]}}, {"type": "Feature", "properties": {"name": "Zumratul Adabiyah (Arabic school), Kamal-Deen Street, Oko Erin, Nigeria", "name:en": null, "amenity": "school", "building": null, "operator:type": null, "capacity:persons": null, "addr:full": null, "addr:city": null, "source": null, "osm_id": 13047972493, "osm_type": "nodes", "Analysis_Region": "North West"}, "geometry": {"type": "Point", "coordinates": [4.5389766, 8.5036156]}}, {"type": "Feature", "properties": {"name": "Queen Elizabeth Secondary School, Ibrahim Taiwo Road, Oko Erin, Nigeria", "name:en": null, "amenity": "school", "building": null, "operator:type": null, "capacity:persons": null, "addr:full": null, "addr:city": null, "source": null, "osm_id": 13047974744, "osm_type": "nodes", "Analysis_Region": "North West"}, "geometry": {"type": "Point", "coordinates": [4.5333186, 8.4764434]}}, {"type": "Feature", "properties": {"name": "Minaret Islamic School, Awolowo Road, Oko Erin, Nigeria", "name:en": null, "amenity": "school", "building": null, "operator:type": null, "capacity:persons": null, "addr:full": null, "addr:city": null, "source": null, "osm_id": 13047974816, "osm_type": "nodes", "Analysis_Region": "North West"}, "geometry": {"type": "Point", "coordinates": [4.6119104, 8.4705529]}}, {"type": "Feature", "properties": {"name": "Kingsland College oke foma ilorin, Ilorin, Nigeria", "name:en": null, "amenity": "school", "building": null, "operator:type": null, "capacity:persons": null, "addr:full": null, "addr:city": null, "source": null, "osm_id": 13047974838, "osm_type": "nodes", "Analysis_Region": "North West"}, "geometry": {"type": "Point", "coordinates": [4.5047605, 8.4941761]}}, {"type": "Feature", "properties": {"name": "Joel Best Legacy Int'L Nursery/Primary School, Oko Erin, Nigeria", "name:en": null, "amenity": "school", "building": null, "operator:type": null, "capacity:persons": null, "addr:full": null, "addr:city": null, "source": null, "osm_id": 13047974845, "osm_type": "nodes", "Analysis_Region": "North West"}, "geometry": {"type": "Point", "coordinates": [4.5400877, 8.4680974]}}, {"type": "Feature", "properties": {"name": "Ganmo Secondary School Road, Ilorin, Nigeria", "name:en": null, "amenity": "school", "building": null, "operator:type": null, "capacity:persons": null, "addr:full": null, "addr:city": null, "source": null, "osm_id": 13047974962, "osm_type": "nodes", "Analysis_Region": "North West"}, "geometry": {"type": "Point", "coordinates": [4.6035819, 8.4150209]}}, {"type": "Feature", "properties": {"name": "RAUDHA", "name:en": null, "amenity": "school", "building": null, "operator:type": null, "capacity:persons": null, "addr:full": null, "addr:city": null, "source": null, "osm_id": 7341063588, "osm_type": "nodes", "Analysis_Region": "North East"}, "geometry": {"type": "Point", "coordinates": [11.1846316, 10.2854419]}}, {"type": "Feature", "properties": {"name": "The Deenway Academy Early Years And Primary School, Along Alao farm, Tanke, Oko Erin, Nigeria", "name:en": null, "amenity": "school", "building": null, "operator:type": null, "capacity:persons": null, "addr:full": null, "addr:city": null, "source": null, "osm_id": 13047974710, "osm_type": "nodes", "Analysis_Region": "North West"}, "geometry": {"type": "Point", "coordinates": [4.6107227, 8.4678278]}}, {"type": "Feature", "properties": {"name": "St James CAC Schools, New Yidi Road, Oko Erin, Nigeria", "name:en": null, "amenity": "school", "building": null, "operator:type": null, "capacity:persons": null, "addr:full": null, "addr:city": null, "source": null, "osm_id": 13047974723, "osm_type": "nodes", "Analysis_Region": "North West"}, "geometry": {"type": "Point", "coordinates": [4.5539212, 8.47328]}}, {"type": "Feature", "properties": {"name": "St Anthony School, Office Road, Ilorin, Nigeria", "name:en": null, "amenity": "school", "building": null, "operator:type": null, "capacity:persons": null, "addr:full": null, "addr:city": null, "source": null, "osm_id": 13047974724, "osm_type": "nodes", "Analysis_Region": "North West"}, "geometry": {"type": "Point", "coordinates": [4.5717925, 8.485345]}}, {"type": "Feature", "properties": {"name": "Olumawu Basic School, Oni Kanga Road, Oko Erin, Nigeria", "name:en": null, "amenity": "school", "building": null, "operator:type": null, "capacity:persons": null, "addr:full": null, "addr:city": null, "source": null, "osm_id": 13047974767, "osm_type": "nodes", "Analysis_Region": "North West"}, "geometry": {"type": "Point", "coordinates": [4.5667949, 8.4766811]}}, {"type": "Feature", "properties": {"name": "HisGrace College of Education Ilorin, Mubo Street, Oko Erin, Nigeria", "name:en": null, "amenity": "school", "building": null, "operator:type": null, "capacity:persons": null, "addr:full": null, "addr:city": null, "source": null, "osm_id": 13047974868, "osm_type": "nodes", "Analysis_Region": "North West"}, "geometry": {"type": "Point", "coordinates": [4.5723881, 8.502954]}}, {"type": "Feature", "properties": {"name": "GSS, Ilorin, Nigeria", "name:en": null, "amenity": "school", "building": null, "operator:type": null, "capacity:persons": null, "addr:full": null, "addr:city": null, "source": null, "osm_id": 13047974878, "osm_type": "nodes", "Analysis_Region": "North West"}, "geometry": {"type": "Point", "coordinates": [4.5759843, 8.4993221]}}, {"type": "Feature", "properties": {"name": "Grace Christian Schools, G.R.A, Fate Road, Oko Erin, Nigeria", "name:en": null, "amenity": "school", "building": null, "operator:type": null, "capacity:persons": null, "addr:full": null, "addr:city": null, "source": null, "osm_id": 13047974879, "osm_type": "nodes", "Analysis_Region": "North West"}, "geometry": {"type": "Point", "coordinates": [4.5837855, 8.490931]}}, {"type": "Feature", "properties": {"name": "Ebenezer High School, Agba-Dam Road, Oko Erin, Nigeria", "name:en": null, "amenity": "school", "building": null, "operator:type": null, "capacity:persons": null, "addr:full": null, "addr:city": null, "source": null, "osm_id": 13047975225, "osm_type": "nodes", "Analysis_Region": "North West"}, "geometry": {"type": "Point", "coordinates": [4.5848564, 8.46997]}}, {"type": "Feature", "properties": {"name": "Al-Hikmah University, Ilorin, Nigeria., Al Hikmah University, Adeta Road, Ilorin, Nigeria", "name:en": null, "amenity": "school", "building": null, "operator:type": null, "capacity:persons": null, "addr:full": null, "addr:city": null, "source": null, "osm_id": 13047975294, "osm_type": "nodes", "Analysis_Region": "North West"}, "geometry": {"type": "Point", "coordinates": [4.5056344, 8.4833211]}}, {"type": "Feature", "properties": {"name": "St. Joseph Centenary Catholic College, Office Road, Oko Erin, Nigeria", "name:en": null, "amenity": "school", "building": null, "operator:type": null, "capacity:persons": null, "addr:full": null, "addr:city": null, "source": "csv_import", "osm_id": 13048283368, "osm_type": "nodes", "Analysis_Region": "North West"}, "geometry": {"type": "Point", "coordinates": [4.5709502, 8.485919]}}, {"type": "Feature", "properties": {"name": "Eruda L.G.E.A School, Eruda Area, Temidire Street, Ilorin, Nigeria", "name:en": null, "amenity": "school", "building": null, "operator:type": null, "capacity:persons": null, "addr:full": null, "addr:city": null, "source": null, "osm_id": 13047975210, "osm_type": "nodes", "Analysis_Region": "North West"}, "geometry": {"type": "Point", "coordinates": [4.5425103, 8.4853617]}}, {"type": "Feature", "properties": {"name": "Trove Schools, Pa Adebola Oyeyele Street, near Shoprite, behind Fresh Hotels, Ilorin, Nigeria", "name:en": null, "amenity": "school", "building": null, "operator:type": null, "capacity:persons": null, "addr:full": null, "addr:city": null, "source": "csv_import", "osm_id": 13048283350, "osm_type": "nodes", "Analysis_Region": "North West"}, "geometry": {"type": "Point", "coordinates": [4.5842409, 8.5008621]}}, {"type": "Feature", "properties": {"name": "Trillium Learning Centre, New Yidi Road, Ilorin, Nigeria", "name:en": null, "amenity": "school", "building": null, "operator:type": null, "capacity:persons": null, "addr:full": null, "addr:city": null, "source": "csv_import", "osm_id": 13048283351, "osm_type": "nodes", "Analysis_Region": "North West"}, "geometry": {"type": "Point", "coordinates": [4.5545811, 8.4739233]}}, {"type": "Feature", "properties": {"name": "Nasarawa state poly, Lafia", "name:en": null, "amenity": "college", "building": null, "operator:type": null, "capacity:persons": null, "addr:full": null, "addr:city": null, "source": null, "osm_id": 8117622017, "osm_type": "nodes", "Analysis_Region": "North West"}, "geometry": {"type": "Point", "coordinates": [8.5352801, 8.5458481]}}, {"type": "Feature", "properties": {"name": "Lecture room 193", "name:en": null, "amenity": "university", "building": null, "operator:type": null, "capacity:persons": null, "addr:full": null, "addr:city": null, "source": null, "osm_id": 13042245157, "osm_type": "nodes", "Analysis_Region": "North West"}, "geometry": {"type": "Point", "coordinates": [7.441259, 10.6094526]}}, {"type": "Feature", "properties": {"name": "Lecture room 194", "name:en": null, "amenity": "university", "building": null, "operator:type": null, "capacity:persons": null, "addr:full": null, "addr:city": null, "source": null, "osm_id": 13042245158, "osm_type": "nodes", "Analysis_Region": "North West"}, "geometry": {"type": "Point", "coordinates": [7.4413534, 10.6094586]}}, {"type": "Feature", "properties": {"name": "Civil and Environmental Engineering Department (CEED)", "name:en": null, "amenity": "university", "building": null, "operator:type": null, "capacity:persons": null, "addr:full": null, "addr:city": null, "source": null, "osm_id": 13042245159, "osm_type": "nodes", "Analysis_Region": "North West"}, "geometry": {"type": "Point", "coordinates": [7.4433431, 10.6099743]}}, {"type": "Feature", "properties": {"name": "AFIT Armament Engineering Department", "name:en": null, "amenity": "university", "building": null, "operator:type": null, "capacity:persons": null, "addr:full": null, "addr:city": null, "source": null, "osm_id": 13042245160, "osm_type": "nodes", "Analysis_Region": "North West"}, "geometry": {"type": "Point", "coordinates": [7.4433789, 10.611214]}}, {"type": "Feature", "properties": {"name": "Mechanical Lecture Room", "name:en": "Mechanical Lecture Room", "amenity": "university", "building": null, "operator:type": null, "capacity:persons": null, "addr:full": null, "addr:city": null, "source": null, "osm_id": 13042245161, "osm_type": "nodes", "Analysis_Region": "North West"}, "geometry": {"type": "Point", "coordinates": [7.4419143, 10.6120957]}}, {"type": "Feature", "properties": {"name": "GENERAL STUDIES UNIT", "name:en": null, "amenity": "university", "building": null, "operator:type": null, "capacity:persons": null, "addr:full": null, "addr:city": null, "source": null, "osm_id": 13042245162, "osm_type": "nodes", "Analysis_Region": "North West"}, "geometry": {"type": "Point", "coordinates": [7.4423879, 10.6091373]}}, {"type": "Feature", "properties": {"name": "SCHOOL OF BASIC AND REMEDIAL STUDIES", "name:en": null, "amenity": "university", "building": null, "operator:type": null, "capacity:persons": null, "addr:full": null, "addr:city": null, "source": null, "osm_id": 13042245163, "osm_type": "nodes", "Analysis_Region": "North West"}, "geometry": {"type": "Point", "coordinates": [7.4418081, 10.6087998]}}, {"type": "Feature", "properties": {"name": "National Open University, Ilorin Study Centre, Sango Road, Oko Erin, Nigeria", "name:en": null, "amenity": "university", "building": null, "operator:type": null, "capacity:persons": null, "addr:full": null, "addr:city": null, "source": null, "osm_id": 13047974810, "osm_type": "nodes", "Analysis_Region": "North West"}, "geometry": {"type": "Point", "coordinates": [4.5826415, 8.5142002]}}, {"type": "Feature", "properties": {"name": "Michael Imoudu National Institute Ilorin lFor Labour Studies, Ilorin, Nigeria", "name:en": null, "amenity": "university", "building": null, "operator:type": null, "capacity:persons": null, "addr:full": null, "addr:city": null, "source": null, "osm_id": 13047974818, "osm_type": "nodes", "Analysis_Region": "North West"}, "geometry": {"type": "Point", "coordinates": [4.5954564, 8.4389476]}}, {"type": "Feature", "properties": {"name": "Edinwo Plaza Muritala, Ilorin, Kwara, Nigeria", "name:en": null, "amenity": "school", "building": null, "operator:type": null, "capacity:persons": null, "addr:full": null, "addr:city": null, "source": "csv_import", "osm_id": 13048283387, "osm_type": "nodes", "Analysis_Region": "North West"}, "geometry": {"type": "Point", "coordinates": [4.563748, 8.4850449]}}, {"type": "Feature", "properties": {"name": "Police children school, Sango, Ilorin, Agunbiade Street, Oko Erin, Nigeria", "name:en": null, "amenity": "school", "building": null, "operator:type": null, "capacity:persons": null, "addr:full": null, "addr:city": null, "source": "csv_import", "osm_id": 13048283393, "osm_type": "nodes", "Analysis_Region": "North West"}, "geometry": {"type": "Point", "coordinates": [4.5929664, 8.5286254]}}, {"type": "Feature", "properties": {"name": "National Open University Sobi Study Center, Sobi Road, Ilorin, Nigeria", "name:en": null, "amenity": "school", "building": null, "operator:type": null, "capacity:persons": null, "addr:full": null, "addr:city": null, "source": "csv_import", "osm_id": 13048286629, "osm_type": "nodes", "Analysis_Region": "North West"}, "geometry": {"type": "Point", "coordinates": [4.5584338, 8.5625301]}}, {"type": "Feature", "properties": {"name": "Kwara State Polytechnic, Share-Oja Oba Road, Ilorin, Nigeria", "name:en": null, "amenity": "school", "building": null, "operator:type": null, "capacity:persons": null, "addr:full": null, "addr:city": null, "source": "csv_import", "osm_id": 13048286653, "osm_type": "nodes", "Analysis_Region": "North West"}, "geometry": {"type": "Point", "coordinates": [4.634256, 8.5433439]}}, {"type": "Feature", "properties": {"name": "Kilanko Primary School, Ilorin, Nigeria", "name:en": null, "amenity": "school", "building": null, "operator:type": null, "capacity:persons": null, "addr:full": null, "addr:city": null, "source": "csv_import", "osm_id": 13048286662, "osm_type": "nodes", "Analysis_Region": "North West"}, "geometry": {"type": "Point", "coordinates": [4.5999915, 8.4476375]}}, {"type": "Feature", "properties": {"name": "Gold Academy Egbejila Road, Egbejila Road, Ilorin, Nigeria", "name:en": null, "amenity": "school", "building": null, "operator:type": null, "capacity:persons": null, "addr:full": null, "addr:city": null, "source": "csv_import", "osm_id": 13048286683, "osm_type": "nodes", "Analysis_Region": "North West"}, "geometry": {"type": "Point", "coordinates": [4.5272347, 8.4452389]}}, {"type": "Feature", "properties": {"name": "GDJSS GAA-AKANBI, ILORIN., Oko Erin, Nigeria", "name:en": null, "amenity": "school", "building": null, "operator:type": null, "capacity:persons": null, "addr:full": null, "addr:city": null, "source": "csv_import", "osm_id": 13048286690, "osm_type": "nodes", "Analysis_Region": "North West"}, "geometry": {"type": "Point", "coordinates": [4.5892506, 8.4646886]}}, {"type": "Feature", "properties": {"name": "Gbagba LGEA Nursery and Primary School Ilorin, Oko Erin, Nigeria", "name:en": null, "amenity": "school", "building": null, "operator:type": null, "capacity:persons": null, "addr:full": null, "addr:city": null, "source": "csv_import", "osm_id": 13048286691, "osm_type": "nodes", "Analysis_Region": "North West"}, "geometry": {"type": "Point", "coordinates": [4.5772942, 8.5155343]}}, {"type": "Feature", "properties": {"name": "Chapel Secondary School, University Road, Oko Erin, Nigeria", "name:en": null, "amenity": "school", "building": null, "operator:type": null, "capacity:persons": null, "addr:full": null, "addr:city": null, "source": "csv_import", "osm_id": 13048286737, "osm_type": "nodes", "Analysis_Region": "North West"}, "geometry": {"type": "Point", "coordinates": [4.5904939, 8.4855932]}}, {"type": "Feature", "properties": {"name": "Chapel Secondary School, Chapel Road, Oke Ogun, Nigeria", "name:en": null, "amenity": "school", "building": null, "operator:type": null, "capacity:persons": null, "addr:full": null, "addr:city": null, "source": "csv_import", "osm_id": 13048286738, "osm_type": "nodes", "Analysis_Region": "North West"}, "geometry": {"type": "Point", "coordinates": [4.6235222, 8.4781026]}}, {"type": "Feature", "properties": {"name": "AbdulAzeez Attah Road, Ilorin, Nigeria", "name:en": null, "amenity": "school", "building": null, "operator:type": null, "capacity:persons": null, "addr:full": null, "addr:city": null, "source": "csv_import", "osm_id": 13048286706, "osm_type": "nodes", "Analysis_Region": "North West"}, "geometry": {"type": "Point", "coordinates": [4.5527439, 8.481243]}}, {"type": "Feature", "properties": {"name": "Danialu Junior Secondary School, Danialu Road, Oko Erin, Nigeria", "name:en": null, "amenity": "school", "building": null, "operator:type": null, "capacity:persons": null, "addr:full": null, "addr:city": null, "source": "csv_import", "osm_id": 13048286724, "osm_type": "nodes", "Analysis_Region": "North West"}, "geometry": {"type": "Point", "coordinates": [4.601519, 8.4649007]}}, {"type": "Feature", "properties": {"name": "PEN RESOURCE ACADEMY (boarding sch)& ROBOTICS CENTER", "name:en": null, "amenity": "school", "building": null, "operator:type": null, "capacity:persons": null, "addr:full": null, "addr:city": null, "source": null, "osm_id": 7331134586, "osm_type": "nodes", "Analysis_Region": "North East"}, "geometry": {"type": "Point", "coordinates": [11.0533183, 10.2903584]}}, {"type": "Feature", "properties": {"name": "Senior Secondary School Danialu, Agbabiaka Road, Oko Erin, Nigeria", "name:en": null, "amenity": "school", "building": null, "operator:type": null, "capacity:persons": null, "addr:full": null, "addr:city": null, "source": "csv_import", "osm_id": 13048283377, "osm_type": "nodes", "Analysis_Region": "North West"}, "geometry": {"type": "Point", "coordinates": [4.6122547, 8.4576397]}}, {"type": "Feature", "properties": {"name": null, "name:en": null, "amenity": "school", "building": null, "operator:type": null, "capacity:persons": null, "addr:full": null, "addr:city": null, "source": "nigeriase4all.gov.ng", "osm_id": 10028641680, "osm_type": "nodes", "Analysis_Region": "North West"}, "geometry": {"type": "Point", "coordinates": [3.6030341, 9.494183]}}, {"type": "Feature", "properties": {"name": null, "name:en": null, "amenity": "school", "building": null, "operator:type": null, "capacity:persons": null, "addr:full": null, "addr:city": null, "source": "nigeriase4all.gov.ng", "osm_id": 10028649133, "osm_type": "nodes", "Analysis_Region": "North West"}, "geometry": {"type": "Point", "coordinates": [3.511036, 9.4839312]}}, {"type": "Feature", "properties": {"name": "Roemichs international school Ajase-Ipo Road, Offa Garage, Ilorin", "name:en": null, "amenity": "school", "building": null, "operator:type": null, "capacity:persons": null, "addr:full": null, "addr:city": null, "source": null, "osm_id": 13055975597, "osm_type": "nodes", "Analysis_Region": "North West"}, "geometry": {"type": "Point", "coordinates": [4.5756503, 8.4592031]}}, {"type": "Feature", "properties": {"name": null, "name:en": null, "amenity": "school", "building": null, "operator:type": null, "capacity:persons": null, "addr:full": null, "addr:city": null, "source": "nigeriase4all.gov.ng", "osm_id": 10028649094, "osm_type": "nodes", "Analysis_Region": "North West"}, "geometry": {"type": "Point", "coordinates": [3.5110421, 9.4842632]}}, {"type": "Feature", "properties": {"name": "YUSJIB COLLEGE OF HEALTH SCIENCES AND TECHNOLOGY (YUSCOHTECH)", "name:en": null, "amenity": "school", "building": null, "operator:type": null, "capacity:persons": null, "addr:full": null, "addr:city": null, "source": null, "osm_id": 13058331564, "osm_type": "nodes", "Analysis_Region": "North West"}, "geometry": {"type": "Point", "coordinates": [4.5957338, 8.4325208]}}, {"type": "Feature", "properties": {"name": null, "name:en": null, "amenity": "school", "building": null, "operator:type": null, "capacity:persons": null, "addr:full": null, "addr:city": null, "source": "nigeriase4all.gov.ng", "osm_id": 10004601746, "osm_type": "nodes", "Analysis_Region": "North West"}, "geometry": {"type": "Point", "coordinates": [7.321346, 7.9992195]}}, {"type": "Feature", "properties": {"name": null, "name:en": null, "amenity": "school", "building": null, "operator:type": null, "capacity:persons": null, "addr:full": null, "addr:city": null, "source": "nigeriase4all.gov.ng", "osm_id": 10004601749, "osm_type": "nodes", "Analysis_Region": "North West"}, "geometry": {"type": "Point", "coordinates": [7.3216353, 7.9982087]}}, {"type": "Feature", "properties": {"name": null, "name:en": null, "amenity": "kindergarten", "building": null, "operator:type": null, "capacity:persons": null, "addr:full": null, "addr:city": null, "source": "nigeriase4all.gov.ng", "osm_id": 10004601750, "osm_type": "nodes", "Analysis_Region": "North West"}, "geometry": {"type": "Point", "coordinates": [7.3198382, 7.9981554]}}, {"type": "Feature", "properties": {"name": "Galad College Of Advanced Studies, Tanke Road, Ilorin, Nigeria", "name:en": null, "amenity": "college", "building": null, "operator:type": null, "capacity:persons": null, "addr:full": null, "addr:city": null, "source": "csv_import", "osm_id": 13048286693, "osm_type": "nodes", "Analysis_Region": "North West"}, "geometry": {"type": "Point", "coordinates": [4.6121565, 8.4810139]}}, {"type": "Feature", "properties": {"name": "Block C", "name:en": null, "amenity": "college", "building": null, "operator:type": null, "capacity:persons": null, "addr:full": null, "addr:city": null, "source": null, "osm_id": 7252839889, "osm_type": "nodes", "Analysis_Region": "North East"}, "geometry": {"type": "Point", "coordinates": [11.1731113, 10.3060111]}}, {"type": "Feature", "properties": {"name": "B-BLOCK", "name:en": null, "amenity": "college", "building": null, "operator:type": null, "capacity:persons": null, "addr:full": null, "addr:city": null, "source": null, "osm_id": 7252879285, "osm_type": "nodes", "Analysis_Region": "North East"}, "geometry": {"type": "Point", "coordinates": [11.1731143, 10.3063185]}}, {"type": "Feature", "properties": {"name": "28a University Rd, Ilorin, Nigeria", "name:en": null, "amenity": "university", "building": null, "operator:type": null, "capacity:persons": null, "addr:full": null, "addr:city": null, "source": "csv_import", "osm_id": 13048286786, "osm_type": "nodes", "Analysis_Region": "North West"}, "geometry": {"type": "Point", "coordinates": [4.5974524, 8.4848951]}}, {"type": "Feature", "properties": {"name": "Faculty of science and computing", "name:en": null, "amenity": "university", "building": null, "operator:type": null, "capacity:persons": null, "addr:full": null, "addr:city": null, "source": null, "osm_id": 13048424377, "osm_type": "nodes", "Analysis_Region": "North West"}, "geometry": {"type": "Point", "coordinates": [7.4446366, 10.6093057]}}, {"type": "Feature", "properties": {"name": "Faculty of social and management science", "name:en": null, "amenity": "university", "building": null, "operator:type": null, "capacity:persons": null, "addr:full": null, "addr:city": null, "source": null, "osm_id": 13048424378, "osm_type": "nodes", "Analysis_Region": "North West"}, "geometry": {"type": "Point", "coordinates": [7.4450711, 10.6096314]}}, {"type": "Feature", "properties": {"name": "FCE (T) Gombe", "name:en": null, "amenity": "school", "building": null, "operator:type": null, "capacity:persons": null, "addr:full": null, "addr:city": null, "source": null, "osm_id": 7255201886, "osm_type": "nodes", "Analysis_Region": "North East"}, "geometry": {"type": "Point", "coordinates": [11.1482241, 10.3151445]}}, {"type": "Feature", "properties": {"name": "Gov. primary school simpil", "name:en": null, "amenity": "school", "building": null, "operator:type": null, "capacity:persons": null, "addr:full": null, "addr:city": null, "source": null, "osm_id": 12695346330, "osm_type": "nodes", "Analysis_Region": "North East"}, "geometry": {"type": "Point", "coordinates": [9.8939792, 9.1892409]}}, {"type": "Feature", "properties": {"name": "Great Success School", "name:en": null, "amenity": "school", "building": null, "operator:type": null, "capacity:persons": null, "addr:full": null, "addr:city": null, "source": null, "osm_id": 7174441885, "osm_type": "nodes", "Analysis_Region": "North West"}, "geometry": {"type": "Point", "coordinates": [7.2072124, 9.0904012]}}, {"type": "Feature", "properties": {"name": null, "name:en": null, "amenity": "school", "building": null, "operator:type": null, "capacity:persons": null, "addr:full": null, "addr:city": null, "source": "nigeriase4all.gov.ng", "osm_id": 9945442084, "osm_type": "nodes", "Analysis_Region": "North West"}, "geometry": {"type": "Point", "coordinates": [7.0754829, 8.7708964]}}, {"type": "Feature", "properties": {"name": null, "name:en": null, "amenity": "school", "building": null, "operator:type": null, "capacity:persons": null, "addr:full": null, "addr:city": null, "source": "nigeriase4all.gov.ng", "osm_id": 9945426309, "osm_type": "nodes", "Analysis_Region": "North West"}, "geometry": {"type": "Point", "coordinates": [7.4252539, 8.8653015]}}, {"type": "Feature", "properties": {"name": null, "name:en": null, "amenity": "school", "building": null, "operator:type": null, "capacity:persons": null, "addr:full": null, "addr:city": null, "source": "nigeriase4all.gov.ng", "osm_id": 9945485317, "osm_type": "nodes", "Analysis_Region": "North West"}, "geometry": {"type": "Point", "coordinates": [7.1711887, 8.6832297]}}, {"type": "Feature", "properties": {"name": null, "name:en": null, "amenity": "school", "building": null, "operator:type": null, "capacity:persons": null, "addr:full": null, "addr:city": null, "source": "nigeriase4all.gov.ng", "osm_id": 9945481139, "osm_type": "nodes", "Analysis_Region": "North West"}, "geometry": {"type": "Point", "coordinates": [7.0507544, 8.7423341]}}, {"type": "Feature", "properties": {"name": null, "name:en": null, "amenity": "school", "building": null, "operator:type": null, "capacity:persons": null, "addr:full": null, "addr:city": null, "source": "nigeriase4all.gov.ng", "osm_id": 9945366609, "osm_type": "nodes", "Analysis_Region": "North West"}, "geometry": {"type": "Point", "coordinates": [7.3999387, 8.7130279]}}, {"type": "Feature", "properties": {"name": "AFDB HALL", "name:en": null, "amenity": "school", "building": null, "operator:type": null, "capacity:persons": null, "addr:full": null, "addr:city": null, "source": null, "osm_id": 12692012770, "osm_type": "nodes", "Analysis_Region": "North West"}, "geometry": {"type": "Point", "coordinates": [7.4196283, 8.9990791]}}, {"type": "Feature", "properties": {"name": null, "name:en": null, "amenity": "kindergarten", "building": null, "operator:type": null, "capacity:persons": null, "addr:full": null, "addr:city": null, "source": "nigeriase4all.gov.ng", "osm_id": 9945394508, "osm_type": "nodes", "Analysis_Region": "North West"}, "geometry": {"type": "Point", "coordinates": [7.0542585, 8.6668216]}}, {"type": "Feature", "properties": {"name": "Teshegwa Primary School", "name:en": null, "amenity": "school", "building": null, "operator:type": null, "capacity:persons": null, "addr:full": null, "addr:city": null, "source": null, "osm_id": 11203507112, "osm_type": "nodes", "Analysis_Region": "North East"}, "geometry": {"type": "Point", "coordinates": [10.1433416, 12.5488731]}}, {"type": "Feature", "properties": {"name": "Mustard Seed Nursery And Primary School", "name:en": null, "amenity": "school", "building": null, "operator:type": "private", "capacity:persons": null, "addr:full": null, "addr:city": null, "source": null, "osm_id": 12688358051, "osm_type": "nodes", "Analysis_Region": "North West"}, "geometry": {"type": "Point", "coordinates": [8.9193136, 9.9357717]}}, {"type": "Feature", "properties": {"name": "faculty of arts", "name:en": null, "amenity": "university", "building": null, "operator:type": null, "capacity:persons": null, "addr:full": null, "addr:city": null, "source": "faculty of arts;local knowledge", "osm_id": 12206410019, "osm_type": "nodes", "Analysis_Region": "North West"}, "geometry": {"type": "Point", "coordinates": [8.8841092, 9.9674584]}}, {"type": "Feature", "properties": {"name": null, "name:en": null, "amenity": "school", "building": null, "operator:type": null, "capacity:persons": null, "addr:full": null, "addr:city": null, "source": "nigeriase4all.gov.ng", "osm_id": 9902210115, "osm_type": "nodes", "Analysis_Region": "North West"}, "geometry": {"type": "Point", "coordinates": [8.7650483, 11.2097275]}}, {"type": "Feature", "properties": {"name": null, "name:en": null, "amenity": "school", "building": null, "operator:type": null, "capacity:persons": null, "addr:full": null, "addr:city": null, "source": "nigeriase4all.gov.ng", "osm_id": 9902263652, "osm_type": "nodes", "Analysis_Region": "North West"}, "geometry": {"type": "Point", "coordinates": [8.7664409, 11.2129846]}}, {"type": "Feature", "properties": {"name": null, "name:en": null, "amenity": "school", "building": null, "operator:type": null, "capacity:persons": null, "addr:full": null, "addr:city": null, "source": "nigeriase4all.gov.ng", "osm_id": 9902267639, "osm_type": "nodes", "Analysis_Region": "North West"}, "geometry": {"type": "Point", "coordinates": [8.8095299, 11.2508337]}}, {"type": "Feature", "properties": {"name": null, "name:en": null, "amenity": "school", "building": null, "operator:type": null, "capacity:persons": null, "addr:full": null, "addr:city": null, "source": "nigeriase4all.gov.ng", "osm_id": 9901962480, "osm_type": "nodes", "Analysis_Region": "North West"}, "geometry": {"type": "Point", "coordinates": [8.7405206, 11.2908198]}}, {"type": "Feature", "properties": {"name": "Armed Forces Command and Staff College Secondary School, Jaji.", "name:en": null, "amenity": "school", "building": null, "operator:type": null, "capacity:persons": null, "addr:full": null, "addr:city": null, "source": null, "osm_id": 5783730153, "osm_type": "nodes", "Analysis_Region": "North West"}, "geometry": {"type": "Point", "coordinates": [7.5609928, 10.842823]}}, {"type": "Feature", "properties": {"name": "Govt. Junior Secondary School", "name:en": null, "amenity": "school", "building": null, "operator:type": null, "capacity:persons": null, "addr:full": null, "addr:city": null, "source": null, "osm_id": 7796793403, "osm_type": "nodes", "Analysis_Region": "North West"}, "geometry": {"type": "Point", "coordinates": [7.4286983, 9.068432]}}, {"type": "Feature", "properties": {"name": null, "name:en": null, "amenity": "school", "building": null, "operator:type": null, "capacity:persons": null, "addr:full": null, "addr:city": null, "source": "nigeriase4all.gov.ng", "osm_id": 9899924149, "osm_type": "nodes", "Analysis_Region": "North West"}, "geometry": {"type": "Point", "coordinates": [8.7323563, 12.2924607]}}, {"type": "Feature", "properties": {"name": null, "name:en": null, "amenity": "school", "building": null, "operator:type": null, "capacity:persons": null, "addr:full": null, "addr:city": null, "source": "nigeriase4all.gov.ng", "osm_id": 9899933192, "osm_type": "nodes", "Analysis_Region": "North West"}, "geometry": {"type": "Point", "coordinates": [8.6773462, 12.4297362]}}, {"type": "Feature", "properties": {"name": null, "name:en": null, "amenity": "school", "building": null, "operator:type": null, "capacity:persons": null, "addr:full": null, "addr:city": null, "source": "nigeriase4all.gov.ng", "osm_id": 9899947757, "osm_type": "nodes", "Analysis_Region": "North West"}, "geometry": {"type": "Point", "coordinates": [8.7653441, 12.1988185]}}, {"type": "Feature", "properties": {"name": null, "name:en": null, "amenity": "school", "building": null, "operator:type": null, "capacity:persons": null, "addr:full": null, "addr:city": null, "source": "nigeriase4all.gov.ng", "osm_id": 9899929631, "osm_type": "nodes", "Analysis_Region": "North West"}, "geometry": {"type": "Point", "coordinates": [8.0442031, 11.4989763]}}, {"type": "Feature", "properties": {"name": null, "name:en": null, "amenity": "school", "building": null, "operator:type": null, "capacity:persons": null, "addr:full": null, "addr:city": null, "source": "nigeriase4all.gov.ng", "osm_id": 9899570010, "osm_type": "nodes", "Analysis_Region": "North West"}, "geometry": {"type": "Point", "coordinates": [4.0690428, 8.1625963]}}, {"type": "Feature", "properties": {"name": null, "name:en": null, "amenity": "school", "building": null, "operator:type": null, "capacity:persons": null, "addr:full": null, "addr:city": null, "source": "nigeriase4all.gov.ng", "osm_id": 9899595494, "osm_type": "nodes", "Analysis_Region": "North West"}, "geometry": {"type": "Point", "coordinates": [4.0819456, 8.3508838]}}, {"type": "Feature", "properties": {"name": null, "name:en": null, "amenity": "school", "building": null, "operator:type": null, "capacity:persons": null, "addr:full": null, "addr:city": null, "source": "nigeriase4all.gov.ng", "osm_id": 9899600727, "osm_type": "nodes", "Analysis_Region": "North West"}, "geometry": {"type": "Point", "coordinates": [4.0744111, 8.2321408]}}, {"type": "Feature", "properties": {"name": null, "name:en": null, "amenity": "school", "building": null, "operator:type": null, "capacity:persons": null, "addr:full": null, "addr:city": null, "source": "nigeriase4all.gov.ng", "osm_id": 9899606231, "osm_type": "nodes", "Analysis_Region": "North West"}, "geometry": {"type": "Point", "coordinates": [4.0665256, 8.1647394]}}, {"type": "Feature", "properties": {"name": null, "name:en": null, "amenity": "school", "building": null, "operator:type": null, "capacity:persons": null, "addr:full": null, "addr:city": null, "source": "nigeriase4all.gov.ng", "osm_id": 9899608365, "osm_type": "nodes", "Analysis_Region": "North West"}, "geometry": {"type": "Point", "coordinates": [4.0017129, 8.1563964]}}, {"type": "Feature", "properties": {"name": null, "name:en": null, "amenity": "school", "building": null, "operator:type": null, "capacity:persons": null, "addr:full": null, "addr:city": null, "source": "nigeriase4all.gov.ng", "osm_id": 9899622417, "osm_type": "nodes", "Analysis_Region": "North West"}, "geometry": {"type": "Point", "coordinates": [4.2670368, 8.4288619]}}, {"type": "Feature", "properties": {"name": null, "name:en": null, "amenity": "school", "building": null, "operator:type": null, "capacity:persons": null, "addr:full": null, "addr:city": null, "source": "nigeriase4all.gov.ng", "osm_id": 9899622422, "osm_type": "nodes", "Analysis_Region": "North West"}, "geometry": {"type": "Point", "coordinates": [4.2652794, 8.4314413]}}, {"type": "Feature", "properties": {"name": null, "name:en": null, "amenity": "school", "building": null, "operator:type": null, "capacity:persons": null, "addr:full": null, "addr:city": null, "source": "nigeriase4all.gov.ng", "osm_id": 9899627823, "osm_type": "nodes", "Analysis_Region": "North West"}, "geometry": {"type": "Point", "coordinates": [4.0058398, 8.2404772]}}, {"type": "Feature", "properties": {"name": null, "name:en": null, "amenity": "school", "building": null, "operator:type": null, "capacity:persons": null, "addr:full": null, "addr:city": null, "source": "nigeriase4all.gov.ng", "osm_id": 9899622434, "osm_type": "nodes", "Analysis_Region": "North West"}, "geometry": {"type": "Point", "coordinates": [4.267123, 8.4284474]}}, {"type": "Feature", "properties": {"name": null, "name:en": null, "amenity": "school", "building": null, "operator:type": null, "capacity:persons": null, "addr:full": null, "addr:city": null, "source": "nigeriase4all.gov.ng", "osm_id": 9897672649, "osm_type": "nodes", "Analysis_Region": "North East"}, "geometry": {"type": "Point", "coordinates": [9.2516549, 12.8016355]}}, {"type": "Feature", "properties": {"name": null, "name:en": null, "amenity": "school", "building": null, "operator:type": null, "capacity:persons": null, "addr:full": null, "addr:city": null, "source": "nigeriase4all.gov.ng", "osm_id": 9897652591, "osm_type": "nodes", "Analysis_Region": "North East"}, "geometry": {"type": "Point", "coordinates": [9.3513288, 11.9106723]}}, {"type": "Feature", "properties": {"name": null, "name:en": null, "amenity": "school", "building": null, "operator:type": null, "capacity:persons": null, "addr:full": null, "addr:city": null, "source": "nigeriase4all.gov.ng", "osm_id": 9897706091, "osm_type": "nodes", "Analysis_Region": "North West"}, "geometry": {"type": "Point", "coordinates": [8.959878, 12.4814498]}}, {"type": "Feature", "properties": {"name": null, "name:en": null, "amenity": "school", "building": null, "operator:type": null, "capacity:persons": null, "addr:full": null, "addr:city": null, "source": "nigeriase4all.gov.ng", "osm_id": 9897265131, "osm_type": "nodes", "Analysis_Region": "North East"}, "geometry": {"type": "Point", "coordinates": [9.3848026, 11.3426632]}}, {"type": "Feature", "properties": {"name": null, "name:en": null, "amenity": "school", "building": null, "operator:type": null, "capacity:persons": null, "addr:full": null, "addr:city": null, "source": "nigeriase4all.gov.ng", "osm_id": 9889268324, "osm_type": "nodes", "Analysis_Region": "North East"}, "geometry": {"type": "Point", "coordinates": [10.017839, 12.9687307]}}, {"type": "Feature", "properties": {"name": null, "name:en": null, "amenity": "school", "building": null, "operator:type": null, "capacity:persons": null, "addr:full": null, "addr:city": null, "source": "nigeriase4all.gov.ng", "osm_id": 9887128550, "osm_type": "nodes", "Analysis_Region": "North West"}, "geometry": {"type": "Point", "coordinates": [8.7316234, 12.6470685]}}, {"type": "Feature", "properties": {"name": null, "name:en": null, "amenity": "school", "building": null, "operator:type": null, "capacity:persons": null, "addr:full": null, "addr:city": null, "source": "nigeriase4all.gov.ng", "osm_id": 9888149826, "osm_type": "nodes", "Analysis_Region": "North West"}, "geometry": {"type": "Point", "coordinates": [8.7058364, 12.6538215]}}, {"type": "Feature", "properties": {"name": null, "name:en": null, "amenity": "school", "building": null, "operator:type": null, "capacity:persons": null, "addr:full": null, "addr:city": null, "source": "nigeriase4all.gov.ng", "osm_id": 9885433292, "osm_type": "nodes", "Analysis_Region": "North West"}, "geometry": {"type": "Point", "coordinates": [8.979132, 12.3646984]}}, {"type": "Feature", "properties": {"name": null, "name:en": null, "amenity": "school", "building": null, "operator:type": null, "capacity:persons": null, "addr:full": null, "addr:city": null, "source": "nigeriase4all.gov.ng", "osm_id": 9885629131, "osm_type": "nodes", "Analysis_Region": "North West"}, "geometry": {"type": "Point", "coordinates": [8.8616549, 12.3456859]}}, {"type": "Feature", "properties": {"name": null, "name:en": null, "amenity": "school", "building": null, "operator:type": null, "capacity:persons": null, "addr:full": null, "addr:city": null, "source": "nigeriase4all.gov.ng", "osm_id": 9885583157, "osm_type": "nodes", "Analysis_Region": "North West"}, "geometry": {"type": "Point", "coordinates": [8.9131248, 12.365486]}}, {"type": "Feature", "properties": {"name": null, "name:en": null, "amenity": "school", "building": null, "operator:type": null, "capacity:persons": null, "addr:full": null, "addr:city": null, "source": "nigeriase4all.gov.ng", "osm_id": 9885363069, "osm_type": "nodes", "Analysis_Region": "North West"}, "geometry": {"type": "Point", "coordinates": [8.9538682, 12.3263206]}}, {"type": "Feature", "properties": {"name": "Ibinola primary school", "name:en": null, "amenity": "school", "building": null, "operator:type": null, "capacity:persons": null, "addr:full": null, "addr:city": null, "source": null, "osm_id": 6065537787, "osm_type": "nodes", "Analysis_Region": "North East"}, "geometry": {"type": "Point", "coordinates": [11.2224096, 9.8960457]}}, {"type": "Feature", "properties": {"name": "Ahmadu Bello University Senate building", "name:en": null, "amenity": "college", "building": null, "operator:type": null, "capacity:persons": null, "addr:full": null, "addr:city": null, "source": null, "osm_id": 317739747, "osm_type": "nodes", "Analysis_Region": "North West"}, "geometry": {"type": "Point", "coordinates": [7.6546841, 11.1507324]}}, {"type": "Feature", "properties": {"name": "Philomath University", "name:en": null, "amenity": "university", "building": null, "operator:type": null, "capacity:persons": null, "addr:full": null, "addr:city": null, "source": null, "osm_id": 12655823770, "osm_type": "nodes", "Analysis_Region": "North West"}, "geometry": {"type": "Point", "coordinates": [7.2623907, 8.8918917]}}, {"type": "Feature", "properties": {"name": null, "name:en": null, "amenity": "school", "building": null, "operator:type": null, "capacity:persons": null, "addr:full": null, "addr:city": null, "source": "nigeriase4all.gov.ng", "osm_id": 9895482340, "osm_type": "nodes", "Analysis_Region": "North East"}, "geometry": {"type": "Point", "coordinates": [10.079177, 11.0198501]}}, {"type": "Feature", "properties": {"name": "faculty of agricultural science", "name:en": null, "amenity": "university", "building": null, "operator:type": null, "capacity:persons": null, "addr:full": null, "addr:city": null, "source": null, "osm_id": 12214859524, "osm_type": "nodes", "Analysis_Region": "North West"}, "geometry": {"type": "Point", "coordinates": [8.8863267, 9.9791891]}}, {"type": "Feature", "properties": {"name": "AFRIGIST (Ex. RECTAS) O.A.U Campus Ile-Ife", "name:en": null, "amenity": "university", "building": null, "operator:type": "public", "capacity:persons": null, "addr:full": null, "addr:city": "Ile-Ife", "source": null, "osm_id": 5688128327, "osm_type": "nodes", "Analysis_Region": "North West"}, "geometry": {"type": "Point", "coordinates": [4.5244611, 7.5055381]}}, {"type": "Feature", "properties": {"name": "Ido-Osun High School, Ido-Osun", "name:en": null, "amenity": "school", "building": null, "operator:type": "government", "capacity:persons": null, "addr:full": null, "addr:city": null, "source": null, "osm_id": 9808539360, "osm_type": "nodes", "Analysis_Region": "North West"}, "geometry": {"type": "Point", "coordinates": [4.4904326, 7.7836394]}}, {"type": "Feature", "properties": {"name": "Young Tajudeen Primary School, Ido-Osun", "name:en": null, "amenity": "school", "building": null, "operator:type": "government", "capacity:persons": null, "addr:full": null, "addr:city": null, "source": null, "osm_id": 9808539369, "osm_type": "nodes", "Analysis_Region": "North West"}, "geometry": {"type": "Point", "coordinates": [4.4855129, 7.7835788]}}, {"type": "Feature", "properties": {"name": "Muslim Model College, Ido-Osun", "name:en": null, "amenity": "school", "building": null, "operator:type": "government", "capacity:persons": null, "addr:full": null, "addr:city": null, "source": null, "osm_id": 9808539370, "osm_type": "nodes", "Analysis_Region": "North West"}, "geometry": {"type": "Point", "coordinates": [4.4867772, 7.7833653]}}, {"type": "Feature", "properties": {"name": "Department of Geography and Planning", "name:en": null, "amenity": "school", "building": null, "operator:type": null, "capacity:persons": null, "addr:full": null, "addr:city": "Jos", "source": null, "osm_id": 9766953107, "osm_type": "nodes", "Analysis_Region": "North West"}, "geometry": {"type": "Point", "coordinates": [8.8797709, 9.9669263]}}, {"type": "Feature", "properties": {"name": "faculty of environmental science", "name:en": null, "amenity": "university", "building": null, "operator:type": null, "capacity:persons": null, "addr:full": null, "addr:city": null, "source": null, "osm_id": 12206410020, "osm_type": "nodes", "Analysis_Region": "North West"}, "geometry": {"type": "Point", "coordinates": [8.8810941, 9.9652554]}}, {"type": "Feature", "properties": {"name": "St. Augustine Private School", "name:en": null, "amenity": "school", "building": null, "operator:type": null, "capacity:persons": null, "addr:full": null, "addr:city": null, "source": null, "osm_id": 13189023935, "osm_type": "nodes", "Analysis_Region": "North West"}, "geometry": {"type": "Point", "coordinates": [8.8491381, 9.8711185]}}, {"type": "Feature", "properties": {"name": "St. Philips Academy", "name:en": null, "amenity": "school", "building": null, "operator:type": "private", "capacity:persons": null, "addr:full": null, "addr:city": null, "source": null, "osm_id": 11420820357, "osm_type": "nodes", "Analysis_Region": "North West"}, "geometry": {"type": "Point", "coordinates": [8.9143537, 9.9206954]}}, {"type": "Feature", "properties": {"name": null, "name:en": null, "amenity": "school", "building": null, "operator:type": null, "capacity:persons": null, "addr:full": null, "addr:city": null, "source": "nigeriase4all.gov.ng", "osm_id": 9894883443, "osm_type": "nodes", "Analysis_Region": "North East"}, "geometry": {"type": "Point", "coordinates": [10.1579494, 10.9572022]}}, {"type": "Feature", "properties": {"name": null, "name:en": null, "amenity": "school", "building": null, "operator:type": null, "capacity:persons": null, "addr:full": null, "addr:city": null, "source": "nigeriase4all.gov.ng", "osm_id": 9895368952, "osm_type": "nodes", "Analysis_Region": "North East"}, "geometry": {"type": "Point", "coordinates": [10.1486096, 10.9674411]}}, {"type": "Feature", "properties": {"name": null, "name:en": null, "amenity": "school", "building": null, "operator:type": null, "capacity:persons": null, "addr:full": null, "addr:city": null, "source": "nigeriase4all.gov.ng", "osm_id": 9895368993, "osm_type": "nodes", "Analysis_Region": "North East"}, "geometry": {"type": "Point", "coordinates": [10.1512305, 10.9694537]}}, {"type": "Feature", "properties": {"name": null, "name:en": null, "amenity": "school", "building": null, "operator:type": null, "capacity:persons": null, "addr:full": null, "addr:city": null, "source": "nigeriase4all.gov.ng", "osm_id": 9894883454, "osm_type": "nodes", "Analysis_Region": "North East"}, "geometry": {"type": "Point", "coordinates": [10.1600002, 10.9590853]}}, {"type": "Feature", "properties": {"name": null, "name:en": null, "amenity": "school", "building": null, "operator:type": null, "capacity:persons": null, "addr:full": null, "addr:city": null, "source": "nigeriase4all.gov.ng", "osm_id": 9895368995, "osm_type": "nodes", "Analysis_Region": "North East"}, "geometry": {"type": "Point", "coordinates": [10.1513336, 10.9702099]}}, {"type": "Feature", "properties": {"name": "God'swill Academy Fudawa", "name:en": null, "amenity": "school", "building": null, "operator:type": "private", "capacity:persons": null, "addr:full": null, "addr:city": null, "source": null, "osm_id": 11405218514, "osm_type": "nodes", "Analysis_Region": "North West"}, "geometry": {"type": "Point", "coordinates": [8.916693, 9.925293]}}, {"type": "Feature", "properties": {"name": "Rabjib college", "name:en": null, "amenity": "school", "building": null, "operator:type": "private", "capacity:persons": null, "addr:full": null, "addr:city": null, "source": null, "osm_id": 12190291331, "osm_type": "nodes", "Analysis_Region": "North West"}, "geometry": {"type": "Point", "coordinates": [8.8879501, 9.913383]}}, {"type": "Feature", "properties": {"name": "Esteemed Christian Academy", "name:en": null, "amenity": "school", "building": null, "operator:type": "private", "capacity:persons": null, "addr:full": null, "addr:city": null, "source": null, "osm_id": 11389481137, "osm_type": "nodes", "Analysis_Region": "North West"}, "geometry": {"type": "Point", "coordinates": [8.9130653, 9.9283765]}}, {"type": "Feature", "properties": {"name": "Lasoju comprehensive high school", "name:en": null, "amenity": "school", "building": null, "operator:type": null, "capacity:persons": null, "addr:full": null, "addr:city": null, "source": null, "osm_id": 6899877686, "osm_type": "nodes", "Analysis_Region": "North West"}, "geometry": {"type": "Point", "coordinates": [4.4321414, 8.3605159]}}, {"type": "Feature", "properties": {"name": "Shehu Shagari Collage of Education", "name:en": null, "amenity": "school", "building": null, "operator:type": null, "capacity:persons": null, "addr:full": null, "addr:city": null, "source": null, "osm_id": 6802029645, "osm_type": "nodes", "Analysis_Region": "North West"}, "geometry": {"type": "Point", "coordinates": [5.2142628, 12.9966782]}}, {"type": "Feature", "properties": {"name": "ADS Primary School", "name:en": null, "amenity": "school", "building": null, "operator:type": null, "capacity:persons": null, "addr:full": null, "addr:city": null, "source": null, "osm_id": 6783464813, "osm_type": "nodes", "Analysis_Region": "North West"}, "geometry": {"type": "Point", "coordinates": [4.2528334, 8.142825]}}, {"type": "Feature", "properties": {"name": "Masifa DC Primary School", "name:en": null, "amenity": "school", "building": null, "operator:type": null, "capacity:persons": null, "addr:full": null, "addr:city": null, "source": null, "osm_id": 6783464814, "osm_type": "nodes", "Analysis_Region": "North West"}, "geometry": {"type": "Point", "coordinates": [4.2513099, 8.1411257]}}, {"type": "Feature", "properties": {"name": "Bowen School of Nursing", "name:en": null, "amenity": "school", "building": null, "operator:type": null, "capacity:persons": null, "addr:full": null, "addr:city": null, "source": null, "osm_id": 6773300985, "osm_type": "nodes", "Analysis_Region": "North West"}, "geometry": {"type": "Point", "coordinates": [4.234967, 8.1357906]}}, {"type": "Feature", "properties": {"name": "Ogbomoso Girl's High School", "name:en": null, "amenity": "school", "building": null, "operator:type": null, "capacity:persons": null, "addr:full": null, "addr:city": null, "source": null, "osm_id": 6773279279, "osm_type": "nodes", "Analysis_Region": "North West"}, "geometry": {"type": "Point", "coordinates": [4.2454298, 8.1605435]}}, {"type": "Feature", "properties": {"name": "Anglican Model College Ogbomoso (AMCO)", "name:en": null, "amenity": "school", "building": null, "operator:type": null, "capacity:persons": null, "addr:full": null, "addr:city": null, "source": null, "osm_id": 6773279265, "osm_type": "nodes", "Analysis_Region": "North West"}, "geometry": {"type": "Point", "coordinates": [4.2417587, 8.1422566]}}, {"type": "Feature", "properties": {"name": "Kingdom Heritage Model School", "name:en": null, "amenity": "school", "building": null, "operator:type": null, "capacity:persons": null, "addr:full": null, "addr:city": null, "source": null, "osm_id": 6773178301, "osm_type": "nodes", "Analysis_Region": "North West"}, "geometry": {"type": "Point", "coordinates": [4.2577132, 8.1643121]}}, {"type": "Feature", "properties": {"name": "God's Glory Academy", "name:en": null, "amenity": "school", "building": null, "operator:type": "private", "capacity:persons": null, "addr:full": null, "addr:city": null, "source": null, "osm_id": 11389481577, "osm_type": "nodes", "Analysis_Region": "North West"}, "geometry": {"type": "Point", "coordinates": [8.9138288, 9.9265676]}}, {"type": "Feature", "properties": {"name": "Unity School, Ejigbo", "name:en": null, "amenity": "school", "building": null, "operator:type": null, "capacity:persons": null, "addr:full": null, "addr:city": null, "source": null, "osm_id": 6588450085, "osm_type": "nodes", "Analysis_Region": "North West"}, "geometry": {"type": "Point", "coordinates": [4.3223799, 7.8885108]}}, {"type": "Feature", "properties": {"name": "St. John's Primary Kachia", "name:en": null, "amenity": "school", "building": null, "operator:type": null, "capacity:persons": null, "addr:full": null, "addr:city": null, "source": null, "osm_id": 6603610279, "osm_type": "nodes", "Analysis_Region": "North West"}, "geometry": {"type": "Point", "coordinates": [7.9519428, 9.8937069]}}, {"type": "Feature", "properties": {"name": "St. John's Hall", "name:en": null, "amenity": "school", "building": null, "operator:type": null, "capacity:persons": null, "addr:full": null, "addr:city": null, "source": null, "osm_id": 6603610281, "osm_type": "nodes", "Analysis_Region": "North West"}, "geometry": {"type": "Point", "coordinates": [7.9528011, 9.8933475]}}, {"type": "Feature", "properties": {"name": "Immanuel Baptist Day School", "name:en": null, "amenity": "kindergarten", "building": null, "operator:type": null, "capacity:persons": null, "addr:full": null, "addr:city": null, "source": null, "osm_id": 6783488068, "osm_type": "nodes", "Analysis_Region": "North West"}, "geometry": {"type": "Point", "coordinates": [4.248784, 8.1403749]}}, {"type": "Feature", "properties": {"name": "Ori Oke Community High Schools", "name:en": null, "amenity": "college", "building": null, "operator:type": null, "capacity:persons": null, "addr:full": null, "addr:city": null, "source": null, "osm_id": 6773279270, "osm_type": "nodes", "Analysis_Region": "North West"}, "geometry": {"type": "Point", "coordinates": [4.2422018, 8.1473958]}}, {"type": "Feature", "properties": {"name": "Anglican Grammar School 2", "name:en": null, "amenity": "college", "building": null, "operator:type": null, "capacity:persons": null, "addr:full": null, "addr:city": null, "source": null, "osm_id": 6783464861, "osm_type": "nodes", "Analysis_Region": "North West"}, "geometry": {"type": "Point", "coordinates": [4.2433236, 8.1454222]}}, {"type": "Feature", "properties": {"name": "LAUTECH Medical College", "name:en": null, "amenity": "college", "building": null, "operator:type": null, "capacity:persons": null, "addr:full": null, "addr:city": null, "source": null, "osm_id": 6773178298, "osm_type": "nodes", "Analysis_Region": "North West"}, "geometry": {"type": "Point", "coordinates": [4.2584741, 8.1598278]}}, {"type": "Feature", "properties": {"name": "Victory College", "name:en": null, "amenity": "school", "building": null, "operator:type": null, "capacity:persons": null, "addr:full": null, "addr:city": null, "source": null, "osm_id": 6404776186, "osm_type": "nodes", "Analysis_Region": "North West"}, "geometry": {"type": "Point", "coordinates": [5.7684478, 7.5345969]}}, {"type": "Feature", "properties": {"name": "Lennon Jubilee High school.", "name:en": null, "amenity": "school", "building": null, "operator:type": null, "capacity:persons": null, "addr:full": null, "addr:city": null, "source": null, "osm_id": 6404777790, "osm_type": "nodes", "Analysis_Region": "North West"}, "geometry": {"type": "Point", "coordinates": [5.7663234, 7.5327462]}}, {"type": "Feature", "properties": {"name": "BURSARY DEPARTMENT", "name:en": null, "amenity": "university", "building": null, "operator:type": null, "capacity:persons": null, "addr:full": null, "addr:city": null, "source": null, "osm_id": 13255206406, "osm_type": "nodes", "Analysis_Region": "North West"}, "geometry": {"type": "Point", "coordinates": [7.4414175, 10.6079287]}}, {"type": "Feature", "properties": {"name": "HEADQUARTERS", "name:en": null, "amenity": "university", "building": null, "operator:type": null, "capacity:persons": null, "addr:full": null, "addr:city": null, "source": null, "osm_id": 13255206407, "osm_type": "nodes", "Analysis_Region": "North West"}, "geometry": {"type": "Point", "coordinates": [7.4417773, 10.6081351]}}, {"type": "Feature", "properties": {"name": "School of Postgraduate Studies FUD", "name:en": null, "amenity": "school", "building": null, "operator:type": null, "capacity:persons": null, "addr:full": null, "addr:city": null, "source": null, "osm_id": 6201108585, "osm_type": "nodes", "Analysis_Region": "North East"}, "geometry": {"type": "Point", "coordinates": [9.3632303, 11.7265651]}}, {"type": "Feature", "properties": {"name": "Dambo Sixth Form College", "name:en": null, "amenity": "school", "building": null, "operator:type": null, "capacity:persons": null, "addr:full": null, "addr:city": null, "source": null, "osm_id": 1880797811, "osm_type": "nodes", "Analysis_Region": "North West"}, "geometry": {"type": "Point", "coordinates": [7.4194407, 10.4803745]}}, {"type": "Feature", "properties": {"name": "All Saints' College Gombe", "name:en": null, "amenity": "school", "building": null, "operator:type": null, "capacity:persons": null, "addr:full": null, "addr:city": null, "source": null, "osm_id": 11165058313, "osm_type": "nodes", "Analysis_Region": "North East"}, "geometry": {"type": "Point", "coordinates": [11.1459221, 10.2997277]}}, {"type": "Feature", "properties": {"name": "A.A Haruna Memorial School", "name:en": null, "amenity": "school", "building": null, "operator:type": null, "capacity:persons": null, "addr:full": null, "addr:city": null, "source": null, "osm_id": 11165058208, "osm_type": "nodes", "Analysis_Region": "North East"}, "geometry": {"type": "Point", "coordinates": [11.1490432, 10.306713]}}, {"type": "Feature", "properties": {"name": "Bubayero Primary school Gombe, Gombe State", "name:en": null, "amenity": "school", "building": null, "operator:type": null, "capacity:persons": null, "addr:full": null, "addr:city": null, "source": null, "osm_id": 11159801205, "osm_type": "nodes", "Analysis_Region": "North East"}, "geometry": {"type": "Point", "coordinates": [11.1673633, 10.292411]}}, {"type": "Feature", "properties": {"name": "Bubayero Primary school Gombe, Gombe State", "name:en": null, "amenity": "school", "building": null, "operator:type": null, "capacity:persons": null, "addr:full": null, "addr:city": null, "source": null, "osm_id": 11159784806, "osm_type": "nodes", "Analysis_Region": "North East"}, "geometry": {"type": "Point", "coordinates": [11.1674615, 10.2908316]}}, {"type": "Feature", "properties": {"name": "ECWA Virtue Academy", "name:en": null, "amenity": "school", "building": null, "operator:type": "religious", "capacity:persons": null, "addr:full": null, "addr:city": null, "source": "Nigerian Red Cross Society", "osm_id": 9280686928, "osm_type": "nodes", "Analysis_Region": "North West"}, "geometry": {"type": "Point", "coordinates": [7.4231295, 8.9922871]}}, {"type": "Feature", "properties": {"name": "Sarmbridge Academy", "name:en": null, "amenity": "school", "building": null, "operator:type": "private", "capacity:persons": null, "addr:full": null, "addr:city": null, "source": "Nigerian Red Cross Society", "osm_id": 9280686925, "osm_type": "nodes", "Analysis_Region": "North West"}, "geometry": {"type": "Point", "coordinates": [7.4219785, 8.9935802]}}, {"type": "Feature", "properties": {"name": "GOVT SEC SCH KUNDILA", "name:en": null, "amenity": "school", "building": null, "operator:type": null, "capacity:persons": null, "addr:full": null, "addr:city": null, "source": null, "osm_id": 5127793309, "osm_type": "nodes", "Analysis_Region": "North West"}, "geometry": {"type": "Point", "coordinates": [8.5562389, 11.9650582]}}, {"type": "Feature", "properties": {"name": null, "name:en": null, "amenity": "school", "building": null, "operator:type": null, "capacity:persons": null, "addr:full": null, "addr:city": null, "source": null, "osm_id": 9867363794, "osm_type": "nodes", "Analysis_Region": "North East"}, "geometry": {"type": "Point", "coordinates": [9.8051228, 11.9489698]}}, {"type": "Feature", "properties": {"name": null, "name:en": null, "amenity": "school", "building": null, "operator:type": null, "capacity:persons": null, "addr:full": null, "addr:city": null, "source": null, "osm_id": 9867363803, "osm_type": "nodes", "Analysis_Region": "North East"}, "geometry": {"type": "Point", "coordinates": [9.8053394, 11.949035]}}, {"type": "Feature", "properties": {"name": null, "name:en": null, "amenity": "school", "building": null, "operator:type": null, "capacity:persons": null, "addr:full": null, "addr:city": null, "source": null, "osm_id": 9867378963, "osm_type": "nodes", "Analysis_Region": "North East"}, "geometry": {"type": "Point", "coordinates": [9.4899622, 11.9928559]}}, {"type": "Feature", "properties": {"name": null, "name:en": null, "amenity": "school", "building": null, "operator:type": null, "capacity:persons": null, "addr:full": null, "addr:city": null, "source": null, "osm_id": 9867381421, "osm_type": "nodes", "Analysis_Region": "North East"}, "geometry": {"type": "Point", "coordinates": [9.490487, 11.9930013]}}, {"type": "Feature", "properties": {"name": null, "name:en": null, "amenity": "school", "building": null, "operator:type": null, "capacity:persons": null, "addr:full": null, "addr:city": null, "source": null, "osm_id": 9867384830, "osm_type": "nodes", "Analysis_Region": "North East"}, "geometry": {"type": "Point", "coordinates": [9.3850253, 11.9162851]}}, {"type": "Feature", "properties": {"name": null, "name:en": null, "amenity": "school", "building": null, "operator:type": null, "capacity:persons": null, "addr:full": null, "addr:city": null, "source": null, "osm_id": 9870588093, "osm_type": "nodes", "Analysis_Region": "North East"}, "geometry": {"type": "Point", "coordinates": [9.0725427, 12.5744475]}}, {"type": "Feature", "properties": {"name": null, "name:en": null, "amenity": "school", "building": null, "operator:type": null, "capacity:persons": null, "addr:full": null, "addr:city": null, "source": null, "osm_id": 9870594604, "osm_type": "nodes", "Analysis_Region": "North East"}, "geometry": {"type": "Point", "coordinates": [9.1984808, 12.7894779]}}, {"type": "Feature", "properties": {"name": null, "name:en": null, "amenity": "school", "building": null, "operator:type": null, "capacity:persons": null, "addr:full": null, "addr:city": null, "source": null, "osm_id": 9870594614, "osm_type": "nodes", "Analysis_Region": "North East"}, "geometry": {"type": "Point", "coordinates": [9.1983667, 12.7897799]}}, {"type": "Feature", "properties": {"name": null, "name:en": null, "amenity": "school", "building": null, "operator:type": null, "capacity:persons": null, "addr:full": null, "addr:city": null, "source": null, "osm_id": 9870601513, "osm_type": "nodes", "Analysis_Region": "North West"}, "geometry": {"type": "Point", "coordinates": [8.9944168, 12.5487328]}}, {"type": "Feature", "properties": {"name": null, "name:en": null, "amenity": "school", "building": null, "operator:type": null, "capacity:persons": null, "addr:full": null, "addr:city": null, "source": null, "osm_id": 9870608021, "osm_type": "nodes", "Analysis_Region": "North East"}, "geometry": {"type": "Point", "coordinates": [9.1787973, 12.5646456]}}, {"type": "Feature", "properties": {"name": null, "name:en": null, "amenity": "school", "building": null, "operator:type": null, "capacity:persons": null, "addr:full": null, "addr:city": null, "source": null, "osm_id": 9870608187, "osm_type": "nodes", "Analysis_Region": "North East"}, "geometry": {"type": "Point", "coordinates": [9.3008586, 12.8067127]}}, {"type": "Feature", "properties": {"name": null, "name:en": null, "amenity": "school", "building": null, "operator:type": null, "capacity:persons": null, "addr:full": null, "addr:city": null, "source": null, "osm_id": 9870615720, "osm_type": "nodes", "Analysis_Region": "North East"}, "geometry": {"type": "Point", "coordinates": [9.0701544, 12.5745999]}}, {"type": "Feature", "properties": {"name": "college of nursing/midwifery", "name:en": null, "amenity": "college", "building": null, "operator:type": null, "capacity:persons": null, "addr:full": null, "addr:city": null, "source": null, "osm_id": 9057010464, "osm_type": "nodes", "Analysis_Region": "North East"}, "geometry": {"type": "Point", "coordinates": [11.9597207, 11.7279887]}}, {"type": "Feature", "properties": {"name": "Abdullahi IBN Masud islamic School", "name:en": null, "amenity": "school", "building": null, "operator:type": null, "capacity:persons": null, "addr:full": null, "addr:city": "Maiduguri", "source": null, "osm_id": 9042606919, "osm_type": "nodes", "Analysis_Region": "North East"}, "geometry": {"type": "Point", "coordinates": [13.1087693, 11.8280958]}}, {"type": "Feature", "properties": {"name": "School of Health Technology Kaltungo", "name:en": null, "amenity": "school", "building": null, "operator:type": "government", "capacity:persons": null, "addr:full": null, "addr:city": null, "source": null, "osm_id": 11163599397, "osm_type": "nodes", "Analysis_Region": "North East"}, "geometry": {"type": "Point", "coordinates": [11.3198761, 9.8279663]}}, {"type": "Feature", "properties": {"name": "federal polytechnic, permanent side", "name:en": null, "amenity": "school", "building": null, "operator:type": "government", "capacity:persons": null, "addr:full": null, "addr:city": null, "source": null, "osm_id": 11163567768, "osm_type": "nodes", "Analysis_Region": "North East"}, "geometry": {"type": "Point", "coordinates": [11.3416422, 9.8218613]}}, {"type": "Feature", "properties": {"name": null, "name:en": null, "amenity": "school", "building": null, "operator:type": null, "capacity:persons": null, "addr:full": null, "addr:city": null, "source": null, "osm_id": 9867360694, "osm_type": "nodes", "Analysis_Region": "North East"}, "geometry": {"type": "Point", "coordinates": [9.7177919, 11.9299981]}}, {"type": "Feature", "properties": {"name": null, "name:en": null, "amenity": "school", "building": null, "operator:type": null, "capacity:persons": null, "addr:full": null, "addr:city": null, "source": null, "osm_id": 9867367235, "osm_type": "nodes", "Analysis_Region": "North East"}, "geometry": {"type": "Point", "coordinates": [9.4544315, 11.5592424]}}, {"type": "Feature", "properties": {"name": null, "name:en": null, "amenity": "school", "building": null, "operator:type": null, "capacity:persons": null, "addr:full": null, "addr:city": null, "source": null, "osm_id": 9867367267, "osm_type": "nodes", "Analysis_Region": "North East"}, "geometry": {"type": "Point", "coordinates": [9.4544698, 11.5587766]}}, {"type": "Feature", "properties": {"name": null, "name:en": null, "amenity": "school", "building": null, "operator:type": null, "capacity:persons": null, "addr:full": null, "addr:city": null, "source": null, "osm_id": 9867376924, "osm_type": "nodes", "Analysis_Region": "North East"}, "geometry": {"type": "Point", "coordinates": [9.3815325, 11.9772101]}}, {"type": "Feature", "properties": {"name": null, "name:en": null, "amenity": "school", "building": null, "operator:type": null, "capacity:persons": null, "addr:full": null, "addr:city": null, "source": null, "osm_id": 9867383040, "osm_type": "nodes", "Analysis_Region": "North East"}, "geometry": {"type": "Point", "coordinates": [9.4457071, 11.9598461]}}, {"type": "Feature", "properties": {"name": null, "name:en": null, "amenity": "school", "building": null, "operator:type": null, "capacity:persons": null, "addr:full": null, "addr:city": null, "source": null, "osm_id": 9867383058, "osm_type": "nodes", "Analysis_Region": "North East"}, "geometry": {"type": "Point", "coordinates": [9.4460043, 11.9601635]}}, {"type": "Feature", "properties": {"name": null, "name:en": null, "amenity": "school", "building": null, "operator:type": null, "capacity:persons": null, "addr:full": null, "addr:city": null, "source": null, "osm_id": 9870578790, "osm_type": "nodes", "Analysis_Region": "North West"}, "geometry": {"type": "Point", "coordinates": [8.990155, 12.4083096]}}, {"type": "Feature", "properties": {"name": null, "name:en": null, "amenity": "school", "building": null, "operator:type": null, "capacity:persons": null, "addr:full": null, "addr:city": null, "source": null, "osm_id": 9870588053, "osm_type": "nodes", "Analysis_Region": "North East"}, "geometry": {"type": "Point", "coordinates": [9.0740235, 12.5788438]}}, {"type": "Feature", "properties": {"name": null, "name:en": null, "amenity": "school", "building": null, "operator:type": null, "capacity:persons": null, "addr:full": null, "addr:city": null, "source": null, "osm_id": 9870607637, "osm_type": "nodes", "Analysis_Region": "North East"}, "geometry": {"type": "Point", "coordinates": [9.2511542, 12.800655]}}, {"type": "Feature", "properties": {"name": null, "name:en": null, "amenity": "school", "building": null, "operator:type": null, "capacity:persons": null, "addr:full": null, "addr:city": null, "source": null, "osm_id": 9870620220, "osm_type": "nodes", "Analysis_Region": "North East"}, "geometry": {"type": "Point", "coordinates": [9.1476645, 12.7811089]}}, {"type": "Feature", "properties": {"name": null, "name:en": null, "amenity": "school", "building": null, "operator:type": null, "capacity:persons": null, "addr:full": null, "addr:city": null, "source": null, "osm_id": 9870620233, "osm_type": "nodes", "Analysis_Region": "North East"}, "geometry": {"type": "Point", "coordinates": [9.1479, 12.7812133]}}, {"type": "Feature", "properties": {"name": "Iseyin District Grammar School", "name:en": null, "amenity": "school", "building": null, "operator:type": "government", "capacity:persons": null, "addr:full": null, "addr:city": "Iseyin", "source": null, "osm_id": 8982448608, "osm_type": "nodes", "Analysis_Region": "North West"}, "geometry": {"type": "Point", "coordinates": [3.6154227, 7.9554307]}}, {"type": "Feature", "properties": {"name": "ECWA nursery and primary school wili", "name:en": null, "amenity": "school", "building": null, "operator:type": "private", "capacity:persons": null, "addr:full": null, "addr:city": null, "source": null, "osm_id": 11162412524, "osm_type": "nodes", "Analysis_Region": "North East"}, "geometry": {"type": "Point", "coordinates": [11.2651197, 9.9091441]}}, {"type": "Feature", "properties": {"name": "Rahinna Model School", "name:en": null, "amenity": "school", "building": null, "operator:type": null, "capacity:persons": null, "addr:full": null, "addr:city": "New Karu", "source": null, "osm_id": 8845801541, "osm_type": "nodes", "Analysis_Region": "North West"}, "geometry": {"type": "Point", "coordinates": [7.5584503, 8.9773351]}}, {"type": "Feature", "properties": {"name": "Religious department", "name:en": null, "amenity": "school", "building": null, "operator:type": null, "capacity:persons": null, "addr:full": null, "addr:city": null, "source": null, "osm_id": 7252872287, "osm_type": "nodes", "Analysis_Region": "North East"}, "geometry": {"type": "Point", "coordinates": [11.1745459, 10.3059825]}}, {"type": "Feature", "properties": {"name": "ORPHAN SECONDARY SCHOOL", "name:en": null, "amenity": "school", "building": null, "operator:type": null, "capacity:persons": null, "addr:full": null, "addr:city": null, "source": null, "osm_id": 12708134596, "osm_type": "nodes", "Analysis_Region": "North East"}, "geometry": {"type": "Point", "coordinates": [9.8921865, 9.1975042]}}, {"type": "Feature", "properties": {"name": "CUSTECH", "name:en": null, "amenity": "university", "building": null, "operator:type": null, "capacity:persons": null, "addr:full": null, "addr:city": null, "source": null, "osm_id": 8851563701, "osm_type": "nodes", "Analysis_Region": "North West"}, "geometry": {"type": "Point", "coordinates": [6.4219419, 7.6808773]}}, {"type": "Feature", "properties": {"name": "School of Engineering", "name:en": null, "amenity": "college", "building": null, "operator:type": null, "capacity:persons": null, "addr:full": null, "addr:city": null, "source": null, "osm_id": 8851563702, "osm_type": "nodes", "Analysis_Region": "North West"}, "geometry": {"type": "Point", "coordinates": [6.360058, 7.656645]}}, {"type": "Feature", "properties": {"name": "FCE Okene", "name:en": null, "amenity": "college", "building": null, "operator:type": null, "capacity:persons": null, "addr:full": null, "addr:city": null, "source": null, "osm_id": 8851563706, "osm_type": "nodes", "Analysis_Region": "North West"}, "geometry": {"type": "Point", "coordinates": [6.2629835, 7.6116323]}}, {"type": "Feature", "properties": {"name": "A-BLOCK", "name:en": null, "amenity": "college", "building": null, "operator:type": null, "capacity:persons": null, "addr:full": null, "addr:city": null, "source": null, "osm_id": 7252872288, "osm_type": "nodes", "Analysis_Region": "North East"}, "geometry": {"type": "Point", "coordinates": [11.1722979, 10.3064918]}}, {"type": "Feature", "properties": {"name": "School of Post graduate studies", "name:en": null, "amenity": "college", "building": null, "operator:type": null, "capacity:persons": null, "addr:full": null, "addr:city": null, "source": null, "osm_id": 7253015689, "osm_type": "nodes", "Analysis_Region": "North East"}, "geometry": {"type": "Point", "coordinates": [11.1715808, 10.3056459]}}, {"type": "Feature", "properties": {"name": "DEPARTMENT OF ENGLISH AND HISTORY", "name:en": null, "amenity": "college", "building": null, "operator:type": null, "capacity:persons": null, "addr:full": null, "addr:city": null, "source": null, "osm_id": 7253015786, "osm_type": "nodes", "Analysis_Region": "North East"}, "geometry": {"type": "Point", "coordinates": [11.1715862, 10.3052618]}}, {"type": "Feature", "properties": {"name": "Usman Memorial Primary school Gombe, Gombe State", "name:en": null, "amenity": "school", "building": null, "operator:type": null, "capacity:persons": null, "addr:full": null, "addr:city": null, "source": null, "osm_id": 11157936205, "osm_type": "nodes", "Analysis_Region": "North East"}, "geometry": {"type": "Point", "coordinates": [11.1701167, 10.29419]}}, {"type": "Feature", "properties": {"name": "Gombe model primary school 5A 5B", "name:en": null, "amenity": "school", "building": null, "operator:type": null, "capacity:persons": null, "addr:full": null, "addr:city": null, "source": null, "osm_id": 11153589705, "osm_type": "nodes", "Analysis_Region": "North East"}, "geometry": {"type": "Point", "coordinates": [11.1677842, 10.3073745]}}, {"type": "Feature", "properties": {"name": "Usman Memorial Primary school Gombe , Gombe State", "name:en": null, "amenity": "school", "building": null, "operator:type": null, "capacity:persons": null, "addr:full": null, "addr:city": null, "source": null, "osm_id": 11157938005, "osm_type": "nodes", "Analysis_Region": "North East"}, "geometry": {"type": "Point", "coordinates": [11.1707596, 10.294369]}}, {"type": "Feature", "properties": {"name": "class Room 1A", "name:en": null, "amenity": "school", "building": null, "operator:type": null, "capacity:persons": null, "addr:full": null, "addr:city": null, "source": null, "osm_id": 11153561905, "osm_type": "nodes", "Analysis_Region": "North East"}, "geometry": {"type": "Point", "coordinates": [11.1671647, 10.307334]}}, {"type": "Feature", "properties": {"name": "Dr. abubakar abdullahi Baba  jolly phonics resources room", "name:en": null, "amenity": "school", "building": null, "operator:type": null, "capacity:persons": null, "addr:full": null, "addr:city": null, "source": null, "osm_id": 11153534710, "osm_type": "nodes", "Analysis_Region": "North East"}, "geometry": {"type": "Point", "coordinates": [11.1674108, 10.307194]}}, {"type": "Feature", "properties": {"name": "GSTC Gombe state", "name:en": null, "amenity": "school", "building": null, "operator:type": null, "capacity:persons": null, "addr:full": null, "addr:city": null, "source": null, "osm_id": 11151648205, "osm_type": "nodes", "Analysis_Region": "North East"}, "geometry": {"type": "Point", "coordinates": [11.1780769, 10.2956223]}}, {"type": "Feature", "properties": {"name": "GCDSS GOMBE STATE", "name:en": null, "amenity": "school", "building": null, "operator:type": null, "capacity:persons": null, "addr:full": null, "addr:city": null, "source": null, "osm_id": 11151673606, "osm_type": "nodes", "Analysis_Region": "North East"}, "geometry": {"type": "Point", "coordinates": [11.1815632, 10.3008064]}}, {"type": "Feature", "properties": {"name": "f c e (T) administrative block", "name:en": null, "amenity": "school", "building": null, "operator:type": null, "capacity:persons": null, "addr:full": null, "addr:city": null, "source": null, "osm_id": 11148409405, "osm_type": "nodes", "Analysis_Region": "North East"}, "geometry": {"type": "Point", "coordinates": [11.1483333, 10.3148383]}}, {"type": "Feature", "properties": {"name": "Gombe state university src park", "name:en": null, "amenity": "school", "building": null, "operator:type": null, "capacity:persons": null, "addr:full": null, "addr:city": null, "source": null, "osm_id": 11148260505, "osm_type": "nodes", "Analysis_Region": "North East"}, "geometry": {"type": "Point", "coordinates": [11.1749566, 10.3067981]}}, {"type": "Feature", "properties": {"name": "Faculty of law gombe state university", "name:en": null, "amenity": "school", "building": null, "operator:type": null, "capacity:persons": null, "addr:full": null, "addr:city": null, "source": null, "osm_id": 11148228005, "osm_type": "nodes", "Analysis_Region": "North East"}, "geometry": {"type": "Point", "coordinates": [11.1728395, 10.3074299]}}, {"type": "Feature", "properties": {"name": "Faculty of law Gombe state university", "name:en": null, "amenity": "school", "building": null, "operator:type": null, "capacity:persons": null, "addr:full": null, "addr:city": null, "source": null, "osm_id": 11148228105, "osm_type": "nodes", "Analysis_Region": "North East"}, "geometry": {"type": "Point", "coordinates": [11.1728395, 10.3075166]}}, {"type": "Feature", "properties": {"name": "Model Science Primary School, Kagarko", "name:en": null, "amenity": "school", "building": null, "operator:type": null, "capacity:persons": null, "addr:full": null, "addr:city": null, "source": null, "osm_id": 11368362946, "osm_type": "nodes", "Analysis_Region": "North West"}, "geometry": {"type": "Point", "coordinates": [7.7031822, 9.4920573]}}, {"type": "Feature", "properties": {"name": "Nigerian Tulip International School", "name:en": null, "amenity": "school", "building": null, "operator:type": null, "capacity:persons": null, "addr:full": null, "addr:city": null, "source": null, "osm_id": 12569260283, "osm_type": "nodes", "Analysis_Region": "North West"}, "geometry": {"type": "Point", "coordinates": [7.4699969, 9.0799053]}}, {"type": "Feature", "properties": {"name": "Anesther Private School", "name:en": null, "amenity": "school", "building": null, "operator:type": null, "capacity:persons": null, "addr:full": null, "addr:city": null, "source": null, "osm_id": 11109422352, "osm_type": "nodes", "Analysis_Region": "North West"}, "geometry": {"type": "Point", "coordinates": [8.9469509, 9.9103063]}}, {"type": "Feature", "properties": {"name": "Glory Land Academy", "name:en": null, "amenity": "school", "building": null, "operator:type": null, "capacity:persons": null, "addr:full": null, "addr:city": null, "source": null, "osm_id": 11109199790, "osm_type": "nodes", "Analysis_Region": "North West"}, "geometry": {"type": "Point", "coordinates": [8.9412686, 9.9013466]}}, {"type": "Feature", "properties": {"name": "Jasher International Academy", "name:en": null, "amenity": "school", "building": null, "operator:type": "private", "capacity:persons": null, "addr:full": null, "addr:city": null, "source": null, "osm_id": 11109202835, "osm_type": "nodes", "Analysis_Region": "North West"}, "geometry": {"type": "Point", "coordinates": [8.9446263, 9.9034308]}}, {"type": "Feature", "properties": {"name": "Baptist College of Theology", "name:en": null, "amenity": "college", "building": null, "operator:type": null, "capacity:persons": null, "addr:full": null, "addr:city": null, "source": null, "osm_id": 11109304623, "osm_type": "nodes", "Analysis_Region": "North West"}, "geometry": {"type": "Point", "coordinates": [8.9449136, 9.9073329]}}, {"type": "Feature", "properties": {"name": "Gani Development College Pil Ganii", "name:en": null, "amenity": "school", "building": null, "operator:type": null, "capacity:persons": null, "addr:full": null, "addr:city": null, "source": null, "osm_id": 12556928247, "osm_type": "nodes", "Analysis_Region": "North East"}, "geometry": {"type": "Point", "coordinates": [9.8783817, 9.187025]}}, {"type": "Feature", "properties": {"name": "Science Day Secondary School", "name:en": null, "amenity": "school", "building": null, "operator:type": "private", "capacity:persons": null, "addr:full": null, "addr:city": null, "source": null, "osm_id": 11351425399, "osm_type": "nodes", "Analysis_Region": "North West"}, "geometry": {"type": "Point", "coordinates": [8.9123807, 9.9136243]}}, {"type": "Feature", "properties": {"name": null, "name:en": null, "amenity": "school", "building": null, "operator:type": null, "capacity:persons": null, "addr:full": null, "addr:city": null, "source": null, "osm_id": 11335647869, "osm_type": "nodes", "Analysis_Region": "North East"}, "geometry": {"type": "Point", "coordinates": [11.1738787, 10.3079969]}}, {"type": "Feature", "properties": {"name": "Yelwa Practicing School", "name:en": null, "amenity": "school", "building": null, "operator:type": "government", "capacity:persons": null, "addr:full": null, "addr:city": null, "source": null, "osm_id": 11067456652, "osm_type": "nodes", "Analysis_Region": "North East"}, "geometry": {"type": "Point", "coordinates": [9.8031386, 10.2785151]}}, {"type": "Feature", "properties": {"name": "Special Education Center", "name:en": null, "amenity": "school", "building": null, "operator:type": "government", "capacity:persons": null, "addr:full": null, "addr:city": null, "source": null, "osm_id": 11060716815, "osm_type": "nodes", "Analysis_Region": "North East"}, "geometry": {"type": "Point", "coordinates": [9.8003433, 10.2801488]}}, {"type": "Feature", "properties": {"name": "ATBU Women Society Nursery School", "name:en": null, "amenity": "school", "building": null, "operator:type": null, "capacity:persons": null, "addr:full": null, "addr:city": null, "source": null, "osm_id": 11067383102, "osm_type": "nodes", "Analysis_Region": "North East"}, "geometry": {"type": "Point", "coordinates": [9.7908763, 10.2766946]}}, {"type": "Feature", "properties": {"name": "Thomas Moore College of Health Technology", "name:en": null, "amenity": "college", "building": null, "operator:type": null, "capacity:persons": null, "addr:full": null, "addr:city": null, "source": null, "osm_id": 11060716814, "osm_type": "nodes", "Analysis_Region": "North East"}, "geometry": {"type": "Point", "coordinates": [9.7961569, 10.2719197]}}, {"type": "Feature", "properties": {"name": "General Hassan Usman Katsina (Unity College)", "name:en": null, "amenity": "school", "building": null, "operator:type": null, "capacity:persons": null, "addr:full": null, "addr:city": null, "source": null, "osm_id": 11060726746, "osm_type": "nodes", "Analysis_Region": "North East"}, "geometry": {"type": "Point", "coordinates": [9.800954, 10.2783263]}}, {"type": "Feature", "properties": {"name": "PEVA International Academy", "name:en": null, "amenity": "school", "building": null, "operator:type": "private", "capacity:persons": null, "addr:full": null, "addr:city": null, "source": null, "osm_id": 11054241191, "osm_type": "nodes", "Analysis_Region": "North East"}, "geometry": {"type": "Point", "coordinates": [9.7870093, 10.2887739]}}, {"type": "Feature", "properties": {"name": null, "name:en": null, "amenity": "school", "building": null, "operator:type": null, "capacity:persons": null, "addr:full": null, "addr:city": null, "source": "nigeriase4all.gov.ng", "osm_id": 10209477664, "osm_type": "nodes", "Analysis_Region": "North East"}, "geometry": {"type": "Point", "coordinates": [9.1811472, 12.7467238]}}, {"type": "Feature", "properties": {"name": null, "name:en": null, "amenity": "school", "building": null, "operator:type": null, "capacity:persons": null, "addr:full": null, "addr:city": null, "source": "nigeriase4all.gov.ng", "osm_id": 10028641668, "osm_type": "nodes", "Analysis_Region": "North West"}, "geometry": {"type": "Point", "coordinates": [3.6044354, 9.4953649]}}, {"type": "Feature", "properties": {"name": "Alfurqan International Academy", "name:en": null, "amenity": "school", "building": null, "operator:type": null, "capacity:persons": null, "addr:full": null, "addr:city": null, "source": null, "osm_id": 11050924630, "osm_type": "nodes", "Analysis_Region": "North East"}, "geometry": {"type": "Point", "coordinates": [9.7989748, 10.2910987]}}, {"type": "Feature", "properties": {"name": "Karima International Academy", "name:en": null, "amenity": "school", "building": null, "operator:type": null, "capacity:persons": null, "addr:full": null, "addr:city": null, "source": null, "osm_id": 11029573912, "osm_type": "nodes", "Analysis_Region": "North East"}, "geometry": {"type": "Point", "coordinates": [9.787912, 10.2849021]}}, {"type": "Feature", "properties": {"name": "Bethany Christian Academy", "name:en": null, "amenity": "school", "building": null, "operator:type": null, "capacity:persons": null, "addr:full": null, "addr:city": null, "source": null, "osm_id": 11028885864, "osm_type": "nodes", "Analysis_Region": "North West"}, "geometry": {"type": "Point", "coordinates": [8.9100433, 9.5161124]}}, {"type": "Feature", "properties": {"name": "Divine Int'l School", "name:en": null, "amenity": "school", "building": null, "operator:type": "private", "capacity:persons": null, "addr:full": null, "addr:city": null, "source": "local knowledge", "osm_id": 11013558983, "osm_type": "nodes", "Analysis_Region": "North East"}, "geometry": {"type": "Point", "coordinates": [9.7804914, 10.2674429]}}, {"type": "Feature", "properties": {"name": "G.G Bauchi", "name:en": null, "amenity": "school", "building": null, "operator:type": "government", "capacity:persons": null, "addr:full": null, "addr:city": null, "source": "local knowledge", "osm_id": 11013629237, "osm_type": "nodes", "Analysis_Region": "North East"}, "geometry": {"type": "Point", "coordinates": [9.8450407, 10.3386979]}}, {"type": "Feature", "properties": {"name": "City Comprehensive", "name:en": null, "amenity": "school", "building": null, "operator:type": "private", "capacity:persons": null, "addr:full": null, "addr:city": null, "source": "local knowledge", "osm_id": 11013629231, "osm_type": "nodes", "Analysis_Region": "North East"}, "geometry": {"type": "Point", "coordinates": [9.8229583, 10.3194608]}}, {"type": "Feature", "properties": {"name": "Gibril Aminu model school", "name:en": null, "amenity": "school", "building": null, "operator:type": "government", "capacity:persons": null, "addr:full": null, "addr:city": null, "source": "local knowledge", "osm_id": 11012958912, "osm_type": "nodes", "Analysis_Region": "North East"}, "geometry": {"type": "Point", "coordinates": [9.7986309, 10.3101565]}}, {"type": "Feature", "properties": {"name": "Manga Saleh Primary School", "name:en": null, "amenity": "school", "building": null, "operator:type": "government", "capacity:persons": null, "addr:full": null, "addr:city": null, "source": "local knowledge", "osm_id": 11011813314, "osm_type": "nodes", "Analysis_Region": "North East"}, "geometry": {"type": "Point", "coordinates": [9.8359201, 10.3104276]}}, {"type": "Feature", "properties": {"name": "Nassarawa Primary School", "name:en": null, "amenity": "school", "building": null, "operator:type": "government", "capacity:persons": null, "addr:full": null, "addr:city": null, "source": "local knowledge", "osm_id": 11011813315, "osm_type": "nodes", "Analysis_Region": "North East"}, "geometry": {"type": "Point", "coordinates": [9.8362503, 10.3080669]}}, {"type": "Feature", "properties": {"name": "Command Secondary School", "name:en": null, "amenity": "school", "building": null, "operator:type": "military", "capacity:persons": null, "addr:full": null, "addr:city": null, "source": "local knowledge", "osm_id": 11013594364, "osm_type": "nodes", "Analysis_Region": "North East"}, "geometry": {"type": "Point", "coordinates": [9.8145039, 10.3341122]}}, {"type": "Feature", "properties": {"name": "Army Children School", "name:en": null, "amenity": "school", "building": null, "operator:type": "military", "capacity:persons": null, "addr:full": null, "addr:city": null, "source": null, "osm_id": 11013588377, "osm_type": "nodes", "Analysis_Region": "North East"}, "geometry": {"type": "Point", "coordinates": [9.8140579, 10.3307356]}}, {"type": "Feature", "properties": {"name": "Government Day", "name:en": null, "amenity": "school", "building": null, "operator:type": "government", "capacity:persons": null, "addr:full": null, "addr:city": null, "source": "local knowledge", "osm_id": 11013588378, "osm_type": "nodes", "Analysis_Region": "North East"}, "geometry": {"type": "Point", "coordinates": [9.8145681, 10.3296477]}}, {"type": "Feature", "properties": {"name": "Kobi Primary School", "name:en": null, "amenity": "school", "building": null, "operator:type": "government", "capacity:persons": null, "addr:full": null, "addr:city": null, "source": "local knowledge", "osm_id": 11011797673, "osm_type": "nodes", "Analysis_Region": "North East"}, "geometry": {"type": "Point", "coordinates": [9.8392106, 10.3114614]}}, {"type": "Feature", "properties": {"name": "Our Lady's Nur/Pri School", "name:en": null, "amenity": "school", "building": null, "operator:type": "private", "capacity:persons": null, "addr:full": null, "addr:city": null, "source": "local knowledge", "osm_id": 11011672103, "osm_type": "nodes", "Analysis_Region": "North East"}, "geometry": {"type": "Point", "coordinates": [9.8330094, 10.3195637]}}, {"type": "Feature", "properties": {"name": "St. Paul Secondary School", "name:en": null, "amenity": "school", "building": null, "operator:type": null, "capacity:persons": null, "addr:full": null, "addr:city": null, "source": "local knowledge", "osm_id": 11011672205, "osm_type": "nodes", "Analysis_Region": "North East"}, "geometry": {"type": "Point", "coordinates": [9.8329793, 10.3203083]}}, {"type": "Feature", "properties": {"name": "Sabon Kaura Primary School", "name:en": null, "amenity": "school", "building": null, "operator:type": null, "capacity:persons": null, "addr:full": null, "addr:city": null, "source": "local knowledge", "osm_id": 11010294385, "osm_type": "nodes", "Analysis_Region": "North East"}, "geometry": {"type": "Point", "coordinates": [9.7861632, 10.2927581]}}, {"type": "Feature", "properties": {"name": "VICTORY HIGH SCHOOL", "name:en": null, "amenity": "school", "building": null, "operator:type": null, "capacity:persons": null, "addr:full": null, "addr:city": null, "source": null, "osm_id": 10931482309, "osm_type": "nodes", "Analysis_Region": "North West"}, "geometry": {"type": "Point", "coordinates": [8.8655598, 9.9631131]}}, {"type": "Feature", "properties": {"name": "VICTORY PRIVATE PRIMARY SCHOOL", "name:en": null, "amenity": "school", "building": null, "operator:type": null, "capacity:persons": null, "addr:full": null, "addr:city": null, "source": null, "osm_id": 10931482308, "osm_type": "nodes", "Analysis_Region": "North West"}, "geometry": {"type": "Point", "coordinates": [8.8651487, 9.9630575]}}, {"type": "Feature", "properties": {"name": "Professor seddi sabastine Maimako faculty of management sciences", "name:en": null, "amenity": "school", "building": null, "operator:type": null, "capacity:persons": null, "addr:full": null, "addr:city": null, "source": null, "osm_id": 9766980661, "osm_type": "nodes", "Analysis_Region": "North West"}, "geometry": {"type": "Point", "coordinates": [8.8787794, 9.9655417]}}, {"type": "Feature", "properties": {"name": null, "name:en": null, "amenity": "school", "building": null, "operator:type": null, "capacity:persons": null, "addr:full": null, "addr:city": null, "source": "nigeriase4all.gov.ng", "osm_id": 9885363068, "osm_type": "nodes", "Analysis_Region": "North West"}, "geometry": {"type": "Point", "coordinates": [8.9466201, 12.3275392]}}, {"type": "Feature", "properties": {"name": "Bauchi State University, Bauchi Campus", "name:en": null, "amenity": "university", "building": null, "operator:type": null, "capacity:persons": null, "addr:full": null, "addr:city": null, "source": null, "osm_id": 11011106708, "osm_type": "nodes", "Analysis_Region": "North East"}, "geometry": {"type": "Point", "coordinates": [9.8256244, 10.313457]}}, {"type": "Feature", "properties": {"name": "Federal University of Technology Minna, Bosso Campus", "name:en": null, "amenity": "university", "building": null, "operator:type": "university", "capacity:persons": null, "addr:full": null, "addr:city": "Bosso, Minna", "source": null, "osm_id": 10949177670, "osm_type": "nodes", "Analysis_Region": "North West"}, "geometry": {"type": "Point", "coordinates": [6.5287519, 9.6560688]}}, {"type": "Feature", "properties": {"name": "Thomas Moore College of Health Technology", "name:en": null, "amenity": "college", "building": null, "operator:type": null, "capacity:persons": null, "addr:full": null, "addr:city": null, "source": null, "osm_id": 11060735407, "osm_type": "nodes", "Analysis_Region": "North East"}, "geometry": {"type": "Point", "coordinates": [9.8333771, 10.3197985]}}, {"type": "Feature", "properties": {"name": "School of Nursing and Midwifery", "name:en": null, "amenity": "college", "building": null, "operator:type": "government", "capacity:persons": null, "addr:full": null, "addr:city": null, "source": "local knowledge", "osm_id": 11013629236, "osm_type": "nodes", "Analysis_Region": "North East"}, "geometry": {"type": "Point", "coordinates": [9.8449098, 10.3361462]}}, {"type": "Feature", "properties": {"name": "ST Malachy Academy", "name:en": null, "amenity": "school", "building": null, "operator:type": "private", "capacity:persons": null, "addr:full": null, "addr:city": "Pambegua", "source": null, "osm_id": 10899318052, "osm_type": "nodes", "Analysis_Region": "North West"}, "geometry": {"type": "Point", "coordinates": [8.2881021, 10.6774201]}}, {"type": "Feature", "properties": {"name": "SCIENCE PROJECT PRI and SEC SCHOOL, UNGUWA UKU", "name:en": null, "amenity": "school", "building": null, "operator:type": null, "capacity:persons": null, "addr:full": null, "addr:city": "Unguwar Gano", "source": null, "osm_id": 5127762146, "osm_type": "nodes", "Analysis_Region": "North West"}, "geometry": {"type": "Point", "coordinates": [8.5620554, 11.9577213]}}, {"type": "Feature", "properties": {"name": "Kingdomite Academy", "name:en": null, "amenity": "school", "building": null, "operator:type": null, "capacity:persons": null, "addr:full": null, "addr:city": null, "source": null, "osm_id": 10844094022, "osm_type": "nodes", "Analysis_Region": "North West"}, "geometry": {"type": "Point", "coordinates": [8.9345375, 9.873941]}}, {"type": "Feature", "properties": {"name": "Omega High School", "name:en": null, "amenity": "school", "building": null, "operator:type": null, "capacity:persons": null, "addr:full": null, "addr:city": null, "source": null, "osm_id": 10844094030, "osm_type": "nodes", "Analysis_Region": "North West"}, "geometry": {"type": "Point", "coordinates": [8.9333102, 9.8716345]}}, {"type": "Feature", "properties": {"name": "El shamma school", "name:en": null, "amenity": "school", "building": null, "operator:type": "private", "capacity:persons": null, "addr:full": null, "addr:city": "jos", "source": null, "osm_id": 10841406076, "osm_type": "nodes", "Analysis_Region": "North West"}, "geometry": {"type": "Point", "coordinates": [8.9648886, 9.9440449]}}, {"type": "Feature", "properties": {"name": "Model Primary School Tudunsaibu", "name:en": null, "amenity": "school", "building": null, "operator:type": "government", "capacity:persons": null, "addr:full": null, "addr:city": "Kaduna", "source": "GNS", "osm_id": 501525384, "osm_type": "nodes", "Analysis_Region": "North East"}, "geometry": {"type": "Point", "coordinates": [12.533333, 9.1]}}, {"type": "Feature", "properties": {"name": null, "name:en": null, "amenity": "school", "building": null, "operator:type": null, "capacity:persons": null, "addr:full": null, "addr:city": null, "source": null, "osm_id": 9867037918, "osm_type": "nodes", "Analysis_Region": "North West"}, "geometry": {"type": "Point", "coordinates": [8.9209439, 12.2717825]}}, {"type": "Feature", "properties": {"name": "Mighty Mercy International School", "name:en": null, "amenity": "school", "building": null, "operator:type": "private", "capacity:persons": null, "addr:full": null, "addr:city": null, "source": "Nigerian Red Cross Society", "osm_id": 10759247192, "osm_type": "nodes", "Analysis_Region": "North West"}, "geometry": {"type": "Point", "coordinates": [7.4293511, 8.9395282]}}, {"type": "Feature", "properties": {"name": "Royal Step Academy", "name:en": null, "amenity": "school", "building": null, "operator:type": "private", "capacity:persons": null, "addr:full": null, "addr:city": null, "source": "Nigerian Red Cross Society", "osm_id": 10741887952, "osm_type": "nodes", "Analysis_Region": "North West"}, "geometry": {"type": "Point", "coordinates": [7.4207416, 9.018685]}}, {"type": "Feature", "properties": {"name": "Star Hope Nursery and Primary School", "name:en": null, "amenity": "school", "building": null, "operator:type": "private", "capacity:persons": null, "addr:full": null, "addr:city": null, "source": "Nigerian Red Cross Society", "osm_id": 10759228916, "osm_type": "nodes", "Analysis_Region": "North West"}, "geometry": {"type": "Point", "coordinates": [7.4332868, 8.941772]}}, {"type": "Feature", "properties": {"name": "Madaratsul tafuzal quran", "name:en": null, "amenity": "school", "building": null, "operator:type": "religious", "capacity:persons": null, "addr:full": null, "addr:city": null, "source": "Nigerian Red Cross Society", "osm_id": 10741831725, "osm_type": "nodes", "Analysis_Region": "North West"}, "geometry": {"type": "Point", "coordinates": [7.4221645, 9.0168673]}}, {"type": "Feature", "properties": {"name": "Department of Building", "name:en": null, "amenity": "school", "building": null, "operator:type": null, "capacity:persons": null, "addr:full": null, "addr:city": "Jos North", "source": null, "osm_id": 10743363840, "osm_type": "nodes", "Analysis_Region": "North West"}, "geometry": {"type": "Point", "coordinates": [8.8792683, 9.9673557]}}, {"type": "Feature", "properties": {"name": "Rosy Premium Success Academy Nursery and Primary School Kuchigoro", "name:en": null, "amenity": "school", "building": null, "operator:type": "private", "capacity:persons": null, "addr:full": null, "addr:city": null, "source": "Nigerian Red Cross Society", "osm_id": 10741907018, "osm_type": "nodes", "Analysis_Region": "North West"}, "geometry": {"type": "Point", "coordinates": [7.4196339, 9.0175174]}}, {"type": "Feature", "properties": {"name": null, "name:en": null, "amenity": "school", "building": null, "operator:type": null, "capacity:persons": null, "addr:full": null, "addr:city": null, "source": null, "osm_id": 10612526816, "osm_type": "nodes", "Analysis_Region": "North West"}, "geometry": {"type": "Point", "coordinates": [5.4180101, 13.2895167]}}, {"type": "Feature", "properties": {"name": "A'NA'AN ACADEMY FURAKA", "name:en": null, "amenity": "school", "building": null, "operator:type": "community", "capacity:persons": null, "addr:full": null, "addr:city": null, "source": null, "osm_id": 11277154172, "osm_type": "nodes", "Analysis_Region": "North West"}, "geometry": {"type": "Point", "coordinates": [8.9202729, 9.9119523]}}, {"type": "Feature", "properties": {"name": "unijos ICT permanent site", "name:en": null, "amenity": "university", "building": null, "operator:type": null, "capacity:persons": null, "addr:full": null, "addr:city": null, "source": null, "osm_id": 10839536436, "osm_type": "nodes", "Analysis_Region": "North West"}, "geometry": {"type": "Point", "coordinates": [8.8833842, 9.9655712]}}, {"type": "Feature", "properties": {"name": "P.H.E Department", "name:en": null, "amenity": "university", "building": null, "operator:type": null, "capacity:persons": null, "addr:full": null, "addr:city": null, "source": null, "osm_id": 10845726095, "osm_type": "nodes", "Analysis_Region": "North West"}, "geometry": {"type": "Point", "coordinates": [8.8897059, 9.9729945]}}, {"type": "Feature", "properties": {"name": "faculty of law, unijos", "name:en": null, "amenity": "university", "building": null, "operator:type": null, "capacity:persons": null, "addr:full": null, "addr:city": "jos", "source": null, "osm_id": 10839450712, "osm_type": "nodes", "Analysis_Region": "North West"}, "geometry": {"type": "Point", "coordinates": [8.8835336, 9.9610159]}}, {"type": "Feature", "properties": {"name": "Unguwa Uku Science primary and Secondary school Kano", "name:en": null, "amenity": null, "building": "school", "operator:type": null, "capacity:persons": null, "addr:full": null, "addr:city": "Unguwa Uku Cikin Gari", "source": null, "osm_id": 10786806008, "osm_type": "nodes", "Analysis_Region": "North West"}, "geometry": {"type": "Point", "coordinates": [8.5620648, 11.9577776]}}, {"type": "Feature", "properties": {"name": "School of Postgraduate", "name:en": null, "amenity": "school", "building": null, "operator:type": "government", "capacity:persons": null, "addr:full": null, "addr:city": null, "source": null, "osm_id": 10743357024, "osm_type": "nodes", "Analysis_Region": "North West"}, "geometry": {"type": "Point", "coordinates": [8.880106, 9.9683865]}}, {"type": "Feature", "properties": {"name": "School for Arqabic and Islamic Studies", "name:en": null, "amenity": "school", "building": null, "operator:type": null, "capacity:persons": null, "addr:full": null, "addr:city": null, "source": null, "osm_id": 10302653113, "osm_type": "nodes", "Analysis_Region": "North East"}, "geometry": {"type": "Point", "coordinates": [12.4877952, 9.2066747]}}, {"type": "Feature", "properties": {"name": "Hammawa Primary School", "name:en": null, "amenity": "school", "building": null, "operator:type": null, "capacity:persons": null, "addr:full": null, "addr:city": null, "source": null, "osm_id": 10302584686, "osm_type": "nodes", "Analysis_Region": "North East"}, "geometry": {"type": "Point", "coordinates": [12.4864514, 9.2067581]}}, {"type": "Feature", "properties": {"name": "Adamawa Agricultural Development Program", "name:en": null, "amenity": "school", "building": null, "operator:type": null, "capacity:persons": null, "addr:full": null, "addr:city": null, "source": null, "osm_id": 10302651984, "osm_type": "nodes", "Analysis_Region": "North East"}, "geometry": {"type": "Point", "coordinates": [12.4876115, 9.2077721]}}, {"type": "Feature", "properties": {"name": "Confidence INT'L Academy", "name:en": null, "amenity": "school", "building": null, "operator:type": null, "capacity:persons": null, "addr:full": null, "addr:city": null, "source": null, "osm_id": 10225163845, "osm_type": "nodes", "Analysis_Region": "North West"}, "geometry": {"type": "Point", "coordinates": [7.3812752, 9.1418524]}}, {"type": "Feature", "properties": {"name": "Jumol International Academy", "name:en": null, "amenity": "school", "building": null, "operator:type": null, "capacity:persons": null, "addr:full": null, "addr:city": null, "source": null, "osm_id": 10225170006, "osm_type": "nodes", "Analysis_Region": "North West"}, "geometry": {"type": "Point", "coordinates": [7.3805283, 9.1431011]}}, {"type": "Feature", "properties": {"name": "Degracia Model Secondary School", "name:en": null, "amenity": "school", "building": null, "operator:type": null, "capacity:persons": null, "addr:full": null, "addr:city": null, "source": null, "osm_id": 10265042945, "osm_type": "nodes", "Analysis_Region": "North West"}, "geometry": {"type": "Point", "coordinates": [7.3705672, 9.1382991]}}, {"type": "Feature", "properties": {"name": "Williams School", "name:en": null, "amenity": null, "building": "school", "operator:type": null, "capacity:persons": null, "addr:full": null, "addr:city": null, "source": null, "osm_id": 2996421815, "osm_type": "nodes", "Analysis_Region": "North West"}, "geometry": {"type": "Point", "coordinates": [7.7219969, 11.1116289]}}, {"type": "Feature", "properties": {"name": null, "name:en": null, "amenity": "school", "building": null, "operator:type": null, "capacity:persons": null, "addr:full": null, "addr:city": null, "source": "nigeriase4all.gov.ng", "osm_id": 10209477654, "osm_type": "nodes", "Analysis_Region": "North East"}, "geometry": {"type": "Point", "coordinates": [9.1823294, 12.7436336]}}, {"type": "Feature", "properties": {"name": null, "name:en": null, "amenity": "school", "building": null, "operator:type": null, "capacity:persons": null, "addr:full": null, "addr:city": null, "source": "nigeriase4all.gov.ng", "osm_id": 10209477666, "osm_type": "nodes", "Analysis_Region": "North East"}, "geometry": {"type": "Point", "coordinates": [9.1825947, 12.7437103]}}, {"type": "Feature", "properties": {"name": null, "name:en": null, "amenity": "school", "building": null, "operator:type": null, "capacity:persons": null, "addr:full": null, "addr:city": null, "source": "nigeriase4all.gov.ng", "osm_id": 10209537643, "osm_type": "nodes", "Analysis_Region": "North West"}, "geometry": {"type": "Point", "coordinates": [8.1196775, 8.0145767]}}, {"type": "Feature", "properties": {"name": null, "name:en": null, "amenity": "school", "building": null, "operator:type": null, "capacity:persons": null, "addr:full": null, "addr:city": null, "source": "nigeriase4all.gov.ng", "osm_id": 10208380065, "osm_type": "nodes", "Analysis_Region": "North West"}, "geometry": {"type": "Point", "coordinates": [8.0732007, 11.537928]}}, {"type": "Feature", "properties": {"name": null, "name:en": null, "amenity": "school", "building": null, "operator:type": null, "capacity:persons": null, "addr:full": null, "addr:city": null, "source": "nigeriase4all.gov.ng", "osm_id": 10208413014, "osm_type": "nodes", "Analysis_Region": "North West"}, "geometry": {"type": "Point", "coordinates": [8.7398516, 11.2924664]}}, {"type": "Feature", "properties": {"name": null, "name:en": null, "amenity": "school", "building": null, "operator:type": null, "capacity:persons": null, "addr:full": null, "addr:city": null, "source": "nigeriase4all.gov.ng", "osm_id": 10208413015, "osm_type": "nodes", "Analysis_Region": "North West"}, "geometry": {"type": "Point", "coordinates": [8.7402214, 11.2925286]}}, {"type": "Feature", "properties": {"name": null, "name:en": null, "amenity": "school", "building": null, "operator:type": null, "capacity:persons": null, "addr:full": null, "addr:city": null, "source": "nigeriase4all.gov.ng", "osm_id": 10208415917, "osm_type": "nodes", "Analysis_Region": "North West"}, "geometry": {"type": "Point", "coordinates": [8.7396532, 11.2876735]}}, {"type": "Feature", "properties": {"name": null, "name:en": null, "amenity": "school", "building": null, "operator:type": null, "capacity:persons": null, "addr:full": null, "addr:city": null, "source": "nigeriase4all.gov.ng", "osm_id": 10208390762, "osm_type": "nodes", "Analysis_Region": "North West"}, "geometry": {"type": "Point", "coordinates": [8.5736414, 11.3533911]}}, {"type": "Feature", "properties": {"name": null, "name:en": null, "amenity": "school", "building": null, "operator:type": null, "capacity:persons": null, "addr:full": null, "addr:city": null, "source": "nigeriase4all.gov.ng", "osm_id": 10208418916, "osm_type": "nodes", "Analysis_Region": "North West"}, "geometry": {"type": "Point", "coordinates": [8.592048, 11.3657605]}}, {"type": "Feature", "properties": {"name": null, "name:en": null, "amenity": "school", "building": null, "operator:type": null, "capacity:persons": null, "addr:full": null, "addr:city": null, "source": "nigeriase4all.gov.ng", "osm_id": 10208419017, "osm_type": "nodes", "Analysis_Region": "North West"}, "geometry": {"type": "Point", "coordinates": [8.5909987, 11.3650619]}}, {"type": "Feature", "properties": {"name": null, "name:en": null, "amenity": "school", "building": null, "operator:type": null, "capacity:persons": null, "addr:full": null, "addr:city": null, "source": "nigeriase4all.gov.ng", "osm_id": 10208414691, "osm_type": "nodes", "Analysis_Region": "North West"}, "geometry": {"type": "Point", "coordinates": [8.7289697, 11.2781661]}}, {"type": "Feature", "properties": {"name": null, "name:en": null, "amenity": "school", "building": null, "operator:type": null, "capacity:persons": null, "addr:full": null, "addr:city": null, "source": "nigeriase4all.gov.ng", "osm_id": 10208419025, "osm_type": "nodes", "Analysis_Region": "North West"}, "geometry": {"type": "Point", "coordinates": [8.7910073, 11.358316]}}, {"type": "Feature", "properties": {"name": null, "name:en": null, "amenity": "school", "building": null, "operator:type": null, "capacity:persons": null, "addr:full": null, "addr:city": null, "source": "nigeriase4all.gov.ng", "osm_id": 10208419026, "osm_type": "nodes", "Analysis_Region": "North West"}, "geometry": {"type": "Point", "coordinates": [8.7910546, 11.3587224]}}, {"type": "Feature", "properties": {"name": null, "name:en": null, "amenity": "school", "building": null, "operator:type": null, "capacity:persons": null, "addr:full": null, "addr:city": null, "source": "nigeriase4all.gov.ng", "osm_id": 10208419019, "osm_type": "nodes", "Analysis_Region": "North West"}, "geometry": {"type": "Point", "coordinates": [8.7903848, 11.3585892]}}, {"type": "Feature", "properties": {"name": null, "name:en": null, "amenity": "school", "building": null, "operator:type": null, "capacity:persons": null, "addr:full": null, "addr:city": null, "source": "nigeriase4all.gov.ng", "osm_id": 10208419021, "osm_type": "nodes", "Analysis_Region": "North West"}, "geometry": {"type": "Point", "coordinates": [8.7923797, 11.3592188]}}, {"type": "Feature", "properties": {"name": null, "name:en": null, "amenity": "school", "building": null, "operator:type": null, "capacity:persons": null, "addr:full": null, "addr:city": null, "source": "nigeriase4all.gov.ng", "osm_id": 10208409023, "osm_type": "nodes", "Analysis_Region": "North West"}, "geometry": {"type": "Point", "coordinates": [8.7680983, 11.3338958]}}, {"type": "Feature", "properties": {"name": null, "name:en": null, "amenity": "school", "building": null, "operator:type": null, "capacity:persons": null, "addr:full": null, "addr:city": null, "source": "nigeriase4all.gov.ng", "osm_id": 10208409024, "osm_type": "nodes", "Analysis_Region": "North West"}, "geometry": {"type": "Point", "coordinates": [8.767301, 11.3341415]}}, {"type": "Feature", "properties": {"name": null, "name:en": null, "amenity": "school", "building": null, "operator:type": null, "capacity:persons": null, "addr:full": null, "addr:city": null, "source": "nigeriase4all.gov.ng", "osm_id": 10209537202, "osm_type": "nodes", "Analysis_Region": "North West"}, "geometry": {"type": "Point", "coordinates": [8.1166946, 8.0120964]}}, {"type": "Feature", "properties": {"name": null, "name:en": null, "amenity": "school", "building": null, "operator:type": null, "capacity:persons": null, "addr:full": null, "addr:city": null, "source": "nigeriase4all.gov.ng", "osm_id": 10209537705, "osm_type": "nodes", "Analysis_Region": "North West"}, "geometry": {"type": "Point", "coordinates": [8.1206341, 8.0043536]}}, {"type": "Feature", "properties": {"name": null, "name:en": null, "amenity": "school", "building": null, "operator:type": null, "capacity:persons": null, "addr:full": null, "addr:city": null, "source": "nigeriase4all.gov.ng", "osm_id": 10209537718, "osm_type": "nodes", "Analysis_Region": "North West"}, "geometry": {"type": "Point", "coordinates": [8.1199734, 8.0150871]}}, {"type": "Feature", "properties": {"name": null, "name:en": null, "amenity": "school", "building": null, "operator:type": null, "capacity:persons": null, "addr:full": null, "addr:city": null, "source": "nigeriase4all.gov.ng", "osm_id": 10209537777, "osm_type": "nodes", "Analysis_Region": "North West"}, "geometry": {"type": "Point", "coordinates": [8.1141917, 8.0066425]}}, {"type": "Feature", "properties": {"name": null, "name:en": null, "amenity": "school", "building": null, "operator:type": null, "capacity:persons": null, "addr:full": null, "addr:city": null, "source": "nigeriase4all.gov.ng", "osm_id": 10208395929, "osm_type": "nodes", "Analysis_Region": "North West"}, "geometry": {"type": "Point", "coordinates": [8.9065653, 11.3512023]}}, {"type": "Feature", "properties": {"name": null, "name:en": null, "amenity": "school", "building": null, "operator:type": null, "capacity:persons": null, "addr:full": null, "addr:city": null, "source": "nigeriase4all.gov.ng", "osm_id": 10208414692, "osm_type": "nodes", "Analysis_Region": "North West"}, "geometry": {"type": "Point", "coordinates": [8.732879, 11.2780789]}}, {"type": "Feature", "properties": {"name": null, "name:en": null, "amenity": "school", "building": null, "operator:type": null, "capacity:persons": null, "addr:full": null, "addr:city": null, "source": "nigeriase4all.gov.ng", "osm_id": 10208414694, "osm_type": "nodes", "Analysis_Region": "North West"}, "geometry": {"type": "Point", "coordinates": [8.729341, 11.278097]}}, {"type": "Feature", "properties": {"name": null, "name:en": null, "amenity": "school", "building": null, "operator:type": null, "capacity:persons": null, "addr:full": null, "addr:city": null, "source": "nigeriase4all.gov.ng", "osm_id": 10208411979, "osm_type": "nodes", "Analysis_Region": "North West"}, "geometry": {"type": "Point", "coordinates": [8.6017325, 11.3662337]}}, {"type": "Feature", "properties": {"name": null, "name:en": null, "amenity": "school", "building": null, "operator:type": null, "capacity:persons": null, "addr:full": null, "addr:city": null, "source": "nigeriase4all.gov.ng", "osm_id": 10208380909, "osm_type": "nodes", "Analysis_Region": "North West"}, "geometry": {"type": "Point", "coordinates": [8.6034355, 11.3712458]}}, {"type": "Feature", "properties": {"name": null, "name:en": null, "amenity": "school", "building": null, "operator:type": null, "capacity:persons": null, "addr:full": null, "addr:city": null, "source": "nigeriase4all.gov.ng", "osm_id": 10173504344, "osm_type": "nodes", "Analysis_Region": "North East"}, "geometry": {"type": "Point", "coordinates": [9.1433765, 12.611888]}}, {"type": "Feature", "properties": {"name": null, "name:en": null, "amenity": "school", "building": null, "operator:type": null, "capacity:persons": null, "addr:full": null, "addr:city": null, "source": "nigeriase4all.gov.ng", "osm_id": 10173506505, "osm_type": "nodes", "Analysis_Region": "North East"}, "geometry": {"type": "Point", "coordinates": [9.5469124, 11.8432337]}}, {"type": "Feature", "properties": {"name": null, "name:en": null, "amenity": "school", "building": null, "operator:type": null, "capacity:persons": null, "addr:full": null, "addr:city": null, "source": "nigeriase4all.gov.ng", "osm_id": 10173506509, "osm_type": "nodes", "Analysis_Region": "North East"}, "geometry": {"type": "Point", "coordinates": [9.5440961, 11.8422808]}}, {"type": "Feature", "properties": {"name": null, "name:en": null, "amenity": "school", "building": null, "operator:type": null, "capacity:persons": null, "addr:full": null, "addr:city": null, "source": "nigeriase4all.gov.ng", "osm_id": 10173510631, "osm_type": "nodes", "Analysis_Region": "North East"}, "geometry": {"type": "Point", "coordinates": [9.5455722, 11.8444715]}}, {"type": "Feature", "properties": {"name": null, "name:en": null, "amenity": "school", "building": null, "operator:type": null, "capacity:persons": null, "addr:full": null, "addr:city": null, "source": "nigeriase4all.gov.ng", "osm_id": 10173504872, "osm_type": "nodes", "Analysis_Region": "North East"}, "geometry": {"type": "Point", "coordinates": [9.0540791, 12.4172036]}}, {"type": "Feature", "properties": {"name": null, "name:en": null, "amenity": "school", "building": null, "operator:type": null, "capacity:persons": null, "addr:full": null, "addr:city": null, "source": "nigeriase4all.gov.ng", "osm_id": 10173504882, "osm_type": "nodes", "Analysis_Region": "North East"}, "geometry": {"type": "Point", "coordinates": [9.0545839, 12.4170556]}}, {"type": "Feature", "properties": {"name": null, "name:en": null, "amenity": "school", "building": null, "operator:type": null, "capacity:persons": null, "addr:full": null, "addr:city": null, "source": "nigeriase4all.gov.ng", "osm_id": 10173512831, "osm_type": "nodes", "Analysis_Region": "North East"}, "geometry": {"type": "Point", "coordinates": [9.0626755, 12.3087409]}}, {"type": "Feature", "properties": {"name": null, "name:en": null, "amenity": "school", "building": null, "operator:type": null, "capacity:persons": null, "addr:full": null, "addr:city": null, "source": "nigeriase4all.gov.ng", "osm_id": 10173511145, "osm_type": "nodes", "Analysis_Region": "North East"}, "geometry": {"type": "Point", "coordinates": [10.403709, 12.6312113]}}, {"type": "Feature", "properties": {"name": null, "name:en": null, "amenity": "school", "building": null, "operator:type": null, "capacity:persons": null, "addr:full": null, "addr:city": null, "source": "nigeriase4all.gov.ng", "osm_id": 10173524722, "osm_type": "nodes", "Analysis_Region": "North East"}, "geometry": {"type": "Point", "coordinates": [9.6819494, 12.0046901]}}, {"type": "Feature", "properties": {"name": null, "name:en": null, "amenity": "school", "building": null, "operator:type": null, "capacity:persons": null, "addr:full": null, "addr:city": null, "source": "nigeriase4all.gov.ng", "osm_id": 10173515261, "osm_type": "nodes", "Analysis_Region": "North West"}, "geometry": {"type": "Point", "coordinates": [8.8116059, 12.3389874]}}, {"type": "Feature", "properties": {"name": null, "name:en": null, "amenity": "school", "building": null, "operator:type": null, "capacity:persons": null, "addr:full": null, "addr:city": null, "source": "nigeriase4all.gov.ng", "osm_id": 10173511162, "osm_type": "nodes", "Analysis_Region": "North East"}, "geometry": {"type": "Point", "coordinates": [10.4035622, 12.6306593]}}, {"type": "Feature", "properties": {"name": null, "name:en": null, "amenity": "school", "building": null, "operator:type": null, "capacity:persons": null, "addr:full": null, "addr:city": null, "source": "nigeriase4all.gov.ng", "osm_id": 10173511165, "osm_type": "nodes", "Analysis_Region": "North East"}, "geometry": {"type": "Point", "coordinates": [10.4016402, 12.6325435]}}, {"type": "Feature", "properties": {"name": "Senete chamber Gombe state University", "name:en": null, "amenity": "school", "building": null, "operator:type": null, "capacity:persons": null, "addr:full": null, "addr:city": null, "source": null, "osm_id": 11227184737, "osm_type": "nodes", "Analysis_Region": "North East"}, "geometry": {"type": "Point", "coordinates": [11.172811, 10.3032487]}}, {"type": "Feature", "properties": {"name": "kwadon primary school", "name:en": null, "amenity": "school", "building": null, "operator:type": null, "capacity:persons": null, "addr:full": null, "addr:city": null, "source": null, "osm_id": 11225448142, "osm_type": "nodes", "Analysis_Region": "North East"}, "geometry": {"type": "Point", "coordinates": [11.2869887, 10.2763107]}}, {"type": "Feature", "properties": {"name": "Government day senior secondary school herwagana", "name:en": null, "amenity": "school", "building": null, "operator:type": null, "capacity:persons": null, "addr:full": null, "addr:city": null, "source": null, "osm_id": 11225303837, "osm_type": "nodes", "Analysis_Region": "North East"}, "geometry": {"type": "Point", "coordinates": [11.1769632, 10.2846031]}}, {"type": "Feature", "properties": {"name": "madarasatul Alaramma malan gambo littah fizzul Quran", "name:en": null, "amenity": "school", "building": null, "operator:type": null, "capacity:persons": null, "addr:full": null, "addr:city": null, "source": null, "osm_id": 11225843737, "osm_type": "nodes", "Analysis_Region": "North East"}, "geometry": {"type": "Point", "coordinates": [11.1585283, 10.2889848]}}, {"type": "Feature", "properties": {"name": "science 2", "name:en": null, "amenity": "school", "building": null, "operator:type": null, "capacity:persons": null, "addr:full": null, "addr:city": null, "source": null, "osm_id": 11225818938, "osm_type": "nodes", "Analysis_Region": "North East"}, "geometry": {"type": "Point", "coordinates": [11.1561736, 10.2881572]}}, {"type": "Feature", "properties": {"name": null, "name:en": null, "amenity": "kindergarten", "building": null, "operator:type": null, "capacity:persons": null, "addr:full": null, "addr:city": null, "source": "nigeriase4all.gov.ng", "osm_id": 10209537754, "osm_type": "nodes", "Analysis_Region": "North West"}, "geometry": {"type": "Point", "coordinates": [8.1201929, 8.0150283]}}, {"type": "Feature", "properties": {"name": "lecture theatre B", "name:en": null, "amenity": "school", "building": null, "operator:type": null, "capacity:persons": null, "addr:full": null, "addr:city": null, "source": null, "osm_id": 11224620638, "osm_type": "nodes", "Analysis_Region": "North East"}, "geometry": {"type": "Point", "coordinates": [11.1755722, 10.3052343]}}, {"type": "Feature", "properties": {"name": "ETF-CERC GOMBE Admin block comprence room 2", "name:en": null, "amenity": "school", "building": null, "operator:type": null, "capacity:persons": null, "addr:full": null, "addr:city": null, "source": null, "osm_id": 11212317038, "osm_type": "nodes", "Analysis_Region": "North East"}, "geometry": {"type": "Point", "coordinates": [11.1601498, 10.3035436]}}, {"type": "Feature", "properties": {"name": "Geology Visiting lecturers Office", "name:en": null, "amenity": "school", "building": null, "operator:type": null, "capacity:persons": null, "addr:full": null, "addr:city": null, "source": null, "osm_id": 11224637937, "osm_type": "nodes", "Analysis_Region": "North East"}, "geometry": {"type": "Point", "coordinates": [11.175387, 10.3048491]}}, {"type": "Feature", "properties": {"name": "lecture theatre A", "name:en": null, "amenity": "school", "building": null, "operator:type": null, "capacity:persons": null, "addr:full": null, "addr:city": null, "source": null, "osm_id": 11224637938, "osm_type": "nodes", "Analysis_Region": "North East"}, "geometry": {"type": "Point", "coordinates": [11.1757338, 10.3052008]}}, {"type": "Feature", "properties": {"name": "male Rest Room", "name:en": null, "amenity": "school", "building": null, "operator:type": null, "capacity:persons": null, "addr:full": null, "addr:city": null, "source": null, "osm_id": 11224653238, "osm_type": "nodes", "Analysis_Region": "North East"}, "geometry": {"type": "Point", "coordinates": [11.1754084, 10.3059392]}}, {"type": "Feature", "properties": {"name": "Divine Grace Schools", "name:en": null, "amenity": "school", "building": null, "operator:type": "private", "capacity:persons": null, "addr:full": null, "addr:city": null, "source": "local knowledge", "osm_id": 11217304402, "osm_type": "nodes", "Analysis_Region": "North West"}, "geometry": {"type": "Point", "coordinates": [8.9172406, 9.9365122]}}, {"type": "Feature", "properties": {"name": "Royal Heritage Academy", "name:en": null, "amenity": "school", "building": null, "operator:type": "private", "capacity:persons": null, "addr:full": null, "addr:city": null, "source": "local knowledge", "osm_id": 11217304403, "osm_type": "nodes", "Analysis_Region": "North West"}, "geometry": {"type": "Point", "coordinates": [8.917412, 9.9359714]}}, {"type": "Feature", "properties": {"name": "Jauro Tudun Wada Primary School", "name:en": null, "amenity": "school", "building": null, "operator:type": "government", "capacity:persons": null, "addr:full": null, "addr:city": null, "source": null, "osm_id": 12462985092, "osm_type": "nodes", "Analysis_Region": "North East"}, "geometry": {"type": "Point", "coordinates": [11.1710844, 10.3004571]}}, {"type": "Feature", "properties": {"name": "Nogohom Community Primary School", "name:en": null, "amenity": "school", "building": null, "operator:type": "government", "capacity:persons": null, "addr:full": null, "addr:city": null, "source": null, "osm_id": 12870689747, "osm_type": "nodes", "Analysis_Region": "North West"}, "geometry": {"type": "Point", "coordinates": [8.933102, 9.9617691]}}, {"type": "Feature", "properties": {"name": null, "name:en": null, "amenity": "school", "building": null, "operator:type": null, "capacity:persons": null, "addr:full": null, "addr:city": null, "source": "nigeriase4all.gov.ng", "osm_id": 10126360366, "osm_type": "nodes", "Analysis_Region": "North West"}, "geometry": {"type": "Point", "coordinates": [8.8011442, 8.693396]}}, {"type": "Feature", "properties": {"name": null, "name:en": null, "amenity": "school", "building": null, "operator:type": null, "capacity:persons": null, "addr:full": null, "addr:city": null, "source": "nigeriase4all.gov.ng", "osm_id": 10126360381, "osm_type": "nodes", "Analysis_Region": "North West"}, "geometry": {"type": "Point", "coordinates": [8.8074932, 8.6881194]}}, {"type": "Feature", "properties": {"name": null, "name:en": null, "amenity": "school", "building": null, "operator:type": null, "capacity:persons": null, "addr:full": null, "addr:city": null, "source": "nigeriase4all.gov.ng", "osm_id": 10126360400, "osm_type": "nodes", "Analysis_Region": "North West"}, "geometry": {"type": "Point", "coordinates": [8.8098022, 8.6912249]}}, {"type": "Feature", "properties": {"name": null, "name:en": null, "amenity": "school", "building": null, "operator:type": null, "capacity:persons": null, "addr:full": null, "addr:city": null, "source": "nigeriase4all.gov.ng", "osm_id": 10126418810, "osm_type": "nodes", "Analysis_Region": "North West"}, "geometry": {"type": "Point", "coordinates": [8.7562301, 8.7468342]}}, {"type": "Feature", "properties": {"name": null, "name:en": null, "amenity": "school", "building": null, "operator:type": null, "capacity:persons": null, "addr:full": null, "addr:city": null, "source": "nigeriase4all.gov.ng", "osm_id": 10126428220, "osm_type": "nodes", "Analysis_Region": "North West"}, "geometry": {"type": "Point", "coordinates": [8.7566883, 8.7450483]}}, {"type": "Feature", "properties": {"name": null, "name:en": null, "amenity": "school", "building": null, "operator:type": null, "capacity:persons": null, "addr:full": null, "addr:city": null, "source": "nigeriase4all.gov.ng", "osm_id": 10126422779, "osm_type": "nodes", "Analysis_Region": "North West"}, "geometry": {"type": "Point", "coordinates": [8.2632195, 8.1462945]}}, {"type": "Feature", "properties": {"name": null, "name:en": null, "amenity": "school", "building": null, "operator:type": null, "capacity:persons": null, "addr:full": null, "addr:city": null, "source": "nigeriase4all.gov.ng", "osm_id": 10126422770, "osm_type": "nodes", "Analysis_Region": "North West"}, "geometry": {"type": "Point", "coordinates": [8.2648088, 8.1450913]}}, {"type": "Feature", "properties": {"name": null, "name:en": null, "amenity": "school", "building": null, "operator:type": null, "capacity:persons": null, "addr:full": null, "addr:city": null, "source": "nigeriase4all.gov.ng", "osm_id": 10126085837, "osm_type": "nodes", "Analysis_Region": "North West"}, "geometry": {"type": "Point", "coordinates": [8.0577239, 7.9655437]}}, {"type": "Feature", "properties": {"name": null, "name:en": null, "amenity": "school", "building": null, "operator:type": null, "capacity:persons": null, "addr:full": null, "addr:city": null, "source": "nigeriase4all.gov.ng", "osm_id": 10125920368, "osm_type": "nodes", "Analysis_Region": "North East"}, "geometry": {"type": "Point", "coordinates": [9.1001444, 8.4359375]}}, {"type": "Feature", "properties": {"name": null, "name:en": null, "amenity": "school", "building": null, "operator:type": null, "capacity:persons": null, "addr:full": null, "addr:city": null, "source": "nigeriase4all.gov.ng", "osm_id": 10125920373, "osm_type": "nodes", "Analysis_Region": "North East"}, "geometry": {"type": "Point", "coordinates": [9.0997796, 8.4357322]}}, {"type": "Feature", "properties": {"name": null, "name:en": null, "amenity": "school", "building": null, "operator:type": null, "capacity:persons": null, "addr:full": null, "addr:city": null, "source": "nigeriase4all.gov.ng", "osm_id": 10125920377, "osm_type": "nodes", "Analysis_Region": "North East"}, "geometry": {"type": "Point", "coordinates": [9.0996769, 8.4350255]}}, {"type": "Feature", "properties": {"name": null, "name:en": null, "amenity": "school", "building": null, "operator:type": null, "capacity:persons": null, "addr:full": null, "addr:city": null, "source": "nigeriase4all.gov.ng", "osm_id": 10115726942, "osm_type": "nodes", "Analysis_Region": "North West"}, "geometry": {"type": "Point", "coordinates": [3.6609504, 8.5149695]}}, {"type": "Feature", "properties": {"name": null, "name:en": null, "amenity": "school", "building": null, "operator:type": null, "capacity:persons": null, "addr:full": null, "addr:city": null, "source": "nigeriase4all.gov.ng", "osm_id": 10101405743, "osm_type": "nodes", "Analysis_Region": "North East"}, "geometry": {"type": "Point", "coordinates": [10.2290636, 9.5334988]}}, {"type": "Feature", "properties": {"name": null, "name:en": null, "amenity": "school", "building": null, "operator:type": null, "capacity:persons": null, "addr:full": null, "addr:city": null, "source": "nigeriase4all.gov.ng", "osm_id": 10101405764, "osm_type": "nodes", "Analysis_Region": "North East"}, "geometry": {"type": "Point", "coordinates": [10.2288923, 9.5335953]}}, {"type": "Feature", "properties": {"name": null, "name:en": null, "amenity": "school", "building": null, "operator:type": null, "capacity:persons": null, "addr:full": null, "addr:city": null, "source": "nigeriase4all.gov.ng", "osm_id": 10101430445, "osm_type": "nodes", "Analysis_Region": "North West"}, "geometry": {"type": "Point", "coordinates": [8.8708885, 9.1239106]}}, {"type": "Feature", "properties": {"name": null, "name:en": null, "amenity": "school", "building": null, "operator:type": null, "capacity:persons": null, "addr:full": null, "addr:city": null, "source": "nigeriase4all.gov.ng", "osm_id": 10101429928, "osm_type": "nodes", "Analysis_Region": "North East"}, "geometry": {"type": "Point", "coordinates": [9.1204865, 9.3097734]}}, {"type": "Feature", "properties": {"name": null, "name:en": null, "amenity": "school", "building": null, "operator:type": null, "capacity:persons": null, "addr:full": null, "addr:city": null, "source": "nigeriase4all.gov.ng", "osm_id": 10101429930, "osm_type": "nodes", "Analysis_Region": "North East"}, "geometry": {"type": "Point", "coordinates": [9.1202731, 9.3098935]}}, {"type": "Feature", "properties": {"name": null, "name:en": null, "amenity": "school", "building": null, "operator:type": null, "capacity:persons": null, "addr:full": null, "addr:city": null, "source": "nigeriase4all.gov.ng", "osm_id": 10101429934, "osm_type": "nodes", "Analysis_Region": "North East"}, "geometry": {"type": "Point", "coordinates": [9.1191127, 9.3073684]}}, {"type": "Feature", "properties": {"name": null, "name:en": null, "amenity": "school", "building": null, "operator:type": null, "capacity:persons": null, "addr:full": null, "addr:city": null, "source": "nigeriase4all.gov.ng", "osm_id": 10101419703, "osm_type": "nodes", "Analysis_Region": "North East"}, "geometry": {"type": "Point", "coordinates": [9.1086477, 9.3906482]}}, {"type": "Feature", "properties": {"name": null, "name:en": null, "amenity": "school", "building": null, "operator:type": null, "capacity:persons": null, "addr:full": null, "addr:city": null, "source": "nigeriase4all.gov.ng", "osm_id": 10101429941, "osm_type": "nodes", "Analysis_Region": "North East"}, "geometry": {"type": "Point", "coordinates": [9.1378115, 8.5527939]}}, {"type": "Feature", "properties": {"name": null, "name:en": null, "amenity": "school", "building": null, "operator:type": null, "capacity:persons": null, "addr:full": null, "addr:city": null, "source": "nigeriase4all.gov.ng", "osm_id": 10101429957, "osm_type": "nodes", "Analysis_Region": "North East"}, "geometry": {"type": "Point", "coordinates": [9.1379726, 8.5520897]}}, {"type": "Feature", "properties": {"name": null, "name:en": null, "amenity": "school", "building": null, "operator:type": null, "capacity:persons": null, "addr:full": null, "addr:city": null, "source": "nigeriase4all.gov.ng", "osm_id": 10101429958, "osm_type": "nodes", "Analysis_Region": "North East"}, "geometry": {"type": "Point", "coordinates": [9.1364463, 8.5491753]}}, {"type": "Feature", "properties": {"name": null, "name:en": null, "amenity": "school", "building": null, "operator:type": null, "capacity:persons": null, "addr:full": null, "addr:city": null, "source": "nigeriase4all.gov.ng", "osm_id": 10101429990, "osm_type": "nodes", "Analysis_Region": "North East"}, "geometry": {"type": "Point", "coordinates": [9.1353654, 8.5502196]}}, {"type": "Feature", "properties": {"name": null, "name:en": null, "amenity": "school", "building": null, "operator:type": null, "capacity:persons": null, "addr:full": null, "addr:city": null, "source": "nigeriase4all.gov.ng", "osm_id": 10101428812, "osm_type": "nodes", "Analysis_Region": "North East"}, "geometry": {"type": "Point", "coordinates": [9.0859426, 9.6760025]}}, {"type": "Feature", "properties": {"name": null, "name:en": null, "amenity": "school", "building": null, "operator:type": null, "capacity:persons": null, "addr:full": null, "addr:city": null, "source": "nigeriase4all.gov.ng", "osm_id": 10091989501, "osm_type": "nodes", "Analysis_Region": "North East"}, "geometry": {"type": "Point", "coordinates": [9.0917179, 9.2875161]}}, {"type": "Feature", "properties": {"name": null, "name:en": null, "amenity": "school", "building": null, "operator:type": null, "capacity:persons": null, "addr:full": null, "addr:city": null, "source": "nigeriase4all.gov.ng", "osm_id": 10126360346, "osm_type": "nodes", "Analysis_Region": "North West"}, "geometry": {"type": "Point", "coordinates": [8.8095066, 8.6905301]}}, {"type": "Feature", "properties": {"name": null, "name:en": null, "amenity": "school", "building": null, "operator:type": null, "capacity:persons": null, "addr:full": null, "addr:city": null, "source": "nigeriase4all.gov.ng", "osm_id": 10126360319, "osm_type": "nodes", "Analysis_Region": "North West"}, "geometry": {"type": "Point", "coordinates": [8.7991144, 8.6927655]}}, {"type": "Feature", "properties": {"name": null, "name:en": null, "amenity": "school", "building": null, "operator:type": null, "capacity:persons": null, "addr:full": null, "addr:city": null, "source": "nigeriase4all.gov.ng", "osm_id": 10126378557, "osm_type": "nodes", "Analysis_Region": "North West"}, "geometry": {"type": "Point", "coordinates": [8.7644301, 8.6790855]}}, {"type": "Feature", "properties": {"name": null, "name:en": null, "amenity": "school", "building": null, "operator:type": null, "capacity:persons": null, "addr:full": null, "addr:city": null, "source": "nigeriase4all.gov.ng", "osm_id": 10126378562, "osm_type": "nodes", "Analysis_Region": "North West"}, "geometry": {"type": "Point", "coordinates": [8.7646876, 8.6806481]}}, {"type": "Feature", "properties": {"name": null, "name:en": null, "amenity": "school", "building": null, "operator:type": null, "capacity:persons": null, "addr:full": null, "addr:city": null, "source": "nigeriase4all.gov.ng", "osm_id": 10126378569, "osm_type": "nodes", "Analysis_Region": "North West"}, "geometry": {"type": "Point", "coordinates": [8.7647724, 8.6779661]}}, {"type": "Feature", "properties": {"name": null, "name:en": null, "amenity": "school", "building": null, "operator:type": null, "capacity:persons": null, "addr:full": null, "addr:city": null, "source": "nigeriase4all.gov.ng", "osm_id": 10126220898, "osm_type": "nodes", "Analysis_Region": "North West"}, "geometry": {"type": "Point", "coordinates": [8.2361788, 8.4317967]}}, {"type": "Feature", "properties": {"name": null, "name:en": null, "amenity": "school", "building": null, "operator:type": null, "capacity:persons": null, "addr:full": null, "addr:city": null, "source": "nigeriase4all.gov.ng", "osm_id": 10126220899, "osm_type": "nodes", "Analysis_Region": "North West"}, "geometry": {"type": "Point", "coordinates": [8.2390028, 8.4322782]}}, {"type": "Feature", "properties": {"name": null, "name:en": null, "amenity": "school", "building": null, "operator:type": null, "capacity:persons": null, "addr:full": null, "addr:city": null, "source": "nigeriase4all.gov.ng", "osm_id": 10126221319, "osm_type": "nodes", "Analysis_Region": "North West"}, "geometry": {"type": "Point", "coordinates": [8.236993, 8.4313318]}}, {"type": "Feature", "properties": {"name": null, "name:en": null, "amenity": "school", "building": null, "operator:type": null, "capacity:persons": null, "addr:full": null, "addr:city": null, "source": "nigeriase4all.gov.ng", "osm_id": 10126221324, "osm_type": "nodes", "Analysis_Region": "North West"}, "geometry": {"type": "Point", "coordinates": [8.2373884, 8.4326811]}}, {"type": "Feature", "properties": {"name": null, "name:en": null, "amenity": "school", "building": null, "operator:type": null, "capacity:persons": null, "addr:full": null, "addr:city": null, "source": "nigeriase4all.gov.ng", "osm_id": 10126221327, "osm_type": "nodes", "Analysis_Region": "North West"}, "geometry": {"type": "Point", "coordinates": [8.2385926, 8.4324967]}}, {"type": "Feature", "properties": {"name": null, "name:en": null, "amenity": "school", "building": null, "operator:type": null, "capacity:persons": null, "addr:full": null, "addr:city": null, "source": "nigeriase4all.gov.ng", "osm_id": 10126191211, "osm_type": "nodes", "Analysis_Region": "North West"}, "geometry": {"type": "Point", "coordinates": [8.3161509, 8.5248071]}}, {"type": "Feature", "properties": {"name": null, "name:en": null, "amenity": "school", "building": null, "operator:type": null, "capacity:persons": null, "addr:full": null, "addr:city": null, "source": "nigeriase4all.gov.ng", "osm_id": 10126333823, "osm_type": "nodes", "Analysis_Region": "North West"}, "geometry": {"type": "Point", "coordinates": [8.6792296, 8.6314676]}}, {"type": "Feature", "properties": {"name": null, "name:en": null, "amenity": "school", "building": null, "operator:type": null, "capacity:persons": null, "addr:full": null, "addr:city": null, "source": "nigeriase4all.gov.ng", "osm_id": 10126204792, "osm_type": "nodes", "Analysis_Region": "North East"}, "geometry": {"type": "Point", "coordinates": [9.1128613, 8.3978452]}}, {"type": "Feature", "properties": {"name": null, "name:en": null, "amenity": "school", "building": null, "operator:type": null, "capacity:persons": null, "addr:full": null, "addr:city": null, "source": "nigeriase4all.gov.ng", "osm_id": 10126219656, "osm_type": "nodes", "Analysis_Region": "North East"}, "geometry": {"type": "Point", "coordinates": [9.0616734, 8.4318137]}}, {"type": "Feature", "properties": {"name": null, "name:en": null, "amenity": "school", "building": null, "operator:type": null, "capacity:persons": null, "addr:full": null, "addr:city": null, "source": "nigeriase4all.gov.ng", "osm_id": 10126219658, "osm_type": "nodes", "Analysis_Region": "North East"}, "geometry": {"type": "Point", "coordinates": [9.0613447, 8.4317224]}}, {"type": "Feature", "properties": {"name": null, "name:en": null, "amenity": "school", "building": null, "operator:type": null, "capacity:persons": null, "addr:full": null, "addr:city": null, "source": "nigeriase4all.gov.ng", "osm_id": 10126297476, "osm_type": "nodes", "Analysis_Region": "North West"}, "geometry": {"type": "Point", "coordinates": [8.7369832, 8.692979]}}, {"type": "Feature", "properties": {"name": null, "name:en": null, "amenity": "school", "building": null, "operator:type": null, "capacity:persons": null, "addr:full": null, "addr:city": null, "source": "nigeriase4all.gov.ng", "osm_id": 10092010539, "osm_type": "nodes", "Analysis_Region": "North East"}, "geometry": {"type": "Point", "coordinates": [9.0042693, 9.6797951]}}, {"type": "Feature", "properties": {"name": null, "name:en": null, "amenity": "school", "building": null, "operator:type": null, "capacity:persons": null, "addr:full": null, "addr:city": null, "source": "nigeriase4all.gov.ng", "osm_id": 10126075046, "osm_type": "nodes", "Analysis_Region": "North West"}, "geometry": {"type": "Point", "coordinates": [8.0759564, 7.9383479]}}, {"type": "Feature", "properties": {"name": null, "name:en": null, "amenity": "school", "building": null, "operator:type": null, "capacity:persons": null, "addr:full": null, "addr:city": null, "source": "nigeriase4all.gov.ng", "osm_id": 10126075054, "osm_type": "nodes", "Analysis_Region": "North West"}, "geometry": {"type": "Point", "coordinates": [8.0747488, 7.9471849]}}, {"type": "Feature", "properties": {"name": null, "name:en": null, "amenity": "school", "building": null, "operator:type": null, "capacity:persons": null, "addr:full": null, "addr:city": null, "source": "nigeriase4all.gov.ng", "osm_id": 10092010573, "osm_type": "nodes", "Analysis_Region": "North East"}, "geometry": {"type": "Point", "coordinates": [9.0034025, 9.6735151]}}, {"type": "Feature", "properties": {"name": null, "name:en": null, "amenity": "school", "building": null, "operator:type": null, "capacity:persons": null, "addr:full": null, "addr:city": null, "source": "nigeriase4all.gov.ng", "osm_id": 10092010649, "osm_type": "nodes", "Analysis_Region": "North East"}, "geometry": {"type": "Point", "coordinates": [9.0028857, 9.6731129]}}, {"type": "Feature", "properties": {"name": null, "name:en": null, "amenity": "school", "building": null, "operator:type": null, "capacity:persons": null, "addr:full": null, "addr:city": null, "source": "nigeriase4all.gov.ng", "osm_id": 10092010682, "osm_type": "nodes", "Analysis_Region": "North East"}, "geometry": {"type": "Point", "coordinates": [9.0035984, 9.6767457]}}, {"type": "Feature", "properties": {"name": null, "name:en": null, "amenity": "school", "building": null, "operator:type": null, "capacity:persons": null, "addr:full": null, "addr:city": null, "source": "nigeriase4all.gov.ng", "osm_id": 10092008949, "osm_type": "nodes", "Analysis_Region": "North East"}, "geometry": {"type": "Point", "coordinates": [9.0609147, 9.661519]}}, {"type": "Feature", "properties": {"name": null, "name:en": null, "amenity": "school", "building": null, "operator:type": null, "capacity:persons": null, "addr:full": null, "addr:city": null, "source": "nigeriase4all.gov.ng", "osm_id": 10092008992, "osm_type": "nodes", "Analysis_Region": "North East"}, "geometry": {"type": "Point", "coordinates": [9.0614552, 9.6641263]}}, {"type": "Feature", "properties": {"name": null, "name:en": null, "amenity": "school", "building": null, "operator:type": null, "capacity:persons": null, "addr:full": null, "addr:city": null, "source": "nigeriase4all.gov.ng", "osm_id": 10092010650, "osm_type": "nodes", "Analysis_Region": "North East"}, "geometry": {"type": "Point", "coordinates": [9.0074374, 9.6738523]}}, {"type": "Feature", "properties": {"name": null, "name:en": null, "amenity": "school", "building": null, "operator:type": null, "capacity:persons": null, "addr:full": null, "addr:city": null, "source": "nigeriase4all.gov.ng", "osm_id": 10092010687, "osm_type": "nodes", "Analysis_Region": "North East"}, "geometry": {"type": "Point", "coordinates": [9.0033372, 9.6730191]}}, {"type": "Feature", "properties": {"name": null, "name:en": null, "amenity": "school", "building": null, "operator:type": null, "capacity:persons": null, "addr:full": null, "addr:city": null, "source": "nigeriase4all.gov.ng", "osm_id": 10091990378, "osm_type": "nodes", "Analysis_Region": "North East"}, "geometry": {"type": "Point", "coordinates": [10.2203946, 9.4660033]}}, {"type": "Feature", "properties": {"name": null, "name:en": null, "amenity": "school", "building": null, "operator:type": null, "capacity:persons": null, "addr:full": null, "addr:city": null, "source": "nigeriase4all.gov.ng", "osm_id": 10091989431, "osm_type": "nodes", "Analysis_Region": "North East"}, "geometry": {"type": "Point", "coordinates": [10.1705885, 9.4825819]}}, {"type": "Feature", "properties": {"name": null, "name:en": null, "amenity": "school", "building": null, "operator:type": null, "capacity:persons": null, "addr:full": null, "addr:city": null, "source": "nigeriase4all.gov.ng", "osm_id": 10091994686, "osm_type": "nodes", "Analysis_Region": "North East"}, "geometry": {"type": "Point", "coordinates": [10.0951509, 9.4990272]}}, {"type": "Feature", "properties": {"name": null, "name:en": null, "amenity": "school", "building": null, "operator:type": null, "capacity:persons": null, "addr:full": null, "addr:city": null, "source": "nigeriase4all.gov.ng", "osm_id": 10091994692, "osm_type": "nodes", "Analysis_Region": "North East"}, "geometry": {"type": "Point", "coordinates": [10.0916929, 9.4956127]}}, {"type": "Feature", "properties": {"name": null, "name:en": null, "amenity": "school", "building": null, "operator:type": null, "capacity:persons": null, "addr:full": null, "addr:city": null, "source": "nigeriase4all.gov.ng", "osm_id": 10091990541, "osm_type": "nodes", "Analysis_Region": "North East"}, "geometry": {"type": "Point", "coordinates": [10.1006492, 9.4782416]}}, {"type": "Feature", "properties": {"name": null, "name:en": null, "amenity": "school", "building": null, "operator:type": null, "capacity:persons": null, "addr:full": null, "addr:city": null, "source": "nigeriase4all.gov.ng", "osm_id": 10091996868, "osm_type": "nodes", "Analysis_Region": "North West"}, "geometry": {"type": "Point", "coordinates": [8.9829548, 8.643462]}}, {"type": "Feature", "properties": {"name": null, "name:en": null, "amenity": "school", "building": null, "operator:type": null, "capacity:persons": null, "addr:full": null, "addr:city": null, "source": "nigeriase4all.gov.ng", "osm_id": 10091996895, "osm_type": "nodes", "Analysis_Region": "North West"}, "geometry": {"type": "Point", "coordinates": [8.9831017, 8.6433921]}}, {"type": "Feature", "properties": {"name": null, "name:en": null, "amenity": "school", "building": null, "operator:type": null, "capacity:persons": null, "addr:full": null, "addr:city": null, "source": "nigeriase4all.gov.ng", "osm_id": 10091996059, "osm_type": "nodes", "Analysis_Region": "North East"}, "geometry": {"type": "Point", "coordinates": [9.0745891, 9.6277227]}}, {"type": "Feature", "properties": {"name": null, "name:en": null, "amenity": "school", "building": null, "operator:type": null, "capacity:persons": null, "addr:full": null, "addr:city": null, "source": "nigeriase4all.gov.ng", "osm_id": 10091996061, "osm_type": "nodes", "Analysis_Region": "North East"}, "geometry": {"type": "Point", "coordinates": [9.0729087, 9.6264727]}}, {"type": "Feature", "properties": {"name": null, "name:en": null, "amenity": "school", "building": null, "operator:type": null, "capacity:persons": null, "addr:full": null, "addr:city": null, "source": "nigeriase4all.gov.ng", "osm_id": 10092008971, "osm_type": "nodes", "Analysis_Region": "North East"}, "geometry": {"type": "Point", "coordinates": [9.0649672, 9.6629848]}}, {"type": "Feature", "properties": {"name": null, "name:en": null, "amenity": "school", "building": null, "operator:type": null, "capacity:persons": null, "addr:full": null, "addr:city": null, "source": "nigeriase4all.gov.ng", "osm_id": 10091942291, "osm_type": "nodes", "Analysis_Region": "North East"}, "geometry": {"type": "Point", "coordinates": [9.1373139, 9.3479074]}}, {"type": "Feature", "properties": {"name": null, "name:en": null, "amenity": "school", "building": null, "operator:type": null, "capacity:persons": null, "addr:full": null, "addr:city": null, "source": "nigeriase4all.gov.ng", "osm_id": 10091989301, "osm_type": "nodes", "Analysis_Region": "North East"}, "geometry": {"type": "Point", "coordinates": [10.2203079, 9.4677078]}}, {"type": "Feature", "properties": {"name": null, "name:en": null, "amenity": "school", "building": null, "operator:type": null, "capacity:persons": null, "addr:full": null, "addr:city": null, "source": "nigeriase4all.gov.ng", "osm_id": 10091989449, "osm_type": "nodes", "Analysis_Region": "North East"}, "geometry": {"type": "Point", "coordinates": [10.1707703, 9.4826477]}}, {"type": "Feature", "properties": {"name": null, "name:en": null, "amenity": "school", "building": null, "operator:type": null, "capacity:persons": null, "addr:full": null, "addr:city": null, "source": "nigeriase4all.gov.ng", "osm_id": 10091994707, "osm_type": "nodes", "Analysis_Region": "North East"}, "geometry": {"type": "Point", "coordinates": [10.0959968, 9.4976349]}}, {"type": "Feature", "properties": {"name": null, "name:en": null, "amenity": "school", "building": null, "operator:type": null, "capacity:persons": null, "addr:full": null, "addr:city": null, "source": "nigeriase4all.gov.ng", "osm_id": 10091994708, "osm_type": "nodes", "Analysis_Region": "North East"}, "geometry": {"type": "Point", "coordinates": [10.0999274, 9.4999314]}}, {"type": "Feature", "properties": {"name": null, "name:en": null, "amenity": "school", "building": null, "operator:type": null, "capacity:persons": null, "addr:full": null, "addr:city": null, "source": "nigeriase4all.gov.ng", "osm_id": 10091999170, "osm_type": "nodes", "Analysis_Region": "North West"}, "geometry": {"type": "Point", "coordinates": [8.9631244, 8.6350453]}}, {"type": "Feature", "properties": {"name": null, "name:en": null, "amenity": "school", "building": null, "operator:type": null, "capacity:persons": null, "addr:full": null, "addr:city": null, "source": "nigeriase4all.gov.ng", "osm_id": 10091990559, "osm_type": "nodes", "Analysis_Region": "North East"}, "geometry": {"type": "Point", "coordinates": [9.0012616, 8.5386974]}}, {"type": "Feature", "properties": {"name": null, "name:en": null, "amenity": "school", "building": null, "operator:type": null, "capacity:persons": null, "addr:full": null, "addr:city": null, "source": "nigeriase4all.gov.ng", "osm_id": 10091996046, "osm_type": "nodes", "Analysis_Region": "North East"}, "geometry": {"type": "Point", "coordinates": [9.0736989, 9.6259408]}}, {"type": "Feature", "properties": {"name": null, "name:en": null, "amenity": "school", "building": null, "operator:type": null, "capacity:persons": null, "addr:full": null, "addr:city": null, "source": "nigeriase4all.gov.ng", "osm_id": 10091990295, "osm_type": "nodes", "Analysis_Region": "North East"}, "geometry": {"type": "Point", "coordinates": [10.1448777, 9.4878266]}}, {"type": "Feature", "properties": {"name": null, "name:en": null, "amenity": "school", "building": null, "operator:type": null, "capacity:persons": null, "addr:full": null, "addr:city": null, "source": "nigeriase4all.gov.ng", "osm_id": 10092006933, "osm_type": "nodes", "Analysis_Region": "North East"}, "geometry": {"type": "Point", "coordinates": [9.1051593, 9.4343473]}}, {"type": "Feature", "properties": {"name": null, "name:en": null, "amenity": "school", "building": null, "operator:type": null, "capacity:persons": null, "addr:full": null, "addr:city": null, "source": "nigeriase4all.gov.ng", "osm_id": 10092007018, "osm_type": "nodes", "Analysis_Region": "North East"}, "geometry": {"type": "Point", "coordinates": [9.0983294, 9.4273311]}}, {"type": "Feature", "properties": {"name": null, "name:en": null, "amenity": "school", "building": null, "operator:type": null, "capacity:persons": null, "addr:full": null, "addr:city": null, "source": "nigeriase4all.gov.ng", "osm_id": 10092007045, "osm_type": "nodes", "Analysis_Region": "North East"}, "geometry": {"type": "Point", "coordinates": [9.0979179, 9.4260904]}}, {"type": "Feature", "properties": {"name": null, "name:en": null, "amenity": "school", "building": null, "operator:type": null, "capacity:persons": null, "addr:full": null, "addr:city": null, "source": "nigeriase4all.gov.ng", "osm_id": 10076507739, "osm_type": "nodes", "Analysis_Region": "North East"}, "geometry": {"type": "Point", "coordinates": [9.4433444, 12.1380797]}}, {"type": "Feature", "properties": {"name": null, "name:en": null, "amenity": "school", "building": null, "operator:type": null, "capacity:persons": null, "addr:full": null, "addr:city": null, "source": "nigeriase4all.gov.ng", "osm_id": 10076569192, "osm_type": "nodes", "Analysis_Region": "North West"}, "geometry": {"type": "Point", "coordinates": [8.9192558, 12.2822119]}}, {"type": "Feature", "properties": {"name": null, "name:en": null, "amenity": "kindergarten", "building": null, "operator:type": null, "capacity:persons": null, "addr:full": null, "addr:city": null, "source": "nigeriase4all.gov.ng", "osm_id": 10101405753, "osm_type": "nodes", "Analysis_Region": "North East"}, "geometry": {"type": "Point", "coordinates": [10.2288528, 9.53348]}}, {"type": "Feature", "properties": {"name": null, "name:en": null, "amenity": "kindergarten", "building": null, "operator:type": null, "capacity:persons": null, "addr:full": null, "addr:city": null, "source": "nigeriase4all.gov.ng", "osm_id": 10091971679, "osm_type": "nodes", "Analysis_Region": "North East"}, "geometry": {"type": "Point", "coordinates": [10.112936, 9.5038692]}}, {"type": "Feature", "properties": {"name": null, "name:en": null, "amenity": "school", "building": null, "operator:type": null, "capacity:persons": null, "addr:full": null, "addr:city": null, "source": "nigeriase4all.gov.ng", "osm_id": 10076569216, "osm_type": "nodes", "Analysis_Region": "North West"}, "geometry": {"type": "Point", "coordinates": [8.9188722, 12.2797185]}}, {"type": "Feature", "properties": {"name": null, "name:en": null, "amenity": "school", "building": null, "operator:type": null, "capacity:persons": null, "addr:full": null, "addr:city": null, "source": "nigeriase4all.gov.ng", "osm_id": 10076570283, "osm_type": "nodes", "Analysis_Region": "North West"}, "geometry": {"type": "Point", "coordinates": [8.9286107, 12.2266958]}}, {"type": "Feature", "properties": {"name": null, "name:en": null, "amenity": "school", "building": null, "operator:type": null, "capacity:persons": null, "addr:full": null, "addr:city": null, "source": "nigeriase4all.gov.ng", "osm_id": 10076570270, "osm_type": "nodes", "Analysis_Region": "North West"}, "geometry": {"type": "Point", "coordinates": [8.9291805, 12.2297333]}}, {"type": "Feature", "properties": {"name": null, "name:en": null, "amenity": "school", "building": null, "operator:type": null, "capacity:persons": null, "addr:full": null, "addr:city": null, "source": "nigeriase4all.gov.ng", "osm_id": 10056624754, "osm_type": "nodes", "Analysis_Region": "North West"}, "geometry": {"type": "Point", "coordinates": [8.0594195, 7.8684419]}}, {"type": "Feature", "properties": {"name": null, "name:en": null, "amenity": "school", "building": null, "operator:type": null, "capacity:persons": null, "addr:full": null, "addr:city": null, "source": "nigeriase4all.gov.ng", "osm_id": 10056624762, "osm_type": "nodes", "Analysis_Region": "North West"}, "geometry": {"type": "Point", "coordinates": [8.0568331, 7.8684738]}}, {"type": "Feature", "properties": {"name": null, "name:en": null, "amenity": "school", "building": null, "operator:type": null, "capacity:persons": null, "addr:full": null, "addr:city": null, "source": "nigeriase4all.gov.ng", "osm_id": 10056576279, "osm_type": "nodes", "Analysis_Region": "North West"}, "geometry": {"type": "Point", "coordinates": [7.9724208, 7.7309962]}}, {"type": "Feature", "properties": {"name": null, "name:en": null, "amenity": "school", "building": null, "operator:type": null, "capacity:persons": null, "addr:full": null, "addr:city": null, "source": "nigeriase4all.gov.ng", "osm_id": 10056576292, "osm_type": "nodes", "Analysis_Region": "North West"}, "geometry": {"type": "Point", "coordinates": [7.972171, 7.7314306]}}, {"type": "Feature", "properties": {"name": null, "name:en": null, "amenity": "school", "building": null, "operator:type": null, "capacity:persons": null, "addr:full": null, "addr:city": null, "source": "nigeriase4all.gov.ng", "osm_id": 10056631641, "osm_type": "nodes", "Analysis_Region": "North West"}, "geometry": {"type": "Point", "coordinates": [8.0479583, 7.8699733]}}, {"type": "Feature", "properties": {"name": null, "name:en": null, "amenity": "school", "building": null, "operator:type": null, "capacity:persons": null, "addr:full": null, "addr:city": null, "source": "nigeriase4all.gov.ng", "osm_id": 10056618788, "osm_type": "nodes", "Analysis_Region": "North West"}, "geometry": {"type": "Point", "coordinates": [7.9963056, 7.7598395]}}, {"type": "Feature", "properties": {"name": null, "name:en": null, "amenity": "school", "building": null, "operator:type": null, "capacity:persons": null, "addr:full": null, "addr:city": null, "source": "nigeriase4all.gov.ng", "osm_id": 10056627750, "osm_type": "nodes", "Analysis_Region": "North West"}, "geometry": {"type": "Point", "coordinates": [8.0330704, 7.7746834]}}, {"type": "Feature", "properties": {"name": null, "name:en": null, "amenity": "school", "building": null, "operator:type": null, "capacity:persons": null, "addr:full": null, "addr:city": null, "source": "nigeriase4all.gov.ng", "osm_id": 10056609536, "osm_type": "nodes", "Analysis_Region": "North West"}, "geometry": {"type": "Point", "coordinates": [8.0912883, 7.846345]}}, {"type": "Feature", "properties": {"name": null, "name:en": null, "amenity": "school", "building": null, "operator:type": null, "capacity:persons": null, "addr:full": null, "addr:city": null, "source": "nigeriase4all.gov.ng", "osm_id": 10056633867, "osm_type": "nodes", "Analysis_Region": "North West"}, "geometry": {"type": "Point", "coordinates": [8.0320656, 7.7936722]}}, {"type": "Feature", "properties": {"name": null, "name:en": null, "amenity": "school", "building": null, "operator:type": null, "capacity:persons": null, "addr:full": null, "addr:city": null, "source": "nigeriase4all.gov.ng", "osm_id": 10056633870, "osm_type": "nodes", "Analysis_Region": "North West"}, "geometry": {"type": "Point", "coordinates": [8.033896, 7.7934193]}}, {"type": "Feature", "properties": {"name": null, "name:en": null, "amenity": "school", "building": null, "operator:type": null, "capacity:persons": null, "addr:full": null, "addr:city": null, "source": "nigeriase4all.gov.ng", "osm_id": 10056613465, "osm_type": "nodes", "Analysis_Region": "North West"}, "geometry": {"type": "Point", "coordinates": [7.7457943, 7.5410819]}}, {"type": "Feature", "properties": {"name": null, "name:en": null, "amenity": "school", "building": null, "operator:type": null, "capacity:persons": null, "addr:full": null, "addr:city": null, "source": "nigeriase4all.gov.ng", "osm_id": 10056648923, "osm_type": "nodes", "Analysis_Region": "North West"}, "geometry": {"type": "Point", "coordinates": [7.7478177, 7.5468191]}}, {"type": "Feature", "properties": {"name": null, "name:en": null, "amenity": "school", "building": null, "operator:type": null, "capacity:persons": null, "addr:full": null, "addr:city": null, "source": "nigeriase4all.gov.ng", "osm_id": 10056620500, "osm_type": "nodes", "Analysis_Region": "North West"}, "geometry": {"type": "Point", "coordinates": [7.9987966, 7.7469957]}}, {"type": "Feature", "properties": {"name": null, "name:en": null, "amenity": "school", "building": null, "operator:type": null, "capacity:persons": null, "addr:full": null, "addr:city": null, "source": "nigeriase4all.gov.ng", "osm_id": 10056620516, "osm_type": "nodes", "Analysis_Region": "North West"}, "geometry": {"type": "Point", "coordinates": [7.9962085, 7.7427124]}}, {"type": "Feature", "properties": {"name": null, "name:en": null, "amenity": "school", "building": null, "operator:type": null, "capacity:persons": null, "addr:full": null, "addr:city": null, "source": "nigeriase4all.gov.ng", "osm_id": 10056650030, "osm_type": "nodes", "Analysis_Region": "North West"}, "geometry": {"type": "Point", "coordinates": [7.9986788, 7.7474751]}}, {"type": "Feature", "properties": {"name": null, "name:en": null, "amenity": "school", "building": null, "operator:type": null, "capacity:persons": null, "addr:full": null, "addr:city": null, "source": "nigeriase4all.gov.ng", "osm_id": 10056650039, "osm_type": "nodes", "Analysis_Region": "North West"}, "geometry": {"type": "Point", "coordinates": [7.9986942, 7.7489038]}}, {"type": "Feature", "properties": {"name": null, "name:en": null, "amenity": "school", "building": null, "operator:type": null, "capacity:persons": null, "addr:full": null, "addr:city": null, "source": "nigeriase4all.gov.ng", "osm_id": 10056650055, "osm_type": "nodes", "Analysis_Region": "North West"}, "geometry": {"type": "Point", "coordinates": [7.9956345, 7.7405846]}}, {"type": "Feature", "properties": {"name": null, "name:en": null, "amenity": "school", "building": null, "operator:type": null, "capacity:persons": null, "addr:full": null, "addr:city": null, "source": "nigeriase4all.gov.ng", "osm_id": 10056646711, "osm_type": "nodes", "Analysis_Region": "North West"}, "geometry": {"type": "Point", "coordinates": [7.792994, 7.6303159]}}, {"type": "Feature", "properties": {"name": null, "name:en": null, "amenity": "school", "building": null, "operator:type": null, "capacity:persons": null, "addr:full": null, "addr:city": null, "source": "nigeriase4all.gov.ng", "osm_id": 10056654826, "osm_type": "nodes", "Analysis_Region": "North West"}, "geometry": {"type": "Point", "coordinates": [7.7920666, 7.6284933]}}, {"type": "Feature", "properties": {"name": null, "name:en": null, "amenity": "school", "building": null, "operator:type": null, "capacity:persons": null, "addr:full": null, "addr:city": null, "source": "nigeriase4all.gov.ng", "osm_id": 10056643970, "osm_type": "nodes", "Analysis_Region": "North West"}, "geometry": {"type": "Point", "coordinates": [7.7653393, 7.7997291]}}, {"type": "Feature", "properties": {"name": null, "name:en": null, "amenity": "school", "building": null, "operator:type": null, "capacity:persons": null, "addr:full": null, "addr:city": null, "source": "nigeriase4all.gov.ng", "osm_id": 10056656220, "osm_type": "nodes", "Analysis_Region": "North West"}, "geometry": {"type": "Point", "coordinates": [7.7653514, 7.80007]}}, {"type": "Feature", "properties": {"name": null, "name:en": null, "amenity": "school", "building": null, "operator:type": null, "capacity:persons": null, "addr:full": null, "addr:city": null, "source": "nigeriase4all.gov.ng", "osm_id": 10056656227, "osm_type": "nodes", "Analysis_Region": "North West"}, "geometry": {"type": "Point", "coordinates": [7.7603695, 7.7930256]}}, {"type": "Feature", "properties": {"name": null, "name:en": null, "amenity": "school", "building": null, "operator:type": null, "capacity:persons": null, "addr:full": null, "addr:city": null, "source": "nigeriase4all.gov.ng", "osm_id": 10056650829, "osm_type": "nodes", "Analysis_Region": "North West"}, "geometry": {"type": "Point", "coordinates": [7.7551022, 7.6885747]}}, {"type": "Feature", "properties": {"name": null, "name:en": null, "amenity": "school", "building": null, "operator:type": null, "capacity:persons": null, "addr:full": null, "addr:city": null, "source": "nigeriase4all.gov.ng", "osm_id": 10056650837, "osm_type": "nodes", "Analysis_Region": "North West"}, "geometry": {"type": "Point", "coordinates": [7.7539139, 7.682621]}}, {"type": "Feature", "properties": {"name": null, "name:en": null, "amenity": "school", "building": null, "operator:type": null, "capacity:persons": null, "addr:full": null, "addr:city": null, "source": "nigeriase4all.gov.ng", "osm_id": 10056650848, "osm_type": "nodes", "Analysis_Region": "North West"}, "geometry": {"type": "Point", "coordinates": [7.7537437, 7.682036]}}, {"type": "Feature", "properties": {"name": null, "name:en": null, "amenity": "school", "building": null, "operator:type": null, "capacity:persons": null, "addr:full": null, "addr:city": null, "source": "nigeriase4all.gov.ng", "osm_id": 10056654731, "osm_type": "nodes", "Analysis_Region": "North West"}, "geometry": {"type": "Point", "coordinates": [7.6990595, 8.0030034]}}, {"type": "Feature", "properties": {"name": null, "name:en": null, "amenity": "school", "building": null, "operator:type": null, "capacity:persons": null, "addr:full": null, "addr:city": null, "source": "nigeriase4all.gov.ng", "osm_id": 10056653069, "osm_type": "nodes", "Analysis_Region": "North West"}, "geometry": {"type": "Point", "coordinates": [7.7984896, 7.5645317]}}, {"type": "Feature", "properties": {"name": null, "name:en": null, "amenity": "school", "building": null, "operator:type": null, "capacity:persons": null, "addr:full": null, "addr:city": null, "source": "nigeriase4all.gov.ng", "osm_id": 10056653079, "osm_type": "nodes", "Analysis_Region": "North West"}, "geometry": {"type": "Point", "coordinates": [7.7978755, 7.5639697]}}, {"type": "Feature", "properties": {"name": null, "name:en": null, "amenity": "school", "building": null, "operator:type": null, "capacity:persons": null, "addr:full": null, "addr:city": null, "source": "nigeriase4all.gov.ng", "osm_id": 10056652092, "osm_type": "nodes", "Analysis_Region": "North West"}, "geometry": {"type": "Point", "coordinates": [8.0925804, 7.8665953]}}, {"type": "Feature", "properties": {"name": null, "name:en": null, "amenity": "school", "building": null, "operator:type": null, "capacity:persons": null, "addr:full": null, "addr:city": null, "source": "nigeriase4all.gov.ng", "osm_id": 10056652110, "osm_type": "nodes", "Analysis_Region": "North West"}, "geometry": {"type": "Point", "coordinates": [8.0927851, 7.8672057]}}, {"type": "Feature", "properties": {"name": null, "name:en": null, "amenity": "school", "building": null, "operator:type": null, "capacity:persons": null, "addr:full": null, "addr:city": null, "source": "nigeriase4all.gov.ng", "osm_id": 10056660319, "osm_type": "nodes", "Analysis_Region": "North West"}, "geometry": {"type": "Point", "coordinates": [8.0926816, 7.8676319]}}, {"type": "Feature", "properties": {"name": null, "name:en": null, "amenity": "school", "building": null, "operator:type": null, "capacity:persons": null, "addr:full": null, "addr:city": null, "source": "nigeriase4all.gov.ng", "osm_id": 10056644660, "osm_type": "nodes", "Analysis_Region": "North West"}, "geometry": {"type": "Point", "coordinates": [8.0759181, 7.9106901]}}, {"type": "Feature", "properties": {"name": null, "name:en": null, "amenity": "school", "building": null, "operator:type": null, "capacity:persons": null, "addr:full": null, "addr:city": null, "source": "nigeriase4all.gov.ng", "osm_id": 10056644666, "osm_type": "nodes", "Analysis_Region": "North West"}, "geometry": {"type": "Point", "coordinates": [8.0776958, 7.9127345]}}, {"type": "Feature", "properties": {"name": null, "name:en": null, "amenity": "school", "building": null, "operator:type": null, "capacity:persons": null, "addr:full": null, "addr:city": null, "source": "nigeriase4all.gov.ng", "osm_id": 10056644667, "osm_type": "nodes", "Analysis_Region": "North West"}, "geometry": {"type": "Point", "coordinates": [8.0780568, 7.911766]}}, {"type": "Feature", "properties": {"name": null, "name:en": null, "amenity": "kindergarten", "building": null, "operator:type": null, "capacity:persons": null, "addr:full": null, "addr:city": null, "source": "nigeriase4all.gov.ng", "osm_id": 10064171036, "osm_type": "nodes", "Analysis_Region": "North East"}, "geometry": {"type": "Point", "coordinates": [9.8218938, 7.5678327]}}, {"type": "Feature", "properties": {"name": null, "name:en": null, "amenity": "kindergarten", "building": null, "operator:type": null, "capacity:persons": null, "addr:full": null, "addr:city": null, "source": "nigeriase4all.gov.ng", "osm_id": 10056618809, "osm_type": "nodes", "Analysis_Region": "North West"}, "geometry": {"type": "Point", "coordinates": [7.9955589, 7.7599507]}}, {"type": "Feature", "properties": {"name": null, "name:en": null, "amenity": "kindergarten", "building": null, "operator:type": null, "capacity:persons": null, "addr:full": null, "addr:city": null, "source": "nigeriase4all.gov.ng", "osm_id": 10056648924, "osm_type": "nodes", "Analysis_Region": "North West"}, "geometry": {"type": "Point", "coordinates": [7.7454411, 7.5470879]}}, {"type": "Feature", "properties": {"name": null, "name:en": null, "amenity": "school", "building": null, "operator:type": null, "capacity:persons": null, "addr:full": null, "addr:city": null, "source": "nigeriase4all.gov.ng", "osm_id": 10042314965, "osm_type": "nodes", "Analysis_Region": "North East"}, "geometry": {"type": "Point", "coordinates": [9.6451391, 11.6747569]}}, {"type": "Feature", "properties": {"name": null, "name:en": null, "amenity": "school", "building": null, "operator:type": null, "capacity:persons": null, "addr:full": null, "addr:city": null, "source": "nigeriase4all.gov.ng", "osm_id": 10042309564, "osm_type": "nodes", "Analysis_Region": "North East"}, "geometry": {"type": "Point", "coordinates": [9.5614133, 11.6755774]}}, {"type": "Feature", "properties": {"name": null, "name:en": null, "amenity": "school", "building": null, "operator:type": null, "capacity:persons": null, "addr:full": null, "addr:city": null, "source": "nigeriase4all.gov.ng", "osm_id": 10042281630, "osm_type": "nodes", "Analysis_Region": "North East"}, "geometry": {"type": "Point", "coordinates": [9.4458644, 11.390806]}}, {"type": "Feature", "properties": {"name": null, "name:en": null, "amenity": "school", "building": null, "operator:type": null, "capacity:persons": null, "addr:full": null, "addr:city": null, "source": "nigeriase4all.gov.ng", "osm_id": 10042281653, "osm_type": "nodes", "Analysis_Region": "North East"}, "geometry": {"type": "Point", "coordinates": [9.4442007, 11.39045]}}, {"type": "Feature", "properties": {"name": null, "name:en": null, "amenity": "school", "building": null, "operator:type": null, "capacity:persons": null, "addr:full": null, "addr:city": null, "source": "nigeriase4all.gov.ng", "osm_id": 10042298227, "osm_type": "nodes", "Analysis_Region": "North East"}, "geometry": {"type": "Point", "coordinates": [9.3750375, 11.4264533]}}, {"type": "Feature", "properties": {"name": null, "name:en": null, "amenity": "school", "building": null, "operator:type": null, "capacity:persons": null, "addr:full": null, "addr:city": null, "source": "nigeriase4all.gov.ng", "osm_id": 10091953312, "osm_type": "nodes", "Analysis_Region": "North East"}, "geometry": {"type": "Point", "coordinates": [9.1053265, 9.4354283]}}, {"type": "Feature", "properties": {"name": null, "name:en": null, "amenity": "school", "building": null, "operator:type": null, "capacity:persons": null, "addr:full": null, "addr:city": null, "source": "nigeriase4all.gov.ng", "osm_id": 10092006955, "osm_type": "nodes", "Analysis_Region": "North East"}, "geometry": {"type": "Point", "coordinates": [9.0924908, 9.4232434]}}, {"type": "Feature", "properties": {"name": null, "name:en": null, "amenity": "school", "building": null, "operator:type": null, "capacity:persons": null, "addr:full": null, "addr:city": null, "source": "nigeriase4all.gov.ng", "osm_id": 10092007000, "osm_type": "nodes", "Analysis_Region": "North East"}, "geometry": {"type": "Point", "coordinates": [9.099665, 9.4314158]}}, {"type": "Feature", "properties": {"name": null, "name:en": null, "amenity": "school", "building": null, "operator:type": null, "capacity:persons": null, "addr:full": null, "addr:city": null, "source": "nigeriase4all.gov.ng", "osm_id": 10092015330, "osm_type": "nodes", "Analysis_Region": "North East"}, "geometry": {"type": "Point", "coordinates": [10.3168818, 9.5005632]}}, {"type": "Feature", "properties": {"name": null, "name:en": null, "amenity": "school", "building": null, "operator:type": null, "capacity:persons": null, "addr:full": null, "addr:city": null, "source": "nigeriase4all.gov.ng", "osm_id": 10076563458, "osm_type": "nodes", "Analysis_Region": "North East"}, "geometry": {"type": "Point", "coordinates": [9.4419367, 12.138877]}}, {"type": "Feature", "properties": {"name": null, "name:en": null, "amenity": "school", "building": null, "operator:type": null, "capacity:persons": null, "addr:full": null, "addr:city": null, "source": "nigeriase4all.gov.ng", "osm_id": 10076563484, "osm_type": "nodes", "Analysis_Region": "North East"}, "geometry": {"type": "Point", "coordinates": [9.4427793, 12.1429356]}}, {"type": "Feature", "properties": {"name": null, "name:en": null, "amenity": "school", "building": null, "operator:type": null, "capacity:persons": null, "addr:full": null, "addr:city": null, "source": "nigeriase4all.gov.ng", "osm_id": 10076563494, "osm_type": "nodes", "Analysis_Region": "North East"}, "geometry": {"type": "Point", "coordinates": [9.4387172, 12.1412702]}}, {"type": "Feature", "properties": {"name": null, "name:en": null, "amenity": "school", "building": null, "operator:type": null, "capacity:persons": null, "addr:full": null, "addr:city": null, "source": "nigeriase4all.gov.ng", "osm_id": 10076563506, "osm_type": "nodes", "Analysis_Region": "North East"}, "geometry": {"type": "Point", "coordinates": [9.4417062, 12.1432556]}}, {"type": "Feature", "properties": {"name": null, "name:en": null, "amenity": "school", "building": null, "operator:type": null, "capacity:persons": null, "addr:full": null, "addr:city": null, "source": "nigeriase4all.gov.ng", "osm_id": 10076601740, "osm_type": "nodes", "Analysis_Region": "North West"}, "geometry": {"type": "Point", "coordinates": [8.916701, 12.283112]}}, {"type": "Feature", "properties": {"name": null, "name:en": null, "amenity": "school", "building": null, "operator:type": null, "capacity:persons": null, "addr:full": null, "addr:city": null, "source": "nigeriase4all.gov.ng", "osm_id": 10076617571, "osm_type": "nodes", "Analysis_Region": "North East"}, "geometry": {"type": "Point", "coordinates": [10.4832927, 12.6335338]}}, {"type": "Feature", "properties": {"name": null, "name:en": null, "amenity": "school", "building": null, "operator:type": null, "capacity:persons": null, "addr:full": null, "addr:city": null, "source": "nigeriase4all.gov.ng", "osm_id": 10076468665, "osm_type": "nodes", "Analysis_Region": "North East"}, "geometry": {"type": "Point", "coordinates": [9.4446283, 12.1290232]}}, {"type": "Feature", "properties": {"name": null, "name:en": null, "amenity": "school", "building": null, "operator:type": null, "capacity:persons": null, "addr:full": null, "addr:city": null, "source": "nigeriase4all.gov.ng", "osm_id": 10076468681, "osm_type": "nodes", "Analysis_Region": "North East"}, "geometry": {"type": "Point", "coordinates": [9.444738, 12.1319474]}}, {"type": "Feature", "properties": {"name": null, "name:en": null, "amenity": "school", "building": null, "operator:type": null, "capacity:persons": null, "addr:full": null, "addr:city": null, "source": "nigeriase4all.gov.ng", "osm_id": 10092007749, "osm_type": "nodes", "Analysis_Region": "North East"}, "geometry": {"type": "Point", "coordinates": [9.1535464, 9.6768842]}}, {"type": "Feature", "properties": {"name": null, "name:en": null, "amenity": "school", "building": null, "operator:type": null, "capacity:persons": null, "addr:full": null, "addr:city": null, "source": "nigeriase4all.gov.ng", "osm_id": 10092007752, "osm_type": "nodes", "Analysis_Region": "North East"}, "geometry": {"type": "Point", "coordinates": [9.1543051, 9.6805573]}}, {"type": "Feature", "properties": {"name": null, "name:en": null, "amenity": "school", "building": null, "operator:type": null, "capacity:persons": null, "addr:full": null, "addr:city": null, "source": "nigeriase4all.gov.ng", "osm_id": 10092007768, "osm_type": "nodes", "Analysis_Region": "North East"}, "geometry": {"type": "Point", "coordinates": [9.1513206, 9.678357]}}, {"type": "Feature", "properties": {"name": "Faith primary school", "name:en": null, "amenity": "school", "building": null, "operator:type": null, "capacity:persons": null, "addr:full": null, "addr:city": null, "source": null, "osm_id": 10031864124, "osm_type": "nodes", "Analysis_Region": "North West"}, "geometry": {"type": "Point", "coordinates": [8.8631103, 9.8980579]}}, {"type": "Feature", "properties": {"name": null, "name:en": null, "amenity": "school", "building": null, "operator:type": null, "capacity:persons": null, "addr:full": null, "addr:city": null, "source": "nigeriase4all.gov.ng", "osm_id": 10029591899, "osm_type": "nodes", "Analysis_Region": "North West"}, "geometry": {"type": "Point", "coordinates": [3.673251, 9.3194211]}}, {"type": "Feature", "properties": {"name": null, "name:en": null, "amenity": "school", "building": null, "operator:type": null, "capacity:persons": null, "addr:full": null, "addr:city": null, "source": "nigeriase4all.gov.ng", "osm_id": 10029621610, "osm_type": "nodes", "Analysis_Region": "North West"}, "geometry": {"type": "Point", "coordinates": [3.7226741, 9.244055]}}, {"type": "Feature", "properties": {"name": null, "name:en": null, "amenity": "school", "building": null, "operator:type": null, "capacity:persons": null, "addr:full": null, "addr:city": null, "source": "nigeriase4all.gov.ng", "osm_id": 10029591799, "osm_type": "nodes", "Analysis_Region": "North West"}, "geometry": {"type": "Point", "coordinates": [3.536297, 9.1820212]}}, {"type": "Feature", "properties": {"name": null, "name:en": null, "amenity": "school", "building": null, "operator:type": null, "capacity:persons": null, "addr:full": null, "addr:city": null, "source": "nigeriase4all.gov.ng", "osm_id": 10029591808, "osm_type": "nodes", "Analysis_Region": "North West"}, "geometry": {"type": "Point", "coordinates": [3.5329261, 9.1882778]}}, {"type": "Feature", "properties": {"name": null, "name:en": null, "amenity": "school", "building": null, "operator:type": null, "capacity:persons": null, "addr:full": null, "addr:city": null, "source": "nigeriase4all.gov.ng", "osm_id": 10029621395, "osm_type": "nodes", "Analysis_Region": "North West"}, "geometry": {"type": "Point", "coordinates": [3.5333803, 9.0800909]}}, {"type": "Feature", "properties": {"name": null, "name:en": null, "amenity": "school", "building": null, "operator:type": null, "capacity:persons": null, "addr:full": null, "addr:city": null, "source": "nigeriase4all.gov.ng", "osm_id": 10029623333, "osm_type": "nodes", "Analysis_Region": "North West"}, "geometry": {"type": "Point", "coordinates": [3.5336078, 9.0117635]}}, {"type": "Feature", "properties": {"name": null, "name:en": null, "amenity": "school", "building": null, "operator:type": null, "capacity:persons": null, "addr:full": null, "addr:city": null, "source": "nigeriase4all.gov.ng", "osm_id": 10029627937, "osm_type": "nodes", "Analysis_Region": "North West"}, "geometry": {"type": "Point", "coordinates": [3.5341002, 9.0121519]}}, {"type": "Feature", "properties": {"name": null, "name:en": null, "amenity": "school", "building": null, "operator:type": null, "capacity:persons": null, "addr:full": null, "addr:city": null, "source": "nigeriase4all.gov.ng", "osm_id": 10029627950, "osm_type": "nodes", "Analysis_Region": "North West"}, "geometry": {"type": "Point", "coordinates": [3.537806, 9.0188306]}}, {"type": "Feature", "properties": {"name": null, "name:en": null, "amenity": "kindergarten", "building": null, "operator:type": null, "capacity:persons": null, "addr:full": null, "addr:city": null, "source": "nigeriase4all.gov.ng", "osm_id": 10029591755, "osm_type": "nodes", "Analysis_Region": "North West"}, "geometry": {"type": "Point", "coordinates": [3.5341291, 9.1800252]}}, {"type": "Feature", "properties": {"name": null, "name:en": null, "amenity": "school", "building": null, "operator:type": null, "capacity:persons": null, "addr:full": null, "addr:city": null, "source": "nigeriase4all.gov.ng", "osm_id": 10029631072, "osm_type": "nodes", "Analysis_Region": "North West"}, "geometry": {"type": "Point", "coordinates": [3.651533, 9.0459407]}}, {"type": "Feature", "properties": {"name": null, "name:en": null, "amenity": "school", "building": null, "operator:type": null, "capacity:persons": null, "addr:full": null, "addr:city": null, "source": "nigeriase4all.gov.ng", "osm_id": 10029631093, "osm_type": "nodes", "Analysis_Region": "North West"}, "geometry": {"type": "Point", "coordinates": [3.6529901, 9.0508347]}}, {"type": "Feature", "properties": {"name": null, "name:en": null, "amenity": "school", "building": null, "operator:type": null, "capacity:persons": null, "addr:full": null, "addr:city": null, "source": "nigeriase4all.gov.ng", "osm_id": 10028648910, "osm_type": "nodes", "Analysis_Region": "North West"}, "geometry": {"type": "Point", "coordinates": [3.5099754, 9.4851418]}}, {"type": "Feature", "properties": {"name": null, "name:en": null, "amenity": "school", "building": null, "operator:type": null, "capacity:persons": null, "addr:full": null, "addr:city": null, "source": "nigeriase4all.gov.ng", "osm_id": 10028649048, "osm_type": "nodes", "Analysis_Region": "North West"}, "geometry": {"type": "Point", "coordinates": [3.5092589, 9.4853981]}}, {"type": "Feature", "properties": {"name": null, "name:en": null, "amenity": "school", "building": null, "operator:type": null, "capacity:persons": null, "addr:full": null, "addr:city": null, "source": "nigeriase4all.gov.ng", "osm_id": 10028649061, "osm_type": "nodes", "Analysis_Region": "North West"}, "geometry": {"type": "Point", "coordinates": [3.5035633, 9.4952544]}}, {"type": "Feature", "properties": {"name": null, "name:en": null, "amenity": "school", "building": null, "operator:type": null, "capacity:persons": null, "addr:full": null, "addr:city": null, "source": "nigeriase4all.gov.ng", "osm_id": 10028650069, "osm_type": "nodes", "Analysis_Region": "North West"}, "geometry": {"type": "Point", "coordinates": [3.5188528, 9.3631276]}}, {"type": "Feature", "properties": {"name": null, "name:en": null, "amenity": "school", "building": null, "operator:type": null, "capacity:persons": null, "addr:full": null, "addr:city": null, "source": "nigeriase4all.gov.ng", "osm_id": 10028084250, "osm_type": "nodes", "Analysis_Region": "North West"}, "geometry": {"type": "Point", "coordinates": [5.2668258, 8.9557804]}}, {"type": "Feature", "properties": {"name": null, "name:en": null, "amenity": "school", "building": null, "operator:type": null, "capacity:persons": null, "addr:full": null, "addr:city": null, "source": "nigeriase4all.gov.ng", "osm_id": 10028000021, "osm_type": "nodes", "Analysis_Region": "North West"}, "geometry": {"type": "Point", "coordinates": [5.2390237, 8.8986675]}}, {"type": "Feature", "properties": {"name": null, "name:en": null, "amenity": "school", "building": null, "operator:type": null, "capacity:persons": null, "addr:full": null, "addr:city": null, "source": "nigeriase4all.gov.ng", "osm_id": 10028036636, "osm_type": "nodes", "Analysis_Region": "North West"}, "geometry": {"type": "Point", "coordinates": [5.2508921, 8.8862198]}}, {"type": "Feature", "properties": {"name": "Government secondary school Mafo Tudun Wada", "name:en": null, "amenity": "school", "building": null, "operator:type": null, "capacity:persons": null, "addr:full": null, "addr:city": null, "source": null, "osm_id": 10031158557, "osm_type": "nodes", "Analysis_Region": "North West"}, "geometry": {"type": "Point", "coordinates": [8.8609688, 9.8997184]}}, {"type": "Feature", "properties": {"name": null, "name:en": null, "amenity": "school", "building": null, "operator:type": null, "capacity:persons": null, "addr:full": null, "addr:city": null, "source": "nigeriase4all.gov.ng", "osm_id": 10004612262, "osm_type": "nodes", "Analysis_Region": "North West"}, "geometry": {"type": "Point", "coordinates": [7.3178932, 7.8056454]}}, {"type": "Feature", "properties": {"name": null, "name:en": null, "amenity": "school", "building": null, "operator:type": null, "capacity:persons": null, "addr:full": null, "addr:city": null, "source": "nigeriase4all.gov.ng", "osm_id": 10004612268, "osm_type": "nodes", "Analysis_Region": "North West"}, "geometry": {"type": "Point", "coordinates": [7.3201998, 7.7980186]}}, {"type": "Feature", "properties": {"name": null, "name:en": null, "amenity": "kindergarten", "building": null, "operator:type": null, "capacity:persons": null, "addr:full": null, "addr:city": null, "source": "nigeriase4all.gov.ng", "osm_id": 10029631019, "osm_type": "nodes", "Analysis_Region": "North West"}, "geometry": {"type": "Point", "coordinates": [3.6520883, 9.0467795]}}, {"type": "Feature", "properties": {"name": null, "name:en": null, "amenity": "school", "building": null, "operator:type": null, "capacity:persons": null, "addr:full": null, "addr:city": null, "source": "nigeriase4all.gov.ng", "osm_id": 10004608039, "osm_type": "nodes", "Analysis_Region": "North West"}, "geometry": {"type": "Point", "coordinates": [7.646589, 7.9324852]}}, {"type": "Feature", "properties": {"name": "Govt Day Secondary school Bakari Dukku", "name:en": null, "amenity": "school", "building": null, "operator:type": null, "capacity:persons": null, "addr:full": null, "addr:city": null, "source": null, "osm_id": 9992880767, "osm_type": "nodes", "Analysis_Region": "North East"}, "geometry": {"type": "Point", "coordinates": [9.8269959, 10.3115935]}}, {"type": "Feature", "properties": {"name": null, "name:en": null, "amenity": "school", "building": null, "operator:type": null, "capacity:persons": null, "addr:full": null, "addr:city": null, "source": "nigeriase4all.gov.ng", "osm_id": 10004566997, "osm_type": "nodes", "Analysis_Region": "North West"}, "geometry": {"type": "Point", "coordinates": [7.2621841, 7.7389843]}}, {"type": "Feature", "properties": {"name": null, "name:en": null, "amenity": "school", "building": null, "operator:type": null, "capacity:persons": null, "addr:full": null, "addr:city": null, "source": "nigeriase4all.gov.ng", "osm_id": 10004612243, "osm_type": "nodes", "Analysis_Region": "North West"}, "geometry": {"type": "Point", "coordinates": [7.3158848, 7.807493]}}, {"type": "Feature", "properties": {"name": null, "name:en": null, "amenity": "school", "building": null, "operator:type": null, "capacity:persons": null, "addr:full": null, "addr:city": null, "source": "nigeriase4all.gov.ng", "osm_id": 10004496779, "osm_type": "nodes", "Analysis_Region": "North West"}, "geometry": {"type": "Point", "coordinates": [7.414659, 7.9384123]}}, {"type": "Feature", "properties": {"name": null, "name:en": null, "amenity": "school", "building": null, "operator:type": null, "capacity:persons": null, "addr:full": null, "addr:city": null, "source": "nigeriase4all.gov.ng", "osm_id": 10004615119, "osm_type": "nodes", "Analysis_Region": "North West"}, "geometry": {"type": "Point", "coordinates": [7.3632981, 7.9691886]}}, {"type": "Feature", "properties": {"name": null, "name:en": null, "amenity": "school", "building": null, "operator:type": null, "capacity:persons": null, "addr:full": null, "addr:city": null, "source": "nigeriase4all.gov.ng", "osm_id": 10004596488, "osm_type": "nodes", "Analysis_Region": "North West"}, "geometry": {"type": "Point", "coordinates": [7.3124456, 7.9927128]}}, {"type": "Feature", "properties": {"name": null, "name:en": null, "amenity": "school", "building": null, "operator:type": null, "capacity:persons": null, "addr:full": null, "addr:city": null, "source": "nigeriase4all.gov.ng", "osm_id": 10004608070, "osm_type": "nodes", "Analysis_Region": "North West"}, "geometry": {"type": "Point", "coordinates": [7.6427622, 7.9343437]}}, {"type": "Feature", "properties": {"name": null, "name:en": null, "amenity": "school", "building": null, "operator:type": null, "capacity:persons": null, "addr:full": null, "addr:city": null, "source": "nigeriase4all.gov.ng", "osm_id": 9989986425, "osm_type": "nodes", "Analysis_Region": "North West"}, "geometry": {"type": "Point", "coordinates": [6.8409666, 7.5250094]}}, {"type": "Feature", "properties": {"name": null, "name:en": null, "amenity": "school", "building": null, "operator:type": null, "capacity:persons": null, "addr:full": null, "addr:city": null, "source": "nigeriase4all.gov.ng", "osm_id": 9989986436, "osm_type": "nodes", "Analysis_Region": "North West"}, "geometry": {"type": "Point", "coordinates": [6.8426538, 7.5261067]}}, {"type": "Feature", "properties": {"name": null, "name:en": null, "amenity": "school", "building": null, "operator:type": null, "capacity:persons": null, "addr:full": null, "addr:city": null, "source": "nigeriase4all.gov.ng", "osm_id": 9989984635, "osm_type": "nodes", "Analysis_Region": "North West"}, "geometry": {"type": "Point", "coordinates": [6.8855335, 7.5683585]}}, {"type": "Feature", "properties": {"name": null, "name:en": null, "amenity": "school", "building": null, "operator:type": null, "capacity:persons": null, "addr:full": null, "addr:city": null, "source": "nigeriase4all.gov.ng", "osm_id": 9989977403, "osm_type": "nodes", "Analysis_Region": "North West"}, "geometry": {"type": "Point", "coordinates": [6.8614171, 7.5952172]}}, {"type": "Feature", "properties": {"name": null, "name:en": null, "amenity": "school", "building": null, "operator:type": null, "capacity:persons": null, "addr:full": null, "addr:city": null, "source": "nigeriase4all.gov.ng", "osm_id": 9990037927, "osm_type": "nodes", "Analysis_Region": "North West"}, "geometry": {"type": "Point", "coordinates": [6.3227458, 8.4902437]}}, {"type": "Feature", "properties": {"name": null, "name:en": null, "amenity": "school", "building": null, "operator:type": null, "capacity:persons": null, "addr:full": null, "addr:city": null, "source": "nigeriase4all.gov.ng", "osm_id": 9990037930, "osm_type": "nodes", "Analysis_Region": "North West"}, "geometry": {"type": "Point", "coordinates": [6.3231916, 8.4905791]}}, {"type": "Feature", "properties": {"name": null, "name:en": null, "amenity": "school", "building": null, "operator:type": null, "capacity:persons": null, "addr:full": null, "addr:city": null, "source": "nigeriase4all.gov.ng", "osm_id": 9989981309, "osm_type": "nodes", "Analysis_Region": "North West"}, "geometry": {"type": "Point", "coordinates": [6.8936056, 7.5891314]}}, {"type": "Feature", "properties": {"name": null, "name:en": null, "amenity": "school", "building": null, "operator:type": null, "capacity:persons": null, "addr:full": null, "addr:city": null, "source": "nigeriase4all.gov.ng", "osm_id": 9989981312, "osm_type": "nodes", "Analysis_Region": "North West"}, "geometry": {"type": "Point", "coordinates": [6.8938155, 7.5867105]}}, {"type": "Feature", "properties": {"name": null, "name:en": null, "amenity": "school", "building": null, "operator:type": null, "capacity:persons": null, "addr:full": null, "addr:city": null, "source": "nigeriase4all.gov.ng", "osm_id": 9990029981, "osm_type": "nodes", "Analysis_Region": "North West"}, "geometry": {"type": "Point", "coordinates": [6.2425886, 8.5574743]}}, {"type": "Feature", "properties": {"name": null, "name:en": null, "amenity": "school", "building": null, "operator:type": null, "capacity:persons": null, "addr:full": null, "addr:city": null, "source": "nigeriase4all.gov.ng", "osm_id": 9990045054, "osm_type": "nodes", "Analysis_Region": "North West"}, "geometry": {"type": "Point", "coordinates": [6.2444, 8.5587368]}}, {"type": "Feature", "properties": {"name": null, "name:en": null, "amenity": "school", "building": null, "operator:type": null, "capacity:persons": null, "addr:full": null, "addr:city": null, "source": "nigeriase4all.gov.ng", "osm_id": 10004611732, "osm_type": "nodes", "Analysis_Region": "North West"}, "geometry": {"type": "Point", "coordinates": [7.2920254, 7.7481541]}}, {"type": "Feature", "properties": {"name": null, "name:en": null, "amenity": "school", "building": null, "operator:type": null, "capacity:persons": null, "addr:full": null, "addr:city": null, "source": "nigeriase4all.gov.ng", "osm_id": 10004611734, "osm_type": "nodes", "Analysis_Region": "North West"}, "geometry": {"type": "Point", "coordinates": [7.2864546, 7.7404273]}}, {"type": "Feature", "properties": {"name": null, "name:en": null, "amenity": "kindergarten", "building": null, "operator:type": null, "capacity:persons": null, "addr:full": null, "addr:city": null, "source": "nigeriase4all.gov.ng", "osm_id": 9989986435, "osm_type": "nodes", "Analysis_Region": "North West"}, "geometry": {"type": "Point", "coordinates": [6.8408311, 7.5246073]}}, {"type": "Feature", "properties": {"name": null, "name:en": null, "amenity": "kindergarten", "building": null, "operator:type": null, "capacity:persons": null, "addr:full": null, "addr:city": null, "source": "nigeriase4all.gov.ng", "osm_id": 9990030012, "osm_type": "nodes", "Analysis_Region": "North West"}, "geometry": {"type": "Point", "coordinates": [6.2436136, 8.5574178]}}, {"type": "Feature", "properties": {"name": null, "name:en": null, "amenity": "school", "building": null, "operator:type": null, "capacity:persons": null, "addr:full": null, "addr:city": null, "source": "nigeriase4all.gov.ng", "osm_id": 9990022015, "osm_type": "nodes", "Analysis_Region": "North West"}, "geometry": {"type": "Point", "coordinates": [6.2615631, 8.5491355]}}, {"type": "Feature", "properties": {"name": null, "name:en": null, "amenity": "school", "building": null, "operator:type": null, "capacity:persons": null, "addr:full": null, "addr:city": null, "source": "nigeriase4all.gov.ng", "osm_id": 9989847094, "osm_type": "nodes", "Analysis_Region": "North West"}, "geometry": {"type": "Point", "coordinates": [6.8486225, 7.6194382]}}, {"type": "Feature", "properties": {"name": null, "name:en": null, "amenity": "school", "building": null, "operator:type": null, "capacity:persons": null, "addr:full": null, "addr:city": null, "source": "nigeriase4all.gov.ng", "osm_id": 9989883985, "osm_type": "nodes", "Analysis_Region": "North West"}, "geometry": {"type": "Point", "coordinates": [6.8727557, 7.5177885]}}, {"type": "Feature", "properties": {"name": null, "name:en": null, "amenity": "school", "building": null, "operator:type": null, "capacity:persons": null, "addr:full": null, "addr:city": null, "source": "nigeriase4all.gov.ng", "osm_id": 9989871187, "osm_type": "nodes", "Analysis_Region": "North West"}, "geometry": {"type": "Point", "coordinates": [6.8920453, 7.6163144]}}, {"type": "Feature", "properties": {"name": null, "name:en": null, "amenity": "school", "building": null, "operator:type": null, "capacity:persons": null, "addr:full": null, "addr:city": null, "source": "nigeriase4all.gov.ng", "osm_id": 9989847087, "osm_type": "nodes", "Analysis_Region": "North West"}, "geometry": {"type": "Point", "coordinates": [6.849089, 7.6191137]}}, {"type": "Feature", "properties": {"name": null, "name:en": null, "amenity": "school", "building": null, "operator:type": null, "capacity:persons": null, "addr:full": null, "addr:city": null, "source": "nigeriase4all.gov.ng", "osm_id": 9989869882, "osm_type": "nodes", "Analysis_Region": "North West"}, "geometry": {"type": "Point", "coordinates": [6.8811834, 7.5227786]}}, {"type": "Feature", "properties": {"name": "Stanford Model High school", "name:en": null, "amenity": "school", "building": null, "operator:type": null, "capacity:persons": null, "addr:full": null, "addr:city": "Birshi", "source": null, "osm_id": 9972558971, "osm_type": "nodes", "Analysis_Region": "North East"}, "geometry": {"type": "Point", "coordinates": [9.789295, 10.2912733]}}, {"type": "Feature", "properties": {"name": null, "name:en": null, "amenity": "school", "building": null, "operator:type": null, "capacity:persons": null, "addr:full": null, "addr:city": null, "source": "nigeriase4all.gov.ng", "osm_id": 9945368477, "osm_type": "nodes", "Analysis_Region": "North West"}, "geometry": {"type": "Point", "coordinates": [7.3739944, 8.727686]}}, {"type": "Feature", "properties": {"name": null, "name:en": null, "amenity": "school", "building": null, "operator:type": null, "capacity:persons": null, "addr:full": null, "addr:city": null, "source": "nigeriase4all.gov.ng", "osm_id": 9945400600, "osm_type": "nodes", "Analysis_Region": "North West"}, "geometry": {"type": "Point", "coordinates": [7.3175861, 8.6702476]}}, {"type": "Feature", "properties": {"name": null, "name:en": null, "amenity": "school", "building": null, "operator:type": null, "capacity:persons": null, "addr:full": null, "addr:city": null, "source": "nigeriase4all.gov.ng", "osm_id": 9945432052, "osm_type": "nodes", "Analysis_Region": "North West"}, "geometry": {"type": "Point", "coordinates": [6.9594348, 8.9213472]}}, {"type": "Feature", "properties": {"name": null, "name:en": null, "amenity": "school", "building": null, "operator:type": null, "capacity:persons": null, "addr:full": null, "addr:city": null, "source": "nigeriase4all.gov.ng", "osm_id": 9945474193, "osm_type": "nodes", "Analysis_Region": "North West"}, "geometry": {"type": "Point", "coordinates": [7.3937509, 8.8148297]}}, {"type": "Feature", "properties": {"name": null, "name:en": null, "amenity": "school", "building": null, "operator:type": null, "capacity:persons": null, "addr:full": null, "addr:city": null, "source": "nigeriase4all.gov.ng", "osm_id": 9945458785, "osm_type": "nodes", "Analysis_Region": "North West"}, "geometry": {"type": "Point", "coordinates": [7.1168457, 8.6979022]}}, {"type": "Feature", "properties": {"name": null, "name:en": null, "amenity": "school", "building": null, "operator:type": null, "capacity:persons": null, "addr:full": null, "addr:city": null, "source": "nigeriase4all.gov.ng", "osm_id": 9945456747, "osm_type": "nodes", "Analysis_Region": "North West"}, "geometry": {"type": "Point", "coordinates": [7.0982632, 8.6266517]}}, {"type": "Feature", "properties": {"name": null, "name:en": null, "amenity": "school", "building": null, "operator:type": null, "capacity:persons": null, "addr:full": null, "addr:city": null, "source": "nigeriase4all.gov.ng", "osm_id": 9945448188, "osm_type": "nodes", "Analysis_Region": "North West"}, "geometry": {"type": "Point", "coordinates": [7.1982528, 8.790093]}}, {"type": "Feature", "properties": {"name": null, "name:en": null, "amenity": "school", "building": null, "operator:type": null, "capacity:persons": null, "addr:full": null, "addr:city": null, "source": "nigeriase4all.gov.ng", "osm_id": 9945458481, "osm_type": "nodes", "Analysis_Region": "North West"}, "geometry": {"type": "Point", "coordinates": [7.1818851, 8.7353341]}}, {"type": "Feature", "properties": {"name": null, "name:en": null, "amenity": "school", "building": null, "operator:type": null, "capacity:persons": null, "addr:full": null, "addr:city": null, "source": "nigeriase4all.gov.ng", "osm_id": 9945487126, "osm_type": "nodes", "Analysis_Region": "North West"}, "geometry": {"type": "Point", "coordinates": [7.3172298, 8.6793503]}}, {"type": "Feature", "properties": {"name": null, "name:en": null, "amenity": "school", "building": null, "operator:type": null, "capacity:persons": null, "addr:full": null, "addr:city": null, "source": "nigeriase4all.gov.ng", "osm_id": 9945487137, "osm_type": "nodes", "Analysis_Region": "North West"}, "geometry": {"type": "Point", "coordinates": [7.3190095, 8.6833063]}}, {"type": "Feature", "properties": {"name": null, "name:en": null, "amenity": "school", "building": null, "operator:type": null, "capacity:persons": null, "addr:full": null, "addr:city": null, "source": "nigeriase4all.gov.ng", "osm_id": 9939662965, "osm_type": "nodes", "Analysis_Region": "North West"}, "geometry": {"type": "Point", "coordinates": [8.159202, 8.4353455]}}, {"type": "Feature", "properties": {"name": null, "name:en": null, "amenity": "school", "building": null, "operator:type": null, "capacity:persons": null, "addr:full": null, "addr:city": null, "source": "nigeriase4all.gov.ng", "osm_id": 9939665473, "osm_type": "nodes", "Analysis_Region": "North West"}, "geometry": {"type": "Point", "coordinates": [7.4814831, 8.6338861]}}, {"type": "Feature", "properties": {"name": null, "name:en": null, "amenity": "school", "building": null, "operator:type": null, "capacity:persons": null, "addr:full": null, "addr:city": null, "source": "nigeriase4all.gov.ng", "osm_id": 9939629310, "osm_type": "nodes", "Analysis_Region": "North West"}, "geometry": {"type": "Point", "coordinates": [7.5466455, 8.6558908]}}, {"type": "Feature", "properties": {"name": null, "name:en": null, "amenity": "school", "building": null, "operator:type": null, "capacity:persons": null, "addr:full": null, "addr:city": null, "source": "nigeriase4all.gov.ng", "osm_id": 9939636698, "osm_type": "nodes", "Analysis_Region": "North West"}, "geometry": {"type": "Point", "coordinates": [8.2291555, 8.5439642]}}, {"type": "Feature", "properties": {"name": null, "name:en": null, "amenity": "school", "building": null, "operator:type": null, "capacity:persons": null, "addr:full": null, "addr:city": null, "source": "nigeriase4all.gov.ng", "osm_id": 9939647939, "osm_type": "nodes", "Analysis_Region": "North West"}, "geometry": {"type": "Point", "coordinates": [7.9560739, 8.2393352]}}, {"type": "Feature", "properties": {"name": null, "name:en": null, "amenity": "school", "building": null, "operator:type": null, "capacity:persons": null, "addr:full": null, "addr:city": null, "source": "nigeriase4all.gov.ng", "osm_id": 9939676136, "osm_type": "nodes", "Analysis_Region": "North West"}, "geometry": {"type": "Point", "coordinates": [7.7661814, 9.2006576]}}, {"type": "Feature", "properties": {"name": null, "name:en": null, "amenity": "school", "building": null, "operator:type": null, "capacity:persons": null, "addr:full": null, "addr:city": null, "source": "nigeriase4all.gov.ng", "osm_id": 9939676138, "osm_type": "nodes", "Analysis_Region": "North West"}, "geometry": {"type": "Point", "coordinates": [7.7658629, 9.1935091]}}, {"type": "Feature", "properties": {"name": null, "name:en": null, "amenity": "school", "building": null, "operator:type": null, "capacity:persons": null, "addr:full": null, "addr:city": null, "source": "nigeriase4all.gov.ng", "osm_id": 9939676154, "osm_type": "nodes", "Analysis_Region": "North West"}, "geometry": {"type": "Point", "coordinates": [7.7640505, 9.1969165]}}, {"type": "Feature", "properties": {"name": null, "name:en": null, "amenity": "school", "building": null, "operator:type": null, "capacity:persons": null, "addr:full": null, "addr:city": null, "source": "nigeriase4all.gov.ng", "osm_id": 9939676166, "osm_type": "nodes", "Analysis_Region": "North West"}, "geometry": {"type": "Point", "coordinates": [7.7639474, 9.1948026]}}, {"type": "Feature", "properties": {"name": null, "name:en": null, "amenity": "school", "building": null, "operator:type": null, "capacity:persons": null, "addr:full": null, "addr:city": null, "source": "nigeriase4all.gov.ng", "osm_id": 9939676214, "osm_type": "nodes", "Analysis_Region": "North West"}, "geometry": {"type": "Point", "coordinates": [7.7641474, 9.1967629]}}, {"type": "Feature", "properties": {"name": null, "name:en": null, "amenity": "school", "building": null, "operator:type": null, "capacity:persons": null, "addr:full": null, "addr:city": null, "source": "nigeriase4all.gov.ng", "osm_id": 9939683149, "osm_type": "nodes", "Analysis_Region": "North West"}, "geometry": {"type": "Point", "coordinates": [7.7376844, 9.2170505]}}, {"type": "Feature", "properties": {"name": null, "name:en": null, "amenity": "school", "building": null, "operator:type": null, "capacity:persons": null, "addr:full": null, "addr:city": null, "source": "nigeriase4all.gov.ng", "osm_id": 9939683164, "osm_type": "nodes", "Analysis_Region": "North West"}, "geometry": {"type": "Point", "coordinates": [7.7390939, 9.2169349]}}, {"type": "Feature", "properties": {"name": null, "name:en": null, "amenity": "school", "building": null, "operator:type": null, "capacity:persons": null, "addr:full": null, "addr:city": null, "source": "nigeriase4all.gov.ng", "osm_id": 9939674769, "osm_type": "nodes", "Analysis_Region": "North West"}, "geometry": {"type": "Point", "coordinates": [8.2523315, 8.5420191]}}, {"type": "Feature", "properties": {"name": null, "name:en": null, "amenity": "school", "building": null, "operator:type": null, "capacity:persons": null, "addr:full": null, "addr:city": null, "source": "nigeriase4all.gov.ng", "osm_id": 9939670991, "osm_type": "nodes", "Analysis_Region": "North West"}, "geometry": {"type": "Point", "coordinates": [7.5411254, 8.7103492]}}, {"type": "Feature", "properties": {"name": null, "name:en": null, "amenity": "school", "building": null, "operator:type": null, "capacity:persons": null, "addr:full": null, "addr:city": null, "source": "nigeriase4all.gov.ng", "osm_id": 9939679160, "osm_type": "nodes", "Analysis_Region": "North West"}, "geometry": {"type": "Point", "coordinates": [8.1663607, 8.46818]}}, {"type": "Feature", "properties": {"name": null, "name:en": null, "amenity": "school", "building": null, "operator:type": null, "capacity:persons": null, "addr:full": null, "addr:city": null, "source": "nigeriase4all.gov.ng", "osm_id": 9939685099, "osm_type": "nodes", "Analysis_Region": "North West"}, "geometry": {"type": "Point", "coordinates": [8.1639226, 8.4726531]}}, {"type": "Feature", "properties": {"name": null, "name:en": null, "amenity": "school", "building": null, "operator:type": null, "capacity:persons": null, "addr:full": null, "addr:city": null, "source": "nigeriase4all.gov.ng", "osm_id": 9939679197, "osm_type": "nodes", "Analysis_Region": "North West"}, "geometry": {"type": "Point", "coordinates": [8.1676937, 8.4689714]}}, {"type": "Feature", "properties": {"name": null, "name:en": null, "amenity": "school", "building": null, "operator:type": null, "capacity:persons": null, "addr:full": null, "addr:city": null, "source": "nigeriase4all.gov.ng", "osm_id": 9939685020, "osm_type": "nodes", "Analysis_Region": "North West"}, "geometry": {"type": "Point", "coordinates": [8.1623828, 8.4733449]}}, {"type": "Feature", "properties": {"name": null, "name:en": null, "amenity": "school", "building": null, "operator:type": null, "capacity:persons": null, "addr:full": null, "addr:city": null, "source": "nigeriase4all.gov.ng", "osm_id": 9939679352, "osm_type": "nodes", "Analysis_Region": "North West"}, "geometry": {"type": "Point", "coordinates": [8.1595386, 8.4384263]}}, {"type": "Feature", "properties": {"name": null, "name:en": null, "amenity": "school", "building": null, "operator:type": null, "capacity:persons": null, "addr:full": null, "addr:city": null, "source": "nigeriase4all.gov.ng", "osm_id": 9939679360, "osm_type": "nodes", "Analysis_Region": "North West"}, "geometry": {"type": "Point", "coordinates": [8.1575353, 8.4355164]}}, {"type": "Feature", "properties": {"name": null, "name:en": null, "amenity": "school", "building": null, "operator:type": null, "capacity:persons": null, "addr:full": null, "addr:city": null, "source": "nigeriase4all.gov.ng", "osm_id": 9939680078, "osm_type": "nodes", "Analysis_Region": "North West"}, "geometry": {"type": "Point", "coordinates": [7.9840677, 8.2909374]}}, {"type": "Feature", "properties": {"name": null, "name:en": null, "amenity": "school", "building": null, "operator:type": null, "capacity:persons": null, "addr:full": null, "addr:city": null, "source": "nigeriase4all.gov.ng", "osm_id": 9939685864, "osm_type": "nodes", "Analysis_Region": "North West"}, "geometry": {"type": "Point", "coordinates": [7.977127, 8.2890412]}}, {"type": "Feature", "properties": {"name": null, "name:en": null, "amenity": "school", "building": null, "operator:type": null, "capacity:persons": null, "addr:full": null, "addr:city": null, "source": "nigeriase4all.gov.ng", "osm_id": 9939684810, "osm_type": "nodes", "Analysis_Region": "North West"}, "geometry": {"type": "Point", "coordinates": [7.9620319, 8.1233387]}}, {"type": "Feature", "properties": {"name": null, "name:en": null, "amenity": "school", "building": null, "operator:type": null, "capacity:persons": null, "addr:full": null, "addr:city": null, "source": "nigeriase4all.gov.ng", "osm_id": 9939691439, "osm_type": "nodes", "Analysis_Region": "North West"}, "geometry": {"type": "Point", "coordinates": [7.9585613, 8.1256179]}}, {"type": "Feature", "properties": {"name": null, "name:en": null, "amenity": "school", "building": null, "operator:type": null, "capacity:persons": null, "addr:full": null, "addr:city": null, "source": "nigeriase4all.gov.ng", "osm_id": 9939672788, "osm_type": "nodes", "Analysis_Region": "North West"}, "geometry": {"type": "Point", "coordinates": [7.8935286, 8.2571705]}}, {"type": "Feature", "properties": {"name": null, "name:en": null, "amenity": "school", "building": null, "operator:type": null, "capacity:persons": null, "addr:full": null, "addr:city": null, "source": "nigeriase4all.gov.ng", "osm_id": 9939672815, "osm_type": "nodes", "Analysis_Region": "North West"}, "geometry": {"type": "Point", "coordinates": [7.8932629, 8.2547583]}}, {"type": "Feature", "properties": {"name": null, "name:en": null, "amenity": "school", "building": null, "operator:type": null, "capacity:persons": null, "addr:full": null, "addr:city": null, "source": "nigeriase4all.gov.ng", "osm_id": 9939686026, "osm_type": "nodes", "Analysis_Region": "North West"}, "geometry": {"type": "Point", "coordinates": [7.878921, 8.2565294]}}, {"type": "Feature", "properties": {"name": null, "name:en": null, "amenity": "school", "building": null, "operator:type": null, "capacity:persons": null, "addr:full": null, "addr:city": null, "source": "nigeriase4all.gov.ng", "osm_id": 9939686044, "osm_type": "nodes", "Analysis_Region": "North West"}, "geometry": {"type": "Point", "coordinates": [7.8786983, 8.2565673]}}, {"type": "Feature", "properties": {"name": null, "name:en": null, "amenity": "kindergarten", "building": null, "operator:type": null, "capacity:persons": null, "addr:full": null, "addr:city": null, "source": "nigeriase4all.gov.ng", "osm_id": 9945458803, "osm_type": "nodes", "Analysis_Region": "North West"}, "geometry": {"type": "Point", "coordinates": [7.1158758, 8.6972299]}}, {"type": "Feature", "properties": {"name": null, "name:en": null, "amenity": "kindergarten", "building": null, "operator:type": null, "capacity:persons": null, "addr:full": null, "addr:city": null, "source": "nigeriase4all.gov.ng", "osm_id": 9939679149, "osm_type": "nodes", "Analysis_Region": "North West"}, "geometry": {"type": "Point", "coordinates": [8.163684, 8.4727392]}}, {"type": "Feature", "properties": {"name": null, "name:en": null, "amenity": "kindergarten", "building": null, "operator:type": null, "capacity:persons": null, "addr:full": null, "addr:city": null, "source": "nigeriase4all.gov.ng", "osm_id": 9939685841, "osm_type": "nodes", "Analysis_Region": "North West"}, "geometry": {"type": "Point", "coordinates": [7.9798914, 8.2878155]}}, {"type": "Feature", "properties": {"name": null, "name:en": null, "amenity": "kindergarten", "building": null, "operator:type": null, "capacity:persons": null, "addr:full": null, "addr:city": null, "source": "nigeriase4all.gov.ng", "osm_id": 9939692719, "osm_type": "nodes", "Analysis_Region": "North West"}, "geometry": {"type": "Point", "coordinates": [7.8914069, 8.2573771]}}, {"type": "Feature", "properties": {"name": null, "name:en": null, "amenity": "school", "building": null, "operator:type": null, "capacity:persons": null, "addr:full": null, "addr:city": null, "source": "nigeriase4all.gov.ng", "osm_id": 9939685568, "osm_type": "nodes", "Analysis_Region": "North West"}, "geometry": {"type": "Point", "coordinates": [7.8815172, 8.1873224]}}, {"type": "Feature", "properties": {"name": null, "name:en": null, "amenity": "school", "building": null, "operator:type": null, "capacity:persons": null, "addr:full": null, "addr:city": null, "source": "nigeriase4all.gov.ng", "osm_id": 9939685580, "osm_type": "nodes", "Analysis_Region": "North West"}, "geometry": {"type": "Point", "coordinates": [7.8808237, 8.1869546]}}, {"type": "Feature", "properties": {"name": null, "name:en": null, "amenity": "school", "building": null, "operator:type": null, "capacity:persons": null, "addr:full": null, "addr:city": null, "source": "nigeriase4all.gov.ng", "osm_id": 9939647991, "osm_type": "nodes", "Analysis_Region": "North West"}, "geometry": {"type": "Point", "coordinates": [7.5811783, 8.6976137]}}, {"type": "Feature", "properties": {"name": null, "name:en": null, "amenity": "school", "building": null, "operator:type": null, "capacity:persons": null, "addr:full": null, "addr:city": null, "source": "nigeriase4all.gov.ng", "osm_id": 9939648005, "osm_type": "nodes", "Analysis_Region": "North West"}, "geometry": {"type": "Point", "coordinates": [7.5836902, 8.696799]}}, {"type": "Feature", "properties": {"name": null, "name:en": null, "amenity": "school", "building": null, "operator:type": null, "capacity:persons": null, "addr:full": null, "addr:city": null, "source": "nigeriase4all.gov.ng", "osm_id": 9939695933, "osm_type": "nodes", "Analysis_Region": "North West"}, "geometry": {"type": "Point", "coordinates": [7.5807984, 8.7000312]}}, {"type": "Feature", "properties": {"name": null, "name:en": null, "amenity": "school", "building": null, "operator:type": null, "capacity:persons": null, "addr:full": null, "addr:city": null, "source": "nigeriase4all.gov.ng", "osm_id": 9945368487, "osm_type": "nodes", "Analysis_Region": "North West"}, "geometry": {"type": "Point", "coordinates": [7.3731967, 8.7269565]}}, {"type": "Feature", "properties": {"name": null, "name:en": null, "amenity": "school", "building": null, "operator:type": null, "capacity:persons": null, "addr:full": null, "addr:city": null, "source": "nigeriase4all.gov.ng", "osm_id": 9945368507, "osm_type": "nodes", "Analysis_Region": "North West"}, "geometry": {"type": "Point", "coordinates": [7.3744864, 8.7272788]}}, {"type": "Feature", "properties": {"name": null, "name:en": null, "amenity": "school", "building": null, "operator:type": null, "capacity:persons": null, "addr:full": null, "addr:city": null, "source": "nigeriase4all.gov.ng", "osm_id": 9945433964, "osm_type": "nodes", "Analysis_Region": "North West"}, "geometry": {"type": "Point", "coordinates": [7.3990844, 8.7399975]}}, {"type": "Feature", "properties": {"name": null, "name:en": null, "amenity": "school", "building": null, "operator:type": null, "capacity:persons": null, "addr:full": null, "addr:city": null, "source": "nigeriase4all.gov.ng", "osm_id": 9945394501, "osm_type": "nodes", "Analysis_Region": "North West"}, "geometry": {"type": "Point", "coordinates": [7.0571576, 8.6662067]}}, {"type": "Feature", "properties": {"name": null, "name:en": null, "amenity": "school", "building": null, "operator:type": null, "capacity:persons": null, "addr:full": null, "addr:city": null, "source": "nigeriase4all.gov.ng", "osm_id": 9945456753, "osm_type": "nodes", "Analysis_Region": "North West"}, "geometry": {"type": "Point", "coordinates": [7.0968636, 8.6275764]}}, {"type": "Feature", "properties": {"name": null, "name:en": null, "amenity": "school", "building": null, "operator:type": null, "capacity:persons": null, "addr:full": null, "addr:city": null, "source": "nigeriase4all.gov.ng", "osm_id": 9945458814, "osm_type": "nodes", "Analysis_Region": "North West"}, "geometry": {"type": "Point", "coordinates": [7.1566165, 8.6833586]}}, {"type": "Feature", "properties": {"name": null, "name:en": null, "amenity": "school", "building": null, "operator:type": null, "capacity:persons": null, "addr:full": null, "addr:city": null, "source": "nigeriase4all.gov.ng", "osm_id": 9945371489, "osm_type": "nodes", "Analysis_Region": "North West"}, "geometry": {"type": "Point", "coordinates": [7.1664576, 8.7215418]}}, {"type": "Feature", "properties": {"name": "St. Paul Primary & Secondary School", "name:en": null, "amenity": "school", "building": null, "operator:type": null, "capacity:persons": null, "addr:full": null, "addr:city": null, "source": null, "osm_id": 12043401985, "osm_type": "nodes", "Analysis_Region": "North West"}, "geometry": {"type": "Point", "coordinates": [8.8864181, 9.9236175]}}, {"type": "Feature", "properties": {"name": null, "name:en": null, "amenity": "kindergarten", "building": null, "operator:type": null, "capacity:persons": null, "addr:full": null, "addr:city": null, "source": "nigeriase4all.gov.ng", "osm_id": 9939685891, "osm_type": "nodes", "Analysis_Region": "North West"}, "geometry": {"type": "Point", "coordinates": [7.5402571, 8.7090711]}}, {"type": "Feature", "properties": {"name": "Premier School Zaria", "name:en": null, "amenity": null, "building": "school", "operator:type": null, "capacity:persons": null, "addr:full": null, "addr:city": null, "source": null, "osm_id": 5170042460, "osm_type": "nodes", "Analysis_Region": "North West"}, "geometry": {"type": "Point", "coordinates": [7.7161916, 11.0998103]}}, {"type": "Feature", "properties": {"name": "Baptist Royal Academy", "name:en": null, "amenity": "school", "building": null, "operator:type": null, "capacity:persons": null, "addr:full": null, "addr:city": null, "source": null, "osm_id": 11990503670, "osm_type": "nodes", "Analysis_Region": "North East"}, "geometry": {"type": "Point", "coordinates": [9.8308043, 10.3191713]}}, {"type": "Feature", "properties": {"name": "Idi Ape Baptist School", "name:en": null, "amenity": "school", "building": null, "operator:type": "private", "capacity:persons": null, "addr:full": null, "addr:city": null, "source": "local knowledge", "osm_id": 11969222056, "osm_type": "nodes", "Analysis_Region": "North West"}, "geometry": {"type": "Point", "coordinates": [4.3155232, 7.8981516]}}, {"type": "Feature", "properties": {"name": "Royal Steps Academy", "name:en": null, "amenity": "school", "building": null, "operator:type": "private", "capacity:persons": null, "addr:full": null, "addr:city": null, "source": null, "osm_id": 11967088576, "osm_type": "nodes", "Analysis_Region": "North West"}, "geometry": {"type": "Point", "coordinates": [8.8862794, 9.8941775]}}, {"type": "Feature", "properties": {"name": "Regina Mundi Girls Secondary School", "name:en": null, "amenity": "school", "building": null, "operator:type": null, "capacity:persons": null, "addr:full": null, "addr:city": null, "source": null, "osm_id": 11944898086, "osm_type": "nodes", "Analysis_Region": "North West"}, "geometry": {"type": "Point", "coordinates": [4.1705487, 7.6397422]}}, {"type": "Feature", "properties": {"name": "D.C School", "name:en": null, "amenity": "school", "building": null, "operator:type": null, "capacity:persons": null, "addr:full": null, "addr:city": null, "source": null, "osm_id": 11944729344, "osm_type": "nodes", "Analysis_Region": "North West"}, "geometry": {"type": "Point", "coordinates": [4.1775503, 7.6449099]}}, {"type": "Feature", "properties": {"name": "Baptist High school", "name:en": null, "amenity": "school", "building": null, "operator:type": null, "capacity:persons": null, "addr:full": null, "addr:city": null, "source": null, "osm_id": 11944678276, "osm_type": "nodes", "Analysis_Region": "North West"}, "geometry": {"type": "Point", "coordinates": [4.1639074, 7.6303007]}}, {"type": "Feature", "properties": {"name": "Aipate Baptist Church Grammar School", "name:en": null, "amenity": "school", "building": null, "operator:type": null, "capacity:persons": null, "addr:full": null, "addr:city": null, "source": null, "osm_id": 11940681532, "osm_type": "nodes", "Analysis_Region": "North West"}, "geometry": {"type": "Point", "coordinates": [4.1674994, 7.6297321]}}, {"type": "Feature", "properties": {"name": "Excellent Model Nur & Pry. School", "name:en": null, "amenity": "school", "building": null, "operator:type": null, "capacity:persons": null, "addr:full": null, "addr:city": null, "source": null, "osm_id": 11940706223, "osm_type": "nodes", "Analysis_Region": "North West"}, "geometry": {"type": "Point", "coordinates": [4.1765071, 7.6308352]}}, {"type": "Feature", "properties": {"name": "Federal college of Education", "name:en": null, "amenity": "school", "building": null, "operator:type": null, "capacity:persons": null, "addr:full": null, "addr:city": null, "source": null, "osm_id": 11940703814, "osm_type": "nodes", "Analysis_Region": "North West"}, "geometry": {"type": "Point", "coordinates": [4.1713595, 7.6452013]}}, {"type": "Feature", "properties": {"name": "National Open University", "name:en": null, "amenity": "university", "building": null, "operator:type": null, "capacity:persons": null, "addr:full": null, "addr:city": null, "source": null, "osm_id": 11944678278, "osm_type": "nodes", "Analysis_Region": "North West"}, "geometry": {"type": "Point", "coordinates": [4.1656569, 7.6455804]}}, {"type": "Feature", "properties": {"name": "The wings school", "name:en": null, "amenity": "college", "building": null, "operator:type": null, "capacity:persons": null, "addr:full": null, "addr:city": null, "source": null, "osm_id": 11944678280, "osm_type": "nodes", "Analysis_Region": "North West"}, "geometry": {"type": "Point", "coordinates": [4.167042, 7.6418101]}}, {"type": "Feature", "properties": {"name": "Vico Hope International College", "name:en": null, "amenity": "college", "building": null, "operator:type": null, "capacity:persons": null, "addr:full": null, "addr:city": null, "source": null, "osm_id": 11944678286, "osm_type": "nodes", "Analysis_Region": "North West"}, "geometry": {"type": "Point", "coordinates": [4.1742411, 7.6512762]}}, {"type": "Feature", "properties": {"name": "Newton College", "name:en": null, "amenity": "college", "building": null, "operator:type": null, "capacity:persons": null, "addr:full": null, "addr:city": null, "source": null, "osm_id": 11944678279, "osm_type": "nodes", "Analysis_Region": "North West"}, "geometry": {"type": "Point", "coordinates": [4.1611873, 7.6497327]}}, {"type": "Feature", "properties": {"name": "Esteemed Private School", "name:en": null, "amenity": "school", "building": null, "operator:type": null, "capacity:persons": null, "addr:full": null, "addr:city": null, "source": null, "osm_id": 12328746703, "osm_type": "nodes", "Analysis_Region": "North West"}, "geometry": {"type": "Point", "coordinates": [8.9100201, 9.9356082]}}, {"type": "Feature", "properties": {"name": "Jerusalem Mission Sch", "name:en": null, "amenity": "school", "building": null, "operator:type": "private", "capacity:persons": null, "addr:full": null, "addr:city": null, "source": null, "osm_id": 12328740099, "osm_type": "nodes", "Analysis_Region": "North West"}, "geometry": {"type": "Point", "coordinates": [8.9113661, 9.9372777]}}, {"type": "Feature", "properties": {"name": "MAKARANTAR LAYIN ISIYAKU MAI KIFI", "name:en": null, "amenity": "school", "building": null, "operator:type": null, "capacity:persons": null, "addr:full": null, "addr:city": null, "source": "ideamaps_2024", "osm_id": 12282389083, "osm_type": "nodes", "Analysis_Region": "North West"}, "geometry": {"type": "Point", "coordinates": [8.471478, 11.9565619]}}, {"type": "Feature", "properties": {"name": "AULAD INTNL SCHOOL", "name:en": null, "amenity": "school", "building": null, "operator:type": null, "capacity:persons": null, "addr:full": null, "addr:city": null, "source": "ideamaps_2024", "osm_id": 12282205052, "osm_type": "nodes", "Analysis_Region": "North West"}, "geometry": {"type": "Point", "coordinates": [8.5750223, 12.0496721]}}, {"type": "Feature", "properties": {"name": "FAIR MINDED ACADAMY", "name:en": null, "amenity": "school", "building": null, "operator:type": null, "capacity:persons": null, "addr:full": null, "addr:city": null, "source": "ideamaps_2024", "osm_id": 12282205053, "osm_type": "nodes", "Analysis_Region": "North West"}, "geometry": {"type": "Point", "coordinates": [8.5749232, 12.0480517]}}, {"type": "Feature", "properties": {"name": "IMAM MALIK PRIMARY", "name:en": null, "amenity": "school", "building": null, "operator:type": null, "capacity:persons": null, "addr:full": null, "addr:city": null, "source": "ideamaps_2024", "osm_id": 12282205054, "osm_type": "nodes", "Analysis_Region": "North West"}, "geometry": {"type": "Point", "coordinates": [8.5740972, 12.049216]}}, {"type": "Feature", "properties": {"name": "NANA RUKAIYYA PRIMARY SCHOOL", "name:en": null, "amenity": "school", "building": null, "operator:type": null, "capacity:persons": null, "addr:full": null, "addr:city": null, "source": "ideamaps_2024", "osm_id": 12282205055, "osm_type": "nodes", "Analysis_Region": "North West"}, "geometry": {"type": "Point", "coordinates": [8.5657154, 12.0455946]}}, {"type": "Feature", "properties": {"name": "APEX SUCCESS ITNL SCHOOLS", "name:en": null, "amenity": "school", "building": null, "operator:type": null, "capacity:persons": null, "addr:full": null, "addr:city": null, "source": "ideamaps_2024", "osm_id": 12282205056, "osm_type": "nodes", "Analysis_Region": "North West"}, "geometry": {"type": "Point", "coordinates": [8.5652857, 12.0451757]}}, {"type": "Feature", "properties": {"name": "MAKARANTAR MAL AUWALU", "name:en": null, "amenity": "school", "building": null, "operator:type": null, "capacity:persons": null, "addr:full": null, "addr:city": null, "source": "ideamaps_2024", "osm_id": 12282205057, "osm_type": "nodes", "Analysis_Region": "North West"}, "geometry": {"type": "Point", "coordinates": [8.5652077, 12.0444557]}}, {"type": "Feature", "properties": {"name": "HAYATUL ISLAMPRIMARY SCHOOL", "name:en": null, "amenity": "school", "building": null, "operator:type": null, "capacity:persons": null, "addr:full": null, "addr:city": null, "source": "ideamaps_2024", "osm_id": 12282205058, "osm_type": "nodes", "Analysis_Region": "North West"}, "geometry": {"type": "Point", "coordinates": [8.5646567, 12.0444918]}}, {"type": "Feature", "properties": {"name": "RAHAMA ACADEMY SCHOOL Z/MARIKITA", "name:en": null, "amenity": "school", "building": null, "operator:type": null, "capacity:persons": null, "addr:full": null, "addr:city": null, "source": "ideamaps_2024", "osm_id": 12282205059, "osm_type": "nodes", "Analysis_Region": "North West"}, "geometry": {"type": "Point", "coordinates": [8.5770688, 12.0498994]}}, {"type": "Feature", "properties": {"name": "SAHABA MODEL SCIENCE ACADEMY", "name:en": null, "amenity": "school", "building": null, "operator:type": null, "capacity:persons": null, "addr:full": null, "addr:city": null, "source": "ideamaps_2024", "osm_id": 12282205060, "osm_type": "nodes", "Analysis_Region": "North West"}, "geometry": {"type": "Point", "coordinates": [8.564, 12.0435884]}}, {"type": "Feature", "properties": {"name": "TALENT INTERNATIONAL", "name:en": null, "amenity": "school", "building": null, "operator:type": null, "capacity:persons": null, "addr:full": null, "addr:city": null, "source": "ideamaps_2024", "osm_id": 12282205061, "osm_type": "nodes", "Analysis_Region": "North West"}, "geometry": {"type": "Point", "coordinates": [8.5657515, 12.0396249]}}, {"type": "Feature", "properties": {"name": "GODIYA NURSERY AND PRIMARY SCHOOL", "name:en": null, "amenity": "school", "building": null, "operator:type": null, "capacity:persons": null, "addr:full": null, "addr:city": null, "source": "ideamaps_2024", "osm_id": 12282205062, "osm_type": "nodes", "Analysis_Region": "North West"}, "geometry": {"type": "Point", "coordinates": [8.5688992, 12.0382488]}}, {"type": "Feature", "properties": {"name": "BARDEN BOKO COLLEGE", "name:en": null, "amenity": "school", "building": null, "operator:type": null, "capacity:persons": null, "addr:full": null, "addr:city": null, "source": "ideamaps_2024", "osm_id": 12282205063, "osm_type": "nodes", "Analysis_Region": "North West"}, "geometry": {"type": "Point", "coordinates": [8.570076, 12.039169]}}, {"type": "Feature", "properties": {"name": "UBAYYU BIN KAAB", "name:en": null, "amenity": "school", "building": null, "operator:type": null, "capacity:persons": null, "addr:full": null, "addr:city": null, "source": "ideamaps_2024", "osm_id": 12282205064, "osm_type": "nodes", "Analysis_Region": "North West"}, "geometry": {"type": "Point", "coordinates": [8.5670659, 12.0417861]}}, {"type": "Feature", "properties": {"name": "UMMUL KHAIRI ISLAMIYYA", "name:en": null, "amenity": "school", "building": null, "operator:type": null, "capacity:persons": null, "addr:full": null, "addr:city": null, "source": "ideamaps_2024", "osm_id": 12282205065, "osm_type": "nodes", "Analysis_Region": "North West"}, "geometry": {"type": "Point", "coordinates": [8.5664325, 12.0429829]}}, {"type": "Feature", "properties": {"name": "MUASSA ISLAMIYYA", "name:en": null, "amenity": "school", "building": null, "operator:type": null, "capacity:persons": null, "addr:full": null, "addr:city": null, "source": "ideamaps_2024", "osm_id": 12282205066, "osm_type": "nodes", "Analysis_Region": "North West"}, "geometry": {"type": "Point", "coordinates": [8.5716037, 12.044625]}}, {"type": "Feature", "properties": {"name": "ABUBAKAR SADIQ MEMORIAL INTERNATIONAL", "name:en": null, "amenity": "school", "building": null, "operator:type": null, "capacity:persons": null, "addr:full": null, "addr:city": null, "source": "ideamaps_2024", "osm_id": 12282205067, "osm_type": "nodes", "Analysis_Region": "North West"}, "geometry": {"type": "Point", "coordinates": [8.5712755, 12.0436341]}}, {"type": "Feature", "properties": {"name": "MADARASATUL SUNNATU NABIYYI", "name:en": null, "amenity": "school", "building": null, "operator:type": null, "capacity:persons": null, "addr:full": null, "addr:city": null, "source": "ideamaps_2024", "osm_id": 12282205069, "osm_type": "nodes", "Analysis_Region": "North West"}, "geometry": {"type": "Point", "coordinates": [8.5679851, 12.0429607]}}, {"type": "Feature", "properties": {"name": "MADARASATUL KHALID BIN WALID ISLAMIYYA", "name:en": null, "amenity": "school", "building": null, "operator:type": null, "capacity:persons": null, "addr:full": null, "addr:city": null, "source": "ideamaps_2024", "osm_id": 12282205070, "osm_type": "nodes", "Analysis_Region": "North West"}, "geometry": {"type": "Point", "coordinates": [8.5672371, 12.0434148]}}, {"type": "Feature", "properties": {"name": "SABIL INTERNATIONAL ACADEMY", "name:en": null, "amenity": "school", "building": null, "operator:type": null, "capacity:persons": null, "addr:full": null, "addr:city": null, "source": "ideamaps_2024", "osm_id": 12282205071, "osm_type": "nodes", "Analysis_Region": "North West"}, "geometry": {"type": "Point", "coordinates": [8.5652819, 12.0441835]}}, {"type": "Feature", "properties": {"name": "MAKARANTAR MALAN AUWAL", "name:en": null, "amenity": "school", "building": null, "operator:type": null, "capacity:persons": null, "addr:full": null, "addr:city": null, "source": "ideamaps_2024", "osm_id": 12282205072, "osm_type": "nodes", "Analysis_Region": "North West"}, "geometry": {"type": "Point", "coordinates": [8.5653978, 12.044437]}}, {"type": "Feature", "properties": {"name": "ISLAMIYYA", "name:en": null, "amenity": "school", "building": null, "operator:type": null, "capacity:persons": null, "addr:full": null, "addr:city": null, "source": "ideamaps_2024", "osm_id": 12282205074, "osm_type": "nodes", "Analysis_Region": "North West"}, "geometry": {"type": "Point", "coordinates": [8.5713419, 12.0407968]}}, {"type": "Feature", "properties": {"name": "ANDAL BEST ACADEMY SCHOOL", "name:en": null, "amenity": "school", "building": null, "operator:type": null, "capacity:persons": null, "addr:full": null, "addr:city": null, "source": "ideamaps_2024", "osm_id": 12282205075, "osm_type": "nodes", "Analysis_Region": "North West"}, "geometry": {"type": "Point", "coordinates": [8.5685001, 12.0408788]}}, {"type": "Feature", "properties": {"name": "SAHABA ONE", "name:en": null, "amenity": "school", "building": null, "operator:type": null, "capacity:persons": null, "addr:full": null, "addr:city": null, "source": "ideamaps_2024", "osm_id": 12282205077, "osm_type": "nodes", "Analysis_Region": "North West"}, "geometry": {"type": "Point", "coordinates": [8.5641746, 12.0443144]}}, {"type": "Feature", "properties": {"name": "TALENT INTL ACADEMY", "name:en": null, "amenity": "school", "building": null, "operator:type": null, "capacity:persons": null, "addr:full": null, "addr:city": null, "source": "ideamaps_2024", "osm_id": 12282205078, "osm_type": "nodes", "Analysis_Region": "North West"}, "geometry": {"type": "Point", "coordinates": [8.5663449, 12.0370043]}}, {"type": "Feature", "properties": {"name": "AMANA SCHOOL", "name:en": null, "amenity": "school", "building": null, "operator:type": null, "capacity:persons": null, "addr:full": null, "addr:city": null, "source": "ideamaps_2024", "osm_id": 12282205079, "osm_type": "nodes", "Analysis_Region": "North West"}, "geometry": {"type": "Point", "coordinates": [8.567754, 12.0377945]}}, {"type": "Feature", "properties": {"name": "MADARASATUL TA'ALIMUL QUR'AN", "name:en": null, "amenity": "school", "building": null, "operator:type": null, "capacity:persons": null, "addr:full": null, "addr:city": null, "source": "ideamaps_2024", "osm_id": 12282205080, "osm_type": "nodes", "Analysis_Region": "North West"}, "geometry": {"type": "Point", "coordinates": [8.569914, 12.0405325]}}, {"type": "Feature", "properties": {"name": "DARUL QUR'AN ISLAMIYYA SCHOOL", "name:en": null, "amenity": "school", "building": null, "operator:type": null, "capacity:persons": null, "addr:full": null, "addr:city": null, "source": "ideamaps_2024", "osm_id": 12282205081, "osm_type": "nodes", "Analysis_Region": "North West"}, "geometry": {"type": "Point", "coordinates": [8.5690253, 12.0401823]}}, {"type": "Feature", "properties": {"name": "NASARATUDDEEN ISLAMIYYA", "name:en": null, "amenity": "school", "building": null, "operator:type": null, "capacity:persons": null, "addr:full": null, "addr:city": null, "source": "ideamaps_2024", "osm_id": 12282205082, "osm_type": "nodes", "Analysis_Region": "North West"}, "geometry": {"type": "Point", "coordinates": [8.5694611, 12.0423569]}}, {"type": "Feature", "properties": {"name": "SASIF MODEL NUR & PRI SCHOOL", "name:en": null, "amenity": "school", "building": null, "operator:type": null, "capacity:persons": null, "addr:full": null, "addr:city": null, "source": "ideamaps_2024", "osm_id": 12282205083, "osm_type": "nodes", "Analysis_Region": "North West"}, "geometry": {"type": "Point", "coordinates": [8.5692001, 12.0425287]}}, {"type": "Feature", "properties": {"name": "EMPHATIC MODEL SCHOOL", "name:en": null, "amenity": "school", "building": null, "operator:type": null, "capacity:persons": null, "addr:full": null, "addr:city": null, "source": "ideamaps_2024", "osm_id": 12282205084, "osm_type": "nodes", "Analysis_Region": "North West"}, "geometry": {"type": "Point", "coordinates": [8.5675573, 12.0415954]}}, {"type": "Feature", "properties": {"name": "MALAN YUSHA'U NA ANNABI QUR'ANIC SCHOOL", "name:en": null, "amenity": "school", "building": null, "operator:type": null, "capacity:persons": null, "addr:full": null, "addr:city": null, "source": "ideamaps_2024", "osm_id": 12282205085, "osm_type": "nodes", "Analysis_Region": "North West"}, "geometry": {"type": "Point", "coordinates": [8.5648333, 12.0424726]}}, {"type": "Feature", "properties": {"name": "MALAN KABIRU ALMAJIRI SCHOOL", "name:en": null, "amenity": "school", "building": null, "operator:type": null, "capacity:persons": null, "addr:full": null, "addr:city": null, "source": "ideamaps_2024", "osm_id": 12282205086, "osm_type": "nodes", "Analysis_Region": "North West"}, "geometry": {"type": "Point", "coordinates": [8.5651483, 12.0429951]}}, {"type": "Feature", "properties": {"name": "MALAN USMAN ALMAJIRI SCHOOL", "name:en": null, "amenity": "school", "building": null, "operator:type": null, "capacity:persons": null, "addr:full": null, "addr:city": null, "source": "ideamaps_2024", "osm_id": 12282205087, "osm_type": "nodes", "Analysis_Region": "North West"}, "geometry": {"type": "Point", "coordinates": [8.56698, 12.0428967]}}, {"type": "Feature", "properties": {"name": "AISHATU BEST ACADEMY (SENIOR)", "name:en": null, "amenity": "school", "building": null, "operator:type": null, "capacity:persons": null, "addr:full": null, "addr:city": null, "source": "ideamaps_2024", "osm_id": 12282205088, "osm_type": "nodes", "Analysis_Region": "North West"}, "geometry": {"type": "Point", "coordinates": [8.5710742, 12.0419759]}}, {"type": "Feature", "properties": {"name": "AISHATU BEST ACADEMY (JUNIOR)", "name:en": null, "amenity": "school", "building": null, "operator:type": null, "capacity:persons": null, "addr:full": null, "addr:city": null, "source": "ideamaps_2024", "osm_id": 12282205089, "osm_type": "nodes", "Analysis_Region": "North West"}, "geometry": {"type": "Point", "coordinates": [8.5709777, 12.0421874]}}, {"type": "Feature", "properties": {"name": "AISHATU BEST ACADEMY (NUR./PRI.)", "name:en": null, "amenity": "school", "building": null, "operator:type": null, "capacity:persons": null, "addr:full": null, "addr:city": null, "source": "ideamaps_2024", "osm_id": 12282205090, "osm_type": "nodes", "Analysis_Region": "North West"}, "geometry": {"type": "Point", "coordinates": [8.5712908, 12.0420476]}}, {"type": "Feature", "properties": {"name": "WISDOM INTERNATIONAL NURSERY SCHOOL", "name:en": null, "amenity": "school", "building": null, "operator:type": null, "capacity:persons": null, "addr:full": null, "addr:city": null, "source": "ideamaps_2024", "osm_id": 12282205091, "osm_type": "nodes", "Analysis_Region": "North West"}, "geometry": {"type": "Point", "coordinates": [8.5721324, 12.0431029]}}, {"type": "Feature", "properties": {"name": "WISDOM INTERNATIONAL JUNIOR SEC. SCH.", "name:en": null, "amenity": "school", "building": null, "operator:type": null, "capacity:persons": null, "addr:full": null, "addr:city": null, "source": "ideamaps_2024", "osm_id": 12282205092, "osm_type": "nodes", "Analysis_Region": "North West"}, "geometry": {"type": "Point", "coordinates": [8.5715617, 12.0439103]}}, {"type": "Feature", "properties": {"name": "DYNAMIC WISDOM INTERNATIONAL SCHOOL", "name:en": null, "amenity": "school", "building": null, "operator:type": null, "capacity:persons": null, "addr:full": null, "addr:city": null, "source": "ideamaps_2024", "osm_id": 12282205093, "osm_type": "nodes", "Analysis_Region": "North West"}, "geometry": {"type": "Point", "coordinates": [8.5703193, 12.0435412]}}, {"type": "Feature", "properties": {"name": "BRIGHT FUTURE SCIENCE ACADEMY", "name:en": null, "amenity": "school", "building": null, "operator:type": null, "capacity:persons": null, "addr:full": null, "addr:city": null, "source": "ideamaps_2024", "osm_id": 12282205094, "osm_type": "nodes", "Analysis_Region": "North West"}, "geometry": {"type": "Point", "coordinates": [8.5692946, 12.0433424]}}, {"type": "Feature", "properties": {"name": "SAHABAMODEL SCIENCE ACADEMY SCHOOL", "name:en": null, "amenity": "school", "building": null, "operator:type": null, "capacity:persons": null, "addr:full": null, "addr:city": null, "source": "ideamaps_2024", "osm_id": 12282205095, "osm_type": "nodes", "Analysis_Region": "North West"}, "geometry": {"type": "Point", "coordinates": [8.5636719, 12.0435823]}}, {"type": "Feature", "properties": {"name": "SUCCESS ACADEMY", "name:en": null, "amenity": "school", "building": null, "operator:type": null, "capacity:persons": null, "addr:full": null, "addr:city": null, "source": "ideamaps_2024", "osm_id": 12282205096, "osm_type": "nodes", "Analysis_Region": "North West"}, "geometry": {"type": "Point", "coordinates": [8.564252, 12.0418254]}}, {"type": "Feature", "properties": {"name": "PEAK HELGHT NURSERY SCHOOL", "name:en": null, "amenity": "school", "building": null, "operator:type": null, "capacity:persons": null, "addr:full": null, "addr:city": null, "source": "ideamaps_2024", "osm_id": 12282205097, "osm_type": "nodes", "Analysis_Region": "North West"}, "geometry": {"type": "Point", "coordinates": [8.5646456, 12.0403521]}}, {"type": "Feature", "properties": {"name": "NANA KHADIJA INTERNATIONAL SCHOOL", "name:en": null, "amenity": "school", "building": null, "operator:type": null, "capacity:persons": null, "addr:full": null, "addr:city": null, "source": "ideamaps_2024", "osm_id": 12282205098, "osm_type": "nodes", "Analysis_Region": "North West"}, "geometry": {"type": "Point", "coordinates": [8.5647032, 12.0392383]}}, {"type": "Feature", "properties": {"name": "ULUMUDDEN ISLAMIYA", "name:en": null, "amenity": "school", "building": null, "operator:type": null, "capacity:persons": null, "addr:full": null, "addr:city": null, "source": "ideamaps_2024", "osm_id": 12282205099, "osm_type": "nodes", "Analysis_Region": "North West"}, "geometry": {"type": "Point", "coordinates": [8.5648483, 12.0387592]}}, {"type": "Feature", "properties": {"name": "ROYAL ACADEMY", "name:en": null, "amenity": "school", "building": null, "operator:type": null, "capacity:persons": null, "addr:full": null, "addr:city": null, "source": "ideamaps_2024", "osm_id": 12282205100, "osm_type": "nodes", "Analysis_Region": "North West"}, "geometry": {"type": "Point", "coordinates": [8.564987, 12.0368496]}}, {"type": "Feature", "properties": {"name": "ROYAL ACADEMY", "name:en": null, "amenity": "school", "building": null, "operator:type": null, "capacity:persons": null, "addr:full": null, "addr:city": null, "source": "ideamaps_2024", "osm_id": 12282212701, "osm_type": "nodes", "Analysis_Region": "North West"}, "geometry": {"type": "Point", "coordinates": [8.5643673, 12.0363074]}}, {"type": "Feature", "properties": {"name": "ADAMU A C SCIENCE ACADEMY SCHOOHL", "name:en": null, "amenity": "school", "building": null, "operator:type": null, "capacity:persons": null, "addr:full": null, "addr:city": null, "source": "ideamaps_2024", "osm_id": 12282212702, "osm_type": "nodes", "Analysis_Region": "North West"}, "geometry": {"type": "Point", "coordinates": [8.5635381, 12.041325]}}, {"type": "Feature", "properties": {"name": "DA AWATUNNABIYYU", "name:en": null, "amenity": "school", "building": null, "operator:type": null, "capacity:persons": null, "addr:full": null, "addr:city": null, "source": "ideamaps_2024", "osm_id": 12282212703, "osm_type": "nodes", "Analysis_Region": "North West"}, "geometry": {"type": "Point", "coordinates": [8.5628031, 12.0420259]}}, {"type": "Feature", "properties": {"name": "ADAMU A C SCIENCE ACADEMY", "name:en": null, "amenity": "school", "building": null, "operator:type": null, "capacity:persons": null, "addr:full": null, "addr:city": null, "source": "ideamaps_2024", "osm_id": 12282212704, "osm_type": "nodes", "Analysis_Region": "North West"}, "geometry": {"type": "Point", "coordinates": [8.5627532, 12.0410956]}}, {"type": "Feature", "properties": {"name": "ROYAL", "name:en": null, "amenity": "school", "building": null, "operator:type": null, "capacity:persons": null, "addr:full": null, "addr:city": null, "source": "ideamaps_2024", "osm_id": 12282212705, "osm_type": "nodes", "Analysis_Region": "North West"}, "geometry": {"type": "Point", "coordinates": [8.5641527, 12.0372402]}}, {"type": "Feature", "properties": {"name": "DARUSSUNNAH LITAHFEEZIL QUR'AN", "name:en": null, "amenity": "school", "building": null, "operator:type": null, "capacity:persons": null, "addr:full": null, "addr:city": null, "source": "ideamaps_2024", "osm_id": 12282212706, "osm_type": "nodes", "Analysis_Region": "North West"}, "geometry": {"type": "Point", "coordinates": [8.5643373, 12.0391016]}}, {"type": "Feature", "properties": {"name": "ALHAJI YUSUF GARBA ALI ISLAMIC FOUNDATION", "name:en": null, "amenity": "school", "building": null, "operator:type": null, "capacity:persons": null, "addr:full": null, "addr:city": null, "source": "ideamaps_2024", "osm_id": 12282212707, "osm_type": "nodes", "Analysis_Region": "North West"}, "geometry": {"type": "Point", "coordinates": [8.5653604, 12.0360192]}}, {"type": "Feature", "properties": {"name": "MAKARANTAR MALAM IBRAHIM MAI YAR HULA", "name:en": null, "amenity": "school", "building": null, "operator:type": null, "capacity:persons": null, "addr:full": null, "addr:city": null, "source": "ideamaps_2024", "osm_id": 12282212708, "osm_type": "nodes", "Analysis_Region": "North West"}, "geometry": {"type": "Point", "coordinates": [8.5642354, 12.0395155]}}, {"type": "Feature", "properties": {"name": "MAKARANTAR MALAM MAI JAN LEBE", "name:en": null, "amenity": "school", "building": null, "operator:type": null, "capacity:persons": null, "addr:full": null, "addr:city": null, "source": "ideamaps_2024", "osm_id": 12282212709, "osm_type": "nodes", "Analysis_Region": "North West"}, "geometry": {"type": "Point", "coordinates": [8.5636434, 12.0391339]}}, {"type": "Feature", "properties": {"name": "IBN KASIR ACADEMY", "name:en": null, "amenity": "school", "building": null, "operator:type": null, "capacity:persons": null, "addr:full": null, "addr:city": null, "source": "ideamaps_2024", "osm_id": 12282212710, "osm_type": "nodes", "Analysis_Region": "North West"}, "geometry": {"type": "Point", "coordinates": [8.5639076, 12.0376235]}}, {"type": "Feature", "properties": {"name": "GIDAN GADO SCIENCE ACADEMY AND ISLAMIYYA", "name:en": null, "amenity": "school", "building": null, "operator:type": null, "capacity:persons": null, "addr:full": null, "addr:city": null, "source": "ideamaps_2024", "osm_id": 12282212711, "osm_type": "nodes", "Analysis_Region": "North West"}, "geometry": {"type": "Point", "coordinates": [8.579489, 12.0503516]}}, {"type": "Feature", "properties": {"name": "DAN TAMASHE JUNIOR SECONDARY SCHOOL", "name:en": null, "amenity": "school", "building": null, "operator:type": null, "capacity:persons": null, "addr:full": null, "addr:city": null, "source": "ideamaps_2024", "osm_id": 12282212712, "osm_type": "nodes", "Analysis_Region": "North West"}, "geometry": {"type": "Point", "coordinates": [8.5803217, 12.0497833]}}, {"type": "Feature", "properties": {"name": "MADARASATUL ADAM MAIGARI ISLAMIYYA", "name:en": null, "amenity": "school", "building": null, "operator:type": null, "capacity:persons": null, "addr:full": null, "addr:city": null, "source": "ideamaps_2024", "osm_id": 12282212713, "osm_type": "nodes", "Analysis_Region": "North West"}, "geometry": {"type": "Point", "coordinates": [8.5677949, 12.047299]}}, {"type": "Feature", "properties": {"name": "ALMUHAJIRUN WAL ANSAR LITAHFIZUL QUR AN WADDARASATUK ILAMIYYA", "name:en": null, "amenity": "school", "building": null, "operator:type": null, "capacity:persons": null, "addr:full": null, "addr:city": null, "source": "ideamaps_2024", "osm_id": 12282212714, "osm_type": "nodes", "Analysis_Region": "North West"}, "geometry": {"type": "Point", "coordinates": [8.577231, 12.0539476]}}, {"type": "Feature", "properties": {"name": "MAKARATAR ZUBAIRU BIN AWAM", "name:en": null, "amenity": "school", "building": null, "operator:type": null, "capacity:persons": null, "addr:full": null, "addr:city": null, "source": "ideamaps_2024", "osm_id": 12282212715, "osm_type": "nodes", "Analysis_Region": "North West"}, "geometry": {"type": "Point", "coordinates": [8.5647113, 12.0407395]}}, {"type": "Feature", "properties": {"name": "ALHASAN MEMORIAL", "name:en": null, "amenity": "school", "building": null, "operator:type": null, "capacity:persons": null, "addr:full": null, "addr:city": null, "source": "ideamaps_2024", "osm_id": 12282212716, "osm_type": "nodes", "Analysis_Region": "North West"}, "geometry": {"type": "Point", "coordinates": [8.5644967, 12.0400233]}}, {"type": "Feature", "properties": {"name": "BARANTAR MALAM SANI", "name:en": null, "amenity": "school", "building": null, "operator:type": null, "capacity:persons": null, "addr:full": null, "addr:city": null, "source": "ideamaps_2024", "osm_id": 12282212717, "osm_type": "nodes", "Analysis_Region": "North West"}, "geometry": {"type": "Point", "coordinates": [8.5625926, 12.0442205]}}, {"type": "Feature", "properties": {"name": "MAKARATAR MARAYU DA MASU KARAMIN KARFI", "name:en": null, "amenity": "school", "building": null, "operator:type": null, "capacity:persons": null, "addr:full": null, "addr:city": null, "source": "ideamaps_2024", "osm_id": 12282212718, "osm_type": "nodes", "Analysis_Region": "North West"}, "geometry": {"type": "Point", "coordinates": [8.5641672, 12.0353398]}}, {"type": "Feature", "properties": {"name": "NURUL ISLAM", "name:en": null, "amenity": "school", "building": null, "operator:type": null, "capacity:persons": null, "addr:full": null, "addr:city": null, "source": "ideamaps_2024", "osm_id": 12282212719, "osm_type": "nodes", "Analysis_Region": "North West"}, "geometry": {"type": "Point", "coordinates": [8.56309, 12.038635]}}, {"type": "Feature", "properties": {"name": "MAKARANTAR MALAM SUNUSI", "name:en": null, "amenity": "school", "building": null, "operator:type": null, "capacity:persons": null, "addr:full": null, "addr:city": null, "source": "ideamaps_2024", "osm_id": 12282212720, "osm_type": "nodes", "Analysis_Region": "North West"}, "geometry": {"type": "Point", "coordinates": [8.5622572, 12.0415213]}}, {"type": "Feature", "properties": {"name": "HASIYA MEMORIAL SCHOOL", "name:en": null, "amenity": "school", "building": null, "operator:type": null, "capacity:persons": null, "addr:full": null, "addr:city": null, "source": "ideamaps_2024", "osm_id": 12282212721, "osm_type": "nodes", "Analysis_Region": "North West"}, "geometry": {"type": "Point", "coordinates": [8.5819616, 12.0553348]}}, {"type": "Feature", "properties": {"name": "MADRASATUL ZADUL MA AM ISLAMIYYA", "name:en": null, "amenity": "school", "building": null, "operator:type": null, "capacity:persons": null, "addr:full": null, "addr:city": null, "source": "ideamaps_2024", "osm_id": 12282212722, "osm_type": "nodes", "Analysis_Region": "North West"}, "geometry": {"type": "Point", "coordinates": [8.5819652, 12.0553226]}}, {"type": "Feature", "properties": {"name": "HASINAH MEMORIAL", "name:en": null, "amenity": "school", "building": null, "operator:type": null, "capacity:persons": null, "addr:full": null, "addr:city": null, "source": "ideamaps_2024", "osm_id": 12282212723, "osm_type": "nodes", "Analysis_Region": "North West"}, "geometry": {"type": "Point", "coordinates": [8.5815871, 12.0552948]}}, {"type": "Feature", "properties": {"name": "BINTA FOUNDATION", "name:en": null, "amenity": "school", "building": null, "operator:type": null, "capacity:persons": null, "addr:full": null, "addr:city": null, "source": "ideamaps_2024", "osm_id": 12282212724, "osm_type": "nodes", "Analysis_Region": "North West"}, "geometry": {"type": "Point", "coordinates": [8.5815458, 12.055975]}}, {"type": "Feature", "properties": {"name": "FATIMA B IDRIS", "name:en": null, "amenity": "school", "building": null, "operator:type": null, "capacity:persons": null, "addr:full": null, "addr:city": null, "source": "ideamaps_2024", "osm_id": 12282212725, "osm_type": "nodes", "Analysis_Region": "North West"}, "geometry": {"type": "Point", "coordinates": [8.5804708, 12.0549255]}}, {"type": "Feature", "properties": {"name": "HUSNAH BEST ACADEMY", "name:en": null, "amenity": "school", "building": null, "operator:type": null, "capacity:persons": null, "addr:full": null, "addr:city": null, "source": "ideamaps_2024", "osm_id": 12282212726, "osm_type": "nodes", "Analysis_Region": "North West"}, "geometry": {"type": "Point", "coordinates": [8.5664423, 12.0461014]}}, {"type": "Feature", "properties": {"name": "FATHU RABBANI MAL. HASSAN", "name:en": null, "amenity": "school", "building": null, "operator:type": null, "capacity:persons": null, "addr:full": null, "addr:city": null, "source": "ideamaps_2024", "osm_id": 12282212727, "osm_type": "nodes", "Analysis_Region": "North West"}, "geometry": {"type": "Point", "coordinates": [8.56322, 12.0365574]}}, {"type": "Feature", "properties": {"name": "IBN KASIR ACADEMY", "name:en": null, "amenity": "school", "building": null, "operator:type": null, "capacity:persons": null, "addr:full": null, "addr:city": null, "source": "ideamaps_2024", "osm_id": 12282212729, "osm_type": "nodes", "Analysis_Region": "North West"}, "geometry": {"type": "Point", "coordinates": [8.5640442, 12.0365338]}}, {"type": "Feature", "properties": {"name": "ROYAL ACADEMY", "name:en": null, "amenity": "school", "building": null, "operator:type": null, "capacity:persons": null, "addr:full": null, "addr:city": null, "source": "ideamaps_2024", "osm_id": 12282212730, "osm_type": "nodes", "Analysis_Region": "North West"}, "geometry": {"type": "Point", "coordinates": [8.5644422, 12.0362751]}}, {"type": "Feature", "properties": {"name": "ASSAYYADA AISHA COLLEGE", "name:en": null, "amenity": "school", "building": null, "operator:type": null, "capacity:persons": null, "addr:full": null, "addr:city": null, "source": "ideamaps_2024", "osm_id": 12282212731, "osm_type": "nodes", "Analysis_Region": "North West"}, "geometry": {"type": "Point", "coordinates": [8.5644681, 12.0353643]}}, {"type": "Feature", "properties": {"name": "MAKARANTAR MAL ME MANGWARO", "name:en": null, "amenity": "school", "building": null, "operator:type": null, "capacity:persons": null, "addr:full": null, "addr:city": null, "source": "ideamaps_2024", "osm_id": 12282212732, "osm_type": "nodes", "Analysis_Region": "North West"}, "geometry": {"type": "Point", "coordinates": [8.5631486, 12.0343714]}}, {"type": "Feature", "properties": {"name": "BUL BULA SPECIAL PRAMARY SCHOOL", "name:en": null, "amenity": "school", "building": null, "operator:type": null, "capacity:persons": null, "addr:full": null, "addr:city": null, "source": "ideamaps_2024", "osm_id": 12282212733, "osm_type": "nodes", "Analysis_Region": "North West"}, "geometry": {"type": "Point", "coordinates": [8.5635767, 12.0362363]}}, {"type": "Feature", "properties": {"name": "MA AHAD", "name:en": null, "amenity": "school", "building": null, "operator:type": null, "capacity:persons": null, "addr:full": null, "addr:city": null, "source": "ideamaps_2024", "osm_id": 12282212734, "osm_type": "nodes", "Analysis_Region": "North West"}, "geometry": {"type": "Point", "coordinates": [8.5613212, 12.0342567]}}, {"type": "Feature", "properties": {"name": "MARKAZU ISALIL KHAIR UMMATI SCHOOL", "name:en": null, "amenity": "school", "building": null, "operator:type": null, "capacity:persons": null, "addr:full": null, "addr:city": null, "source": "ideamaps_2024", "osm_id": 12282212735, "osm_type": "nodes", "Analysis_Region": "North West"}, "geometry": {"type": "Point", "coordinates": [8.5704173, 12.0458992]}}, {"type": "Feature", "properties": {"name": "RIMIN KEBE SPECIALI PRIMARY SCHOOL", "name:en": null, "amenity": "school", "building": null, "operator:type": null, "capacity:persons": null, "addr:full": null, "addr:city": null, "source": "ideamaps_2024", "osm_id": 12282212736, "osm_type": "nodes", "Analysis_Region": "North West"}, "geometry": {"type": "Point", "coordinates": [8.5702733, 12.0464717]}}, {"type": "Feature", "properties": {"name": "AL-HIKIMA ISLAMIC INSTITUTE", "name:en": null, "amenity": "school", "building": null, "operator:type": null, "capacity:persons": null, "addr:full": null, "addr:city": null, "source": "ideamaps_2024", "osm_id": 12282212737, "osm_type": "nodes", "Analysis_Region": "North West"}, "geometry": {"type": "Point", "coordinates": [8.5721953, 12.0431718]}}, {"type": "Feature", "properties": {"name": "SHAMSUL HUDA AL ISLAMIYYA", "name:en": null, "amenity": "school", "building": null, "operator:type": null, "capacity:persons": null, "addr:full": null, "addr:city": null, "source": "ideamaps_2024", "osm_id": 12282212738, "osm_type": "nodes", "Analysis_Region": "North West"}, "geometry": {"type": "Point", "coordinates": [8.5727643, 12.0423252]}}, {"type": "Feature", "properties": {"name": "DAR ARQAM", "name:en": null, "amenity": "school", "building": null, "operator:type": null, "capacity:persons": null, "addr:full": null, "addr:city": null, "source": "ideamaps_2024", "osm_id": 12282212739, "osm_type": "nodes", "Analysis_Region": "North West"}, "geometry": {"type": "Point", "coordinates": [8.5832357, 12.0569918]}}, {"type": "Feature", "properties": {"name": "ULIN NUHA NURSERY AND PRIMARY", "name:en": null, "amenity": "school", "building": null, "operator:type": null, "capacity:persons": null, "addr:full": null, "addr:city": null, "source": "ideamaps_2024", "osm_id": 12282212740, "osm_type": "nodes", "Analysis_Region": "North West"}, "geometry": {"type": "Point", "coordinates": [8.5789217, 12.0523917]}}, {"type": "Feature", "properties": {"name": "ZAHEERA INTERNATIONAL SCHOOL", "name:en": null, "amenity": "school", "building": null, "operator:type": null, "capacity:persons": null, "addr:full": null, "addr:city": null, "source": "ideamaps_2024", "osm_id": 12282212741, "osm_type": "nodes", "Analysis_Region": "North West"}, "geometry": {"type": "Point", "coordinates": [8.5741653, 12.0517451]}}, {"type": "Feature", "properties": {"name": "DOGARA MODEL COLLEGE", "name:en": null, "amenity": "school", "building": null, "operator:type": null, "capacity:persons": null, "addr:full": null, "addr:city": null, "source": "ideamaps_2024", "osm_id": 12282438046, "osm_type": "nodes", "Analysis_Region": "North West"}, "geometry": {"type": "Point", "coordinates": [8.4791118, 11.9664886]}}, {"type": "Feature", "properties": {"name": "MAKARANTAR MLM ISUHU", "name:en": null, "amenity": "school", "building": null, "operator:type": null, "capacity:persons": null, "addr:full": null, "addr:city": null, "source": "ideamaps_2024", "osm_id": 12282389071, "osm_type": "nodes", "Analysis_Region": "North West"}, "geometry": {"type": "Point", "coordinates": [8.4786629, 11.9619984]}}, {"type": "Feature", "properties": {"name": "MAKARATAR MLM ABDULMUMINU", "name:en": null, "amenity": "school", "building": null, "operator:type": null, "capacity:persons": null, "addr:full": null, "addr:city": null, "source": "ideamaps_2024", "osm_id": 12282389072, "osm_type": "nodes", "Analysis_Region": "North West"}, "geometry": {"type": "Point", "coordinates": [8.4777984, 11.9627142]}}, {"type": "Feature", "properties": {"name": "ALQAMAR COLLEGE KANO", "name:en": null, "amenity": "school", "building": null, "operator:type": null, "capacity:persons": null, "addr:full": null, "addr:city": null, "source": "ideamaps_2024", "osm_id": 12282389073, "osm_type": "nodes", "Analysis_Region": "North West"}, "geometry": {"type": "Point", "coordinates": [8.477649, 11.9626436]}}, {"type": "Feature", "properties": {"name": "KHULAFA'U RRASHIDIN RIDWAN IBRAHIM ACADEMY", "name:en": null, "amenity": "school", "building": null, "operator:type": null, "capacity:persons": null, "addr:full": null, "addr:city": null, "source": "ideamaps_2024", "osm_id": 12282389074, "osm_type": "nodes", "Analysis_Region": "North West"}, "geometry": {"type": "Point", "coordinates": [8.465725, 11.9612817]}}, {"type": "Feature", "properties": {"name": "MAKARANTAR TASIU MAI ALMAJIRAI", "name:en": null, "amenity": "school", "building": null, "operator:type": null, "capacity:persons": null, "addr:full": null, "addr:city": null, "source": "ideamaps_2024", "osm_id": 12282389075, "osm_type": "nodes", "Analysis_Region": "North West"}, "geometry": {"type": "Point", "coordinates": [8.4675229, 11.9606079]}}, {"type": "Feature", "properties": {"name": "KARANTAR MALAM AUWAL FARIN MASALLACHI", "name:en": null, "amenity": "school", "building": null, "operator:type": null, "capacity:persons": null, "addr:full": null, "addr:city": null, "source": "ideamaps_2024", "osm_id": 12282389076, "osm_type": "nodes", "Analysis_Region": "North West"}, "geometry": {"type": "Point", "coordinates": [8.4676706, 11.9601537]}}, {"type": "Feature", "properties": {"name": "ANWARUL MUHAMMADIYYA", "name:en": null, "amenity": "school", "building": null, "operator:type": null, "capacity:persons": null, "addr:full": null, "addr:city": null, "source": "ideamaps_2024", "osm_id": 12282389077, "osm_type": "nodes", "Analysis_Region": "North West"}, "geometry": {"type": "Point", "coordinates": [8.4708047, 11.9574012]}}, {"type": "Feature", "properties": {"name": "TALENT BEST ACADEMY", "name:en": null, "amenity": "school", "building": null, "operator:type": null, "capacity:persons": null, "addr:full": null, "addr:city": null, "source": "ideamaps_2024", "osm_id": 12282389078, "osm_type": "nodes", "Analysis_Region": "North West"}, "geometry": {"type": "Point", "coordinates": [8.4717568, 11.9547559]}}, {"type": "Feature", "properties": {"name": "AL-ITKAN ACADEMY", "name:en": null, "amenity": "school", "building": null, "operator:type": null, "capacity:persons": null, "addr:full": null, "addr:city": null, "source": "ideamaps_2024", "osm_id": 12282389079, "osm_type": "nodes", "Analysis_Region": "North West"}, "geometry": {"type": "Point", "coordinates": [8.4701306, 11.9585672]}}, {"type": "Feature", "properties": {"name": "MAKARANTAR MAL SAMAILA", "name:en": null, "amenity": "school", "building": null, "operator:type": null, "capacity:persons": null, "addr:full": null, "addr:city": null, "source": "ideamaps_2024", "osm_id": 12282389080, "osm_type": "nodes", "Analysis_Region": "North West"}, "geometry": {"type": "Point", "coordinates": [8.4701265, 11.9569721]}}, {"type": "Feature", "properties": {"name": "DORAYI COMMUNITY SCHOOL", "name:en": null, "amenity": "school", "building": null, "operator:type": null, "capacity:persons": null, "addr:full": null, "addr:city": null, "source": "ideamaps_2024", "osm_id": 12282389081, "osm_type": "nodes", "Analysis_Region": "North West"}, "geometry": {"type": "Point", "coordinates": [8.4697737, 11.9579343]}}, {"type": "Feature", "properties": {"name": "ALISHBA ACADEMY", "name:en": null, "amenity": "school", "building": null, "operator:type": null, "capacity:persons": null, "addr:full": null, "addr:city": null, "source": "ideamaps_2024", "osm_id": 12282389082, "osm_type": "nodes", "Analysis_Region": "North West"}, "geometry": {"type": "Point", "coordinates": [8.4709943, 11.953573]}}, {"type": "Feature", "properties": {"name": "ALKHAIRAT ACADEMY", "name:en": null, "amenity": "school", "building": null, "operator:type": null, "capacity:persons": null, "addr:full": null, "addr:city": null, "source": "ideamaps_2024", "osm_id": 12282389084, "osm_type": "nodes", "Analysis_Region": "North West"}, "geometry": {"type": "Point", "coordinates": [8.4669744, 11.9606194]}}, {"type": "Feature", "properties": {"name": "EDUCATION", "name:en": null, "amenity": "school", "building": null, "operator:type": null, "capacity:persons": null, "addr:full": null, "addr:city": null, "source": "ideamaps_2024", "osm_id": 12282389085, "osm_type": "nodes", "Analysis_Region": "North West"}, "geometry": {"type": "Point", "coordinates": [8.4722477, 11.9585755]}}, {"type": "Feature", "properties": {"name": "DARUL QIR'AN FOUNDATION", "name:en": null, "amenity": "school", "building": null, "operator:type": null, "capacity:persons": null, "addr:full": null, "addr:city": null, "source": "ideamaps_2024", "osm_id": 12282389087, "osm_type": "nodes", "Analysis_Region": "North West"}, "geometry": {"type": "Point", "coordinates": [8.4738677, 11.9560775]}}, {"type": "Feature", "properties": {"name": "MAKARANTAR MALAM SAMA'ILA", "name:en": null, "amenity": "school", "building": null, "operator:type": null, "capacity:persons": null, "addr:full": null, "addr:city": null, "source": "ideamaps_2024", "osm_id": 12282389088, "osm_type": "nodes", "Analysis_Region": "North West"}, "geometry": {"type": "Point", "coordinates": [8.4722242, 11.959821]}}, {"type": "Feature", "properties": {"name": "AMATULRAHMAN ROYAL INT' SCHOOL KANO", "name:en": null, "amenity": "school", "building": null, "operator:type": null, "capacity:persons": null, "addr:full": null, "addr:city": null, "source": "ideamaps_2024", "osm_id": 12282389089, "osm_type": "nodes", "Analysis_Region": "North West"}, "geometry": {"type": "Point", "coordinates": [8.4681586, 11.9644852]}}, {"type": "Feature", "properties": {"name": "ZAM-ZAM INTL SCHOOL KANO", "name:en": null, "amenity": "school", "building": null, "operator:type": null, "capacity:persons": null, "addr:full": null, "addr:city": null, "source": "ideamaps_2024", "osm_id": 12282389090, "osm_type": "nodes", "Analysis_Region": "North West"}, "geometry": {"type": "Point", "coordinates": [8.4670978, 11.9631813]}}, {"type": "Feature", "properties": {"name": "ABDULLAHI BIN MASUD ( FAISALIYYA) ISLAMIYYA", "name:en": null, "amenity": "school", "building": null, "operator:type": null, "capacity:persons": null, "addr:full": null, "addr:city": null, "source": "ideamaps_2024", "osm_id": 12282389091, "osm_type": "nodes", "Analysis_Region": "North West"}, "geometry": {"type": "Point", "coordinates": [8.4705272, 11.9552463]}}, {"type": "Feature", "properties": {"name": "MAI KANO ACADEMY", "name:en": null, "amenity": "school", "building": null, "operator:type": null, "capacity:persons": null, "addr:full": null, "addr:city": null, "source": "ideamaps_2024", "osm_id": 12282389092, "osm_type": "nodes", "Analysis_Region": "North West"}, "geometry": {"type": "Point", "coordinates": [8.4713438, 11.9544618]}}, {"type": "Feature", "properties": {"name": "SHARIF NUHU MEMORIAL", "name:en": null, "amenity": "school", "building": null, "operator:type": null, "capacity:persons": null, "addr:full": null, "addr:city": null, "source": "ideamaps_2024", "osm_id": 12282389093, "osm_type": "nodes", "Analysis_Region": "North West"}, "geometry": {"type": "Point", "coordinates": [8.4754743, 11.9595532]}}, {"type": "Feature", "properties": {"name": "AL-JAZEERA INTERNATIONAL ACADEMY", "name:en": null, "amenity": "school", "building": null, "operator:type": null, "capacity:persons": null, "addr:full": null, "addr:city": null, "source": "ideamaps_2024", "osm_id": 12282389094, "osm_type": "nodes", "Analysis_Region": "North West"}, "geometry": {"type": "Point", "coordinates": [8.474068, 11.9595503]}}, {"type": "Feature", "properties": {"name": "NANA KHADIJAILAMIYYA", "name:en": null, "amenity": "school", "building": null, "operator:type": null, "capacity:persons": null, "addr:full": null, "addr:city": null, "source": "ideamaps_2024", "osm_id": 12282389095, "osm_type": "nodes", "Analysis_Region": "North West"}, "geometry": {"type": "Point", "coordinates": [8.4728578, 11.9604109]}}, {"type": "Feature", "properties": {"name": "BINTA AHMAD MEMORIAL ACADEMY", "name:en": null, "amenity": "school", "building": null, "operator:type": null, "capacity:persons": null, "addr:full": null, "addr:city": null, "source": "ideamaps_2024", "osm_id": 12282389096, "osm_type": "nodes", "Analysis_Region": "North West"}, "geometry": {"type": "Point", "coordinates": [8.4736154, 11.9611222]}}, {"type": "Feature", "properties": {"name": "EAMANI SCHOOL", "name:en": null, "amenity": "school", "building": null, "operator:type": null, "capacity:persons": null, "addr:full": null, "addr:city": null, "source": "ideamaps_2024", "osm_id": 12282389097, "osm_type": "nodes", "Analysis_Region": "North West"}, "geometry": {"type": "Point", "coordinates": [8.4750429, 11.9626104]}}, {"type": "Feature", "properties": {"name": "MIGA INTRNATIONAL ACADEMY", "name:en": null, "amenity": "school", "building": null, "operator:type": null, "capacity:persons": null, "addr:full": null, "addr:city": null, "source": "ideamaps_2024", "osm_id": 12282389098, "osm_type": "nodes", "Analysis_Region": "North West"}, "geometry": {"type": "Point", "coordinates": [8.4745371, 11.961835]}}, {"type": "Feature", "properties": {"name": "ASHABUL KAHFI QADIRIYYA RIYADUL JANNAH", "name:en": null, "amenity": "school", "building": null, "operator:type": null, "capacity:persons": null, "addr:full": null, "addr:city": null, "source": "ideamaps_2024", "osm_id": 12282389099, "osm_type": "nodes", "Analysis_Region": "North West"}, "geometry": {"type": "Point", "coordinates": [8.4757028, 11.9596744]}}, {"type": "Feature", "properties": {"name": "SHEIK ABUBAKAR RAMADAN LITAHFIZUL QUR AN", "name:en": null, "amenity": "school", "building": null, "operator:type": null, "capacity:persons": null, "addr:full": null, "addr:city": null, "source": "ideamaps_2024", "osm_id": 12282389100, "osm_type": "nodes", "Analysis_Region": "North West"}, "geometry": {"type": "Point", "coordinates": [8.4743134, 11.9596416]}}, {"type": "Feature", "properties": {"name": "MUHAMMADU SUNUSI RAYADU SALIHIN SCHOOL", "name:en": null, "amenity": "school", "building": null, "operator:type": null, "capacity:persons": null, "addr:full": null, "addr:city": null, "source": "ideamaps_2024", "osm_id": 12282438001, "osm_type": "nodes", "Analysis_Region": "North West"}, "geometry": {"type": "Point", "coordinates": [8.4770109, 11.9587869]}}, {"type": "Feature", "properties": {"name": "SALLDANS ROYAL ACADEMY", "name:en": null, "amenity": "school", "building": null, "operator:type": null, "capacity:persons": null, "addr:full": null, "addr:city": null, "source": "ideamaps_2024", "osm_id": 12282438002, "osm_type": "nodes", "Analysis_Region": "North West"}, "geometry": {"type": "Point", "coordinates": [8.4774688, 11.9599258]}}, {"type": "Feature", "properties": {"name": "ABU HANIFA ACADEMY", "name:en": null, "amenity": "school", "building": null, "operator:type": null, "capacity:persons": null, "addr:full": null, "addr:city": null, "source": "ideamaps_2024", "osm_id": 12282438003, "osm_type": "nodes", "Analysis_Region": "North West"}, "geometry": {"type": "Point", "coordinates": [8.4785149, 11.9591133]}}, {"type": "Feature", "properties": {"name": "DR.MORIKI ISLAMIC ACADEMY", "name:en": null, "amenity": "school", "building": null, "operator:type": null, "capacity:persons": null, "addr:full": null, "addr:city": null, "source": "ideamaps_2024", "osm_id": 12282438004, "osm_type": "nodes", "Analysis_Region": "North West"}, "geometry": {"type": "Point", "coordinates": [8.4786362, 11.9601936]}}, {"type": "Feature", "properties": {"name": "SULTAN ROYAL ACADEMY;HAFSA ACADEMY KANO;UMMULKHAIR ISLAMIYYA AND PRIMARY SCHOOL", "name:en": null, "amenity": "school", "building": null, "operator:type": null, "capacity:persons": null, "addr:full": null, "addr:city": null, "source": "ideamaps_2024", "osm_id": 12282438005, "osm_type": "nodes", "Analysis_Region": "North West"}, "geometry": {"type": "Point", "coordinates": [8.4734871, 11.9595321]}}, {"type": "Feature", "properties": {"name": "RAYYAN MODEL SCHOOL", "name:en": null, "amenity": "school", "building": null, "operator:type": null, "capacity:persons": null, "addr:full": null, "addr:city": null, "source": "ideamaps_2024", "osm_id": 12282438006, "osm_type": "nodes", "Analysis_Region": "North West"}, "geometry": {"type": "Point", "coordinates": [8.4790129, 11.9612687]}}, {"type": "Feature", "properties": {"name": "PREMIER COLLEGE OF ART AND SCIENCE SCHOOL", "name:en": null, "amenity": "school", "building": null, "operator:type": null, "capacity:persons": null, "addr:full": null, "addr:city": null, "source": "ideamaps_2024", "osm_id": 12282438007, "osm_type": "nodes", "Analysis_Region": "North West"}, "geometry": {"type": "Point", "coordinates": [8.4795941, 11.9631024]}}, {"type": "Feature", "properties": {"name": "MADARATU UBAIYI BIN KA'AB", "name:en": null, "amenity": "school", "building": null, "operator:type": null, "capacity:persons": null, "addr:full": null, "addr:city": null, "source": "ideamaps_2024", "osm_id": 12282438008, "osm_type": "nodes", "Analysis_Region": "North West"}, "geometry": {"type": "Point", "coordinates": [8.4795067, 11.9630682]}}, {"type": "Feature", "properties": {"name": "MIGA INTERNATIONAL ACADEMY", "name:en": null, "amenity": "school", "building": null, "operator:type": null, "capacity:persons": null, "addr:full": null, "addr:city": null, "source": "ideamaps_2024", "osm_id": 12282438009, "osm_type": "nodes", "Analysis_Region": "North West"}, "geometry": {"type": "Point", "coordinates": [8.4751262, 11.9614057]}}, {"type": "Feature", "properties": {"name": "BABAN ABBA SCHOOL", "name:en": null, "amenity": "school", "building": null, "operator:type": null, "capacity:persons": null, "addr:full": null, "addr:city": null, "source": "ideamaps_2024", "osm_id": 12282438010, "osm_type": "nodes", "Analysis_Region": "North West"}, "geometry": {"type": "Point", "coordinates": [8.4777136, 11.9607216]}}, {"type": "Feature", "properties": {"name": "SALDANS ROYAL ACADEMY", "name:en": null, "amenity": "school", "building": null, "operator:type": null, "capacity:persons": null, "addr:full": null, "addr:city": null, "source": "ideamaps_2024", "osm_id": 12282438011, "osm_type": "nodes", "Analysis_Region": "North West"}, "geometry": {"type": "Point", "coordinates": [8.477701, 11.9607105]}}, {"type": "Feature", "properties": {"name": "NASHRUL ULUMI AL-ISLAMIYYA PRIMARY SEC.DORAYI KARAMA", "name:en": null, "amenity": "school", "building": null, "operator:type": null, "capacity:persons": null, "addr:full": null, "addr:city": null, "source": "ideamaps_2024", "osm_id": 12282438012, "osm_type": "nodes", "Analysis_Region": "North West"}, "geometry": {"type": "Point", "coordinates": [8.4796817, 11.9643705]}}, {"type": "Feature", "properties": {"name": "MADARASATUL ZUBAIRU BIN AWWAM", "name:en": null, "amenity": "school", "building": null, "operator:type": null, "capacity:persons": null, "addr:full": null, "addr:city": null, "source": "ideamaps_2024", "osm_id": 12282438013, "osm_type": "nodes", "Analysis_Region": "North West"}, "geometry": {"type": "Point", "coordinates": [8.4671165, 11.9616623]}}, {"type": "Feature", "properties": {"name": "TUNGA SCIENCE ACADEMY", "name:en": null, "amenity": "school", "building": null, "operator:type": null, "capacity:persons": null, "addr:full": null, "addr:city": null, "source": "ideamaps_2024", "osm_id": 12282438014, "osm_type": "nodes", "Analysis_Region": "North West"}, "geometry": {"type": "Point", "coordinates": [8.4669314, 11.9622208]}}, {"type": "Feature", "properties": {"name": "MAKARANTAR MALAN HARISU DORAYI", "name:en": null, "amenity": "school", "building": null, "operator:type": null, "capacity:persons": null, "addr:full": null, "addr:city": null, "source": "ideamaps_2024", "osm_id": 12282438015, "osm_type": "nodes", "Analysis_Region": "North West"}, "geometry": {"type": "Point", "coordinates": [8.4692577, 11.9646476]}}, {"type": "Feature", "properties": {"name": "MADINA COLLEGE KANO", "name:en": null, "amenity": "school", "building": null, "operator:type": null, "capacity:persons": null, "addr:full": null, "addr:city": null, "source": "ideamaps_2024", "osm_id": 12282438016, "osm_type": "nodes", "Analysis_Region": "North West"}, "geometry": {"type": "Point", "coordinates": [8.469547, 11.9657565]}}, {"type": "Feature", "properties": {"name": "HAFSA LITAHAFEZUL QUR AN", "name:en": null, "amenity": "school", "building": null, "operator:type": null, "capacity:persons": null, "addr:full": null, "addr:city": null, "source": "ideamaps_2024", "osm_id": 12282438017, "osm_type": "nodes", "Analysis_Region": "North West"}, "geometry": {"type": "Point", "coordinates": [8.4727484, 11.958629]}}, {"type": "Feature", "properties": {"name": "DARUL KAIR INTNL SCHOOLS", "name:en": null, "amenity": "school", "building": null, "operator:type": null, "capacity:persons": null, "addr:full": null, "addr:city": null, "source": "ideamaps_2024", "osm_id": 12282438018, "osm_type": "nodes", "Analysis_Region": "North West"}, "geometry": {"type": "Point", "coordinates": [8.4709188, 11.9565793]}}, {"type": "Feature", "properties": {"name": "BINAYAH MODEL SCHOOLS", "name:en": null, "amenity": "school", "building": null, "operator:type": null, "capacity:persons": null, "addr:full": null, "addr:city": null, "source": "ideamaps_2024", "osm_id": 12282438019, "osm_type": "nodes", "Analysis_Region": "North West"}, "geometry": {"type": "Point", "coordinates": [8.4718583, 11.9565463]}}, {"type": "Feature", "properties": {"name": "DARUL SAHABA", "name:en": null, "amenity": "school", "building": null, "operator:type": null, "capacity:persons": null, "addr:full": null, "addr:city": null, "source": "ideamaps_2024", "osm_id": 12282438020, "osm_type": "nodes", "Analysis_Region": "North West"}, "geometry": {"type": "Point", "coordinates": [8.47198, 11.9565658]}}, {"type": "Feature", "properties": {"name": "ZAM ZAM INTERNATIONAL SCHOOL", "name:en": null, "amenity": "school", "building": null, "operator:type": null, "capacity:persons": null, "addr:full": null, "addr:city": null, "source": "ideamaps_2024", "osm_id": 12282438021, "osm_type": "nodes", "Analysis_Region": "North West"}, "geometry": {"type": "Point", "coordinates": [8.4671314, 11.963214]}}, {"type": "Feature", "properties": {"name": "SAUBAN ACADEMY", "name:en": null, "amenity": "school", "building": null, "operator:type": null, "capacity:persons": null, "addr:full": null, "addr:city": null, "source": "ideamaps_2024", "osm_id": 12282438022, "osm_type": "nodes", "Analysis_Region": "North West"}, "geometry": {"type": "Point", "coordinates": [8.4679831, 11.9624321]}}, {"type": "Feature", "properties": {"name": "HAJARA MEMORIAL SCIENCE SCHOOL", "name:en": null, "amenity": "school", "building": null, "operator:type": null, "capacity:persons": null, "addr:full": null, "addr:city": null, "source": "ideamaps_2024", "osm_id": 12282438023, "osm_type": "nodes", "Analysis_Region": "North West"}, "geometry": {"type": "Point", "coordinates": [8.470739, 11.9607107]}}, {"type": "Feature", "properties": {"name": "JAUDATU SPECIAL PRIMARY SCHOOL", "name:en": null, "amenity": "school", "building": null, "operator:type": null, "capacity:persons": null, "addr:full": null, "addr:city": null, "source": "ideamaps_2024", "osm_id": 12282438024, "osm_type": "nodes", "Analysis_Region": "North West"}, "geometry": {"type": "Point", "coordinates": [8.4700719, 11.9591319]}}, {"type": "Feature", "properties": {"name": "ZUBAIRU BIN AWAWM", "name:en": null, "amenity": "school", "building": null, "operator:type": null, "capacity:persons": null, "addr:full": null, "addr:city": null, "source": "ideamaps_2024", "osm_id": 12282438025, "osm_type": "nodes", "Analysis_Region": "North West"}, "geometry": {"type": "Point", "coordinates": [8.4671143, 11.9617274]}}, {"type": "Feature", "properties": {"name": "TUNGA SCIENCE ACADEMY", "name:en": null, "amenity": "school", "building": null, "operator:type": null, "capacity:persons": null, "addr:full": null, "addr:city": null, "source": "ideamaps_2024", "osm_id": 12282438026, "osm_type": "nodes", "Analysis_Region": "North West"}, "geometry": {"type": "Point", "coordinates": [8.4668711, 11.9619527]}}, {"type": "Feature", "properties": {"name": "AMATULRAHAMAN ROYAL INTNL SCHOOLS", "name:en": null, "amenity": "school", "building": null, "operator:type": null, "capacity:persons": null, "addr:full": null, "addr:city": null, "source": "ideamaps_2024", "osm_id": 12282438027, "osm_type": "nodes", "Analysis_Region": "North West"}, "geometry": {"type": "Point", "coordinates": [8.4685688, 11.961158]}}, {"type": "Feature", "properties": {"name": "IMAM SULAIMAN ACADEMY", "name:en": null, "amenity": "school", "building": null, "operator:type": null, "capacity:persons": null, "addr:full": null, "addr:city": null, "source": "ideamaps_2024", "osm_id": 12282438028, "osm_type": "nodes", "Analysis_Region": "North West"}, "geometry": {"type": "Point", "coordinates": [8.4706619, 11.9612085]}}, {"type": "Feature", "properties": {"name": "HEART LAND SPECIAL ACADEMY", "name:en": null, "amenity": "school", "building": null, "operator:type": null, "capacity:persons": null, "addr:full": null, "addr:city": null, "source": "ideamaps_2024", "osm_id": 12282438029, "osm_type": "nodes", "Analysis_Region": "North West"}, "geometry": {"type": "Point", "coordinates": [8.4704374, 11.9603891]}}, {"type": "Feature", "properties": {"name": "ALYUSIRA MODEL SCHOOLS", "name:en": null, "amenity": "school", "building": null, "operator:type": null, "capacity:persons": null, "addr:full": null, "addr:city": null, "source": "ideamaps_2024", "osm_id": 12282438030, "osm_type": "nodes", "Analysis_Region": "North West"}, "geometry": {"type": "Point", "coordinates": [8.4701853, 11.9598022]}}, {"type": "Feature", "properties": {"name": "BINAYAT MODEL SCHOOLS", "name:en": null, "amenity": "school", "building": null, "operator:type": null, "capacity:persons": null, "addr:full": null, "addr:city": null, "source": "ideamaps_2024", "osm_id": 12282438031, "osm_type": "nodes", "Analysis_Region": "North West"}, "geometry": {"type": "Point", "coordinates": [8.4705581, 11.9596672]}}, {"type": "Feature", "properties": {"name": "TSANGAYAR MALAN BALA", "name:en": null, "amenity": "school", "building": null, "operator:type": null, "capacity:persons": null, "addr:full": null, "addr:city": null, "source": "ideamaps_2024", "osm_id": 12282438032, "osm_type": "nodes", "Analysis_Region": "North West"}, "geometry": {"type": "Point", "coordinates": [8.4710438, 11.9591156]}}, {"type": "Feature", "properties": {"name": "ANNOOR ACADEMY", "name:en": null, "amenity": "school", "building": null, "operator:type": null, "capacity:persons": null, "addr:full": null, "addr:city": null, "source": "ideamaps_2024", "osm_id": 12282438033, "osm_type": "nodes", "Analysis_Region": "North West"}, "geometry": {"type": "Point", "coordinates": [8.471305, 11.9593817]}}, {"type": "Feature", "properties": {"name": "BEST TALENTS ACADEMY", "name:en": null, "amenity": "school", "building": null, "operator:type": null, "capacity:persons": null, "addr:full": null, "addr:city": null, "source": "ideamaps_2024", "osm_id": 12282438034, "osm_type": "nodes", "Analysis_Region": "North West"}, "geometry": {"type": "Point", "coordinates": [8.4720901, 11.9688821]}}, {"type": "Feature", "properties": {"name": "GOVT GIRL DORAYI KARAMA", "name:en": null, "amenity": "school", "building": null, "operator:type": null, "capacity:persons": null, "addr:full": null, "addr:city": null, "source": "ideamaps_2024", "osm_id": 12282438035, "osm_type": "nodes", "Analysis_Region": "North West"}, "geometry": {"type": "Point", "coordinates": [8.4730559, 11.9666904]}}, {"type": "Feature", "properties": {"name": null, "name:en": null, "amenity": "school", "building": null, "operator:type": null, "capacity:persons": null, "addr:full": null, "addr:city": null, "source": "ideamaps_2024", "osm_id": 12282438036, "osm_type": "nodes", "Analysis_Region": "North West"}, "geometry": {"type": "Point", "coordinates": [8.4734397, 11.9660691]}}, {"type": "Feature", "properties": {"name": "BRIGHT MIFTAHULKHAIR", "name:en": null, "amenity": "school", "building": null, "operator:type": null, "capacity:persons": null, "addr:full": null, "addr:city": null, "source": "ideamaps_2024", "osm_id": 12282438037, "osm_type": "nodes", "Analysis_Region": "North West"}, "geometry": {"type": "Point", "coordinates": [8.4754257, 11.9662281]}}, {"type": "Feature", "properties": {"name": "MADINA COLLEGE OF HEALTH SCIENCES", "name:en": null, "amenity": "school", "building": null, "operator:type": null, "capacity:persons": null, "addr:full": null, "addr:city": null, "source": "ideamaps_2024", "osm_id": 12282438038, "osm_type": "nodes", "Analysis_Region": "North West"}, "geometry": {"type": "Point", "coordinates": [8.4782975, 11.9669031]}}, {"type": "Feature", "properties": {"name": "TWO STAR INTERNATIONAL SCHOOL", "name:en": null, "amenity": "school", "building": null, "operator:type": null, "capacity:persons": null, "addr:full": null, "addr:city": null, "source": "ideamaps_2024", "osm_id": 12282438039, "osm_type": "nodes", "Analysis_Region": "North West"}, "geometry": {"type": "Point", "coordinates": [8.4679409, 11.9665326]}}, {"type": "Feature", "properties": {"name": "ROYAL CHILD", "name:en": null, "amenity": "school", "building": null, "operator:type": null, "capacity:persons": null, "addr:full": null, "addr:city": null, "source": "ideamaps_2024", "osm_id": 12282438040, "osm_type": "nodes", "Analysis_Region": "North West"}, "geometry": {"type": "Point", "coordinates": [8.4686733, 11.9668788]}}, {"type": "Feature", "properties": {"name": "NASARUN MINALLAH MODEL", "name:en": null, "amenity": "school", "building": null, "operator:type": null, "capacity:persons": null, "addr:full": null, "addr:city": null, "source": "ideamaps_2024", "osm_id": 12282438041, "osm_type": "nodes", "Analysis_Region": "North West"}, "geometry": {"type": "Point", "coordinates": [8.4761954, 11.9634208]}}, {"type": "Feature", "properties": {"name": "AL-FAUZ GLOBAL COLLEGE", "name:en": null, "amenity": "school", "building": null, "operator:type": null, "capacity:persons": null, "addr:full": null, "addr:city": null, "source": "ideamaps_2024", "osm_id": 12282438042, "osm_type": "nodes", "Analysis_Region": "North West"}, "geometry": {"type": "Point", "coordinates": [8.4696967, 11.967765]}}, {"type": "Feature", "properties": {"name": "GOV'T SECOND SCHOOL DORAYI KARAMA", "name:en": null, "amenity": "school", "building": null, "operator:type": null, "capacity:persons": null, "addr:full": null, "addr:city": null, "source": "ideamaps_2024", "osm_id": 12282438043, "osm_type": "nodes", "Analysis_Region": "North West"}, "geometry": {"type": "Point", "coordinates": [8.4727103, 11.9678059]}}, {"type": "Feature", "properties": {"name": "PEACE INTERNATIONAL COLLEGE", "name:en": null, "amenity": "school", "building": null, "operator:type": null, "capacity:persons": null, "addr:full": null, "addr:city": null, "source": "ideamaps_2024", "osm_id": 12282438044, "osm_type": "nodes", "Analysis_Region": "North West"}, "geometry": {"type": "Point", "coordinates": [8.4748013, 11.9674048]}}, {"type": "Feature", "properties": {"name": "MUBINA GROUP OF SCHOOL", "name:en": null, "amenity": "school", "building": null, "operator:type": null, "capacity:persons": null, "addr:full": null, "addr:city": null, "source": "ideamaps_2024", "osm_id": 12282438045, "osm_type": "nodes", "Analysis_Region": "North West"}, "geometry": {"type": "Point", "coordinates": [8.4782001, 11.9662747]}}, {"type": "Feature", "properties": {"name": "ABDULLAH BIN ABBAS PRIMARY SCHOOL", "name:en": null, "amenity": "school", "building": null, "operator:type": null, "capacity:persons": null, "addr:full": null, "addr:city": null, "source": "ideamaps_2024", "osm_id": 12282438047, "osm_type": "nodes", "Analysis_Region": "North West"}, "geometry": {"type": "Point", "coordinates": [8.4764606, 11.963493]}}, {"type": "Feature", "properties": {"name": "UMMUL QURA ISLAMIYYA", "name:en": null, "amenity": "school", "building": null, "operator:type": null, "capacity:persons": null, "addr:full": null, "addr:city": null, "source": "ideamaps_2024", "osm_id": 12282438048, "osm_type": "nodes", "Analysis_Region": "North West"}, "geometry": {"type": "Point", "coordinates": [8.4775582, 11.9643407]}}, {"type": "Feature", "properties": {"name": "BILAL ACADEMY", "name:en": null, "amenity": "school", "building": null, "operator:type": null, "capacity:persons": null, "addr:full": null, "addr:city": null, "source": "ideamaps_2024", "osm_id": 12282438049, "osm_type": "nodes", "Analysis_Region": "North West"}, "geometry": {"type": "Point", "coordinates": [8.476044, 11.962081]}}, {"type": "Feature", "properties": {"name": "MAKARANTAR MALAM MAI KUMSA", "name:en": null, "amenity": "school", "building": null, "operator:type": null, "capacity:persons": null, "addr:full": null, "addr:city": null, "source": "ideamaps_2024", "osm_id": 12282438050, "osm_type": "nodes", "Analysis_Region": "North West"}, "geometry": {"type": "Point", "coordinates": [8.4751627, 11.9616219]}}, {"type": "Feature", "properties": {"name": "READING ACADEMY", "name:en": null, "amenity": "school", "building": null, "operator:type": null, "capacity:persons": null, "addr:full": null, "addr:city": null, "source": "ideamaps_2024", "osm_id": 12282438051, "osm_type": "nodes", "Analysis_Region": "North West"}, "geometry": {"type": "Point", "coordinates": [8.4744288, 11.9612309]}}, {"type": "Feature", "properties": {"name": "ABBA CUSTOM SPECIAL PRIMARY SCHOOL", "name:en": null, "amenity": "school", "building": null, "operator:type": null, "capacity:persons": null, "addr:full": null, "addr:city": null, "source": "ideamaps_2024", "osm_id": 12282438052, "osm_type": "nodes", "Analysis_Region": "North West"}, "geometry": {"type": "Point", "coordinates": [8.4752457, 11.9638541]}}, {"type": "Feature", "properties": {"name": "AL AZHAR COLLEGE OF SCIENCE AND HUMANITIES", "name:en": null, "amenity": "school", "building": null, "operator:type": null, "capacity:persons": null, "addr:full": null, "addr:city": null, "source": "ideamaps_2024", "osm_id": 12282438053, "osm_type": "nodes", "Analysis_Region": "North West"}, "geometry": {"type": "Point", "coordinates": [8.4761606, 11.9621475]}}, {"type": "Feature", "properties": {"name": "ANAS BIN MALEEK", "name:en": null, "amenity": "school", "building": null, "operator:type": null, "capacity:persons": null, "addr:full": null, "addr:city": null, "source": "ideamaps_2024", "osm_id": 12282389086, "osm_type": "nodes", "Analysis_Region": "North West"}, "geometry": {"type": "Point", "coordinates": [8.4763739, 11.9571907]}}, {"type": "Feature", "properties": {"name": "NORTHWEST BEST ACADEMY", "name:en": null, "amenity": "school", "building": null, "operator:type": null, "capacity:persons": null, "addr:full": null, "addr:city": null, "source": "ideamaps_2024", "osm_id": 12282205041, "osm_type": "nodes", "Analysis_Region": "North West"}, "geometry": {"type": "Point", "coordinates": [8.5726888, 12.0474134]}}, {"type": "Feature", "properties": {"name": "GOLDEN VOICE ACADEMY", "name:en": null, "amenity": "school", "building": null, "operator:type": null, "capacity:persons": null, "addr:full": null, "addr:city": null, "source": "ideamaps_2024", "osm_id": 12282205042, "osm_type": "nodes", "Analysis_Region": "North West"}, "geometry": {"type": "Point", "coordinates": [8.5700851, 12.0508898]}}, {"type": "Feature", "properties": {"name": "USMAN BN AFFAN COLLEGE OF ISLAMIC STUDIES", "name:en": null, "amenity": "school", "building": null, "operator:type": null, "capacity:persons": null, "addr:full": null, "addr:city": null, "source": "ideamaps_2024", "osm_id": 12282205043, "osm_type": "nodes", "Analysis_Region": "North West"}, "geometry": {"type": "Point", "coordinates": [8.5721072, 12.048556]}}, {"type": "Feature", "properties": {"name": "\u018aA'ATUN NABIYYU", "name:en": null, "amenity": "school", "building": null, "operator:type": null, "capacity:persons": null, "addr:full": null, "addr:city": null, "source": "ideamaps_2024", "osm_id": 12282205044, "osm_type": "nodes", "Analysis_Region": "North West"}, "geometry": {"type": "Point", "coordinates": [8.5701468, 12.0492927]}}, {"type": "Feature", "properties": {"name": "RAMLA ACADEMY ARABIC AND ENGLISH", "name:en": null, "amenity": "school", "building": null, "operator:type": null, "capacity:persons": null, "addr:full": null, "addr:city": null, "source": "ideamaps_2024", "osm_id": 12282205045, "osm_type": "nodes", "Analysis_Region": "North West"}, "geometry": {"type": "Point", "coordinates": [8.5711647, 12.0493893]}}, {"type": "Feature", "properties": {"name": "BRIGHT ACADEMY", "name:en": null, "amenity": "school", "building": null, "operator:type": null, "capacity:persons": null, "addr:full": null, "addr:city": null, "source": "ideamaps_2024", "osm_id": 12282205046, "osm_type": "nodes", "Analysis_Region": "North West"}, "geometry": {"type": "Point", "coordinates": [8.5711933, 12.04768]}}, {"type": "Feature", "properties": {"name": "INTELLECTUAL SCIENCE COMMUNITY SCHOOL", "name:en": null, "amenity": "school", "building": null, "operator:type": null, "capacity:persons": null, "addr:full": null, "addr:city": null, "source": "ideamaps_2024", "osm_id": 12282205047, "osm_type": "nodes", "Analysis_Region": "North West"}, "geometry": {"type": "Point", "coordinates": [8.5707752, 12.047841]}}, {"type": "Feature", "properties": {"name": "GOLDEN VOICE ACADEMY", "name:en": null, "amenity": "school", "building": null, "operator:type": null, "capacity:persons": null, "addr:full": null, "addr:city": null, "source": "ideamaps_2024", "osm_id": 12282205048, "osm_type": "nodes", "Analysis_Region": "North West"}, "geometry": {"type": "Point", "coordinates": [8.5695826, 12.0509138]}}, {"type": "Feature", "properties": {"name": "SIDI SHARE FOUNDATION", "name:en": null, "amenity": "school", "building": null, "operator:type": null, "capacity:persons": null, "addr:full": null, "addr:city": null, "source": "ideamaps_2024", "osm_id": 12282205049, "osm_type": "nodes", "Analysis_Region": "North West"}, "geometry": {"type": "Point", "coordinates": [8.5690683, 12.0485391]}}, {"type": "Feature", "properties": {"name": "MAL. AUDU MAI ALMAJIRAI", "name:en": null, "amenity": "school", "building": null, "operator:type": null, "capacity:persons": null, "addr:full": null, "addr:city": null, "source": "ideamaps_2024", "osm_id": 12282205050, "osm_type": "nodes", "Analysis_Region": "North West"}, "geometry": {"type": "Point", "coordinates": [8.5683801, 12.0483895]}}, {"type": "Feature", "properties": {"name": null, "name:en": null, "amenity": "school", "building": null, "operator:type": null, "capacity:persons": null, "addr:full": null, "addr:city": null, "source": "nigeriase4all.gov.ng", "osm_id": 9902267656, "osm_type": "nodes", "Analysis_Region": "North West"}, "geometry": {"type": "Point", "coordinates": [8.808912, 11.2485056]}}, {"type": "Feature", "properties": {"name": null, "name:en": null, "amenity": "school", "building": null, "operator:type": null, "capacity:persons": null, "addr:full": null, "addr:city": null, "source": "nigeriase4all.gov.ng", "osm_id": 9902267669, "osm_type": "nodes", "Analysis_Region": "North West"}, "geometry": {"type": "Point", "coordinates": [8.8095904, 11.2507249]}}, {"type": "Feature", "properties": {"name": null, "name:en": null, "amenity": "school", "building": null, "operator:type": null, "capacity:persons": null, "addr:full": null, "addr:city": null, "source": "nigeriase4all.gov.ng", "osm_id": 9902241796, "osm_type": "nodes", "Analysis_Region": "North West"}, "geometry": {"type": "Point", "coordinates": [8.5720255, 11.3516054]}}, {"type": "Feature", "properties": {"name": null, "name:en": null, "amenity": "school", "building": null, "operator:type": null, "capacity:persons": null, "addr:full": null, "addr:city": null, "source": "nigeriase4all.gov.ng", "osm_id": 9902293205, "osm_type": "nodes", "Analysis_Region": "North West"}, "geometry": {"type": "Point", "coordinates": [8.5930433, 11.3663019]}}, {"type": "Feature", "properties": {"name": null, "name:en": null, "amenity": "school", "building": null, "operator:type": null, "capacity:persons": null, "addr:full": null, "addr:city": null, "source": "nigeriase4all.gov.ng", "osm_id": 9902241814, "osm_type": "nodes", "Analysis_Region": "North West"}, "geometry": {"type": "Point", "coordinates": [8.73249, 11.2802244]}}, {"type": "Feature", "properties": {"name": null, "name:en": null, "amenity": "school", "building": null, "operator:type": null, "capacity:persons": null, "addr:full": null, "addr:city": null, "source": "nigeriase4all.gov.ng", "osm_id": 9902300642, "osm_type": "nodes", "Analysis_Region": "North West"}, "geometry": {"type": "Point", "coordinates": [8.6013669, 11.366601]}}, {"type": "Feature", "properties": {"name": null, "name:en": null, "amenity": "school", "building": null, "operator:type": null, "capacity:persons": null, "addr:full": null, "addr:city": null, "source": "nigeriase4all.gov.ng", "osm_id": 9902292498, "osm_type": "nodes", "Analysis_Region": "North West"}, "geometry": {"type": "Point", "coordinates": [8.7925155, 11.3609365]}}, {"type": "Feature", "properties": {"name": null, "name:en": null, "amenity": "school", "building": null, "operator:type": null, "capacity:persons": null, "addr:full": null, "addr:city": null, "source": "nigeriase4all.gov.ng", "osm_id": 9902292505, "osm_type": "nodes", "Analysis_Region": "North West"}, "geometry": {"type": "Point", "coordinates": [8.7897132, 11.3605193]}}, {"type": "Feature", "properties": {"name": null, "name:en": null, "amenity": "school", "building": null, "operator:type": null, "capacity:persons": null, "addr:full": null, "addr:city": null, "source": "nigeriase4all.gov.ng", "osm_id": 9902210114, "osm_type": "nodes", "Analysis_Region": "North West"}, "geometry": {"type": "Point", "coordinates": [8.7658608, 11.213545]}}, {"type": "Feature", "properties": {"name": null, "name:en": null, "amenity": "school", "building": null, "operator:type": null, "capacity:persons": null, "addr:full": null, "addr:city": null, "source": "nigeriase4all.gov.ng", "osm_id": 9902263640, "osm_type": "nodes", "Analysis_Region": "North West"}, "geometry": {"type": "Point", "coordinates": [8.764824, 11.2112926]}}, {"type": "Feature", "properties": {"name": null, "name:en": null, "amenity": "school", "building": null, "operator:type": null, "capacity:persons": null, "addr:full": null, "addr:city": null, "source": "nigeriase4all.gov.ng", "osm_id": 9899940182, "osm_type": "nodes", "Analysis_Region": "North West"}, "geometry": {"type": "Point", "coordinates": [8.7079633, 12.3982619]}}, {"type": "Feature", "properties": {"name": null, "name:en": null, "amenity": "school", "building": null, "operator:type": null, "capacity:persons": null, "addr:full": null, "addr:city": null, "source": "nigeriase4all.gov.ng", "osm_id": 9899911743, "osm_type": "nodes", "Analysis_Region": "North West"}, "geometry": {"type": "Point", "coordinates": [3.5415988, 8.4892093]}}, {"type": "Feature", "properties": {"name": null, "name:en": null, "amenity": "school", "building": null, "operator:type": null, "capacity:persons": null, "addr:full": null, "addr:city": null, "source": "nigeriase4all.gov.ng", "osm_id": 9899896982, "osm_type": "nodes", "Analysis_Region": "North West"}, "geometry": {"type": "Point", "coordinates": [8.0227499, 11.4980317]}}, {"type": "Feature", "properties": {"name": null, "name:en": null, "amenity": "school", "building": null, "operator:type": null, "capacity:persons": null, "addr:full": null, "addr:city": null, "source": "nigeriase4all.gov.ng", "osm_id": 9899921243, "osm_type": "nodes", "Analysis_Region": "North West"}, "geometry": {"type": "Point", "coordinates": [8.0665265, 11.485768]}}, {"type": "Feature", "properties": {"name": null, "name:en": null, "amenity": "school", "building": null, "operator:type": null, "capacity:persons": null, "addr:full": null, "addr:city": null, "source": "nigeriase4all.gov.ng", "osm_id": 9899921251, "osm_type": "nodes", "Analysis_Region": "North West"}, "geometry": {"type": "Point", "coordinates": [8.0665416, 11.4862648]}}, {"type": "Feature", "properties": {"name": null, "name:en": null, "amenity": "school", "building": null, "operator:type": null, "capacity:persons": null, "addr:full": null, "addr:city": null, "source": "nigeriase4all.gov.ng", "osm_id": 9899921273, "osm_type": "nodes", "Analysis_Region": "North West"}, "geometry": {"type": "Point", "coordinates": [8.0655303, 11.4864818]}}, {"type": "Feature", "properties": {"name": null, "name:en": null, "amenity": "school", "building": null, "operator:type": null, "capacity:persons": null, "addr:full": null, "addr:city": null, "source": "nigeriase4all.gov.ng", "osm_id": 9899924398, "osm_type": "nodes", "Analysis_Region": "North West"}, "geometry": {"type": "Point", "coordinates": [8.7607469, 11.3433559]}}, {"type": "Feature", "properties": {"name": null, "name:en": null, "amenity": "school", "building": null, "operator:type": null, "capacity:persons": null, "addr:full": null, "addr:city": null, "source": "nigeriase4all.gov.ng", "osm_id": 9899917303, "osm_type": "nodes", "Analysis_Region": "North West"}, "geometry": {"type": "Point", "coordinates": [8.0463033, 11.4971539]}}, {"type": "Feature", "properties": {"name": null, "name:en": null, "amenity": "school", "building": null, "operator:type": null, "capacity:persons": null, "addr:full": null, "addr:city": null, "source": "nigeriase4all.gov.ng", "osm_id": 9899917307, "osm_type": "nodes", "Analysis_Region": "North West"}, "geometry": {"type": "Point", "coordinates": [8.0452239, 11.4985096]}}, {"type": "Feature", "properties": {"name": null, "name:en": null, "amenity": "school", "building": null, "operator:type": null, "capacity:persons": null, "addr:full": null, "addr:city": null, "source": "nigeriase4all.gov.ng", "osm_id": 9899917315, "osm_type": "nodes", "Analysis_Region": "North West"}, "geometry": {"type": "Point", "coordinates": [8.046837, 11.4956884]}}, {"type": "Feature", "properties": {"name": null, "name:en": null, "amenity": "school", "building": null, "operator:type": null, "capacity:persons": null, "addr:full": null, "addr:city": null, "source": "nigeriase4all.gov.ng", "osm_id": 9899917316, "osm_type": "nodes", "Analysis_Region": "North West"}, "geometry": {"type": "Point", "coordinates": [8.0431002, 11.4982344]}}, {"type": "Feature", "properties": {"name": null, "name:en": null, "amenity": "school", "building": null, "operator:type": null, "capacity:persons": null, "addr:full": null, "addr:city": null, "source": "nigeriase4all.gov.ng", "osm_id": 9899929661, "osm_type": "nodes", "Analysis_Region": "North West"}, "geometry": {"type": "Point", "coordinates": [8.0457985, 11.498213]}}, {"type": "Feature", "properties": {"name": null, "name:en": null, "amenity": "school", "building": null, "operator:type": null, "capacity:persons": null, "addr:full": null, "addr:city": null, "source": "nigeriase4all.gov.ng", "osm_id": 9899929663, "osm_type": "nodes", "Analysis_Region": "North West"}, "geometry": {"type": "Point", "coordinates": [8.0456955, 11.4969173]}}, {"type": "Feature", "properties": {"name": null, "name:en": null, "amenity": "school", "building": null, "operator:type": null, "capacity:persons": null, "addr:full": null, "addr:city": null, "source": "nigeriase4all.gov.ng", "osm_id": 9899929680, "osm_type": "nodes", "Analysis_Region": "North West"}, "geometry": {"type": "Point", "coordinates": [8.0461245, 11.4991243]}}, {"type": "Feature", "properties": {"name": null, "name:en": null, "amenity": "school", "building": null, "operator:type": null, "capacity:persons": null, "addr:full": null, "addr:city": null, "source": "nigeriase4all.gov.ng", "osm_id": 9899924186, "osm_type": "nodes", "Analysis_Region": "North West"}, "geometry": {"type": "Point", "coordinates": [8.0746512, 11.5399474]}}, {"type": "Feature", "properties": {"name": null, "name:en": null, "amenity": "school", "building": null, "operator:type": null, "capacity:persons": null, "addr:full": null, "addr:city": null, "source": "nigeriase4all.gov.ng", "osm_id": 9899934618, "osm_type": "nodes", "Analysis_Region": "North West"}, "geometry": {"type": "Point", "coordinates": [8.0760929, 11.5403436]}}, {"type": "Feature", "properties": {"name": null, "name:en": null, "amenity": "school", "building": null, "operator:type": null, "capacity:persons": null, "addr:full": null, "addr:city": null, "source": "nigeriase4all.gov.ng", "osm_id": 9899934628, "osm_type": "nodes", "Analysis_Region": "North West"}, "geometry": {"type": "Point", "coordinates": [8.0714807, 11.5384183]}}, {"type": "Feature", "properties": {"name": null, "name:en": null, "amenity": "school", "building": null, "operator:type": null, "capacity:persons": null, "addr:full": null, "addr:city": null, "source": "nigeriase4all.gov.ng", "osm_id": 9899934636, "osm_type": "nodes", "Analysis_Region": "North West"}, "geometry": {"type": "Point", "coordinates": [8.0731924, 11.539466]}}, {"type": "Feature", "properties": {"name": null, "name:en": null, "amenity": "school", "building": null, "operator:type": null, "capacity:persons": null, "addr:full": null, "addr:city": null, "source": "nigeriase4all.gov.ng", "osm_id": 9899934644, "osm_type": "nodes", "Analysis_Region": "North West"}, "geometry": {"type": "Point", "coordinates": [8.0715311, 11.5382725]}}, {"type": "Feature", "properties": {"name": null, "name:en": null, "amenity": "school", "building": null, "operator:type": null, "capacity:persons": null, "addr:full": null, "addr:city": null, "source": "nigeriase4all.gov.ng", "osm_id": 9899936434, "osm_type": "nodes", "Analysis_Region": "North West"}, "geometry": {"type": "Point", "coordinates": [8.6309078, 12.5163994]}}, {"type": "Feature", "properties": {"name": null, "name:en": null, "amenity": "school", "building": null, "operator:type": null, "capacity:persons": null, "addr:full": null, "addr:city": null, "source": "nigeriase4all.gov.ng", "osm_id": 9899936436, "osm_type": "nodes", "Analysis_Region": "North West"}, "geometry": {"type": "Point", "coordinates": [8.6305187, 12.5167512]}}, {"type": "Feature", "properties": {"name": null, "name:en": null, "amenity": "school", "building": null, "operator:type": null, "capacity:persons": null, "addr:full": null, "addr:city": null, "source": "nigeriase4all.gov.ng", "osm_id": 9899936437, "osm_type": "nodes", "Analysis_Region": "North West"}, "geometry": {"type": "Point", "coordinates": [8.632226, 12.5154722]}}, {"type": "Feature", "properties": {"name": null, "name:en": null, "amenity": "school", "building": null, "operator:type": null, "capacity:persons": null, "addr:full": null, "addr:city": null, "source": "nigeriase4all.gov.ng", "osm_id": 9899936443, "osm_type": "nodes", "Analysis_Region": "North West"}, "geometry": {"type": "Point", "coordinates": [8.6313642, 12.5154285]}}, {"type": "Feature", "properties": {"name": null, "name:en": null, "amenity": "school", "building": null, "operator:type": null, "capacity:persons": null, "addr:full": null, "addr:city": null, "source": "nigeriase4all.gov.ng", "osm_id": 9899920888, "osm_type": "nodes", "Analysis_Region": "North West"}, "geometry": {"type": "Point", "coordinates": [8.7089715, 12.4426335]}}, {"type": "Feature", "properties": {"name": null, "name:en": null, "amenity": "school", "building": null, "operator:type": null, "capacity:persons": null, "addr:full": null, "addr:city": null, "source": "nigeriase4all.gov.ng", "osm_id": 9899920903, "osm_type": "nodes", "Analysis_Region": "North West"}, "geometry": {"type": "Point", "coordinates": [8.7081701, 12.4440124]}}, {"type": "Feature", "properties": {"name": null, "name:en": null, "amenity": "school", "building": null, "operator:type": null, "capacity:persons": null, "addr:full": null, "addr:city": null, "source": "nigeriase4all.gov.ng", "osm_id": 9899605438, "osm_type": "nodes", "Analysis_Region": "North West"}, "geometry": {"type": "Point", "coordinates": [4.0544557, 8.3241223]}}, {"type": "Feature", "properties": {"name": null, "name:en": null, "amenity": "school", "building": null, "operator:type": null, "capacity:persons": null, "addr:full": null, "addr:city": null, "source": "nigeriase4all.gov.ng", "osm_id": 9899605452, "osm_type": "nodes", "Analysis_Region": "North West"}, "geometry": {"type": "Point", "coordinates": [4.0559817, 8.3237426]}}, {"type": "Feature", "properties": {"name": null, "name:en": null, "amenity": "school", "building": null, "operator:type": null, "capacity:persons": null, "addr:full": null, "addr:city": null, "source": "nigeriase4all.gov.ng", "osm_id": 9899605480, "osm_type": "nodes", "Analysis_Region": "North West"}, "geometry": {"type": "Point", "coordinates": [4.0534131, 8.3245493]}}, {"type": "Feature", "properties": {"name": null, "name:en": null, "amenity": "school", "building": null, "operator:type": null, "capacity:persons": null, "addr:full": null, "addr:city": null, "source": "nigeriase4all.gov.ng", "osm_id": 9899625287, "osm_type": "nodes", "Analysis_Region": "North West"}, "geometry": {"type": "Point", "coordinates": [4.107987, 8.2859278]}}, {"type": "Feature", "properties": {"name": null, "name:en": null, "amenity": "school", "building": null, "operator:type": null, "capacity:persons": null, "addr:full": null, "addr:city": null, "source": "nigeriase4all.gov.ng", "osm_id": 9899626457, "osm_type": "nodes", "Analysis_Region": "North West"}, "geometry": {"type": "Point", "coordinates": [4.0796627, 8.280176]}}, {"type": "Feature", "properties": {"name": null, "name:en": null, "amenity": "school", "building": null, "operator:type": null, "capacity:persons": null, "addr:full": null, "addr:city": null, "source": "nigeriase4all.gov.ng", "osm_id": 9899620271, "osm_type": "nodes", "Analysis_Region": "North West"}, "geometry": {"type": "Point", "coordinates": [4.0080501, 8.2413426]}}, {"type": "Feature", "properties": {"name": null, "name:en": null, "amenity": "school", "building": null, "operator:type": null, "capacity:persons": null, "addr:full": null, "addr:city": null, "source": "nigeriase4all.gov.ng", "osm_id": 9899622493, "osm_type": "nodes", "Analysis_Region": "North West"}, "geometry": {"type": "Point", "coordinates": [3.9778183, 8.2265514]}}, {"type": "Feature", "properties": {"name": null, "name:en": null, "amenity": "school", "building": null, "operator:type": null, "capacity:persons": null, "addr:full": null, "addr:city": null, "source": "nigeriase4all.gov.ng", "osm_id": 9899573274, "osm_type": "nodes", "Analysis_Region": "North West"}, "geometry": {"type": "Point", "coordinates": [4.0719462, 8.2367529]}}, {"type": "Feature", "properties": {"name": null, "name:en": null, "amenity": "school", "building": null, "operator:type": null, "capacity:persons": null, "addr:full": null, "addr:city": null, "source": "nigeriase4all.gov.ng", "osm_id": 9899573275, "osm_type": "nodes", "Analysis_Region": "North West"}, "geometry": {"type": "Point", "coordinates": [4.0734883, 8.2327719]}}, {"type": "Feature", "properties": {"name": null, "name:en": null, "amenity": "school", "building": null, "operator:type": null, "capacity:persons": null, "addr:full": null, "addr:city": null, "source": "nigeriase4all.gov.ng", "osm_id": 9899600722, "osm_type": "nodes", "Analysis_Region": "North West"}, "geometry": {"type": "Point", "coordinates": [4.0722844, 8.2360543]}}, {"type": "Feature", "properties": {"name": null, "name:en": null, "amenity": "school", "building": null, "operator:type": null, "capacity:persons": null, "addr:full": null, "addr:city": null, "source": "nigeriase4all.gov.ng", "osm_id": 9899591696, "osm_type": "nodes", "Analysis_Region": "North West"}, "geometry": {"type": "Point", "coordinates": [4.0107484, 8.1936792]}}, {"type": "Feature", "properties": {"name": null, "name:en": null, "amenity": "school", "building": null, "operator:type": null, "capacity:persons": null, "addr:full": null, "addr:city": null, "source": "nigeriase4all.gov.ng", "osm_id": 9899591710, "osm_type": "nodes", "Analysis_Region": "North West"}, "geometry": {"type": "Point", "coordinates": [4.0101863, 8.1940996]}}, {"type": "Feature", "properties": {"name": null, "name:en": null, "amenity": "school", "building": null, "operator:type": null, "capacity:persons": null, "addr:full": null, "addr:city": null, "source": "nigeriase4all.gov.ng", "osm_id": 9899607431, "osm_type": "nodes", "Analysis_Region": "North West"}, "geometry": {"type": "Point", "coordinates": [4.014017, 8.1897351]}}, {"type": "Feature", "properties": {"name": null, "name:en": null, "amenity": "school", "building": null, "operator:type": null, "capacity:persons": null, "addr:full": null, "addr:city": null, "source": "nigeriase4all.gov.ng", "osm_id": 9899607441, "osm_type": "nodes", "Analysis_Region": "North West"}, "geometry": {"type": "Point", "coordinates": [4.012484, 8.1882766]}}, {"type": "Feature", "properties": {"name": null, "name:en": null, "amenity": "school", "building": null, "operator:type": null, "capacity:persons": null, "addr:full": null, "addr:city": null, "source": "nigeriase4all.gov.ng", "osm_id": 9899607465, "osm_type": "nodes", "Analysis_Region": "North West"}, "geometry": {"type": "Point", "coordinates": [4.0139957, 8.1911064]}}, {"type": "Feature", "properties": {"name": null, "name:en": null, "amenity": "school", "building": null, "operator:type": null, "capacity:persons": null, "addr:full": null, "addr:city": null, "source": "nigeriase4all.gov.ng", "osm_id": 9899606505, "osm_type": "nodes", "Analysis_Region": "North West"}, "geometry": {"type": "Point", "coordinates": [4.0029705, 8.149872]}}, {"type": "Feature", "properties": {"name": null, "name:en": null, "amenity": "school", "building": null, "operator:type": null, "capacity:persons": null, "addr:full": null, "addr:city": null, "source": "nigeriase4all.gov.ng", "osm_id": 9899608362, "osm_type": "nodes", "Analysis_Region": "North West"}, "geometry": {"type": "Point", "coordinates": [4.0057294, 8.1622733]}}, {"type": "Feature", "properties": {"name": null, "name:en": null, "amenity": "school", "building": null, "operator:type": null, "capacity:persons": null, "addr:full": null, "addr:city": null, "source": "nigeriase4all.gov.ng", "osm_id": 9899606515, "osm_type": "nodes", "Analysis_Region": "North West"}, "geometry": {"type": "Point", "coordinates": [4.0015611, 8.1579812]}}, {"type": "Feature", "properties": {"name": null, "name:en": null, "amenity": "school", "building": null, "operator:type": null, "capacity:persons": null, "addr:full": null, "addr:city": null, "source": "nigeriase4all.gov.ng", "osm_id": 9899608409, "osm_type": "nodes", "Analysis_Region": "North West"}, "geometry": {"type": "Point", "coordinates": [4.0052575, 8.1509874]}}, {"type": "Feature", "properties": {"name": null, "name:en": null, "amenity": "school", "building": null, "operator:type": null, "capacity:persons": null, "addr:full": null, "addr:city": null, "source": "nigeriase4all.gov.ng", "osm_id": 9899587209, "osm_type": "nodes", "Analysis_Region": "North West"}, "geometry": {"type": "Point", "coordinates": [3.652523, 7.6990873]}}, {"type": "Feature", "properties": {"name": null, "name:en": null, "amenity": "school", "building": null, "operator:type": null, "capacity:persons": null, "addr:full": null, "addr:city": null, "source": "nigeriase4all.gov.ng", "osm_id": 9899611219, "osm_type": "nodes", "Analysis_Region": "North West"}, "geometry": {"type": "Point", "coordinates": [3.7321258, 7.595914]}}, {"type": "Feature", "properties": {"name": null, "name:en": null, "amenity": "school", "building": null, "operator:type": null, "capacity:persons": null, "addr:full": null, "addr:city": null, "source": "nigeriase4all.gov.ng", "osm_id": 9899609360, "osm_type": "nodes", "Analysis_Region": "North West"}, "geometry": {"type": "Point", "coordinates": [3.7086316, 7.6089301]}}, {"type": "Feature", "properties": {"name": null, "name:en": null, "amenity": "school", "building": null, "operator:type": null, "capacity:persons": null, "addr:full": null, "addr:city": null, "source": "nigeriase4all.gov.ng", "osm_id": 9899609356, "osm_type": "nodes", "Analysis_Region": "North West"}, "geometry": {"type": "Point", "coordinates": [3.7092478, 7.6070099]}}, {"type": "Feature", "properties": {"name": null, "name:en": null, "amenity": "school", "building": null, "operator:type": null, "capacity:persons": null, "addr:full": null, "addr:city": null, "source": "nigeriase4all.gov.ng", "osm_id": 9899610433, "osm_type": "nodes", "Analysis_Region": "North West"}, "geometry": {"type": "Point", "coordinates": [4.0801333, 8.2522924]}}, {"type": "Feature", "properties": {"name": null, "name:en": null, "amenity": "school", "building": null, "operator:type": null, "capacity:persons": null, "addr:full": null, "addr:city": null, "source": "nigeriase4all.gov.ng", "osm_id": 9899610463, "osm_type": "nodes", "Analysis_Region": "North West"}, "geometry": {"type": "Point", "coordinates": [4.0812991, 8.2556158]}}, {"type": "Feature", "properties": {"name": null, "name:en": null, "amenity": "school", "building": null, "operator:type": null, "capacity:persons": null, "addr:full": null, "addr:city": null, "source": "nigeriase4all.gov.ng", "osm_id": 9899611607, "osm_type": "nodes", "Analysis_Region": "North West"}, "geometry": {"type": "Point", "coordinates": [4.1326859, 8.4241253]}}, {"type": "Feature", "properties": {"name": null, "name:en": null, "amenity": "school", "building": null, "operator:type": null, "capacity:persons": null, "addr:full": null, "addr:city": null, "source": "nigeriase4all.gov.ng", "osm_id": 9899620234, "osm_type": "nodes", "Analysis_Region": "North West"}, "geometry": {"type": "Point", "coordinates": [4.1310995, 8.4217232]}}, {"type": "Feature", "properties": {"name": null, "name:en": null, "amenity": "school", "building": null, "operator:type": null, "capacity:persons": null, "addr:full": null, "addr:city": null, "source": "nigeriase4all.gov.ng", "osm_id": 9899609298, "osm_type": "nodes", "Analysis_Region": "North West"}, "geometry": {"type": "Point", "coordinates": [4.2422955, 8.4548846]}}, {"type": "Feature", "properties": {"name": null, "name:en": null, "amenity": "school", "building": null, "operator:type": null, "capacity:persons": null, "addr:full": null, "addr:city": null, "source": "nigeriase4all.gov.ng", "osm_id": 9899621269, "osm_type": "nodes", "Analysis_Region": "North West"}, "geometry": {"type": "Point", "coordinates": [4.2425705, 8.454498]}}, {"type": "Feature", "properties": {"name": null, "name:en": null, "amenity": "school", "building": null, "operator:type": null, "capacity:persons": null, "addr:full": null, "addr:city": null, "source": "nigeriase4all.gov.ng", "osm_id": 9899621370, "osm_type": "nodes", "Analysis_Region": "North West"}, "geometry": {"type": "Point", "coordinates": [4.2415425, 8.4616554]}}, {"type": "Feature", "properties": {"name": null, "name:en": null, "amenity": "school", "building": null, "operator:type": null, "capacity:persons": null, "addr:full": null, "addr:city": null, "source": "nigeriase4all.gov.ng", "osm_id": 9899617144, "osm_type": "nodes", "Analysis_Region": "North West"}, "geometry": {"type": "Point", "coordinates": [4.0700805, 8.3919606]}}, {"type": "Feature", "properties": {"name": null, "name:en": null, "amenity": "kindergarten", "building": null, "operator:type": null, "capacity:persons": null, "addr:full": null, "addr:city": null, "source": "nigeriase4all.gov.ng", "osm_id": 9899573312, "osm_type": "nodes", "Analysis_Region": "North West"}, "geometry": {"type": "Point", "coordinates": [4.0718822, 8.2334195]}}, {"type": "Feature", "properties": {"name": null, "name:en": null, "amenity": "school", "building": null, "operator:type": null, "capacity:persons": null, "addr:full": null, "addr:city": null, "source": "nigeriase4all.gov.ng", "osm_id": 9897657330, "osm_type": "nodes", "Analysis_Region": "North East"}, "geometry": {"type": "Point", "coordinates": [9.7182436, 11.9278309]}}, {"type": "Feature", "properties": {"name": null, "name:en": null, "amenity": "school", "building": null, "operator:type": null, "capacity:persons": null, "addr:full": null, "addr:city": null, "source": "nigeriase4all.gov.ng", "osm_id": 9897659510, "osm_type": "nodes", "Analysis_Region": "North East"}, "geometry": {"type": "Point", "coordinates": [9.0723449, 12.5743777]}}, {"type": "Feature", "properties": {"name": null, "name:en": null, "amenity": "school", "building": null, "operator:type": null, "capacity:persons": null, "addr:full": null, "addr:city": null, "source": "nigeriase4all.gov.ng", "osm_id": 9897652595, "osm_type": "nodes", "Analysis_Region": "North East"}, "geometry": {"type": "Point", "coordinates": [9.352225, 11.9114055]}}, {"type": "Feature", "properties": {"name": null, "name:en": null, "amenity": "school", "building": null, "operator:type": null, "capacity:persons": null, "addr:full": null, "addr:city": null, "source": "nigeriase4all.gov.ng", "osm_id": 9897652589, "osm_type": "nodes", "Analysis_Region": "North East"}, "geometry": {"type": "Point", "coordinates": [9.3514483, 11.9120778]}}, {"type": "Feature", "properties": {"name": null, "name:en": null, "amenity": "school", "building": null, "operator:type": null, "capacity:persons": null, "addr:full": null, "addr:city": null, "source": "nigeriase4all.gov.ng", "osm_id": 9897703247, "osm_type": "nodes", "Analysis_Region": "North East"}, "geometry": {"type": "Point", "coordinates": [9.1981796, 12.7909596]}}, {"type": "Feature", "properties": {"name": null, "name:en": null, "amenity": "school", "building": null, "operator:type": null, "capacity:persons": null, "addr:full": null, "addr:city": null, "source": "nigeriase4all.gov.ng", "osm_id": 9897667564, "osm_type": "nodes", "Analysis_Region": "North East"}, "geometry": {"type": "Point", "coordinates": [9.1786254, 12.5662765]}}, {"type": "Feature", "properties": {"name": null, "name:en": null, "amenity": "school", "building": null, "operator:type": null, "capacity:persons": null, "addr:full": null, "addr:city": null, "source": "nigeriase4all.gov.ng", "osm_id": 9897706098, "osm_type": "nodes", "Analysis_Region": "North West"}, "geometry": {"type": "Point", "coordinates": [8.9598682, 12.482192]}}, {"type": "Feature", "properties": {"name": null, "name:en": null, "amenity": "school", "building": null, "operator:type": null, "capacity:persons": null, "addr:full": null, "addr:city": null, "source": "nigeriase4all.gov.ng", "osm_id": 9897417524, "osm_type": "nodes", "Analysis_Region": "North East"}, "geometry": {"type": "Point", "coordinates": [9.441404, 11.3627036]}}, {"type": "Feature", "properties": {"name": null, "name:en": null, "amenity": "school", "building": null, "operator:type": null, "capacity:persons": null, "addr:full": null, "addr:city": null, "source": "nigeriase4all.gov.ng", "osm_id": 9897417533, "osm_type": "nodes", "Analysis_Region": "North East"}, "geometry": {"type": "Point", "coordinates": [9.4432838, 11.3636275]}}, {"type": "Feature", "properties": {"name": null, "name:en": null, "amenity": "school", "building": null, "operator:type": null, "capacity:persons": null, "addr:full": null, "addr:city": null, "source": "nigeriase4all.gov.ng", "osm_id": 9897307652, "osm_type": "nodes", "Analysis_Region": "North East"}, "geometry": {"type": "Point", "coordinates": [9.4646512, 11.3264887]}}, {"type": "Feature", "properties": {"name": null, "name:en": null, "amenity": "school", "building": null, "operator:type": null, "capacity:persons": null, "addr:full": null, "addr:city": null, "source": "nigeriase4all.gov.ng", "osm_id": 9897265051, "osm_type": "nodes", "Analysis_Region": "North East"}, "geometry": {"type": "Point", "coordinates": [9.3812856, 11.3410304]}}, {"type": "Feature", "properties": {"name": null, "name:en": null, "amenity": "school", "building": null, "operator:type": null, "capacity:persons": null, "addr:full": null, "addr:city": null, "source": "nigeriase4all.gov.ng", "osm_id": 9897265060, "osm_type": "nodes", "Analysis_Region": "North East"}, "geometry": {"type": "Point", "coordinates": [9.3809747, 11.3402985]}}, {"type": "Feature", "properties": {"name": null, "name:en": null, "amenity": "school", "building": null, "operator:type": null, "capacity:persons": null, "addr:full": null, "addr:city": null, "source": "nigeriase4all.gov.ng", "osm_id": 9889237456, "osm_type": "nodes", "Analysis_Region": "North East"}, "geometry": {"type": "Point", "coordinates": [9.9744886, 12.9491438]}}, {"type": "Feature", "properties": {"name": null, "name:en": null, "amenity": "school", "building": null, "operator:type": null, "capacity:persons": null, "addr:full": null, "addr:city": null, "source": "nigeriase4all.gov.ng", "osm_id": 9888580647, "osm_type": "nodes", "Analysis_Region": "North East"}, "geometry": {"type": "Point", "coordinates": [9.9709875, 12.9299604]}}, {"type": "Feature", "properties": {"name": null, "name:en": null, "amenity": "school", "building": null, "operator:type": null, "capacity:persons": null, "addr:full": null, "addr:city": null, "source": "nigeriase4all.gov.ng", "osm_id": 9888520205, "osm_type": "nodes", "Analysis_Region": "North East"}, "geometry": {"type": "Point", "coordinates": [10.5063293, 12.6965822]}}, {"type": "Feature", "properties": {"name": null, "name:en": null, "amenity": "school", "building": null, "operator:type": null, "capacity:persons": null, "addr:full": null, "addr:city": null, "source": "nigeriase4all.gov.ng", "osm_id": 9888515209, "osm_type": "nodes", "Analysis_Region": "North East"}, "geometry": {"type": "Point", "coordinates": [10.544636, 12.7216548]}}, {"type": "Feature", "properties": {"name": null, "name:en": null, "amenity": "school", "building": null, "operator:type": null, "capacity:persons": null, "addr:full": null, "addr:city": null, "source": "nigeriase4all.gov.ng", "osm_id": 9888551521, "osm_type": "nodes", "Analysis_Region": "North East"}, "geometry": {"type": "Point", "coordinates": [10.5459748, 12.7206571]}}, {"type": "Feature", "properties": {"name": null, "name:en": null, "amenity": "school", "building": null, "operator:type": null, "capacity:persons": null, "addr:full": null, "addr:city": null, "source": "nigeriase4all.gov.ng", "osm_id": 9887128544, "osm_type": "nodes", "Analysis_Region": "North West"}, "geometry": {"type": "Point", "coordinates": [8.7340063, 12.6471218]}}, {"type": "Feature", "properties": {"name": null, "name:en": null, "amenity": "school", "building": null, "operator:type": null, "capacity:persons": null, "addr:full": null, "addr:city": null, "source": "nigeriase4all.gov.ng", "osm_id": 9885629117, "osm_type": "nodes", "Analysis_Region": "North West"}, "geometry": {"type": "Point", "coordinates": [8.8612885, 12.3452999]}}, {"type": "Feature", "properties": {"name": null, "name:en": null, "amenity": "school", "building": null, "operator:type": null, "capacity:persons": null, "addr:full": null, "addr:city": null, "source": "nigeriase4all.gov.ng", "osm_id": 9885417195, "osm_type": "nodes", "Analysis_Region": "North West"}, "geometry": {"type": "Point", "coordinates": [8.9489235, 12.3649456]}}, {"type": "Feature", "properties": {"name": "Kayalwa Primary School", "name:en": null, "amenity": "school", "building": null, "operator:type": null, "capacity:persons": null, "addr:full": null, "addr:city": null, "source": null, "osm_id": 2570329823, "osm_type": "nodes", "Analysis_Region": "North West"}, "geometry": {"type": "Point", "coordinates": [7.6091069, 12.9952277]}}, {"type": "Feature", "properties": {"name": "Dutsin-Amare Primary School", "name:en": null, "amenity": "school", "building": null, "operator:type": null, "capacity:persons": null, "addr:full": null, "addr:city": null, "source": null, "osm_id": 2570329827, "osm_type": "nodes", "Analysis_Region": "North West"}, "geometry": {"type": "Point", "coordinates": [7.6104055, 12.9907302]}}, {"type": "Feature", "properties": {"name": "Kiddies International Primary School", "name:en": null, "amenity": "school", "building": null, "operator:type": null, "capacity:persons": null, "addr:full": null, "addr:city": null, "source": null, "osm_id": 2570329829, "osm_type": "nodes", "Analysis_Region": "North West"}, "geometry": {"type": "Point", "coordinates": [7.6182616, 12.9859393]}}, {"type": "Feature", "properties": {"name": "Layout Primary School", "name:en": null, "amenity": "school", "building": null, "operator:type": null, "capacity:persons": null, "addr:full": null, "addr:city": null, "source": null, "osm_id": 2570329837, "osm_type": "nodes", "Analysis_Region": "North West"}, "geometry": {"type": "Point", "coordinates": [7.6188371, 12.9806031]}}, {"type": "Feature", "properties": {"name": null, "name:en": null, "amenity": "school", "building": null, "operator:type": null, "capacity:persons": null, "addr:full": null, "addr:city": null, "source": "nigeriase4all.gov.ng", "osm_id": 9897412896, "osm_type": "nodes", "Analysis_Region": "North East"}, "geometry": {"type": "Point", "coordinates": [9.4423062, 11.3622764]}}, {"type": "Feature", "properties": {"name": null, "name:en": null, "amenity": "school", "building": null, "operator:type": null, "capacity:persons": null, "addr:full": null, "addr:city": null, "source": "nigeriase4all.gov.ng", "osm_id": 9897412899, "osm_type": "nodes", "Analysis_Region": "North East"}, "geometry": {"type": "Point", "coordinates": [9.4386128, 11.3618102]}}, {"type": "Feature", "properties": {"name": null, "name:en": null, "amenity": "school", "building": null, "operator:type": null, "capacity:persons": null, "addr:full": null, "addr:city": null, "source": "nigeriase4all.gov.ng", "osm_id": 9897302111, "osm_type": "nodes", "Analysis_Region": "North East"}, "geometry": {"type": "Point", "coordinates": [9.463202, 11.3263731]}}, {"type": "Feature", "properties": {"name": null, "name:en": null, "amenity": "school", "building": null, "operator:type": null, "capacity:persons": null, "addr:full": null, "addr:city": null, "source": "nigeriase4all.gov.ng", "osm_id": 9897302112, "osm_type": "nodes", "Analysis_Region": "North East"}, "geometry": {"type": "Point", "coordinates": [9.4634747, 11.3263979]}}, {"type": "Feature", "properties": {"name": null, "name:en": null, "amenity": "school", "building": null, "operator:type": null, "capacity:persons": null, "addr:full": null, "addr:city": null, "source": "nigeriase4all.gov.ng", "osm_id": 9897302114, "osm_type": "nodes", "Analysis_Region": "North East"}, "geometry": {"type": "Point", "coordinates": [9.4640034, 11.3254473]}}, {"type": "Feature", "properties": {"name": null, "name:en": null, "amenity": "school", "building": null, "operator:type": null, "capacity:persons": null, "addr:full": null, "addr:city": null, "source": "nigeriase4all.gov.ng", "osm_id": 9897265016, "osm_type": "nodes", "Analysis_Region": "North East"}, "geometry": {"type": "Point", "coordinates": [9.3867645, 11.3430625]}}, {"type": "Feature", "properties": {"name": null, "name:en": null, "amenity": "school", "building": null, "operator:type": null, "capacity:persons": null, "addr:full": null, "addr:city": null, "source": "nigeriase4all.gov.ng", "osm_id": 9897265034, "osm_type": "nodes", "Analysis_Region": "North East"}, "geometry": {"type": "Point", "coordinates": [9.383276, 11.3409316]}}, {"type": "Feature", "properties": {"name": null, "name:en": null, "amenity": "school", "building": null, "operator:type": null, "capacity:persons": null, "addr:full": null, "addr:city": null, "source": "nigeriase4all.gov.ng", "osm_id": 9897265039, "osm_type": "nodes", "Analysis_Region": "North East"}, "geometry": {"type": "Point", "coordinates": [9.3826633, 11.3421321]}}, {"type": "Feature", "properties": {"name": null, "name:en": null, "amenity": "school", "building": null, "operator:type": null, "capacity:persons": null, "addr:full": null, "addr:city": null, "source": "nigeriase4all.gov.ng", "osm_id": 9897265041, "osm_type": "nodes", "Analysis_Region": "North East"}, "geometry": {"type": "Point", "coordinates": [9.3826938, 11.3413122]}}, {"type": "Feature", "properties": {"name": null, "name:en": null, "amenity": "school", "building": null, "operator:type": null, "capacity:persons": null, "addr:full": null, "addr:city": null, "source": "nigeriase4all.gov.ng", "osm_id": 9897265107, "osm_type": "nodes", "Analysis_Region": "North East"}, "geometry": {"type": "Point", "coordinates": [9.3814465, 11.3420461]}}, {"type": "Feature", "properties": {"name": null, "name:en": null, "amenity": "school", "building": null, "operator:type": null, "capacity:persons": null, "addr:full": null, "addr:city": null, "source": "nigeriase4all.gov.ng", "osm_id": 9896944861, "osm_type": "nodes", "Analysis_Region": "North East"}, "geometry": {"type": "Point", "coordinates": [10.1623716, 11.0754872]}}, {"type": "Feature", "properties": {"name": null, "name:en": null, "amenity": "school", "building": null, "operator:type": null, "capacity:persons": null, "addr:full": null, "addr:city": null, "source": "nigeriase4all.gov.ng", "osm_id": 9896944881, "osm_type": "nodes", "Analysis_Region": "North East"}, "geometry": {"type": "Point", "coordinates": [10.1627218, 11.0725402]}}, {"type": "Feature", "properties": {"name": null, "name:en": null, "amenity": "school", "building": null, "operator:type": null, "capacity:persons": null, "addr:full": null, "addr:city": null, "source": "nigeriase4all.gov.ng", "osm_id": 9896944896, "osm_type": "nodes", "Analysis_Region": "North East"}, "geometry": {"type": "Point", "coordinates": [10.1646655, 11.0736143]}}, {"type": "Feature", "properties": {"name": null, "name:en": null, "amenity": "school", "building": null, "operator:type": null, "capacity:persons": null, "addr:full": null, "addr:city": null, "source": "nigeriase4all.gov.ng", "osm_id": 9888514912, "osm_type": "nodes", "Analysis_Region": "North West"}, "geometry": {"type": "Point", "coordinates": [8.8024917, 12.6655997]}}, {"type": "Feature", "properties": {"name": null, "name:en": null, "amenity": "school", "building": null, "operator:type": null, "capacity:persons": null, "addr:full": null, "addr:city": null, "source": "nigeriase4all.gov.ng", "osm_id": 9888537852, "osm_type": "nodes", "Analysis_Region": "North West"}, "geometry": {"type": "Point", "coordinates": [8.8029607, 12.6669941]}}, {"type": "Feature", "properties": {"name": null, "name:en": null, "amenity": "school", "building": null, "operator:type": null, "capacity:persons": null, "addr:full": null, "addr:city": null, "source": "nigeriase4all.gov.ng", "osm_id": 9888537821, "osm_type": "nodes", "Analysis_Region": "North West"}, "geometry": {"type": "Point", "coordinates": [8.8001773, 12.6656437]}}, {"type": "Feature", "properties": {"name": null, "name:en": null, "amenity": "school", "building": null, "operator:type": null, "capacity:persons": null, "addr:full": null, "addr:city": null, "source": "nigeriase4all.gov.ng", "osm_id": 9888563980, "osm_type": "nodes", "Analysis_Region": "North East"}, "geometry": {"type": "Point", "coordinates": [10.0035113, 12.9015419]}}, {"type": "Feature", "properties": {"name": null, "name:en": null, "amenity": "school", "building": null, "operator:type": null, "capacity:persons": null, "addr:full": null, "addr:city": null, "source": "nigeriase4all.gov.ng", "osm_id": 9888563982, "osm_type": "nodes", "Analysis_Region": "North East"}, "geometry": {"type": "Point", "coordinates": [10.0039625, 12.902932]}}, {"type": "Feature", "properties": {"name": null, "name:en": null, "amenity": "school", "building": null, "operator:type": null, "capacity:persons": null, "addr:full": null, "addr:city": null, "source": "nigeriase4all.gov.ng", "osm_id": 9885605059, "osm_type": "nodes", "Analysis_Region": "North West"}, "geometry": {"type": "Point", "coordinates": [8.8387502, 12.5871277]}}, {"type": "Feature", "properties": {"name": null, "name:en": null, "amenity": "school", "building": null, "operator:type": null, "capacity:persons": null, "addr:full": null, "addr:city": null, "source": "nigeriase4all.gov.ng", "osm_id": 9885583161, "osm_type": "nodes", "Analysis_Region": "North West"}, "geometry": {"type": "Point", "coordinates": [8.9168647, 12.3644612]}}, {"type": "Feature", "properties": {"name": null, "name:en": null, "amenity": "school", "building": null, "operator:type": null, "capacity:persons": null, "addr:full": null, "addr:city": null, "source": "nigeriase4all.gov.ng", "osm_id": 9897613796, "osm_type": "nodes", "Analysis_Region": "North East"}, "geometry": {"type": "Point", "coordinates": [9.4496403, 11.959847]}}, {"type": "Feature", "properties": {"name": "LGEA Primary School", "name:en": null, "amenity": "school", "building": null, "operator:type": null, "capacity:persons": null, "addr:full": null, "addr:city": null, "source": null, "osm_id": 2157204774, "osm_type": "nodes", "Analysis_Region": "North West"}, "geometry": {"type": "Point", "coordinates": [4.8040038, 8.2980613]}}, {"type": "Feature", "properties": {"name": "LGEA Primary School", "name:en": null, "amenity": "school", "building": null, "operator:type": null, "capacity:persons": null, "addr:full": null, "addr:city": null, "source": null, "osm_id": 2157208215, "osm_type": "nodes", "Analysis_Region": "North West"}, "geometry": {"type": "Point", "coordinates": [4.8301216, 8.3207328]}}, {"type": "Feature", "properties": {"name": "Kawo Primary", "name:en": null, "amenity": "school", "building": null, "operator:type": null, "capacity:persons": null, "addr:full": null, "addr:city": null, "source": null, "osm_id": 2178146323, "osm_type": "nodes", "Analysis_Region": "North West"}, "geometry": {"type": "Point", "coordinates": [8.5718136, 11.9818566]}}, {"type": "Feature", "properties": {"name": "Sheik Muhammad Awwal School", "name:en": null, "amenity": "school", "building": null, "operator:type": null, "capacity:persons": null, "addr:full": null, "addr:city": null, "source": null, "osm_id": 2157134191, "osm_type": "nodes", "Analysis_Region": "North West"}, "geometry": {"type": "Point", "coordinates": [4.7930805, 8.2754665]}}, {"type": "Feature", "properties": {"name": "Omupo Grammar School", "name:en": null, "amenity": "school", "building": null, "operator:type": null, "capacity:persons": null, "addr:full": null, "addr:city": null, "source": null, "osm_id": 2156311300, "osm_type": "nodes", "Analysis_Region": "North West"}, "geometry": {"type": "Point", "coordinates": [4.7833441, 8.2823918]}}, {"type": "Feature", "properties": {"name": "Cross Kauwa Primary School", "name:en": null, "amenity": "school", "building": null, "operator:type": null, "capacity:persons": null, "addr:full": null, "addr:city": "Cross Kauwa", "source": null, "osm_id": 13476535039, "osm_type": "nodes", "Analysis_Region": "North East"}, "geometry": {"type": "Point", "coordinates": [13.6756669, 12.9407991]}}]}