{"type": "FeatureCollection", "name": "hotosm_nga_education_facilities_polygons_geojson", "features": [{"type": "Feature", "properties": {"name": "Umar Musa Yaraddua University, Katsina", "name:en": null, "amenity": "university", "building": null, "operator:type": "government", "capacity:persons": null, "addr:full": null, "addr:city": null, "source": null, "osm_id": 593847769, "osm_type": "ways_poly", "Analysis_Region": "North West"}, "geometry": {"type": "Polygon", "coordinates": [[[7.5482836, 12.8803045], [7.5487843, 12.8791508], [7.5496491, 12.8780858], [7.5505898, 12.8778639], [7.5550507, 12.8777752], [7.5611198, 12.8777456], [7.5636815, 12.8775977], [7.5860918, 12.8770948], [7.5868808, 12.8783373], [7.5900671, 12.8835733], [7.5912578, 12.8855464], [7.592827, 12.8888465], [7.5945833, 12.8929363], [7.595746, 12.8959006], [7.5959331, 12.8966139], [7.5962339, 12.8982229], [7.5963477, 12.8998001], [7.5963396, 12.9004262], [7.5963152, 12.9008067], [7.5962339, 12.9029466], [7.5850484, 12.9027754], [7.5771889, 12.9026128], [7.5482836, 12.8803045]]]}}, {"type": "Feature", "properties": {"name": null, "name:en": null, "amenity": null, "building": "college", "operator:type": null, "capacity:persons": null, "addr:full": null, "addr:city": null, "source": null, "osm_id": 830191281, "osm_type": "ways_poly", "Analysis_Region": "North West"}, "geometry": {"type": "Polygon", "coordinates": [[[7.583542, 12.890957], [7.5835584, 12.8908421], [7.583897, 12.8905963], [7.5839542, 12.8906008], [7.5839577, 12.8905792], [7.5840604, 12.8905917], [7.5840592, 12.8905644], [7.5841199, 12.8905632], [7.5841725, 12.890627], [7.5841269, 12.8906771], [7.5840581, 12.8906668], [7.5840452, 12.8907226], [7.5839355, 12.8907112], [7.5839437, 12.8906543], [7.583897, 12.8906486], [7.5838666, 12.8906725], [7.5838958, 12.8907066], [7.583681, 12.8908842], [7.5836716, 12.8908728], [7.5836529, 12.8908887], [7.5836529, 12.8909274], [7.583667, 12.8909513], [7.5836786, 12.8909468], [7.5838456, 12.8911596], [7.5838117, 12.8911892], [7.5838386, 12.8912267], [7.5838829, 12.8912358], [7.5838899, 12.8911642], [7.5840009, 12.8911698], [7.5839927, 12.8912313], [7.5840487, 12.8912381], [7.5840931, 12.891311], [7.5840359, 12.8913497], [7.5839728, 12.8913417], [7.5839705, 12.8913201], [7.5838619, 12.8913064], [7.5838608, 12.8912882], [7.5838047, 12.8912791], [7.583542, 12.890957]]]}}, {"type": "Feature", "properties": {"name": null, "name:en": null, "amenity": null, "building": "college", "operator:type": null, "capacity:persons": null, "addr:full": null, "addr:city": null, "source": null, "osm_id": 830191282, "osm_type": "ways_poly", "Analysis_Region": "North West"}, "geometry": {"type": "Polygon", "coordinates": [[[7.583845, 12.8909581], [7.5838582, 12.8908902], [7.5838882, 12.8908615], [7.5840879, 12.8908808], [7.5841179, 12.890911], [7.5841128, 12.8909903], [7.5840777, 12.8910225], [7.5838765, 12.8909987], [7.583845, 12.8909581]]]}}, {"type": "Feature", "properties": {"name": null, "name:en": null, "amenity": null, "building": "college", "operator:type": null, "capacity:persons": null, "addr:full": null, "addr:city": null, "source": null, "osm_id": 830191284, "osm_type": "ways_poly", "Analysis_Region": "North West"}, "geometry": {"type": "Polygon", "coordinates": [[[7.5849609, 12.892], [7.5850179, 12.891985], [7.5850001, 12.8919595], [7.585054, 12.8919319], [7.5850861, 12.8919829], [7.585066, 12.8919908], [7.5850902, 12.8920417], [7.5852404, 12.8920862], [7.5852699, 12.8920744], [7.5852566, 12.8920443], [7.5852828, 12.892006], [7.5853367, 12.8919895], [7.5853622, 12.8920015], [7.585376, 12.8920346], [7.5854061, 12.8920143], [7.5854723, 12.8918664], [7.5854577, 12.8918213], [7.5854338, 12.8918281], [7.585413, 12.8917823], [7.5854831, 12.891753], [7.5854916, 12.8917755], [7.5855224, 12.891762], [7.5855778, 12.8918664], [7.5854916, 12.8920924], [7.5853783, 12.8921382], [7.5854022, 12.8921825], [7.5854685, 12.8921502], [7.5855085, 12.8922095], [7.5855208, 12.8922035], [7.5856372, 12.8922463], [7.5855794, 12.8923867], [7.5856048, 12.892446], [7.5855324, 12.8924821], [7.585554, 12.8925324], [7.5856664, 12.8924903], [7.5858921, 12.8925767], [7.585946, 12.8926878], [7.5859083, 12.8927006], [7.5859075, 12.8927216], [7.5858482, 12.8927411], [7.5858259, 12.8926893], [7.5858351, 12.8926893], [7.5858259, 12.8926593], [7.5856595, 12.892591], [7.5856279, 12.8926075], [7.5856464, 12.8926443], [7.5856341, 12.892663], [7.5855886, 12.8926841], [7.5855578, 12.8926758], [7.5855393, 12.8926473], [7.5854939, 12.8926615], [7.5854469, 12.8927997], [7.5854361, 12.8928012], [7.5854346, 12.892826], [7.5854477, 12.8928583], [7.5854746, 12.892859], [7.585487, 12.8929048], [7.5854261, 12.8929318], [7.5854145, 12.8929056], [7.5853776, 12.8929281], [7.5853252, 12.8928132], [7.5854161, 12.8925872], [7.5855324, 12.8925376], [7.5855116, 12.8924896], [7.5853175, 12.8925684], [7.585289, 12.8925076], [7.5852697, 12.8925136], [7.5852112, 12.8924896], [7.5851665, 12.8923965], [7.5851989, 12.8923402], [7.5851727, 12.8922786], [7.5853783, 12.8921855], [7.5853583, 12.892148], [7.5852405, 12.8921953], [7.5850125, 12.8921089], [7.5849609, 12.892]]]}}, {"type": "Feature", "properties": {"name": null, "name:en": null, "amenity": null, "building": "college", "operator:type": null, "capacity:persons": null, "addr:full": null, "addr:city": null, "source": null, "osm_id": 830191285, "osm_type": "ways_poly", "Analysis_Region": "North West"}, "geometry": {"type": "Polygon", "coordinates": [[[7.5851226, 12.8942431], [7.5851615, 12.8942039], [7.5851401, 12.8941791], [7.5852044, 12.8941124], [7.585183, 12.8940876], [7.5852313, 12.8940222], [7.5852165, 12.8938954], [7.5857476, 12.8937974], [7.585753, 12.8938287], [7.5858079, 12.8938222], [7.5857959, 12.8936928], [7.585875, 12.8936771], [7.5860319, 12.8937843], [7.5860426, 12.8938771], [7.5859125, 12.8938967], [7.5860131, 12.8944641], [7.585879, 12.8944928], [7.5858428, 12.8945412], [7.5858187, 12.8945268], [7.5857503, 12.8946301], [7.5857235, 12.894604], [7.5856872, 12.8946549], [7.5853466, 12.8947059], [7.5852755, 12.8947177], [7.5851897, 12.8946562], [7.5851226, 12.8942431]]]}}, {"type": "Feature", "properties": {"name": null, "name:en": null, "amenity": null, "building": "college", "operator:type": null, "capacity:persons": null, "addr:full": null, "addr:city": null, "source": null, "osm_id": 830191286, "osm_type": "ways_poly", "Analysis_Region": "North West"}, "geometry": {"type": "Polygon", "coordinates": [[[7.5853807, 12.8943621], [7.5854939, 12.8942225], [7.5855401, 12.8942142], [7.5856102, 12.894257], [7.5856171, 12.8943005], [7.5854993, 12.894459], [7.5854538, 12.894465], [7.5853822, 12.8944184], [7.5853807, 12.8943621]]]}}, {"type": "Feature", "properties": {"name": "Nigerian Army University, Biu", "name:en": null, "amenity": "university", "building": null, "operator:type": null, "capacity:persons": null, "addr:full": null, "addr:city": null, "source": null, "osm_id": 1104677180, "osm_type": "ways_poly", "Analysis_Region": "North East"}, "geometry": {"type": "Polygon", "coordinates": [[[12.127645, 10.614396], [12.1291558, 10.613005], [12.1295706, 10.6096024], [12.1298853, 10.6075495], [12.1316592, 10.6053139], [12.1344201, 10.6017284], [12.1369092, 10.5993239], [12.1391121, 10.5985787], [12.1407858, 10.5957384], [12.1458928, 10.5909716], [12.1506925, 10.5882844], [12.1573873, 10.585219], [12.1627376, 10.5855704], [12.1630374, 10.5870656], [12.163608, 10.5899953], [12.1656723, 10.5927443], [12.1658449, 10.5929788], [12.1671692, 10.5950058], [12.1697978, 10.5982508], [12.1702551, 10.5989944], [12.1705122, 10.5995766], [12.1708531, 10.600478], [12.1710841, 10.6031974], [12.1707372, 10.6046219], [12.1702957, 10.6055946], [12.1694634, 10.6069215], [12.1686869, 10.6082634], [12.1669715, 10.6110668], [12.1659717, 10.6112264], [12.1657908, 10.6117027], [12.1657265, 10.61196], [12.165563, 10.6124482], [12.1659174, 10.6128759], [12.1635949, 10.6166419], [12.1633709, 10.6164739], [12.163194, 10.6167404], [12.1634062, 10.6169084], [12.162656, 10.6185263], [12.1614253, 10.6211097], [12.1604227, 10.6210692], [12.1603355, 10.6210657], [12.1567303, 10.6209316], [12.1558723, 10.6209061], [12.1533992, 10.6207343], [12.1516694, 10.6206029], [12.1517048, 10.6203406], [12.1513324, 10.6203147], [12.1512948, 10.6205698], [12.1493161, 10.6202297], [12.1494252, 10.6198821], [12.1486202, 10.6195642], [12.1484396, 10.6200633], [12.1466734, 10.6197365], [12.1458816, 10.6196085], [12.1441406, 10.6193206], [12.142939, 10.61902], [12.1426118, 10.6189726], [12.1424079, 10.6189778], [12.1419305, 10.6188355], [12.1406108, 10.6185982], [12.1357453, 10.6177441], [12.1341031, 10.6173342], [12.1338624, 10.6172853], [12.131891, 10.6169441], [12.1316871, 10.6168652], [12.1312607, 10.6167001], [12.1299625, 10.6160252], [12.1297991, 10.6159125], [12.127645, 10.614396]]]}}, {"type": "Feature", "properties": {"name": "Kirfin Sama Primary School", "name:en": null, "amenity": "school", "building": null, "operator:type": "government", "capacity:persons": null, "addr:full": null, "addr:city": null, "source": "Nigerian Red Cross Society", "osm_id": 1330918523, "osm_type": "ways_poly", "Analysis_Region": "North East"}, "geometry": {"type": "Polygon", "coordinates": [[[10.4207426, 10.4078635], [10.4208535, 10.407615], [10.4212713, 10.4077556], [10.4211395, 10.4080804], [10.4209521, 10.4080344], [10.420771, 10.4079495], [10.4207426, 10.4078635]]]}}, {"type": "Feature", "properties": {"name": null, "name:en": null, "amenity": null, "building": "school", "operator:type": null, "capacity:persons": null, "addr:full": null, "addr:city": null, "source": "microsoft/BuildingFootprints", "osm_id": 1052504588, "osm_type": "ways_poly", "Analysis_Region": "North East"}, "geometry": {"type": "Polygon", "coordinates": [[[10.4208344, 10.4077148], [10.4208536, 10.407632], [10.4210015, 10.407665], [10.4209986, 10.4076776], [10.4210343, 10.4076855], [10.4210181, 10.4077558], [10.4208344, 10.4077148]]]}}, {"type": "Feature", "properties": {"name": null, "name:en": null, "amenity": null, "building": "school", "operator:type": null, "capacity:persons": null, "addr:full": null, "addr:city": null, "source": "microsoft/BuildingFootprints", "osm_id": 1052504589, "osm_type": "ways_poly", "Analysis_Region": "North East"}, "geometry": {"type": "Polygon", "coordinates": [[[10.4207832, 10.4079316], [10.4208311, 10.4078391], [10.4209965, 10.4079221], [10.4209487, 10.4080145], [10.4207832, 10.4079316]]]}}, {"type": "Feature", "properties": {"name": null, "name:en": null, "amenity": null, "building": "school", "operator:type": null, "capacity:persons": null, "addr:full": null, "addr:city": null, "source": "microsoft/BuildingFootprints", "osm_id": 1052504605, "osm_type": "ways_poly", "Analysis_Region": "North East"}, "geometry": {"type": "Polygon", "coordinates": [[[10.4210436, 10.4077706], [10.4210719, 10.4076922], [10.4212488, 10.4077541], [10.4212204, 10.4078325], [10.4210436, 10.4077706]]]}}, {"type": "Feature", "properties": {"name": null, "name:en": null, "amenity": null, "building": "school", "operator:type": null, "capacity:persons": null, "addr:full": null, "addr:city": null, "source": "microsoft/BuildingFootprints", "osm_id": 1052504607, "osm_type": "ways_poly", "Analysis_Region": "North East"}, "geometry": {"type": "Polygon", "coordinates": [[[10.4209653, 10.4080155], [10.4209864, 10.4079496], [10.4211414, 10.4079977], [10.4211202, 10.4080637], [10.4209653, 10.4080155]]]}}, {"type": "Feature", "properties": {"name": "Community School in Komta Community, Women and Children Primary School Billiri", "name:en": null, "amenity": null, "building": "school", "operator:type": null, "capacity:persons": null, "addr:full": null, "addr:city": null, "source": null, "osm_id": 1456467007, "osm_type": "ways_poly", "Analysis_Region": "North East"}, "geometry": {"type": "Polygon", "coordinates": [[[11.2124635, 9.8796377], [11.2125875, 9.8794855], [11.2126506, 9.8795354], [11.2125266, 9.8796876], [11.2124635, 9.8796377]]]}}, {"type": "Feature", "properties": {"name": "Universal basic education", "name:en": null, "amenity": "school", "building": null, "operator:type": null, "capacity:persons": null, "addr:full": null, "addr:city": null, "source": null, "osm_id": 586657406, "osm_type": "ways_poly", "Analysis_Region": "North East"}, "geometry": {"type": "Polygon", "coordinates": [[[13.1378997, 11.8357233], [13.1380445, 11.8347769], [13.1391206, 11.8350159], [13.139254, 11.8351781], [13.1388219, 11.8359065], [13.1378997, 11.8357233]]]}}, {"type": "Feature", "properties": {"name": null, "name:en": null, "amenity": "school", "building": null, "operator:type": null, "capacity:persons": null, "addr:full": null, "addr:city": null, "source": null, "osm_id": 322402599, "osm_type": "ways_poly", "Analysis_Region": "North East"}, "geometry": {"type": "Polygon", "coordinates": [[[13.8593257, 13.1169809], [13.8593591, 13.1158765], [13.8605467, 13.1158507], [13.8606039, 13.1168114], [13.8601575, 13.1169802], [13.8593257, 13.1169809]]]}}, {"type": "Feature", "properties": {"name": null, "name:en": null, "amenity": "school", "building": null, "operator:type": null, "capacity:persons": null, "addr:full": null, "addr:city": null, "source": null, "osm_id": 510581798, "osm_type": "ways_poly", "Analysis_Region": "North East"}, "geometry": {"type": "Polygon", "coordinates": [[[11.0938407, 11.7296847], [11.0951655, 11.7277087], [11.095214, 11.72763], [11.0955138, 11.7277883], [11.0955883, 11.7276601], [11.0958156, 11.7277781], [11.0975472, 11.7286469], [11.0961545, 11.7312835], [11.0938407, 11.7296847]]]}}, {"type": "Feature", "properties": {"name": null, "name:en": null, "amenity": "school", "building": null, "operator:type": null, "capacity:persons": null, "addr:full": null, "addr:city": null, "source": "Bing", "osm_id": 411277583, "osm_type": "ways_poly", "Analysis_Region": "North West"}, "geometry": {"type": "Polygon", "coordinates": [[[7.895632, 13.3414575], [7.8965573, 13.3415697], [7.8965679, 13.3423371], [7.89564, 13.3423213], [7.895632, 13.3414575]]]}}, {"type": "Feature", "properties": {"name": "Yobe State University", "name:en": null, "amenity": "university", "building": null, "operator:type": null, "capacity:persons": null, "addr:full": null, "addr:city": null, "source": null, "osm_id": 845940671, "osm_type": "ways_poly", "Analysis_Region": "North East"}, "geometry": {"type": "Polygon", "coordinates": [[[11.9339633, 11.6803011], [11.9433939, 11.6779476], [11.9423211, 11.6743963], [11.9409156, 11.6723265], [11.9377828, 11.6730357], [11.9355726, 11.6728991], [11.9348752, 11.6726522], [11.9350201, 11.6715174], [11.9355994, 11.6712758], [11.9369996, 11.6715253], [11.9378203, 11.6710709], [11.9374368, 11.6700097], [11.9371229, 11.6688644], [11.9371766, 11.6685282], [11.9383728, 11.6682182], [11.9407332, 11.6696577], [11.9444239, 11.6696472], [11.9487798, 11.6686805], [11.9515157, 11.6696157], [11.9539082, 11.6712968], [11.9542408, 11.6729569], [11.9522989, 11.6750162], [11.9538438, 11.6788092], [11.9548523, 11.6828648], [11.9541711, 11.6843514], [11.9503194, 11.6858066], [11.9488925, 11.6864422], [11.948753, 11.6879026], [11.9484258, 11.6897044], [11.9482112, 11.6903874], [11.9476104, 11.6920894], [11.9471008, 11.6925359], [11.947031, 11.6934814], [11.9486028, 11.693576], [11.9488174, 11.6947527], [11.9505823, 11.6943062], [11.9508719, 11.6945216], [11.9500726, 11.6957823], [11.9493377, 11.696192], [11.9491231, 11.6971743], [11.9485384, 11.6976629], [11.9474548, 11.6986714], [11.9472027, 11.6978835], [11.9468057, 11.6969485], [11.9463229, 11.6952517], [11.9452178, 11.6955827], [11.9439894, 11.6961027], [11.9428843, 11.6964389], [11.9418812, 11.6961868], [11.9410121, 11.6956772], [11.940127, 11.6945583], [11.9397998, 11.6932976], [11.9393384, 11.6911333], [11.9393706, 11.6901457], [11.9406044, 11.6899986], [11.9412374, 11.690629], [11.9426751, 11.6899671], [11.9414306, 11.687351], [11.9409478, 11.6855965], [11.9430613, 11.6850396], [11.944896, 11.6836948], [11.9442308, 11.6824025], [11.9356048, 11.6839679], [11.9339633, 11.6803011]]]}}, {"type": "Feature", "properties": {"name": "shalom primary and secondary school pil gani", "name:en": null, "amenity": null, "building": "school", "operator:type": null, "capacity:persons": null, "addr:full": null, "addr:city": null, "source": null, "osm_id": 1312099590, "osm_type": "ways_poly", "Analysis_Region": "North East"}, "geometry": {"type": "Polygon", "coordinates": [[[9.8884549, 9.1921634], [9.8884945, 9.192127], [9.8885016, 9.1921382], [9.8885609, 9.1921112], [9.8885855, 9.1921453], [9.8885922, 9.1921704], [9.8886205, 9.1922137], [9.8885412, 9.1922766], [9.8885101, 9.1922346], [9.888479, 9.1922486], [9.8884648, 9.1922109], [9.8884549, 9.1921634]]]}}, {"type": "Feature", "properties": {"name": "admin block", "name:en": null, "amenity": null, "building": "school", "operator:type": null, "capacity:persons": null, "addr:full": null, "addr:city": null, "source": null, "osm_id": 220240014, "osm_type": "ways_poly", "Analysis_Region": "North East"}, "geometry": {"type": "Polygon", "coordinates": [[[11.1714489, 10.2606386], [11.1715174, 10.2604789], [11.171663, 10.2605253], [11.1715696, 10.2606914], [11.1714489, 10.2606386]]]}}, {"type": "Feature", "properties": {"name": "Federal University Dutsin Ma - Take off Campus", "name:en": null, "amenity": "university", "building": null, "operator:type": null, "capacity:persons": null, "addr:full": null, "addr:city": "Dutsin Ma", "source": "www.steadfast.com.ng", "osm_id": 392753879, "osm_type": "ways_poly", "Analysis_Region": "North West"}, "geometry": {"type": "Polygon", "coordinates": [[[7.4833993, 12.4732938], [7.4836139, 12.4711253], [7.4876587, 12.4713453], [7.488238, 12.4734509], [7.4848584, 12.4743727], [7.4833993, 12.4732938]]]}}, {"type": "Feature", "properties": {"name": "Mary Travis", "name:en": null, "amenity": "school", "building": null, "operator:type": null, "capacity:persons": null, "addr:full": null, "addr:city": null, "source": null, "osm_id": 500109319, "osm_type": "ways_poly", "Analysis_Region": "North West"}, "geometry": {"type": "Polygon", "coordinates": [[[7.4632422, 10.541677], [7.4638052, 10.5416386], [7.4638149, 10.5422167], [7.4632646, 10.5422379], [7.4632422, 10.541677]]]}}, {"type": "Feature", "properties": {"name": "Legacy School", "name:en": null, "amenity": "school", "building": null, "operator:type": null, "capacity:persons": null, "addr:full": null, "addr:city": null, "source": null, "osm_id": 500110673, "osm_type": "ways_poly", "Analysis_Region": "North West"}, "geometry": {"type": "Polygon", "coordinates": [[[7.4692981, 10.5348411], [7.4693388, 10.5346984], [7.4702289, 10.5346602], [7.4701348, 10.5350612], [7.469655, 10.5351091], [7.4692981, 10.5348411]]]}}, {"type": "Feature", "properties": {"name": "Babban Giji Secondary School, Karkasara", "name:en": null, "amenity": "school", "building": null, "operator:type": null, "capacity:persons": null, "addr:full": null, "addr:city": null, "source": "ehealthafrica.org", "osm_id": 282828753, "osm_type": "ways_poly", "Analysis_Region": "North West"}, "geometry": {"type": "Polygon", "coordinates": [[[8.544, 11.9583], [8.5449, 11.9575], [8.5459, 11.9584], [8.545, 11.9593], [8.544, 11.9583]]]}}, {"type": "Feature", "properties": {"name": "Technical College", "name:en": null, "amenity": "university", "building": null, "operator:type": null, "capacity:persons": null, "addr:full": null, "addr:city": null, "source": null, "osm_id": 798386540, "osm_type": "ways_poly", "Analysis_Region": "North West"}, "geometry": {"type": "Polygon", "coordinates": [[[7.4671492, 10.5573648], [7.4671733, 10.5526844], [7.4676695, 10.552869], [7.4680826, 10.5526238], [7.4682113, 10.552629], [7.4682891, 10.5525737], [7.4684098, 10.5525684], [7.4685278, 10.5525842], [7.4685788, 10.5525737], [7.4686566, 10.5525763], [7.4687424, 10.5525578], [7.4688189, 10.5525196], [7.4688738, 10.5525552], [7.4690723, 10.5524365], [7.469413, 10.5523627], [7.4713012, 10.5530509], [7.4701854, 10.5573753], [7.4671492, 10.5573648]]]}}, {"type": "Feature", "properties": {"name": null, "name:en": null, "amenity": "school", "building": null, "operator:type": null, "capacity:persons": null, "addr:full": null, "addr:city": null, "source": null, "osm_id": 335510563, "osm_type": "ways_poly", "Analysis_Region": "North East"}, "geometry": {"type": "Polygon", "coordinates": [[[10.1904274, 9.698378], [10.1905301, 9.6979325], [10.1913235, 9.6979753], [10.1915324, 9.6982952], [10.1916831, 9.6991316], [10.1912979, 9.699261], [10.1910411, 9.6990904], [10.1906704, 9.6989341], [10.1904274, 9.698378]]]}}, {"type": "Feature", "properties": {"name": "Federal Government College", "name:en": null, "amenity": "school", "building": null, "operator:type": null, "capacity:persons": null, "addr:full": null, "addr:city": null, "source": null, "osm_id": 264962021, "osm_type": "ways_poly", "Analysis_Region": "North East"}, "geometry": {"type": "Polygon", "coordinates": [[[13.1799173, 11.8206523], [13.181324, 11.8135629], [13.1815856, 11.8123272], [13.1834642, 11.8127669], [13.1836106, 11.8128006], [13.1836942, 11.8128198], [13.1838807, 11.8128627], [13.1839289, 11.8128738], [13.1841942, 11.8129348], [13.1851326, 11.8131505], [13.1853283, 11.8131955], [13.1898093, 11.8142254], [13.1891007, 11.8173324], [13.1888321, 11.8182219], [13.1885773, 11.8196789], [13.1881356, 11.8222275], [13.1872129, 11.8221855], [13.185904, 11.8219124], [13.1799173, 11.8206523]]]}}, {"type": "Feature", "properties": {"name": "GSS Doka Boys School", "name:en": null, "amenity": "school", "building": null, "operator:type": "government", "capacity:persons": null, "addr:full": null, "addr:city": "Dadi Riba", "source": null, "osm_id": 43566237, "osm_type": "ways_poly", "Analysis_Region": "North West"}, "geometry": {"type": "Polygon", "coordinates": [[[7.4286442, 10.5032093], [7.4296338, 10.5035192], [7.4296007, 10.504819], [7.4287879, 10.5047958], [7.4287507, 10.5037626], [7.4286442, 10.5032093]]]}}, {"type": "Feature", "properties": {"name": "College of Basic and Remedial Studies, Kaduna State University", "name:en": null, "amenity": "university", "building": null, "operator:type": "government", "capacity:persons": null, "addr:full": null, "addr:city": null, "source": null, "osm_id": 488835906, "osm_type": "ways_poly", "Analysis_Region": "North West"}, "geometry": {"type": "Polygon", "coordinates": [[[7.4319391, 10.507456], [7.4320275, 10.5059], [7.4335349, 10.5059106], [7.4333472, 10.5075694], [7.4319391, 10.507456]]]}}, {"type": "Feature", "properties": {"name": null, "name:en": null, "amenity": null, "building": "school", "operator:type": null, "capacity:persons": null, "addr:full": null, "addr:city": null, "source": null, "osm_id": 291431476, "osm_type": "ways_poly", "Analysis_Region": "North West"}, "geometry": {"type": "Polygon", "coordinates": [[[8.5314847, 11.9665767], [8.5315159, 11.9665367], [8.5315551, 11.9665661], [8.5315735, 11.9665425], [8.5315096, 11.9664946], [8.5315452, 11.966449], [8.53157, 11.9664675], [8.5316082, 11.9664186], [8.5317198, 11.966502], [8.5316822, 11.9665501], [8.5316548, 11.9665297], [8.5316155, 11.9665799], [8.5316429, 11.9666004], [8.5315962, 11.9666601], [8.5314847, 11.9665767]]]}}, {"type": "Feature", "properties": {"name": null, "name:en": null, "amenity": "school", "building": null, "operator:type": null, "capacity:persons": null, "addr:full": null, "addr:city": null, "source": null, "osm_id": 383368160, "osm_type": "ways_poly", "Analysis_Region": "North East"}, "geometry": {"type": "Polygon", "coordinates": [[[13.3224463, 10.1922806], [13.3232456, 10.1922357], [13.3232403, 10.1926449], [13.3227387, 10.1927082], [13.3225429, 10.1926105], [13.3224463, 10.1922806]]]}}, {"type": "Feature", "properties": {"name": null, "name:en": null, "amenity": "school", "building": null, "operator:type": null, "capacity:persons": null, "addr:full": null, "addr:city": null, "source": null, "osm_id": 331767446, "osm_type": "ways_poly", "Analysis_Region": "North East"}, "geometry": {"type": "Polygon", "coordinates": [[[13.9060872, 11.5250399], [13.906527, 11.524856], [13.9066719, 11.525308], [13.9062642, 11.5254131], [13.9060872, 11.5250399]]]}}, {"type": "Feature", "properties": {"name": null, "name:en": null, "amenity": "school", "building": null, "operator:type": null, "capacity:persons": null, "addr:full": null, "addr:city": null, "source": null, "osm_id": 331424746, "osm_type": "ways_poly", "Analysis_Region": "North East"}, "geometry": {"type": "Polygon", "coordinates": [[[14.1468614, 12.7632527], [14.1470452, 12.7628091], [14.1478242, 12.7630602], [14.1475948, 12.7635418], [14.1468614, 12.7632527]]]}}, {"type": "Feature", "properties": {"name": null, "name:en": null, "amenity": "school", "building": null, "operator:type": null, "capacity:persons": null, "addr:full": null, "addr:city": null, "source": null, "osm_id": 586657411, "osm_type": "ways_poly", "Analysis_Region": "North East"}, "geometry": {"type": "Polygon", "coordinates": [[[13.1660354, 11.8271504], [13.1671042, 11.827028], [13.1674154, 11.8283183], [13.1673986, 11.8283278], [13.1673656, 11.8283388], [13.167355, 11.8283141], [13.1672562, 11.8283398], [13.1667368, 11.8284531], [13.1662251, 11.8285618], [13.1660899, 11.8275584], [13.1660354, 11.8271504]]]}}, {"type": "Feature", "properties": {"name": "Tambayahaya Nursery and Primary School", "name:en": null, "amenity": "school", "building": null, "operator:type": null, "capacity:persons": null, "addr:full": null, "addr:city": null, "source": null, "osm_id": 292190552, "osm_type": "ways_poly", "Analysis_Region": "North West"}, "geometry": {"type": "Polygon", "coordinates": [[[8.5347185, 12.030289], [8.5348585, 12.0300398], [8.5349467, 12.0300873], [8.5348067, 12.0303364], [8.5347185, 12.030289]]]}}, {"type": "Feature", "properties": {"name": null, "name:en": null, "amenity": "school", "building": null, "operator:type": null, "capacity:persons": null, "addr:full": null, "addr:city": null, "source": null, "osm_id": 330371346, "osm_type": "ways_poly", "Analysis_Region": "North East"}, "geometry": {"type": "Polygon", "coordinates": [[[13.3429085, 13.6190385], [13.3435362, 13.6188039], [13.3438902, 13.6196928], [13.3432974, 13.619904], [13.3429085, 13.6190385]]]}}, {"type": "Feature", "properties": {"name": null, "name:en": null, "amenity": null, "building": "school", "operator:type": null, "capacity:persons": null, "addr:full": null, "addr:city": null, "source": null, "osm_id": 527030920, "osm_type": "ways_poly", "Analysis_Region": "North West"}, "geometry": {"type": "Polygon", "coordinates": [[[8.5400293, 11.9651504], [8.5401154, 11.9651862], [8.5400946, 11.965234], [8.5400293, 11.9651504]]]}}, {"type": "Feature", "properties": {"name": null, "name:en": null, "amenity": null, "building": "school", "operator:type": null, "capacity:persons": null, "addr:full": null, "addr:city": null, "source": null, "osm_id": 527037188, "osm_type": "ways_poly", "Analysis_Region": "North West"}, "geometry": {"type": "Polygon", "coordinates": [[[8.5417676, 11.9566233], [8.5418107, 11.9565495], [8.5419054, 11.9566023], [8.5418623, 11.9566762], [8.5417676, 11.9566233]]]}}, {"type": "Feature", "properties": {"name": null, "name:en": null, "amenity": null, "building": "school", "operator:type": null, "capacity:persons": null, "addr:full": null, "addr:city": null, "source": null, "osm_id": 527037449, "osm_type": "ways_poly", "Analysis_Region": "North West"}, "geometry": {"type": "Polygon", "coordinates": [[[8.541396, 11.9563245], [8.5414597, 11.9562601], [8.5416755, 11.9564645], [8.5416119, 11.9565288], [8.541396, 11.9563245]]]}}, {"type": "Feature", "properties": {"name": null, "name:en": null, "amenity": null, "building": "school", "operator:type": null, "capacity:persons": null, "addr:full": null, "addr:city": null, "source": null, "osm_id": 527037450, "osm_type": "ways_poly", "Analysis_Region": "North West"}, "geometry": {"type": "Polygon", "coordinates": [[[8.5413546, 11.9562612], [8.5413711, 11.9562435], [8.541393, 11.9562629], [8.5414149, 11.9562823], [8.5413984, 11.9563001], [8.5413546, 11.9562612]]]}}, {"type": "Feature", "properties": {"name": null, "name:en": null, "amenity": null, "building": "school", "operator:type": null, "capacity:persons": null, "addr:full": null, "addr:city": null, "source": null, "osm_id": 527633877, "osm_type": "ways_poly", "Analysis_Region": "North West"}, "geometry": {"type": "Polygon", "coordinates": [[[8.5709011, 11.9652387], [8.5709024, 11.9650629], [8.5709386, 11.9650498], [8.5709775, 11.9650537], [8.5709829, 11.9652387], [8.5709011, 11.9652387]]]}}, {"type": "Feature", "properties": {"name": null, "name:en": null, "amenity": null, "building": "school", "operator:type": null, "capacity:persons": null, "addr:full": null, "addr:city": null, "source": null, "osm_id": 527633878, "osm_type": "ways_poly", "Analysis_Region": "North West"}, "geometry": {"type": "Polygon", "coordinates": [[[8.5708977, 11.9650437], [8.5709123, 11.9648694], [8.5709462, 11.9648661], [8.5709958, 11.964886], [8.5709845, 11.9650415], [8.5708977, 11.9650437]]]}}, {"type": "Feature", "properties": {"name": null, "name:en": null, "amenity": null, "building": "school", "operator:type": null, "capacity:persons": null, "addr:full": null, "addr:city": null, "source": null, "osm_id": 527633879, "osm_type": "ways_poly", "Analysis_Region": "North West"}, "geometry": {"type": "Polygon", "coordinates": [[[8.570998, 11.9647701], [8.5713747, 11.9646709], [8.5714018, 11.9647359], [8.571024, 11.9648529], [8.570998, 11.9647701]]]}}, {"type": "Feature", "properties": {"name": null, "name:en": null, "amenity": null, "building": "school", "operator:type": null, "capacity:persons": null, "addr:full": null, "addr:city": null, "source": null, "osm_id": 527633880, "osm_type": "ways_poly", "Analysis_Region": "North West"}, "geometry": {"type": "Polygon", "coordinates": [[[8.5709597, 11.9647955], [8.5709789, 11.9647894], [8.5709935, 11.9647845], [8.5710093, 11.9648452], [8.5709806, 11.9648545], [8.5709597, 11.9647955]]]}}, {"type": "Feature", "properties": {"name": null, "name:en": null, "amenity": null, "building": "school", "operator:type": null, "capacity:persons": null, "addr:full": null, "addr:city": null, "source": null, "osm_id": 527633881, "osm_type": "ways_poly", "Analysis_Region": "North West"}, "geometry": {"type": "Polygon", "coordinates": [[[8.571395, 11.9646766], [8.5714249, 11.96467], [8.5714638, 11.9647704], [8.5714018, 11.9647963], [8.5713956, 11.9647522], [8.5714108, 11.9647351], [8.571395, 11.9646766]]]}}, {"type": "Feature", "properties": {"name": null, "name:en": null, "amenity": null, "building": "school", "operator:type": null, "capacity:persons": null, "addr:full": null, "addr:city": null, "source": null, "osm_id": 527633882, "osm_type": "ways_poly", "Analysis_Region": "North West"}, "geometry": {"type": "Polygon", "coordinates": [[[8.5713939, 11.9648658], [8.5714723, 11.9648487], [8.5715264, 11.9650335], [8.5714435, 11.9650534], [8.5713939, 11.9648658]]]}}, {"type": "Feature", "properties": {"name": null, "name:en": null, "amenity": null, "building": "school", "operator:type": null, "capacity:persons": null, "addr:full": null, "addr:city": null, "source": null, "osm_id": 298596961, "osm_type": "ways_poly", "Analysis_Region": "North West"}, "geometry": {"type": "Polygon", "coordinates": [[[8.5465684, 11.9562332], [8.5466122, 11.9561298], [8.5468438, 11.9563808], [8.5467788, 11.9564371], [8.5465684, 11.9562332]]]}}, {"type": "Feature", "properties": {"name": null, "name:en": null, "amenity": null, "building": "school", "operator:type": null, "capacity:persons": null, "addr:full": null, "addr:city": null, "source": null, "osm_id": 295340115, "osm_type": "ways_poly", "Analysis_Region": "North West"}, "geometry": {"type": "Polygon", "coordinates": [[[8.5496225, 11.9715506], [8.5497199, 11.9714572], [8.5498425, 11.9715796], [8.549745, 11.971673], [8.5496225, 11.9715506]]]}}, {"type": "Feature", "properties": {"name": null, "name:en": null, "amenity": null, "building": "school", "operator:type": null, "capacity:persons": null, "addr:full": null, "addr:city": null, "source": null, "osm_id": 527448498, "osm_type": "ways_poly", "Analysis_Region": "North West"}, "geometry": {"type": "Polygon", "coordinates": [[[8.554482, 11.9432848], [8.5545045, 11.9432337], [8.5545521, 11.9432537], [8.5545296, 11.9433049], [8.554482, 11.9432848]]]}}, {"type": "Feature", "properties": {"name": null, "name:en": null, "amenity": null, "building": "school", "operator:type": null, "capacity:persons": null, "addr:full": null, "addr:city": null, "source": null, "osm_id": 289620348, "osm_type": "ways_poly", "Analysis_Region": "North West"}, "geometry": {"type": "Polygon", "coordinates": [[[8.5618349, 11.9578979], [8.5618832, 11.9578201], [8.5620249, 11.9579043], [8.5619767, 11.957982], [8.5618349, 11.9578979]]]}}, {"type": "Feature", "properties": {"name": null, "name:en": null, "amenity": null, "building": "school", "operator:type": null, "capacity:persons": null, "addr:full": null, "addr:city": null, "source": null, "osm_id": 527435066, "osm_type": "ways_poly", "Analysis_Region": "North West"}, "geometry": {"type": "Polygon", "coordinates": [[[8.5356194, 11.9622997], [8.5356698, 11.9622447], [8.5357087, 11.9622787], [8.5356583, 11.9623338], [8.5356194, 11.9622997]]]}}, {"type": "Feature", "properties": {"name": null, "name:en": null, "amenity": null, "building": "school", "operator:type": null, "capacity:persons": null, "addr:full": null, "addr:city": null, "source": null, "osm_id": 527435067, "osm_type": "ways_poly", "Analysis_Region": "North West"}, "geometry": {"type": "Polygon", "coordinates": [[[8.5356631, 11.9623395], [8.5357127, 11.9622797], [8.5357456, 11.962311], [8.5356954, 11.9623669], [8.5356631, 11.9623395]]]}}, {"type": "Feature", "properties": {"name": null, "name:en": null, "amenity": null, "building": "school", "operator:type": null, "capacity:persons": null, "addr:full": null, "addr:city": null, "source": "bing", "osm_id": 287479471, "osm_type": "ways_poly", "Analysis_Region": "North West"}, "geometry": {"type": "Polygon", "coordinates": [[[8.5637, 11.9797295], [8.5639199, 11.9796559], [8.5639498, 11.9797412], [8.5637299, 11.9798149], [8.5637, 11.9797295]]]}}, {"type": "Feature", "properties": {"name": null, "name:en": null, "amenity": null, "building": "school", "operator:type": null, "capacity:persons": null, "addr:full": null, "addr:city": null, "source": null, "osm_id": 294296078, "osm_type": "ways_poly", "Analysis_Region": "North West"}, "geometry": {"type": "Polygon", "coordinates": [[[8.5580472, 11.9751937], [8.5580741, 11.97512], [8.5582587, 11.9751843], [8.5582319, 11.975258], [8.5580472, 11.9751937]]]}}, {"type": "Feature", "properties": {"name": null, "name:en": null, "amenity": null, "building": "school", "operator:type": null, "capacity:persons": null, "addr:full": null, "addr:city": null, "source": null, "osm_id": 294296083, "osm_type": "ways_poly", "Analysis_Region": "North West"}, "geometry": {"type": "Polygon", "coordinates": [[[8.5576089, 11.9750183], [8.5576438, 11.9749381], [8.557839, 11.9750193], [8.5578042, 11.9750995], [8.5576089, 11.9750183]]]}}, {"type": "Feature", "properties": {"name": null, "name:en": null, "amenity": null, "building": "school", "operator:type": null, "capacity:persons": null, "addr:full": null, "addr:city": null, "source": null, "osm_id": 294296087, "osm_type": "ways_poly", "Analysis_Region": "North West"}, "geometry": {"type": "Polygon", "coordinates": [[[8.5578288, 11.9751047], [8.5578621, 11.9750282], [8.558046, 11.9751048], [8.5580127, 11.9751813], [8.5578288, 11.9751047]]]}}, {"type": "Feature", "properties": {"name": null, "name:en": null, "amenity": null, "building": "school", "operator:type": null, "capacity:persons": null, "addr:full": null, "addr:city": null, "source": null, "osm_id": 295383715, "osm_type": "ways_poly", "Analysis_Region": "North West"}, "geometry": {"type": "Polygon", "coordinates": [[[8.5522967, 11.9677299], [8.552299, 11.9675905], [8.5525803, 11.9675951], [8.5525779, 11.9677345], [8.5522967, 11.9677299]]]}}, {"type": "Feature", "properties": {"name": null, "name:en": null, "amenity": null, "building": "school", "operator:type": null, "capacity:persons": null, "addr:full": null, "addr:city": null, "source": null, "osm_id": 300227080, "osm_type": "ways_poly", "Analysis_Region": "North West"}, "geometry": {"type": "Polygon", "coordinates": [[[8.5355562, 11.9623618], [8.5356108, 11.9623079], [8.5356213, 11.9623109], [8.5356493, 11.9623387], [8.5356639, 11.9623479], [8.5356911, 11.9623685], [8.5357131, 11.9623791], [8.5356502, 11.9624464], [8.5355562, 11.9623618]]]}}, {"type": "Feature", "properties": {"name": null, "name:en": null, "amenity": null, "building": "school", "operator:type": null, "capacity:persons": null, "addr:full": null, "addr:city": null, "source": null, "osm_id": 295360654, "osm_type": "ways_poly", "Analysis_Region": "North West"}, "geometry": {"type": "Polygon", "coordinates": [[[8.5561403, 11.9735995], [8.5562023, 11.9735613], [8.5562216, 11.9735914], [8.5562901, 11.9735494], [8.5563261, 11.9736054], [8.5562736, 11.9736376], [8.5562937, 11.973669], [8.5563232, 11.9736509], [8.5563643, 11.973715], [8.5562569, 11.973781], [8.5561403, 11.9735995]]]}}, {"type": "Feature", "properties": {"name": null, "name:en": null, "amenity": null, "building": "school", "operator:type": null, "capacity:persons": null, "addr:full": null, "addr:city": null, "source": null, "osm_id": 527026529, "osm_type": "ways_poly", "Analysis_Region": "North West"}, "geometry": {"type": "Polygon", "coordinates": [[[8.5580812, 11.9792937], [8.5581969, 11.9792225], [8.5582205, 11.9792593], [8.5581134, 11.9793252], [8.5580812, 11.9792937]]]}}, {"type": "Feature", "properties": {"name": null, "name:en": null, "amenity": null, "building": "school", "operator:type": null, "capacity:persons": null, "addr:full": null, "addr:city": null, "source": "bing", "osm_id": 287479475, "osm_type": "ways_poly", "Analysis_Region": "North West"}, "geometry": {"type": "Polygon", "coordinates": [[[8.563875, 11.9794893], [8.5639666, 11.9794581], [8.5640238, 11.9796184], [8.5639322, 11.9796497], [8.563875, 11.9794893]]]}}, {"type": "Feature", "properties": {"name": null, "name:en": null, "amenity": null, "building": "school", "operator:type": null, "capacity:persons": null, "addr:full": null, "addr:city": null, "source": "bing", "osm_id": 287479478, "osm_type": "ways_poly", "Analysis_Region": "North West"}, "geometry": {"type": "Polygon", "coordinates": [[[8.5637831, 11.9792057], [8.5638715, 11.9791817], [8.563928, 11.9793809], [8.5638396, 11.9794049], [8.5637831, 11.9792057]]]}}, {"type": "Feature", "properties": {"name": null, "name:en": null, "amenity": null, "building": "school", "operator:type": null, "capacity:persons": null, "addr:full": null, "addr:city": null, "source": null, "osm_id": 289620349, "osm_type": "ways_poly", "Analysis_Region": "North West"}, "geometry": {"type": "Polygon", "coordinates": [[[8.5615432, 11.9577364], [8.5615758, 11.9576689], [8.5617614, 11.9577547], [8.5617287, 11.9578222], [8.5615432, 11.9577364]]]}}, {"type": "Feature", "properties": {"name": null, "name:en": null, "amenity": null, "building": "school", "operator:type": null, "capacity:persons": null, "addr:full": null, "addr:city": null, "source": "bing", "osm_id": 287481466, "osm_type": "ways_poly", "Analysis_Region": "North West"}, "geometry": {"type": "Polygon", "coordinates": [[[8.5630324, 11.978985], [8.5632028, 11.9789548], [8.5632167, 11.9790294], [8.5630462, 11.9790596], [8.5630324, 11.978985]]]}}, {"type": "Feature", "properties": {"name": null, "name:en": null, "amenity": null, "building": "school", "operator:type": null, "capacity:persons": null, "addr:full": null, "addr:city": null, "source": null, "osm_id": 295344539, "osm_type": "ways_poly", "Analysis_Region": "North West"}, "geometry": {"type": "Polygon", "coordinates": [[[8.5564163, 11.9741171], [8.556479, 11.9740934], [8.5565811, 11.9742677], [8.5565354, 11.9742877], [8.5564163, 11.9741171]]]}}, {"type": "Feature", "properties": {"name": null, "name:en": null, "amenity": null, "building": "school", "operator:type": null, "capacity:persons": null, "addr:full": null, "addr:city": null, "source": null, "osm_id": 295344540, "osm_type": "ways_poly", "Analysis_Region": "North West"}, "geometry": {"type": "Polygon", "coordinates": [[[8.5560319, 11.9746817], [8.5560458, 11.9744538], [8.5561477, 11.9744597], [8.5561353, 11.9746626], [8.5561248, 11.974688], [8.5560319, 11.9746817]]]}}, {"type": "Feature", "properties": {"name": null, "name:en": null, "amenity": null, "building": "school", "operator:type": null, "capacity:persons": null, "addr:full": null, "addr:city": null, "source": null, "osm_id": 295344541, "osm_type": "ways_poly", "Analysis_Region": "North West"}, "geometry": {"type": "Polygon", "coordinates": [[[8.5567912, 11.9742226], [8.5568706, 11.9741771], [8.5570703, 11.9745109], [8.5569908, 11.9745563], [8.5567912, 11.9742226]]]}}, {"type": "Feature", "properties": {"name": null, "name:en": null, "amenity": null, "building": "school", "operator:type": null, "capacity:persons": null, "addr:full": null, "addr:city": null, "source": null, "osm_id": 295378817, "osm_type": "ways_poly", "Analysis_Region": "North West"}, "geometry": {"type": "Polygon", "coordinates": [[[8.5575998, 11.9748339], [8.5577019, 11.9746206], [8.5577748, 11.974654], [8.5576727, 11.9748673], [8.5575998, 11.9748339]]]}}, {"type": "Feature", "properties": {"name": null, "name:en": null, "amenity": null, "building": "school", "operator:type": null, "capacity:persons": null, "addr:full": null, "addr:city": null, "source": null, "osm_id": 295378820, "osm_type": "ways_poly", "Analysis_Region": "North West"}, "geometry": {"type": "Polygon", "coordinates": [[[8.5577238, 11.9746128], [8.5578484, 11.974452], [8.5579068, 11.9744953], [8.5577822, 11.9746561], [8.5577238, 11.9746128]]]}}, {"type": "Feature", "properties": {"name": null, "name:en": null, "amenity": null, "building": "school", "operator:type": null, "capacity:persons": null, "addr:full": null, "addr:city": null, "source": null, "osm_id": 295378824, "osm_type": "ways_poly", "Analysis_Region": "North West"}, "geometry": {"type": "Polygon", "coordinates": [[[8.5581008, 11.9742696], [8.5583116, 11.9741853], [8.5583455, 11.9742666], [8.5581347, 11.9743509], [8.5581008, 11.9742696]]]}}, {"type": "Feature", "properties": {"name": null, "name:en": null, "amenity": null, "building": "school", "operator:type": null, "capacity:persons": null, "addr:full": null, "addr:city": null, "source": null, "osm_id": 295785840, "osm_type": "ways_poly", "Analysis_Region": "North West"}, "geometry": {"type": "Polygon", "coordinates": [[[8.5583658, 11.9742285], [8.5584615, 11.9741944], [8.5585656, 11.9744741], [8.5584698, 11.9745082], [8.5583658, 11.9742285]]]}}, {"type": "Feature", "properties": {"name": null, "name:en": null, "amenity": null, "building": "school", "operator:type": null, "capacity:persons": null, "addr:full": null, "addr:city": null, "source": null, "osm_id": 295378827, "osm_type": "ways_poly", "Analysis_Region": "North West"}, "geometry": {"type": "Polygon", "coordinates": [[[8.5579631, 11.9747438], [8.5580092, 11.9746515], [8.558214, 11.9747494], [8.5581679, 11.9748417], [8.5579631, 11.9747438]]]}}, {"type": "Feature", "properties": {"name": null, "name:en": null, "amenity": null, "building": "school", "operator:type": null, "capacity:persons": null, "addr:full": null, "addr:city": null, "source": null, "osm_id": 298563265, "osm_type": "ways_poly", "Analysis_Region": "North West"}, "geometry": {"type": "Polygon", "coordinates": [[[8.5455283, 11.9583618], [8.5455884, 11.9583007], [8.5457213, 11.9584257], [8.5456613, 11.9584868], [8.5455283, 11.9583618]]]}}, {"type": "Feature", "properties": {"name": null, "name:en": null, "amenity": null, "building": "school", "operator:type": null, "capacity:persons": null, "addr:full": null, "addr:city": null, "source": null, "osm_id": 527037205, "osm_type": "ways_poly", "Analysis_Region": "North West"}, "geometry": {"type": "Polygon", "coordinates": [[[8.5446036, 11.948585], [8.5446171, 11.9485148], [8.5448981, 11.9485797], [8.5448891, 11.9486633], [8.5446036, 11.948585]]]}}, {"type": "Feature", "properties": {"name": null, "name:en": null, "amenity": null, "building": "school", "operator:type": null, "capacity:persons": null, "addr:full": null, "addr:city": null, "source": null, "osm_id": 527047394, "osm_type": "ways_poly", "Analysis_Region": "North West"}, "geometry": {"type": "Polygon", "coordinates": [[[8.5707879, 11.9618234], [8.5708228, 11.9617288], [8.570852, 11.9617425], [8.570817, 11.9618327], [8.5707879, 11.9618234]]]}}, {"type": "Feature", "properties": {"name": null, "name:en": null, "amenity": null, "building": "school", "operator:type": null, "capacity:persons": null, "addr:full": null, "addr:city": null, "source": null, "osm_id": 527047686, "osm_type": "ways_poly", "Analysis_Region": "North West"}, "geometry": {"type": "Polygon", "coordinates": [[[8.5392523, 11.9492499], [8.5392845, 11.9491515], [8.5396142, 11.9492185], [8.5395845, 11.9493189], [8.5392523, 11.9492499]]]}}, {"type": "Feature", "properties": {"name": null, "name:en": null, "amenity": null, "building": "school", "operator:type": null, "capacity:persons": null, "addr:full": null, "addr:city": null, "source": null, "osm_id": 527049888, "osm_type": "ways_poly", "Analysis_Region": "North West"}, "geometry": {"type": "Polygon", "coordinates": [[[8.5399294, 11.9506906], [8.5401518, 11.9505365], [8.5402075, 11.9506133], [8.539985, 11.9507675], [8.5399294, 11.9506906]]]}}, {"type": "Feature", "properties": {"name": null, "name:en": null, "amenity": null, "building": "school", "operator:type": null, "capacity:persons": null, "addr:full": null, "addr:city": null, "source": null, "osm_id": 527048939, "osm_type": "ways_poly", "Analysis_Region": "North West"}, "geometry": {"type": "Polygon", "coordinates": [[[8.5387545, 11.9505999], [8.5389861, 11.9503968], [8.5390629, 11.9504807], [8.5389093, 11.9506153], [8.538989, 11.9507024], [8.538911, 11.9507707], [8.5387545, 11.9505999]]]}}, {"type": "Feature", "properties": {"name": null, "name:en": null, "amenity": null, "building": "school", "operator:type": null, "capacity:persons": null, "addr:full": null, "addr:city": null, "source": null, "osm_id": 298598350, "osm_type": "ways_poly", "Analysis_Region": "North West"}, "geometry": {"type": "Polygon", "coordinates": [[[8.5633493, 11.9422809], [8.5634216, 11.9422447], [8.5635105, 11.9424148], [8.5634382, 11.942451], [8.5633493, 11.9422809]]]}}, {"type": "Feature", "properties": {"name": null, "name:en": null, "amenity": null, "building": "school", "operator:type": null, "capacity:persons": null, "addr:full": null, "addr:city": null, "source": null, "osm_id": 298819003, "osm_type": "ways_poly", "Analysis_Region": "North West"}, "geometry": {"type": "Polygon", "coordinates": [[[8.5665234, 11.9462998], [8.5670911, 11.9462338], [8.5671002, 11.9463084], [8.5665325, 11.9463745], [8.5665234, 11.9462998]]]}}, {"type": "Feature", "properties": {"name": null, "name:en": null, "amenity": null, "building": "school", "operator:type": null, "capacity:persons": null, "addr:full": null, "addr:city": null, "source": null, "osm_id": 298819064, "osm_type": "ways_poly", "Analysis_Region": "North West"}, "geometry": {"type": "Polygon", "coordinates": [[[8.5665717, 11.9466208], [8.5671337, 11.9465693], [8.5671414, 11.94665], [8.5665794, 11.9467015], [8.5665717, 11.9466208]]]}}, {"type": "Feature", "properties": {"name": null, "name:en": null, "amenity": null, "building": "school", "operator:type": null, "capacity:persons": null, "addr:full": null, "addr:city": null, "source": null, "osm_id": 298819111, "osm_type": "ways_poly", "Analysis_Region": "North West"}, "geometry": {"type": "Polygon", "coordinates": [[[8.5627075, 11.9498992], [8.5629146, 11.9497111], [8.562949, 11.9497473], [8.5627418, 11.9499354], [8.5627075, 11.9498992]]]}}, {"type": "Feature", "properties": {"name": null, "name:en": null, "amenity": null, "building": "school", "operator:type": null, "capacity:persons": null, "addr:full": null, "addr:city": null, "source": null, "osm_id": 298819240, "osm_type": "ways_poly", "Analysis_Region": "North West"}, "geometry": {"type": "Polygon", "coordinates": [[[8.5587087, 11.9508892], [8.5588414, 11.9507609], [8.5588816, 11.9508007], [8.5587489, 11.950929], [8.5587087, 11.9508892]]]}}, {"type": "Feature", "properties": {"name": null, "name:en": null, "amenity": null, "building": "school", "operator:type": null, "capacity:persons": null, "addr:full": null, "addr:city": null, "source": null, "osm_id": 298819576, "osm_type": "ways_poly", "Analysis_Region": "North West"}, "geometry": {"type": "Polygon", "coordinates": [[[8.5586947, 11.9517456], [8.5587918, 11.9516474], [8.5588476, 11.9517002], [8.5587505, 11.9517984], [8.5586947, 11.9517456]]]}}, {"type": "Feature", "properties": {"name": null, "name:en": null, "amenity": null, "building": "school", "operator:type": null, "capacity:persons": null, "addr:full": null, "addr:city": null, "source": null, "osm_id": 298819677, "osm_type": "ways_poly", "Analysis_Region": "North West"}, "geometry": {"type": "Polygon", "coordinates": [[[8.5589837, 11.9511997], [8.559144, 11.9510366], [8.5591811, 11.9510715], [8.5590208, 11.9512346], [8.5589837, 11.9511997]]]}}, {"type": "Feature", "properties": {"name": null, "name:en": null, "amenity": null, "building": "school", "operator:type": null, "capacity:persons": null, "addr:full": null, "addr:city": null, "source": null, "osm_id": 298819699, "osm_type": "ways_poly", "Analysis_Region": "North West"}, "geometry": {"type": "Polygon", "coordinates": [[[8.5587891, 11.9514174], [8.5589461, 11.9512511], [8.5589787, 11.9512806], [8.5588217, 11.9514468], [8.5587891, 11.9514174]]]}}, {"type": "Feature", "properties": {"name": null, "name:en": null, "amenity": null, "building": "school", "operator:type": null, "capacity:persons": null, "addr:full": null, "addr:city": null, "source": null, "osm_id": 298819820, "osm_type": "ways_poly", "Analysis_Region": "North West"}, "geometry": {"type": "Polygon", "coordinates": [[[8.5598504, 11.9511072], [8.5599524, 11.951009], [8.5599839, 11.9510404], [8.559882, 11.9511385], [8.5598504, 11.9511072]]]}}, {"type": "Feature", "properties": {"name": null, "name:en": null, "amenity": null, "building": "school", "operator:type": null, "capacity:persons": null, "addr:full": null, "addr:city": null, "source": null, "osm_id": 298819540, "osm_type": "ways_poly", "Analysis_Region": "North West"}, "geometry": {"type": "Polygon", "coordinates": [[[8.5592301, 11.9516739], [8.5593216, 11.9515717], [8.5593611, 11.9516056], [8.5592696, 11.9517077], [8.5592301, 11.9516739]]]}}, {"type": "Feature", "properties": {"name": null, "name:en": null, "amenity": null, "building": "school", "operator:type": null, "capacity:persons": null, "addr:full": null, "addr:city": null, "source": null, "osm_id": 298819793, "osm_type": "ways_poly", "Analysis_Region": "North West"}, "geometry": {"type": "Polygon", "coordinates": [[[8.5623183, 11.9426697], [8.5625553, 11.9425839], [8.5625935, 11.9426848], [8.5623564, 11.9427706], [8.5623183, 11.9426697]]]}}, {"type": "Feature", "properties": {"name": null, "name:en": null, "amenity": null, "building": "school", "operator:type": null, "capacity:persons": null, "addr:full": null, "addr:city": null, "source": null, "osm_id": 298819857, "osm_type": "ways_poly", "Analysis_Region": "North West"}, "geometry": {"type": "Polygon", "coordinates": [[[8.5630734, 11.942753], [8.5632776, 11.9427089], [8.5632936, 11.9427796], [8.5630893, 11.9428237], [8.5630734, 11.942753]]]}}, {"type": "Feature", "properties": {"name": null, "name:en": null, "amenity": null, "building": "school", "operator:type": null, "capacity:persons": null, "addr:full": null, "addr:city": null, "source": null, "osm_id": 298819694, "osm_type": "ways_poly", "Analysis_Region": "North West"}, "geometry": {"type": "Polygon", "coordinates": [[[8.5661548, 11.9466023], [8.5661982, 11.9466007], [8.5662017, 11.9466903], [8.5661582, 11.9466919], [8.5661548, 11.9466023]]]}}, {"type": "Feature", "properties": {"name": null, "name:en": null, "amenity": null, "building": "school", "operator:type": null, "capacity:persons": null, "addr:full": null, "addr:city": null, "source": null, "osm_id": 298819762, "osm_type": "ways_poly", "Analysis_Region": "North West"}, "geometry": {"type": "Polygon", "coordinates": [[[8.566151, 11.9468554], [8.5662097, 11.9468538], [8.5662143, 11.947006], [8.5661556, 11.9470077], [8.566151, 11.9468554]]]}}, {"type": "Feature", "properties": {"name": null, "name:en": null, "amenity": null, "building": "school", "operator:type": null, "capacity:persons": null, "addr:full": null, "addr:city": null, "source": null, "osm_id": 298819339, "osm_type": "ways_poly", "Analysis_Region": "North West"}, "geometry": {"type": "Polygon", "coordinates": [[[8.5616029, 11.9512681], [8.5617562, 11.951108], [8.5618113, 11.9511584], [8.5616579, 11.9513186], [8.5616029, 11.9512681]]]}}, {"type": "Feature", "properties": {"name": null, "name:en": null, "amenity": null, "building": "school", "operator:type": null, "capacity:persons": null, "addr:full": null, "addr:city": null, "source": null, "osm_id": 298819440, "osm_type": "ways_poly", "Analysis_Region": "North West"}, "geometry": {"type": "Polygon", "coordinates": [[[8.5612474, 11.9514877], [8.5615221, 11.9512302], [8.5615812, 11.9512906], [8.5613065, 11.9515481], [8.5612474, 11.9514877]]]}}, {"type": "Feature", "properties": {"name": null, "name:en": null, "amenity": null, "building": "school", "operator:type": null, "capacity:persons": null, "addr:full": null, "addr:city": null, "source": null, "osm_id": 298819446, "osm_type": "ways_poly", "Analysis_Region": "North West"}, "geometry": {"type": "Polygon", "coordinates": [[[8.5636224, 11.9498481], [8.5637025, 11.9497776], [8.5637468, 11.9498257], [8.5636667, 11.9498962], [8.5636224, 11.9498481]]]}}, {"type": "Feature", "properties": {"name": null, "name:en": null, "amenity": null, "building": "school", "operator:type": null, "capacity:persons": null, "addr:full": null, "addr:city": null, "source": null, "osm_id": 298820022, "osm_type": "ways_poly", "Analysis_Region": "North West"}, "geometry": {"type": "Polygon", "coordinates": [[[8.5598571, 11.9508303], [8.5598949, 11.9507944], [8.5599483, 11.9508482], [8.5599105, 11.9508842], [8.5598571, 11.9508303]]]}}, {"type": "Feature", "properties": {"name": null, "name:en": null, "amenity": null, "building": "school", "operator:type": null, "capacity:persons": null, "addr:full": null, "addr:city": null, "source": null, "osm_id": 527024122, "osm_type": "ways_poly", "Analysis_Region": "North West"}, "geometry": {"type": "Polygon", "coordinates": [[[8.5431365, 11.9619945], [8.54325, 11.9618633], [8.5432979, 11.9619098], [8.5432678, 11.9619395], [8.54329, 11.961961], [8.543306, 11.9619453], [8.5434299, 11.9620657], [8.5434008, 11.9620944], [8.5432617, 11.9619592], [8.5432334, 11.9619871], [8.5434169, 11.9621654], [8.5434611, 11.9621391], [8.5435016, 11.9621785], [8.5434263, 11.9622527], [8.5431365, 11.9619945]]]}}, {"type": "Feature", "properties": {"name": null, "name:en": null, "amenity": null, "building": "school", "operator:type": null, "capacity:persons": null, "addr:full": null, "addr:city": null, "source": null, "osm_id": 527036469, "osm_type": "ways_poly", "Analysis_Region": "North West"}, "geometry": {"type": "Polygon", "coordinates": [[[8.5445742, 11.9582071], [8.5446407, 11.9581454], [8.5448001, 11.9583098], [8.5447336, 11.9583715], [8.5445742, 11.9582071]]]}}, {"type": "Feature", "properties": {"name": null, "name:en": null, "amenity": null, "building": "school", "operator:type": null, "capacity:persons": null, "addr:full": null, "addr:city": null, "source": null, "osm_id": 527054041, "osm_type": "ways_poly", "Analysis_Region": "North West"}, "geometry": {"type": "Polygon", "coordinates": [[[8.5398434, 11.9495681], [8.5399115, 11.9495121], [8.5400252, 11.9496444], [8.5399571, 11.9497004], [8.5398434, 11.9495681]]]}}, {"type": "Feature", "properties": {"name": null, "name:en": null, "amenity": null, "building": "school", "operator:type": null, "capacity:persons": null, "addr:full": null, "addr:city": null, "source": null, "osm_id": 527054042, "osm_type": "ways_poly", "Analysis_Region": "North West"}, "geometry": {"type": "Polygon", "coordinates": [[[8.5399634, 11.949721], [8.5400281, 11.9496661], [8.5400967, 11.9497436], [8.5400319, 11.9497984], [8.5399634, 11.949721]]]}}, {"type": "Feature", "properties": {"name": null, "name:en": null, "amenity": null, "building": "school", "operator:type": null, "capacity:persons": null, "addr:full": null, "addr:city": null, "source": null, "osm_id": 527054043, "osm_type": "ways_poly", "Analysis_Region": "North West"}, "geometry": {"type": "Polygon", "coordinates": [[[8.5400231, 11.9498253], [8.5401046, 11.9497587], [8.5401918, 11.9498608], [8.5401102, 11.9499274], [8.5400231, 11.9498253]]]}}, {"type": "Feature", "properties": {"name": null, "name:en": null, "amenity": null, "building": "school", "operator:type": null, "capacity:persons": null, "addr:full": null, "addr:city": null, "source": null, "osm_id": 527054044, "osm_type": "ways_poly", "Analysis_Region": "North West"}, "geometry": {"type": "Polygon", "coordinates": [[[8.5400885, 11.9499786], [8.54017, 11.9499063], [8.5403507, 11.9501013], [8.5402952, 11.9501506], [8.540177, 11.950023], [8.540151, 11.9500461], [8.5400885, 11.9499786]]]}}, {"type": "Feature", "properties": {"name": null, "name:en": null, "amenity": null, "building": "school", "operator:type": null, "capacity:persons": null, "addr:full": null, "addr:city": null, "source": null, "osm_id": 527038737, "osm_type": "ways_poly", "Analysis_Region": "North West"}, "geometry": {"type": "Polygon", "coordinates": [[[8.560194, 11.9537943], [8.5602497, 11.9537454], [8.5602837, 11.9537732], [8.5602292, 11.9538198], [8.560194, 11.9537943]]]}}, {"type": "Feature", "properties": {"name": null, "name:en": null, "amenity": null, "building": "school", "operator:type": null, "capacity:persons": null, "addr:full": null, "addr:city": null, "source": null, "osm_id": 527038739, "osm_type": "ways_poly", "Analysis_Region": "North West"}, "geometry": {"type": "Polygon", "coordinates": [[[8.5602712, 11.9537143], [8.5603734, 11.9536221], [8.5604052, 11.9536554], [8.5603064, 11.9537565], [8.5602712, 11.9537143]]]}}, {"type": "Feature", "properties": {"name": null, "name:en": null, "amenity": null, "building": "school", "operator:type": null, "capacity:persons": null, "addr:full": null, "addr:city": null, "source": null, "osm_id": 527045314, "osm_type": "ways_poly", "Analysis_Region": "North West"}, "geometry": {"type": "Polygon", "coordinates": [[[8.5461335, 11.9685726], [8.546231, 11.9683956], [8.5462961, 11.9684394], [8.5461965, 11.9686104], [8.5461335, 11.9685726]]]}}, {"type": "Feature", "properties": {"name": null, "name:en": null, "amenity": null, "building": "school", "operator:type": null, "capacity:persons": null, "addr:full": null, "addr:city": null, "source": null, "osm_id": 527034425, "osm_type": "ways_poly", "Analysis_Region": "North West"}, "geometry": {"type": "Polygon", "coordinates": [[[8.539189, 11.9811255], [8.53933, 11.9809605], [8.5393964, 11.9810148], [8.5392554, 11.9811797], [8.539189, 11.9811255]]]}}, {"type": "Feature", "properties": {"name": null, "name:en": null, "amenity": null, "building": "school", "operator:type": null, "capacity:persons": null, "addr:full": null, "addr:city": null, "source": null, "osm_id": 300227025, "osm_type": "ways_poly", "Analysis_Region": "North West"}, "geometry": {"type": "Polygon", "coordinates": [[[8.5356842, 11.9622515], [8.5358461, 11.9620736], [8.5358727, 11.9620969], [8.5357108, 11.9622747], [8.5356842, 11.9622515]]]}}, {"type": "Feature", "properties": {"name": null, "name:en": null, "amenity": null, "building": "school", "operator:type": null, "capacity:persons": null, "addr:full": null, "addr:city": null, "source": null, "osm_id": 300227068, "osm_type": "ways_poly", "Analysis_Region": "North West"}, "geometry": {"type": "Polygon", "coordinates": [[[8.5357162, 11.9622782], [8.5358773, 11.9620997], [8.535907, 11.9621253], [8.5357459, 11.9623038], [8.5357162, 11.9622782]]]}}, {"type": "Feature", "properties": {"name": null, "name:en": null, "amenity": null, "building": "school", "operator:type": null, "capacity:persons": null, "addr:full": null, "addr:city": null, "source": null, "osm_id": 527037185, "osm_type": "ways_poly", "Analysis_Region": "North West"}, "geometry": {"type": "Polygon", "coordinates": [[[8.5597815, 11.9585694], [8.5598592, 11.9585025], [8.5598728, 11.9585177], [8.5597967, 11.9585831], [8.5597815, 11.9585694]]]}}, {"type": "Feature", "properties": {"name": null, "name:en": null, "amenity": null, "building": "school", "operator:type": null, "capacity:persons": null, "addr:full": null, "addr:city": null, "source": null, "osm_id": 527037451, "osm_type": "ways_poly", "Analysis_Region": "North West"}, "geometry": {"type": "Polygon", "coordinates": [[[8.5415595, 11.9562884], [8.5415675, 11.9562643], [8.5416057, 11.9562748], [8.5415977, 11.9563], [8.5415595, 11.9562884]]]}}, {"type": "Feature", "properties": {"name": null, "name:en": null, "amenity": null, "building": "school", "operator:type": null, "capacity:persons": null, "addr:full": null, "addr:city": null, "source": null, "osm_id": 527037649, "osm_type": "ways_poly", "Analysis_Region": "North West"}, "geometry": {"type": "Polygon", "coordinates": [[[8.5604007, 11.9587911], [8.5604525, 11.9587081], [8.560573, 11.95878], [8.5605255, 11.9588563], [8.5604845, 11.9588389], [8.5605031, 11.9588026], [8.5604625, 11.958778], [8.5604398, 11.9588144], [8.5604007, 11.9587911]]]}}, {"type": "Feature", "properties": {"name": null, "name:en": null, "amenity": null, "building": "school", "operator:type": null, "capacity:persons": null, "addr:full": null, "addr:city": null, "source": null, "osm_id": 527024462, "osm_type": "ways_poly", "Analysis_Region": "North West"}, "geometry": {"type": "Polygon", "coordinates": [[[8.5412508, 11.9713752], [8.5412821, 11.9713232], [8.5413353, 11.9713538], [8.5413141, 11.9713891], [8.5412887, 11.9713745], [8.5412786, 11.9713912], [8.5412508, 11.9713752]]]}}, {"type": "Feature", "properties": {"name": "Tambayahaya Nursery and Primary School", "name:en": null, "amenity": "school", "building": null, "operator:type": null, "capacity:persons": null, "addr:full": null, "addr:city": null, "source": null, "osm_id": 292190554, "osm_type": "ways_poly", "Analysis_Region": "North West"}, "geometry": {"type": "Polygon", "coordinates": [[[8.5350166, 12.0304654], [8.535041, 12.0304291], [8.5351952, 12.0305282], [8.5351625, 12.0305768], [8.5351319, 12.0305571], [8.5351402, 12.0305448], [8.5350166, 12.0304654]]]}}, {"type": "Feature", "properties": {"name": null, "name:en": null, "amenity": null, "building": "school", "operator:type": null, "capacity:persons": null, "addr:full": null, "addr:city": null, "source": null, "osm_id": 527043939, "osm_type": "ways_poly", "Analysis_Region": "North West"}, "geometry": {"type": "Polygon", "coordinates": [[[8.5460838, 11.9676529], [8.5461938, 11.9674365], [8.5462533, 11.9674654], [8.5461434, 11.9676818], [8.5460838, 11.9676529]]]}}, {"type": "Feature", "properties": {"name": null, "name:en": null, "amenity": null, "building": "school", "operator:type": null, "capacity:persons": null, "addr:full": null, "addr:city": null, "source": null, "osm_id": 527425840, "osm_type": "ways_poly", "Analysis_Region": "North West"}, "geometry": {"type": "Polygon", "coordinates": [[[8.5394491, 11.9663514], [8.5394738, 11.9663101], [8.5395155, 11.9663468], [8.5394918, 11.9663853], [8.5394491, 11.9663514]]]}}, {"type": "Feature", "properties": {"name": null, "name:en": null, "amenity": null, "building": "school", "operator:type": null, "capacity:persons": null, "addr:full": null, "addr:city": null, "source": null, "osm_id": 527022655, "osm_type": "ways_poly", "Analysis_Region": "North West"}, "geometry": {"type": "Polygon", "coordinates": [[[8.5355308, 11.9743212], [8.5356281, 11.9741887], [8.5356924, 11.9742339], [8.5355951, 11.9743664], [8.5355308, 11.9743212]]]}}, {"type": "Feature", "properties": {"name": null, "name:en": null, "amenity": "school", "building": null, "operator:type": null, "capacity:persons": null, "addr:full": null, "addr:city": null, "source": null, "osm_id": 290369263, "osm_type": "ways_poly", "Analysis_Region": "North West"}, "geometry": {"type": "Polygon", "coordinates": [[[8.4722179, 12.0528713], [8.472222, 12.0528619], [8.4723009, 12.0526691], [8.4723064, 12.0526338], [8.4723662, 12.0524729], [8.4723807, 12.0524245], [8.4724478, 12.0522392], [8.4724704, 12.0522113], [8.4725367, 12.0520228], [8.4725596, 12.0520485], [8.472757, 12.0521294], [8.4727773, 12.0521438], [8.472968, 12.052231], [8.4730054, 12.0521527], [8.4730399, 12.0521703], [8.4729852, 12.0522792], [8.4729174, 12.0522532], [8.4728703, 12.0523671], [8.4728219, 12.052491], [8.4728293, 12.0525147], [8.4727697, 12.0526757], [8.4727617, 12.0526875], [8.4726969, 12.0528622], [8.4726946, 12.0528754], [8.4726322, 12.053039], [8.4726263, 12.0530589], [8.4725376, 12.0530431], [8.47256, 12.0529627], [8.4722179, 12.0528713]]]}}, {"type": "Feature", "properties": {"name": null, "name:en": null, "amenity": "school", "building": null, "operator:type": null, "capacity:persons": null, "addr:full": null, "addr:city": null, "source": null, "osm_id": 588418255, "osm_type": "ways_poly", "Analysis_Region": "North West"}, "geometry": {"type": "Polygon", "coordinates": [[[4.5148312, 13.2742863], [4.5151638, 13.2728975], [4.5151694, 13.2728754], [4.5178731, 13.2735019], [4.5179066, 13.2735098], [4.5175577, 13.2748999], [4.5175241, 13.2748919], [4.5148312, 13.2742863]]]}}, {"type": "Feature", "properties": {"name": "Sokoto State University", "name:en": null, "amenity": "university", "building": null, "operator:type": null, "capacity:persons": null, "addr:full": null, "addr:city": null, "source": "MSFsurvey", "osm_id": 797937349, "osm_type": "ways_poly", "Analysis_Region": "North West"}, "geometry": {"type": "Polygon", "coordinates": [[[5.1959203, 12.9394711], [5.1983024, 12.9393232], [5.1988031, 12.9394046], [5.1990383, 12.9396264], [5.19941, 12.9399813], [5.1996376, 12.9406763], [5.1995314, 12.9412308], [5.1994783, 12.941534], [5.1993949, 12.9416966], [5.1989624, 12.9422216], [5.1984162, 12.9425765], [5.197521, 12.9427465], [5.1969824, 12.9427539], [5.1959203, 12.9394711]]]}}, {"type": "Feature", "properties": {"name": null, "name:en": null, "amenity": null, "building": "school", "operator:type": null, "capacity:persons": null, "addr:full": null, "addr:city": null, "source": null, "osm_id": 298819608, "osm_type": "ways_poly", "Analysis_Region": "North West"}, "geometry": {"type": "Polygon", "coordinates": [[[8.5585156, 11.9515563], [8.5586079, 11.9514518], [8.5586582, 11.9514943], [8.558566, 11.9515989], [8.5585156, 11.9515563]]]}}, {"type": "Feature", "properties": {"name": null, "name:en": null, "amenity": null, "building": "school", "operator:type": null, "capacity:persons": null, "addr:full": null, "addr:city": null, "source": null, "osm_id": 298819926, "osm_type": "ways_poly", "Analysis_Region": "North West"}, "geometry": {"type": "Polygon", "coordinates": [[[8.5599321, 11.9507643], [8.5599801, 11.9507161], [8.5600383, 11.9507715], [8.5599904, 11.9508197], [8.5599321, 11.9507643]]]}}, {"type": "Feature", "properties": {"name": null, "name:en": null, "amenity": null, "building": "school", "operator:type": null, "capacity:persons": null, "addr:full": null, "addr:city": null, "source": null, "osm_id": 289620352, "osm_type": "ways_poly", "Analysis_Region": "North West"}, "geometry": {"type": "Polygon", "coordinates": [[[8.5614411, 11.9575283], [8.5615663, 11.9573703], [8.561633, 11.9574209], [8.5615078, 11.9575789], [8.5614411, 11.9575283]]]}}, {"type": "Feature", "properties": {"name": null, "name:en": null, "amenity": null, "building": "school", "operator:type": null, "capacity:persons": null, "addr:full": null, "addr:city": null, "source": null, "osm_id": 441584474, "osm_type": "ways_poly", "Analysis_Region": "North West"}, "geometry": {"type": "Polygon", "coordinates": [[[4.3970431, 10.4520938], [4.3971048, 10.4520793], [4.3971155, 10.4521122], [4.3970511, 10.4521267], [4.3970431, 10.4520938]]]}}, {"type": "Feature", "properties": {"name": null, "name:en": null, "amenity": "school", "building": null, "operator:type": null, "capacity:persons": null, "addr:full": null, "addr:city": null, "source": null, "osm_id": 418889137, "osm_type": "ways_poly", "Analysis_Region": "North West"}, "geometry": {"type": "Polygon", "coordinates": [[[4.4044773, 10.6340994], [4.4054268, 10.6336723], [4.4060276, 10.6352751], [4.4050298, 10.6355598], [4.4044773, 10.6340994]]]}}, {"type": "Feature", "properties": {"name": null, "name:en": null, "amenity": "school", "building": null, "operator:type": null, "capacity:persons": null, "addr:full": null, "addr:city": null, "source": null, "osm_id": 440250613, "osm_type": "ways_poly", "Analysis_Region": "North West"}, "geometry": {"type": "Polygon", "coordinates": [[[4.4768021, 10.5904954], [4.4768665, 10.5900525], [4.477158, 10.589664], [4.4776952, 10.5900336], [4.4781358, 10.5897801], [4.4775158, 10.5910492], [4.4769898, 10.5908065], [4.4768021, 10.5904954]]]}}, {"type": "Feature", "properties": {"name": null, "name:en": null, "amenity": "school", "building": null, "operator:type": null, "capacity:persons": null, "addr:full": null, "addr:city": null, "source": null, "osm_id": 440250557, "osm_type": "ways_poly", "Analysis_Region": "North West"}, "geometry": {"type": "Polygon", "coordinates": [[[4.4626324, 10.5395046], [4.4627226, 10.5386005], [4.4631265, 10.5386512], [4.4635606, 10.5388878], [4.4635004, 10.5394877], [4.4629976, 10.5395384], [4.4626324, 10.5395046]]]}}, {"type": "Feature", "properties": {"name": "LEA Maiduguri Road", "name:en": null, "amenity": "school", "building": null, "operator:type": null, "capacity:persons": null, "addr:full": null, "addr:city": null, "source": null, "osm_id": 488835909, "osm_type": "ways_poly", "Analysis_Region": "North West"}, "geometry": {"type": "Polygon", "coordinates": [[[7.4336377, 10.50638], [7.4338181, 10.5041278], [7.4341359, 10.5041502], [7.4341386, 10.5041146], [7.4344873, 10.5041449], [7.4348346, 10.5041951], [7.434893, 10.5047449], [7.4350438, 10.5063668], [7.4349956, 10.5063708], [7.4349969, 10.5064974], [7.4336377, 10.50638]]]}}, {"type": "Feature", "properties": {"name": null, "name:en": null, "amenity": "school", "building": null, "operator:type": null, "capacity:persons": null, "addr:full": null, "addr:city": null, "source": null, "osm_id": 327697507, "osm_type": "ways_poly", "Analysis_Region": "North East"}, "geometry": {"type": "Polygon", "coordinates": [[[14.1854223, 12.4923103], [14.1855098, 12.4920027], [14.18621, 12.4922718], [14.1861881, 12.492635], [14.1856149, 12.4926905], [14.1854223, 12.4923103]]]}}, {"type": "Feature", "properties": {"name": null, "name:en": null, "amenity": "school", "building": null, "operator:type": null, "capacity:persons": null, "addr:full": null, "addr:city": null, "source": null, "osm_id": 327708825, "osm_type": "ways_poly", "Analysis_Region": "North East"}, "geometry": {"type": "Polygon", "coordinates": [[[13.9355049, 12.4251191], [13.9357058, 12.4243073], [13.9360513, 12.4239151], [13.9366911, 12.4243393], [13.9365464, 12.425069], [13.9360093, 12.4251875], [13.9355049, 12.4251191]]]}}, {"type": "Feature", "properties": {"name": null, "name:en": null, "amenity": null, "building": "school", "operator:type": null, "capacity:persons": null, "addr:full": null, "addr:city": null, "source": null, "osm_id": 781955637, "osm_type": "ways_poly", "Analysis_Region": "North West"}, "geometry": {"type": "Polygon", "coordinates": [[[7.6590296, 12.8760583], [7.659082, 12.8756768], [7.6591714, 12.8756888], [7.6591159, 12.8760673], [7.6590296, 12.8760583]]]}}, {"type": "Feature", "properties": {"name": "DEPARTMENT OF SURVEYING AND GEOINFORMATICS", "name:en": null, "amenity": "university", "building": "house", "operator:type": "private", "capacity:persons": null, "addr:full": null, "addr:city": "BIRNI KEBBI", "source": null, "osm_id": 1464574627, "osm_type": "ways_poly", "Analysis_Region": "North West"}, "geometry": {"type": "Polygon", "coordinates": [[[4.2386357, 12.4654023], [4.2386445, 12.4653142], [4.2387118, 12.4653254], [4.2387383, 12.4652036], [4.2386693, 12.4651941], [4.2386914, 12.465081], [4.2388321, 12.4651077], [4.2388392, 12.4650663], [4.2389436, 12.4650835], [4.238933, 12.4651276], [4.2390737, 12.4651492], [4.2390507, 12.4652615], [4.2389781, 12.4652477], [4.2389507, 12.465373], [4.2390285, 12.4653894], [4.2390082, 12.4654697], [4.2388649, 12.4654429], [4.2388596, 12.4654585], [4.2387737, 12.4654421], [4.2387773, 12.4654231], [4.2386357, 12.4654023]]]}}, {"type": "Feature", "properties": {"name": null, "name:en": null, "amenity": null, "building": "school", "operator:type": null, "capacity:persons": null, "addr:full": null, "addr:city": null, "source": null, "osm_id": 1123694520, "osm_type": "ways_poly", "Analysis_Region": "North East"}, "geometry": {"type": "Polygon", "coordinates": [[[12.4863066, 9.2062286], [12.4864, 9.2061928], [12.4864678, 9.2064037], [12.4863697, 9.206428], [12.4863066, 9.2062286]]]}}, {"type": "Feature", "properties": {"name": null, "name:en": null, "amenity": null, "building": "school", "operator:type": null, "capacity:persons": null, "addr:full": null, "addr:city": null, "source": null, "osm_id": 1123694524, "osm_type": "ways_poly", "Analysis_Region": "North East"}, "geometry": {"type": "Polygon", "coordinates": [[[12.486281, 9.2066803], [12.4862891, 9.2065916], [12.4865495, 9.20661], [12.4865425, 9.2067022], [12.486281, 9.2066803]]]}}, {"type": "Feature", "properties": {"name": null, "name:en": null, "amenity": null, "building": "school", "operator:type": null, "capacity:persons": null, "addr:full": null, "addr:city": null, "source": null, "osm_id": 1123694504, "osm_type": "ways_poly", "Analysis_Region": "North East"}, "geometry": {"type": "Polygon", "coordinates": [[[12.4879874, 9.2076151], [12.4880924, 9.2076144], [12.4880925, 9.2076248], [12.4881349, 9.2076245], [12.4881354, 9.2076934], [12.4880879, 9.2076937], [12.4880891, 9.2078689], [12.4879892, 9.2078696], [12.4879874, 9.2076151]]]}}, {"type": "Feature", "properties": {"name": "Government Girls College", "name:en": null, "amenity": "university", "building": null, "operator:type": null, "capacity:persons": null, "addr:full": null, "addr:city": null, "source": null, "osm_id": 586649111, "osm_type": "ways_poly", "Analysis_Region": "North East"}, "geometry": {"type": "Polygon", "coordinates": [[[13.1402434, 11.834524], [13.1406127, 11.8318983], [13.1406563, 11.8317467], [13.1415302, 11.8318924], [13.1422071, 11.8325691], [13.1428505, 11.8334761], [13.1409012, 11.8351067], [13.1402434, 11.834524]]]}}, {"type": "Feature", "properties": {"name": null, "name:en": null, "amenity": "school", "building": null, "operator:type": null, "capacity:persons": null, "addr:full": null, "addr:city": null, "source": "Bing", "osm_id": 315938898, "osm_type": "ways_poly", "Analysis_Region": "North East"}, "geometry": {"type": "Polygon", "coordinates": [[[13.1911788, 13.5603583], [13.1913988, 13.5594874], [13.1915114, 13.5593727], [13.191933, 13.559518], [13.1921015, 13.559576], [13.1920371, 13.5601132], [13.1920373, 13.5601992], [13.1919832, 13.5604261], [13.1916024, 13.56034], [13.1911788, 13.5603583]]]}}, {"type": "Feature", "properties": {"name": "Kadawa Primary School", "name:en": null, "amenity": null, "building": "school", "operator:type": null, "capacity:persons": null, "addr:full": null, "addr:city": null, "source": null, "osm_id": 641595087, "osm_type": "ways_poly", "Analysis_Region": "North East"}, "geometry": {"type": "Polygon", "coordinates": [[[10.4665519, 12.8786492], [10.4666426, 12.878637], [10.4666745, 12.878864], [10.4665838, 12.8788761], [10.4665519, 12.8786492]]]}}, {"type": "Feature", "properties": {"name": null, "name:en": null, "amenity": null, "building": "school", "operator:type": null, "capacity:persons": null, "addr:full": null, "addr:city": null, "source": null, "osm_id": 770321194, "osm_type": "ways_poly", "Analysis_Region": "North West"}, "geometry": {"type": "Polygon", "coordinates": [[[7.7677228, 10.911012], [7.7677368, 10.9109557], [7.7677567, 10.9109594], [7.7677732, 10.9109625], [7.767769, 10.9109763], [7.767804, 10.9109832], [7.7677886, 10.911034], [7.7677228, 10.911012]]]}}, {"type": "Feature", "properties": {"name": null, "name:en": null, "amenity": "school", "building": null, "operator:type": null, "capacity:persons": null, "addr:full": null, "addr:city": null, "source": null, "osm_id": 586657409, "osm_type": "ways_poly", "Analysis_Region": "North East"}, "geometry": {"type": "Polygon", "coordinates": [[[13.1556062, 11.832799], [13.1557497, 11.8316371], [13.1557964, 11.831449], [13.1570726, 11.8313667], [13.1571613, 11.832508], [13.1572022, 11.833235], [13.1556062, 11.832799]]]}}, {"type": "Feature", "properties": {"name": "Federal University of Technology Minna, Bosso Campus", "name:en": null, "amenity": "university", "building": null, "operator:type": "public/government", "capacity:persons": null, "addr:full": null, "addr:city": "Bosso, Minna", "source": null, "osm_id": 1178609012, "osm_type": "ways_poly", "Analysis_Region": "North West"}, "geometry": {"type": "Polygon", "coordinates": [[[6.5220033, 9.6559727], [6.5236887, 9.653122], [6.526262, 9.6516955], [6.526414, 9.6516112], [6.528707, 9.6503401], [6.5297144, 9.6497817], [6.5291758, 9.6558177], [6.5270626, 9.6577182], [6.5260218, 9.6561187], [6.5238285, 9.6578767], [6.5220033, 9.6559727]]]}}, {"type": "Feature", "properties": {"name": "Ramat College Polytechnic Maiduguri", "name:en": null, "amenity": "university", "building": null, "operator:type": null, "capacity:persons": null, "addr:full": null, "addr:city": null, "source": null, "osm_id": 586657405, "osm_type": "ways_poly", "Analysis_Region": "North East"}, "geometry": {"type": "Polygon", "coordinates": [[[13.1297963, 11.8375354], [13.1302915, 11.8351846], [13.1303054, 11.8351151], [13.130425, 11.8345449], [13.1309747, 11.8346668], [13.1353262, 11.8356007], [13.135161, 11.8368121], [13.135141, 11.8377275], [13.1350021, 11.8383653], [13.1341875, 11.8382249], [13.1337948, 11.8412276], [13.130254, 11.8404449], [13.1306532, 11.8384389], [13.1300776, 11.838194], [13.1301692, 11.8376322], [13.1301768, 11.8375732], [13.1297963, 11.8375354]]]}}, {"type": "Feature", "properties": {"name": null, "name:en": null, "amenity": "school", "building": null, "operator:type": null, "capacity:persons": null, "addr:full": null, "addr:city": null, "source": null, "osm_id": 315928990, "osm_type": "ways_poly", "Analysis_Region": "North East"}, "geometry": {"type": "Polygon", "coordinates": [[[13.3500824, 13.7246057], [13.3503372, 13.72391], [13.3503586, 13.7238995], [13.3508012, 13.7240924], [13.3507771, 13.724207], [13.3505276, 13.7247802], [13.350431, 13.7248063], [13.3501333, 13.7246943], [13.3500824, 13.7246057]]]}}, {"type": "Feature", "properties": {"name": "E-Library and Medicine Hall", "name:en": null, "amenity": "library", "building": "university", "operator:type": null, "capacity:persons": null, "addr:full": null, "addr:city": null, "source": null, "osm_id": 765991257, "osm_type": "ways_poly", "Analysis_Region": "North West"}, "geometry": {"type": "Polygon", "coordinates": [[[7.449773, 10.517898], [7.4498125, 10.5178918], [7.4497993, 10.517807], [7.4499142, 10.5177891], [7.4499238, 10.5178504], [7.4501326, 10.5178177], [7.4501559, 10.5179667], [7.4498293, 10.5180178], [7.4498187, 10.5179497], [7.449782, 10.5179554], [7.449773, 10.517898]]]}}, {"type": "Feature", "properties": {"name": "Air Force Comprehensive School", "name:en": null, "amenity": "school", "building": null, "operator:type": null, "capacity:persons": null, "addr:full": null, "addr:city": "Kwa", "source": null, "osm_id": 677444871, "osm_type": "ways_poly", "Analysis_Region": "North West"}, "geometry": {"type": "Polygon", "coordinates": [[[8.3792431, 12.1434618], [8.3801472, 12.1427651], [8.3813947, 12.1418322], [8.3814853, 12.1417629], [8.3828881, 12.1406783], [8.3861608, 12.1439332], [8.3849659, 12.1452955], [8.383388, 12.1449558], [8.3826292, 12.1449974], [8.37986, 12.1437357], [8.3792431, 12.1434618]]]}}, {"type": "Feature", "properties": {"name": null, "name:en": null, "amenity": "school", "building": null, "operator:type": null, "capacity:persons": null, "addr:full": null, "addr:city": null, "source": null, "osm_id": 586657408, "osm_type": "ways_poly", "Analysis_Region": "North East"}, "geometry": {"type": "Polygon", "coordinates": [[[13.1520384, 11.8294146], [13.1526876, 11.8292714], [13.1529301, 11.8291939], [13.154032, 11.8293161], [13.1536983, 11.830512], [13.1526034, 11.8302982], [13.1520738, 11.8296345], [13.1520384, 11.8294146]]]}}, {"type": "Feature", "properties": {"name": "Command Secondary School", "name:en": null, "amenity": "school", "building": null, "operator:type": null, "capacity:persons": null, "addr:full": null, "addr:city": null, "source": null, "osm_id": 479611150, "osm_type": "ways_poly", "Analysis_Region": "North West"}, "geometry": {"type": "Polygon", "coordinates": [[[7.4203468, 10.4444749], [7.4203508, 10.4410721], [7.4204809, 10.4392494], [7.4206519, 10.4354101], [7.4284089, 10.435906], [7.429062, 10.4362805], [7.4292625, 10.4364322], [7.4292088, 10.4384739], [7.4291713, 10.4397137], [7.4294019, 10.4413544], [7.4293429, 10.4426733], [7.4296755, 10.4439552], [7.4285383, 10.4441715], [7.4271382, 10.4442454], [7.4250192, 10.4443298], [7.4232275, 10.4444089], [7.4214787, 10.4444881], [7.4203468, 10.4444749]]]}}, {"type": "Feature", "properties": {"name": "Muna Koreri", "name:en": null, "amenity": "school", "building": null, "operator:type": null, "capacity:persons": null, "addr:full": null, "addr:city": null, "source": null, "osm_id": 479576534, "osm_type": "ways_poly", "Analysis_Region": "North East"}, "geometry": {"type": "Polygon", "coordinates": [[[13.2393603, 11.8657276], [13.2396026, 11.8649494], [13.2404742, 11.8651748], [13.2401766, 11.8659711], [13.2393603, 11.8657276]]]}}, {"type": "Feature", "properties": {"name": "College of Islamic Theology - Elkanemi", "name:en": null, "amenity": "college", "building": null, "operator:type": null, "capacity:persons": null, "addr:full": null, "addr:city": null, "source": null, "osm_id": 586649112, "osm_type": "ways_poly", "Analysis_Region": "North East"}, "geometry": {"type": "Polygon", "coordinates": [[[13.1105288, 11.8318914], [13.1115452, 11.8318368], [13.1132108, 11.83165], [13.1139621, 11.8318193], [13.1140387, 11.8326388], [13.1141235, 11.8338582], [13.1106023, 11.8342238], [13.1105288, 11.8318914]]]}}, {"type": "Feature", "properties": {"name": "pilot primary school pil gani", "name:en": null, "amenity": "school", "building": null, "operator:type": null, "capacity:persons": null, "addr:full": null, "addr:city": null, "source": null, "osm_id": 1313889152, "osm_type": "ways_poly", "Analysis_Region": "North East"}, "geometry": {"type": "Polygon", "coordinates": [[[9.8824785, 9.1975846], [9.8824947, 9.1972539], [9.8825825, 9.1972475], [9.8825956, 9.1974979], [9.8831192, 9.1975172], [9.8831192, 9.1973438], [9.8829696, 9.1973438], [9.8828948, 9.1973085], [9.8826671, 9.1972668], [9.8826541, 9.1972283], [9.8827191, 9.197164], [9.8829468, 9.1972379], [9.8831192, 9.1972379], [9.8832038, 9.1972475], [9.8832103, 9.1975814], [9.8827419, 9.1976199], [9.8827517, 9.1977387], [9.8825403, 9.1977227], [9.8825435, 9.1975975], [9.8824785, 9.1975846]]]}}, {"type": "Feature", "properties": {"name": null, "name:en": null, "amenity": null, "building": "school", "operator:type": null, "capacity:persons": null, "addr:full": null, "addr:city": null, "source": null, "osm_id": 298819713, "osm_type": "ways_poly", "Analysis_Region": "North West"}, "geometry": {"type": "Polygon", "coordinates": [[[8.5665884, 11.9467917], [8.5671607, 11.9467425], [8.5671677, 11.9468202], [8.5665954, 11.9468694], [8.5665884, 11.9467917]]]}}, {"type": "Feature", "properties": {"name": "LIVING STONE SCHOOL", "name:en": null, "amenity": null, "building": "school", "operator:type": null, "capacity:persons": null, "addr:full": null, "addr:city": null, "source": null, "osm_id": 527435775, "osm_type": "ways_poly", "Analysis_Region": "North West"}, "geometry": {"type": "Polygon", "coordinates": [[[8.5363193, 11.9615259], [8.536399, 11.9614266], [8.5365052, 11.9615176], [8.5364492, 11.9615844], [8.5364293, 11.9615779], [8.5364066, 11.961602], [8.5363193, 11.9615259]]]}}, {"type": "Feature", "properties": {"name": null, "name:en": null, "amenity": null, "building": "school", "operator:type": null, "capacity:persons": null, "addr:full": null, "addr:city": null, "source": null, "osm_id": 527052912, "osm_type": "ways_poly", "Analysis_Region": "North West"}, "geometry": {"type": "Polygon", "coordinates": [[[8.5459997, 11.9687472], [8.5460824, 11.9685952], [8.5461542, 11.9686326], [8.5460715, 11.9687846], [8.5459997, 11.9687472]]]}}, {"type": "Feature", "properties": {"name": null, "name:en": null, "amenity": null, "building": "school", "operator:type": null, "capacity:persons": null, "addr:full": null, "addr:city": null, "source": null, "osm_id": 298597959, "osm_type": "ways_poly", "Analysis_Region": "North West"}, "geometry": {"type": "Polygon", "coordinates": [[[8.5592141, 11.9392974], [8.559265, 11.9391736], [8.5593234, 11.9391966], [8.5592724, 11.9393204], [8.5592141, 11.9392974]]]}}, {"type": "Feature", "properties": {"name": null, "name:en": null, "amenity": null, "building": "school", "operator:type": null, "capacity:persons": null, "addr:full": null, "addr:city": null, "source": null, "osm_id": 527033122, "osm_type": "ways_poly", "Analysis_Region": "North West"}, "geometry": {"type": "Polygon", "coordinates": [[[8.5531947, 11.9514595], [8.5533926, 11.9512138], [8.5536671, 11.9514255], [8.5534691, 11.9516711], [8.5531947, 11.9514595]]]}}, {"type": "Feature", "properties": {"name": null, "name:en": null, "amenity": null, "building": "school", "operator:type": null, "capacity:persons": null, "addr:full": null, "addr:city": null, "source": null, "osm_id": 527448497, "osm_type": "ways_poly", "Analysis_Region": "North West"}, "geometry": {"type": "Polygon", "coordinates": [[[8.5542379, 11.9431644], [8.5542658, 11.9431055], [8.5545038, 11.9432135], [8.5544713, 11.9432819], [8.554449, 11.9432718], [8.5544438, 11.9432828], [8.5542481, 11.9431939], [8.5542578, 11.9431734], [8.5542379, 11.9431644]]]}}, {"type": "Feature", "properties": {"name": "Vice Chancellor's Mosque", "name:en": null, "amenity": "university", "building": "yes", "operator:type": null, "capacity:persons": null, "addr:full": null, "addr:city": null, "source": null, "osm_id": 284840634, "osm_type": "ways_poly", "Analysis_Region": "North West"}, "geometry": {"type": "Polygon", "coordinates": [[[8.4270336, 11.9731624], [8.4270687, 11.9730531], [8.4272302, 11.9731027], [8.4271676, 11.9732975], [8.4270452, 11.9732599], [8.4270727, 11.9731744], [8.4270336, 11.9731624]]]}}, {"type": "Feature", "properties": {"name": "Islamic School", "name:en": null, "amenity": "kindergarten", "building": null, "operator:type": null, "capacity:persons": null, "addr:full": null, "addr:city": null, "source": null, "osm_id": 586649104, "osm_type": "ways_poly", "Analysis_Region": "North East"}, "geometry": {"type": "Polygon", "coordinates": [[[13.1599621, 11.8218284], [13.1599859, 11.8218103], [13.1612248, 11.8213626], [13.1617851, 11.8222333], [13.1614885, 11.8223681], [13.1608931, 11.8226373], [13.1609143, 11.8226925], [13.1608776, 11.822705], [13.1603014, 11.8229512], [13.159966, 11.8218547], [13.1599621, 11.8218284]]]}}, {"type": "Feature", "properties": {"name": "Government Arabic College", "name:en": null, "amenity": "university", "building": null, "operator:type": "government", "capacity:persons": null, "addr:full": null, "addr:city": "Gombe", "source": null, "osm_id": 393780520, "osm_type": "ways_poly", "Analysis_Region": "North East"}, "geometry": {"type": "Polygon", "coordinates": [[[11.1609976, 10.3057564], [11.161227, 10.3028044], [11.1623712, 10.3028301], [11.1629559, 10.3032286], [11.1667284, 10.3057567], [11.1667056, 10.3058887], [11.1669255, 10.3059836], [11.1669524, 10.3059691], [11.1674939, 10.3062597], [11.1677437, 10.3063623], [11.1677504, 10.3064547], [11.1678294, 10.306485], [11.1679126, 10.3064243], [11.1683605, 10.3066064], [11.1683096, 10.3081951], [11.1682398, 10.3089445], [11.1681916, 10.3096465], [11.1677755, 10.3096521], [11.1673131, 10.3095857], [11.166829, 10.3094565], [11.1665393, 10.3093351], [11.1662228, 10.3090739], [11.1657065, 10.3085553], [11.1652987, 10.3082518], [11.164753, 10.3076251], [11.1637177, 10.3069931], [11.1632589, 10.3066566], [11.1609976, 10.3057564]]]}}, {"type": "Feature", "properties": {"name": null, "name:en": null, "amenity": "school", "building": null, "operator:type": null, "capacity:persons": null, "addr:full": null, "addr:city": null, "source": null, "osm_id": 1078336457, "osm_type": "ways_poly", "Analysis_Region": "North East"}, "geometry": {"type": "Polygon", "coordinates": [[[13.1076904, 11.8234059], [13.1081096, 11.823381], [13.1081043, 11.824097], [13.1081033, 11.8247466], [13.1077071, 11.8247817], [13.1076904, 11.8234059]]]}}, {"type": "Feature", "properties": {"name": "Kashim Ibrahim College", "name:en": null, "amenity": "university", "building": null, "operator:type": null, "capacity:persons": null, "addr:full": null, "addr:city": null, "source": null, "osm_id": 586657404, "osm_type": "ways_poly", "Analysis_Region": "North East"}, "geometry": {"type": "Polygon", "coordinates": [[[13.1250852, 11.8372392], [13.1252008, 11.8366568], [13.1254099, 11.8362323], [13.1259007, 11.8337362], [13.1284267, 11.8340925], [13.1293974, 11.8343084], [13.1287742, 11.8374716], [13.1286804, 11.8378301], [13.1284267, 11.8383645], [13.1282304, 11.8391998], [13.1252745, 11.8386726], [13.1252661, 11.8381321], [13.1250877, 11.8375415], [13.1250852, 11.8372392]]]}}, {"type": "Feature", "properties": {"name": "SCIENCE PROJECT PRI. SCHOOL, UNGUWA UKU", "name:en": null, "amenity": null, "building": "school", "operator:type": null, "capacity:persons": null, "addr:full": null, "addr:city": null, "source": null, "osm_id": 289620342, "osm_type": "ways_poly", "Analysis_Region": "North West"}, "geometry": {"type": "Polygon", "coordinates": [[[8.5620304, 11.9580506], [8.5621638, 11.9579058], [8.5622141, 11.9579502], [8.5620807, 11.958095], [8.5620304, 11.9580506]]]}}, {"type": "Feature", "properties": {"name": null, "name:en": null, "amenity": null, "building": "school", "operator:type": null, "capacity:persons": null, "addr:full": null, "addr:city": null, "source": null, "osm_id": 295462461, "osm_type": "ways_poly", "Analysis_Region": "North West"}, "geometry": {"type": "Polygon", "coordinates": [[[8.5557946, 11.9644099], [8.5558015, 11.9643314], [8.5559965, 11.964348], [8.5559896, 11.9644264], [8.5557946, 11.9644099]]]}}, {"type": "Feature", "properties": {"name": null, "name:en": null, "amenity": null, "building": "school", "operator:type": null, "capacity:persons": null, "addr:full": null, "addr:city": null, "source": null, "osm_id": 295462465, "osm_type": "ways_poly", "Analysis_Region": "North West"}, "geometry": {"type": "Polygon", "coordinates": [[[8.5555509, 11.9643998], [8.5555556, 11.9643209], [8.5557468, 11.9643319], [8.5557421, 11.9644108], [8.5555509, 11.9643998]]]}}, {"type": "Feature", "properties": {"name": "HAUSAWA MODELBOYS SEC SCHOOL", "name:en": null, "amenity": null, "building": "school", "operator:type": null, "capacity:persons": null, "addr:full": null, "addr:city": null, "source": null, "osm_id": 527028676, "osm_type": "ways_poly", "Analysis_Region": "North West"}, "geometry": {"type": "Polygon", "coordinates": [[[8.5398208, 11.9656036], [8.539904, 11.9654196], [8.5399893, 11.9654565], [8.539906, 11.9656405], [8.5398208, 11.9656036]]]}}, {"type": "Feature", "properties": {"name": "HAUSAWA MODELBOYS SEC SCHOOL", "name:en": null, "amenity": null, "building": "school", "operator:type": null, "capacity:persons": null, "addr:full": null, "addr:city": null, "source": null, "osm_id": 527031404, "osm_type": "ways_poly", "Analysis_Region": "North West"}, "geometry": {"type": "Polygon", "coordinates": [[[8.5402256, 11.9646919], [8.5402353, 11.9646541], [8.5403451, 11.9646809], [8.5403354, 11.9647188], [8.5402256, 11.9646919]]]}}, {"type": "Feature", "properties": {"name": null, "name:en": null, "amenity": null, "building": "school", "operator:type": null, "capacity:persons": null, "addr:full": null, "addr:city": null, "source": null, "osm_id": 527043927, "osm_type": "ways_poly", "Analysis_Region": "North West"}, "geometry": {"type": "Polygon", "coordinates": [[[8.5453545, 11.968362], [8.5454387, 11.9681826], [8.5454919, 11.9682065], [8.5454077, 11.9683859], [8.5453545, 11.968362]]]}}, {"type": "Feature", "properties": {"name": null, "name:en": null, "amenity": null, "building": "school", "operator:type": null, "capacity:persons": null, "addr:full": null, "addr:city": null, "source": null, "osm_id": 527046762, "osm_type": "ways_poly", "Analysis_Region": "North West"}, "geometry": {"type": "Polygon", "coordinates": [[[8.5462534, 11.9683618], [8.5463225, 11.9681928], [8.5463754, 11.9682187], [8.5463205, 11.9684016], [8.5462534, 11.9683618]]]}}, {"type": "Feature", "properties": {"name": null, "name:en": null, "amenity": null, "building": "school", "operator:type": null, "capacity:persons": null, "addr:full": null, "addr:city": null, "source": null, "osm_id": 527046950, "osm_type": "ways_poly", "Analysis_Region": "North West"}, "geometry": {"type": "Polygon", "coordinates": [[[8.5459158, 11.9680577], [8.5459412, 11.9680125], [8.5460758, 11.968085], [8.5460504, 11.9681302], [8.5459158, 11.9680577]]]}}, {"type": "Feature", "properties": {"name": "LIVING STONE SCHOOL", "name:en": null, "amenity": null, "building": "school", "operator:type": null, "capacity:persons": null, "addr:full": null, "addr:city": null, "source": null, "osm_id": 300267162, "osm_type": "ways_poly", "Analysis_Region": "North West"}, "geometry": {"type": "Polygon", "coordinates": [[[8.5359792, 11.9615871], [8.5360632, 11.9614948], [8.5361402, 11.9615618], [8.5360562, 11.9616541], [8.5359792, 11.9615871]]]}}, {"type": "Feature", "properties": {"name": null, "name:en": null, "amenity": null, "building": "school", "operator:type": null, "capacity:persons": null, "addr:full": null, "addr:city": null, "source": null, "osm_id": 527029139, "osm_type": "ways_poly", "Analysis_Region": "North West"}, "geometry": {"type": "Polygon", "coordinates": [[[8.5808776, 11.9574338], [8.5809071, 11.9574338], [8.5809071, 11.9574744], [8.5808776, 11.9574744], [8.5808776, 11.9574338]]]}}, {"type": "Feature", "properties": {"name": "Foundation Nursery and Primary School", "name:en": null, "amenity": "school", "building": null, "operator:type": null, "capacity:persons": null, "addr:full": null, "addr:city": null, "source": null, "osm_id": 292190538, "osm_type": "ways_poly", "Analysis_Region": "North West"}, "geometry": {"type": "Polygon", "coordinates": [[[8.5350772, 12.0325943], [8.5351486, 12.0324828], [8.5353011, 12.0325763], [8.5352297, 12.0326878], [8.5350772, 12.0325943]]]}}, {"type": "Feature", "properties": {"name": null, "name:en": null, "amenity": null, "building": "school", "operator:type": null, "capacity:persons": null, "addr:full": null, "addr:city": null, "source": null, "osm_id": 527533179, "osm_type": "ways_poly", "Analysis_Region": "North West"}, "geometry": {"type": "Polygon", "coordinates": [[[8.5399069, 11.9499584], [8.5399436, 11.9499155], [8.5400536, 11.9499951], [8.5400042, 11.950045], [8.5399069, 11.9499584]]]}}, {"type": "Feature", "properties": {"name": null, "name:en": null, "amenity": null, "building": "school", "operator:type": null, "capacity:persons": null, "addr:full": null, "addr:city": null, "source": null, "osm_id": 527533183, "osm_type": "ways_poly", "Analysis_Region": "North West"}, "geometry": {"type": "Polygon", "coordinates": [[[8.5406772, 11.9503863], [8.540711, 11.9503179], [8.5408937, 11.9503973], [8.5408599, 11.9504668], [8.5406772, 11.9503863]]]}}, {"type": "Feature", "properties": {"name": null, "name:en": null, "amenity": null, "building": "school", "operator:type": null, "capacity:persons": null, "addr:full": null, "addr:city": null, "source": null, "osm_id": 527048937, "osm_type": "ways_poly", "Analysis_Region": "North West"}, "geometry": {"type": "Polygon", "coordinates": [[[8.5386725, 11.9503464], [8.5387644, 11.950264], [8.5389163, 11.9504262], [8.5388245, 11.9505086], [8.5386725, 11.9503464]]]}}, {"type": "Feature", "properties": {"name": null, "name:en": null, "amenity": null, "building": "school", "operator:type": null, "capacity:persons": null, "addr:full": null, "addr:city": null, "source": null, "osm_id": 527050715, "osm_type": "ways_poly", "Analysis_Region": "North West"}, "geometry": {"type": "Polygon", "coordinates": [[[8.5389596, 11.949929], [8.5390836, 11.9498273], [8.5392025, 11.9499544], [8.5390759, 11.9500678], [8.5389596, 11.949929]]]}}, {"type": "Feature", "properties": {"name": null, "name:en": null, "amenity": null, "building": "school", "operator:type": null, "capacity:persons": null, "addr:full": null, "addr:city": null, "source": null, "osm_id": 527031203, "osm_type": "ways_poly", "Analysis_Region": "North West"}, "geometry": {"type": "Polygon", "coordinates": [[[8.5379872, 11.958622], [8.5380003, 11.9585814], [8.5380579, 11.9584028], [8.5381118, 11.9584194], [8.5380411, 11.9586387], [8.5379872, 11.958622]]]}}, {"type": "Feature", "properties": {"name": null, "name:en": null, "amenity": null, "building": "school", "operator:type": null, "capacity:persons": null, "addr:full": null, "addr:city": null, "source": null, "osm_id": 298563281, "osm_type": "ways_poly", "Analysis_Region": "North West"}, "geometry": {"type": "Polygon", "coordinates": [[[8.5447654, 11.9579079], [8.5449119, 11.9577628], [8.5449569, 11.9578062], [8.5448104, 11.9579513], [8.5447654, 11.9579079]]]}}, {"type": "Feature", "properties": {"name": null, "name:en": null, "amenity": null, "building": "school", "operator:type": null, "capacity:persons": null, "addr:full": null, "addr:city": null, "source": null, "osm_id": 527020888, "osm_type": "ways_poly", "Analysis_Region": "North West"}, "geometry": {"type": "Polygon", "coordinates": [[[8.5635084, 11.9743234], [8.5636467, 11.9742376], [8.563707, 11.9743305], [8.5635687, 11.9744164], [8.5635084, 11.9743234]]]}}, {"type": "Feature", "properties": {"name": null, "name:en": null, "amenity": null, "building": "school", "operator:type": null, "capacity:persons": null, "addr:full": null, "addr:city": null, "source": "bing", "osm_id": 287479477, "osm_type": "ways_poly", "Analysis_Region": "North West"}, "geometry": {"type": "Polygon", "coordinates": [[[8.5633124, 11.9796806], [8.5634019, 11.9796524], [8.5634562, 11.9798174], [8.5633667, 11.9798456], [8.5633124, 11.9796806]]]}}, {"type": "Feature", "properties": {"name": null, "name:en": null, "amenity": null, "building": "school", "operator:type": null, "capacity:persons": null, "addr:full": null, "addr:city": null, "source": null, "osm_id": 289657131, "osm_type": "ways_poly", "Analysis_Region": "North West"}, "geometry": {"type": "Polygon", "coordinates": [[[8.5627023, 11.9731398], [8.562761, 11.973106], [8.5628358, 11.9732306], [8.562777, 11.9732643], [8.5627023, 11.9731398]]]}}, {"type": "Feature", "properties": {"name": null, "name:en": null, "amenity": null, "building": "school", "operator:type": null, "capacity:persons": null, "addr:full": null, "addr:city": null, "source": null, "osm_id": 527030866, "osm_type": "ways_poly", "Analysis_Region": "North West"}, "geometry": {"type": "Polygon", "coordinates": [[[8.5722931, 11.9706749], [8.5723597, 11.9704655], [8.5724476, 11.9704923], [8.572381, 11.9707016], [8.5722931, 11.9706749]]]}}, {"type": "Feature", "properties": {"name": null, "name:en": null, "amenity": null, "building": "school", "operator:type": null, "capacity:persons": null, "addr:full": null, "addr:city": null, "source": null, "osm_id": 527043954, "osm_type": "ways_poly", "Analysis_Region": "North West"}, "geometry": {"type": "Polygon", "coordinates": [[[8.5736296, 11.9691228], [8.573667, 11.9690486], [8.573741, 11.9690843], [8.5737036, 11.9691585], [8.5736296, 11.9691228]]]}}, {"type": "Feature", "properties": {"name": null, "name:en": null, "amenity": null, "building": "school", "operator:type": null, "capacity:persons": null, "addr:full": null, "addr:city": null, "source": null, "osm_id": 527043990, "osm_type": "ways_poly", "Analysis_Region": "North West"}, "geometry": {"type": "Polygon", "coordinates": [[[8.5735348, 11.9690457], [8.5735611, 11.9690018], [8.5736333, 11.9690431], [8.5736071, 11.969087], [8.5735348, 11.9690457]]]}}, {"type": "Feature", "properties": {"name": null, "name:en": null, "amenity": null, "building": "school", "operator:type": null, "capacity:persons": null, "addr:full": null, "addr:city": null, "source": null, "osm_id": 527027541, "osm_type": "ways_poly", "Analysis_Region": "North West"}, "geometry": {"type": "Polygon", "coordinates": [[[8.572382, 11.9712646], [8.5727456, 11.97094], [8.5728047, 11.9710033], [8.5724411, 11.9713279], [8.572382, 11.9712646]]]}}, {"type": "Feature", "properties": {"name": null, "name:en": null, "amenity": null, "building": "school", "operator:type": null, "capacity:persons": null, "addr:full": null, "addr:city": null, "source": null, "osm_id": 298598532, "osm_type": "ways_poly", "Analysis_Region": "North West"}, "geometry": {"type": "Polygon", "coordinates": [[[8.5591677, 11.9391155], [8.559184, 11.9390782], [8.5592823, 11.9391194], [8.559266, 11.9391567], [8.5591677, 11.9391155]]]}}, {"type": "Feature", "properties": {"name": null, "name:en": null, "amenity": null, "building": "school", "operator:type": null, "capacity:persons": null, "addr:full": null, "addr:city": null, "source": null, "osm_id": 298598674, "osm_type": "ways_poly", "Analysis_Region": "North West"}, "geometry": {"type": "Polygon", "coordinates": [[[8.560446, 11.9416546], [8.5604969, 11.9415383], [8.5605572, 11.9415636], [8.5605063, 11.9416799], [8.560446, 11.9416546]]]}}, {"type": "Feature", "properties": {"name": null, "name:en": null, "amenity": "school", "building": "yes", "operator:type": null, "capacity:persons": null, "addr:full": null, "addr:city": null, "source": null, "osm_id": 285090317, "osm_type": "ways_poly", "Analysis_Region": "North West"}, "geometry": {"type": "Polygon", "coordinates": [[[8.4223371, 11.9755054], [8.4223566, 11.9754313], [8.4224507, 11.9754549], [8.4224312, 11.9755291], [8.4223371, 11.9755054]]]}}, {"type": "Feature", "properties": {"name": null, "name:en": null, "amenity": null, "building": "school", "operator:type": null, "capacity:persons": null, "addr:full": null, "addr:city": null, "source": null, "osm_id": 1312099591, "osm_type": "ways_poly", "Analysis_Region": "North East"}, "geometry": {"type": "Polygon", "coordinates": [[[9.8885865, 9.1921234], [9.8886263, 9.1920969], [9.8886751, 9.1921763], [9.8886271, 9.1921948], [9.8885865, 9.1921234]]]}}, {"type": "Feature", "properties": {"name": null, "name:en": null, "amenity": null, "building": "school", "operator:type": null, "capacity:persons": null, "addr:full": null, "addr:city": null, "source": null, "osm_id": 1312099592, "osm_type": "ways_poly", "Analysis_Region": "North East"}, "geometry": {"type": "Polygon", "coordinates": [[[9.8883718, 9.1919331], [9.8884206, 9.1918729], [9.888571, 9.1920696], [9.8885255, 9.1921121], [9.8883718, 9.1919331]]]}}, {"type": "Feature", "properties": {"name": null, "name:en": null, "amenity": "school", "building": null, "operator:type": null, "capacity:persons": null, "addr:full": null, "addr:city": null, "source": null, "osm_id": 377854344, "osm_type": "ways_poly", "Analysis_Region": "North West"}, "geometry": {"type": "Polygon", "coordinates": [[[8.5307118, 11.9672825], [8.5312513, 11.9665656], [8.5317042, 11.9668843], [8.5318874, 11.9666403], [8.5325, 11.9671], [8.5319485, 11.9680393], [8.531633, 11.9686616], [8.5314549, 11.9685521], [8.5307118, 11.9672825]]]}}, {"type": "Feature", "properties": {"name": null, "name:en": null, "amenity": null, "building": "school", "operator:type": null, "capacity:persons": null, "addr:full": null, "addr:city": null, "source": null, "osm_id": 527020389, "osm_type": "ways_poly", "Analysis_Region": "North West"}, "geometry": {"type": "Polygon", "coordinates": [[[8.5384152, 11.9657262], [8.5384613, 11.9656657], [8.5386497, 11.9658034], [8.5386036, 11.9658638], [8.5384152, 11.9657262]]]}}, {"type": "Feature", "properties": {"name": null, "name:en": null, "amenity": null, "building": "school", "operator:type": null, "capacity:persons": null, "addr:full": null, "addr:city": null, "source": null, "osm_id": 527021718, "osm_type": "ways_poly", "Analysis_Region": "North West"}, "geometry": {"type": "Polygon", "coordinates": [[[8.5387277, 11.965755], [8.5388015, 11.9656725], [8.5390369, 11.9658741], [8.538963, 11.9659566], [8.5387277, 11.965755]]]}}, {"type": "Feature", "properties": {"name": null, "name:en": null, "amenity": null, "building": "school", "operator:type": null, "capacity:persons": null, "addr:full": null, "addr:city": null, "source": null, "osm_id": 527019838, "osm_type": "ways_poly", "Analysis_Region": "North West"}, "geometry": {"type": "Polygon", "coordinates": [[[8.5388041, 11.9661529], [8.538909, 11.9660249], [8.5390656, 11.9661477], [8.5389606, 11.9662758], [8.5388041, 11.9661529]]]}}, {"type": "Feature", "properties": {"name": null, "name:en": null, "amenity": null, "building": "school", "operator:type": null, "capacity:persons": null, "addr:full": null, "addr:city": null, "source": null, "osm_id": 527046193, "osm_type": "ways_poly", "Analysis_Region": "North West"}, "geometry": {"type": "Polygon", "coordinates": [[[8.5447733, 11.9675923], [8.5448042, 11.9675322], [8.5451303, 11.9676926], [8.5450994, 11.9677527], [8.5447733, 11.9675923]]]}}, {"type": "Feature", "properties": {"name": null, "name:en": null, "amenity": null, "building": "school", "operator:type": null, "capacity:persons": null, "addr:full": null, "addr:city": null, "source": null, "osm_id": 527021244, "osm_type": "ways_poly", "Analysis_Region": "North West"}, "geometry": {"type": "Polygon", "coordinates": [[[8.5392331, 11.965742], [8.5392547, 11.9657157], [8.5392783, 11.9657343], [8.5392567, 11.9657606], [8.5392331, 11.965742]]]}}, {"type": "Feature", "properties": {"name": "HAUSAWA MODELBOYS SEC SCHOOL", "name:en": null, "amenity": null, "building": "school", "operator:type": null, "capacity:persons": null, "addr:full": null, "addr:city": null, "source": null, "osm_id": 527028511, "osm_type": "ways_poly", "Analysis_Region": "North West"}, "geometry": {"type": "Polygon", "coordinates": [[[8.5399431, 11.9648649], [8.5399755, 11.9647934], [8.5401349, 11.9648625], [8.5401025, 11.964934], [8.5399431, 11.9648649]]]}}, {"type": "Feature", "properties": {"name": "HAUSAWA MODELBOYS SEC SCHOOL", "name:en": null, "amenity": null, "building": "school", "operator:type": null, "capacity:persons": null, "addr:full": null, "addr:city": null, "source": null, "osm_id": 527024722, "osm_type": "ways_poly", "Analysis_Region": "North West"}, "geometry": {"type": "Polygon", "coordinates": [[[8.5392925, 11.9647225], [8.5393493, 11.964667], [8.5394843, 11.9647991], [8.5394275, 11.9648546], [8.5392925, 11.9647225]]]}}, {"type": "Feature", "properties": {"name": null, "name:en": null, "amenity": null, "building": "school", "operator:type": null, "capacity:persons": null, "addr:full": null, "addr:city": null, "source": null, "osm_id": 527053778, "osm_type": "ways_poly", "Analysis_Region": "North West"}, "geometry": {"type": "Polygon", "coordinates": [[[8.5452497, 11.9684754], [8.5452897, 11.9683967], [8.5454387, 11.9684691], [8.5453987, 11.9685478], [8.5452497, 11.9684754]]]}}, {"type": "Feature", "properties": {"name": null, "name:en": null, "amenity": null, "building": "school", "operator:type": null, "capacity:persons": null, "addr:full": null, "addr:city": null, "source": null, "osm_id": 527041501, "osm_type": "ways_poly", "Analysis_Region": "North West"}, "geometry": {"type": "Polygon", "coordinates": [[[8.5452792, 11.9680305], [8.5453046, 11.9679568], [8.5454522, 11.9680053], [8.5454268, 11.9680791], [8.5452792, 11.9680305]]]}}, {"type": "Feature", "properties": {"name": null, "name:en": null, "amenity": null, "building": "school", "operator:type": null, "capacity:persons": null, "addr:full": null, "addr:city": null, "source": null, "osm_id": 527026910, "osm_type": "ways_poly", "Analysis_Region": "North West"}, "geometry": {"type": "Polygon", "coordinates": [[[8.5582159, 11.9792201], [8.5583144, 11.9791557], [8.558335, 11.9791859], [8.5582365, 11.9792503], [8.5582159, 11.9792201]]]}}, {"type": "Feature", "properties": {"name": null, "name:en": null, "amenity": null, "building": "school", "operator:type": null, "capacity:persons": null, "addr:full": null, "addr:city": null, "source": null, "osm_id": 527037653, "osm_type": "ways_poly", "Analysis_Region": "North West"}, "geometry": {"type": "Polygon", "coordinates": [[[8.5603476, 11.9591021], [8.560369, 11.9590575], [8.56041, 11.9590763], [8.5603886, 11.959121], [8.5603476, 11.9591021]]]}}, {"type": "Feature", "properties": {"name": null, "name:en": null, "amenity": null, "building": "school", "operator:type": null, "capacity:persons": null, "addr:full": null, "addr:city": null, "source": null, "osm_id": 298819005, "osm_type": "ways_poly", "Analysis_Region": "North West"}, "geometry": {"type": "Polygon", "coordinates": [[[8.5620296, 11.9491579], [8.5622746, 11.9489295], [8.5623441, 11.9490009], [8.5620991, 11.9492293], [8.5620296, 11.9491579]]]}}, {"type": "Feature", "properties": {"name": null, "name:en": null, "amenity": null, "building": "school", "operator:type": null, "capacity:persons": null, "addr:full": null, "addr:city": null, "source": null, "osm_id": 289620355, "osm_type": "ways_poly", "Analysis_Region": "North West"}, "geometry": {"type": "Polygon", "coordinates": [[[8.5618028, 11.9572437], [8.5618452, 11.957162], [8.5620063, 11.957242], [8.5619639, 11.9573237], [8.5618028, 11.9572437]]]}}, {"type": "Feature", "properties": {"name": null, "name:en": null, "amenity": null, "building": "school", "operator:type": null, "capacity:persons": null, "addr:full": null, "addr:city": null, "source": null, "osm_id": 289620340, "osm_type": "ways_poly", "Analysis_Region": "North West"}, "geometry": {"type": "Polygon", "coordinates": [[[8.5624943, 11.9578326], [8.5626927, 11.9576114], [8.5627549, 11.9576648], [8.5625565, 11.957886], [8.5624943, 11.9578326]]]}}, {"type": "Feature", "properties": {"name": null, "name:en": null, "amenity": null, "building": "school", "operator:type": null, "capacity:persons": null, "addr:full": null, "addr:city": null, "source": null, "osm_id": 297928449, "osm_type": "ways_poly", "Analysis_Region": "North West"}, "geometry": {"type": "Polygon", "coordinates": [[[8.5432882, 11.9618553], [8.5434044, 11.9617498], [8.5434836, 11.961828], [8.5433623, 11.9619318], [8.5432882, 11.9618553]]]}}, {"type": "Feature", "properties": {"name": null, "name:en": null, "amenity": null, "building": "school", "operator:type": null, "capacity:persons": null, "addr:full": null, "addr:city": null, "source": null, "osm_id": 527022338, "osm_type": "ways_poly", "Analysis_Region": "North West"}, "geometry": {"type": "Polygon", "coordinates": [[[8.5355533, 11.9744842], [8.5355979, 11.9744358], [8.5357375, 11.9745587], [8.5356929, 11.9746071], [8.5355533, 11.9744842]]]}}, {"type": "Feature", "properties": {"name": null, "name:en": null, "amenity": null, "building": "school", "operator:type": null, "capacity:persons": null, "addr:full": null, "addr:city": null, "source": null, "osm_id": 527029743, "osm_type": "ways_poly", "Analysis_Region": "North West"}, "geometry": {"type": "Polygon", "coordinates": [[[8.5547148, 11.9651328], [8.5547242, 11.9650642], [8.5550268, 11.9651328], [8.5550044, 11.9652044], [8.5549822, 11.9651989], [8.5547148, 11.9651328]]]}}, {"type": "Feature", "properties": {"name": null, "name:en": null, "amenity": null, "building": "school", "operator:type": null, "capacity:persons": null, "addr:full": null, "addr:city": null, "source": null, "osm_id": 295462059, "osm_type": "ways_poly", "Analysis_Region": "North West"}, "geometry": {"type": "Polygon", "coordinates": [[[8.5549515, 11.9664023], [8.5549542, 11.9663425], [8.5552804, 11.9663563], [8.5552777, 11.9664161], [8.5549515, 11.9664023]]]}}, {"type": "Feature", "properties": {"name": null, "name:en": null, "amenity": null, "building": "school", "operator:type": null, "capacity:persons": null, "addr:full": null, "addr:city": null, "source": null, "osm_id": 527043412, "osm_type": "ways_poly", "Analysis_Region": "North West"}, "geometry": {"type": "Polygon", "coordinates": [[[8.5733813, 11.969022], [8.5734431, 11.9689451], [8.5734947, 11.9689848], [8.5734329, 11.9690617], [8.5733813, 11.969022]]]}}, {"type": "Feature", "properties": {"name": null, "name:en": null, "amenity": null, "building": "school", "operator:type": null, "capacity:persons": null, "addr:full": null, "addr:city": null, "source": null, "osm_id": 527047001, "osm_type": "ways_poly", "Analysis_Region": "North West"}, "geometry": {"type": "Polygon", "coordinates": [[[8.5566742, 11.9395655], [8.5567193, 11.9394537], [8.5568339, 11.9394979], [8.5567888, 11.9396097], [8.5566742, 11.9395655]]]}}, {"type": "Feature", "properties": {"name": null, "name:en": null, "amenity": null, "building": "school", "operator:type": null, "capacity:persons": null, "addr:full": null, "addr:city": null, "source": null, "osm_id": 527038063, "osm_type": "ways_poly", "Analysis_Region": "North West"}, "geometry": {"type": "Polygon", "coordinates": [[[8.5444856, 11.9484604], [8.544544, 11.9481771], [8.5446187, 11.9481794], [8.5445627, 11.9484696], [8.5444856, 11.9484604]]]}}, {"type": "Feature", "properties": {"name": null, "name:en": null, "amenity": null, "building": "school", "operator:type": null, "capacity:persons": null, "addr:full": null, "addr:city": null, "source": null, "osm_id": 527034139, "osm_type": "ways_poly", "Analysis_Region": "North West"}, "geometry": {"type": "Polygon", "coordinates": [[[8.5395437, 11.950952], [8.5396883, 11.9508424], [8.5397284, 11.9508931], [8.5395838, 11.9510026], [8.5395437, 11.950952]]]}}, {"type": "Feature", "properties": {"name": null, "name:en": null, "amenity": null, "building": "university", "operator:type": null, "capacity:persons": null, "addr:full": null, "addr:city": null, "source": null, "osm_id": 673951427, "osm_type": "ways_poly", "Analysis_Region": "North East"}, "geometry": {"type": "Polygon", "coordinates": [[[10.4538566, 12.8781669], [10.4538607, 12.8781174], [10.4539302, 12.8781228], [10.4539262, 12.8781723], [10.4538566, 12.8781669]]]}}, {"type": "Feature", "properties": {"name": "Kadawa Primary School", "name:en": null, "amenity": "college", "building": null, "operator:type": null, "capacity:persons": null, "addr:full": null, "addr:city": null, "source": null, "osm_id": 641595089, "osm_type": "ways_poly", "Analysis_Region": "North East"}, "geometry": {"type": "Polygon", "coordinates": [[[10.4660379, 12.8788605], [10.4661866, 12.8777873], [10.466891, 12.8778178], [10.4668258, 12.8783798], [10.4667736, 12.8791047], [10.4664549, 12.8790347], [10.4664397, 12.8790284], [10.4660379, 12.8788605]]]}}, {"type": "Feature", "properties": {"name": "Mambayya House Bayero University", "name:en": null, "amenity": "university", "building": null, "operator:type": null, "capacity:persons": null, "addr:full": null, "addr:city": null, "source": "Bing", "osm_id": 185718324, "osm_type": "ways_poly", "Analysis_Region": "North West"}, "geometry": {"type": "Polygon", "coordinates": [[[8.5055229, 12.0152514], [8.5059506, 12.0144722], [8.5069282, 12.0146607], [8.5067613, 12.015479], [8.5055229, 12.0152514]]]}}, {"type": "Feature", "properties": {"name": "Poly staff school", "name:en": null, "amenity": null, "building": "school", "operator:type": null, "capacity:persons": null, "addr:full": null, "addr:city": null, "source": null, "osm_id": 935018652, "osm_type": "ways_poly", "Analysis_Region": "North East"}, "geometry": {"type": "Polygon", "coordinates": [[[9.7661919, 10.2533647], [9.7665332, 10.2530015], [9.766596, 10.2530586], [9.7662548, 10.2534219], [9.7661919, 10.2533647]]]}}, {"type": "Feature", "properties": {"name": "PROF. A. MAHDI ACADEMY (PRIMARY)", "name:en": null, "amenity": "school", "building": null, "operator:type": null, "capacity:persons": null, "addr:full": null, "addr:city": null, "source": null, "osm_id": 914744199, "osm_type": "ways_poly", "Analysis_Region": "North East"}, "geometry": {"type": "Polygon", "coordinates": [[[11.1765614, 10.3118124], [11.1765681, 10.3116528], [11.1768256, 10.3116884], [11.1768215, 10.3118309], [11.1765614, 10.3118124]]]}}, {"type": "Feature", "properties": {"name": "FACULTY OF PHARMACEUTICAL SCIENCES", "name:en": null, "amenity": null, "building": "school", "operator:type": null, "capacity:persons": null, "addr:full": null, "addr:city": null, "source": null, "osm_id": 949141362, "osm_type": "ways_poly", "Analysis_Region": "North East"}, "geometry": {"type": "Polygon", "coordinates": [[[11.1742641, 10.3073096], [11.1742901, 10.3073068], [11.1742832, 10.3072268], [11.1743694, 10.3072195], [11.1743645, 10.3071635], [11.1746845, 10.3071299], [11.1746876, 10.3071578], [11.1748453, 10.3071405], [11.1748524, 10.3072034], [11.1748678, 10.3072017], [11.1748963, 10.3071986], [11.1748977, 10.3072113], [11.1749203, 10.3074112], [11.1748915, 10.3074144], [11.1749065, 10.3075463], [11.1743403, 10.3076083], [11.1743257, 10.3074796], [11.1742839, 10.3074842], [11.1742641, 10.3073096]]]}}, {"type": "Feature", "properties": {"name": null, "name:en": null, "amenity": "school", "building": null, "operator:type": null, "capacity:persons": null, "addr:full": null, "addr:city": null, "source": null, "osm_id": 331133844, "osm_type": "ways_poly", "Analysis_Region": "North East"}, "geometry": {"type": "Polygon", "coordinates": [[[13.2829413, 10.600088], [13.2829967, 10.5994823], [13.2836561, 10.5993491], [13.2835821, 10.6002394], [13.2829413, 10.600088]]]}}, {"type": "Feature", "properties": {"name": "Usman Nufere Memorial Community School", "name:en": null, "amenity": null, "building": "school", "operator:type": null, "capacity:persons": null, "addr:full": null, "addr:city": null, "source": null, "osm_id": 1115073475, "osm_type": "ways_poly", "Analysis_Region": "North East"}, "geometry": {"type": "Polygon", "coordinates": [[[12.4875789, 9.2052641], [12.487626, 9.2051453], [12.4877607, 9.2051803], [12.4877377, 9.2052147], [12.4876496, 9.2051873], [12.4876293, 9.2052351], [12.4877144, 9.2052518], [12.4877016, 9.2052933], [12.4875789, 9.2052641]]]}}, {"type": "Feature", "properties": {"name": null, "name:en": null, "amenity": null, "building": "school", "operator:type": null, "capacity:persons": null, "addr:full": null, "addr:city": null, "source": null, "osm_id": 298819657, "osm_type": "ways_poly", "Analysis_Region": "North West"}, "geometry": {"type": "Polygon", "coordinates": [[[8.5595294, 11.9513807], [8.5596322, 11.9512809], [8.5596584, 11.9513067], [8.5595556, 11.9514065], [8.5595294, 11.9513807]]]}}, {"type": "Feature", "properties": {"name": null, "name:en": null, "amenity": null, "building": "school", "operator:type": null, "capacity:persons": null, "addr:full": null, "addr:city": null, "source": null, "osm_id": 527032538, "osm_type": "ways_poly", "Analysis_Region": "North West"}, "geometry": {"type": "Polygon", "coordinates": [[[8.563456, 11.942496], [8.5635284, 11.9424716], [8.5635873, 11.9426389], [8.5635149, 11.9426633], [8.563456, 11.942496]]]}}, {"type": "Feature", "properties": {"name": "HAUSAWA MODELBOYS SEC SCHOOL", "name:en": null, "amenity": null, "building": "school", "operator:type": null, "capacity:persons": null, "addr:full": null, "addr:city": null, "source": null, "osm_id": 527027366, "osm_type": "ways_poly", "Analysis_Region": "North West"}, "geometry": {"type": "Polygon", "coordinates": [[[8.539443, 11.9648687], [8.5395007, 11.9648087], [8.539651, 11.9649472], [8.5395933, 11.9650072], [8.539443, 11.9648687]]]}}, {"type": "Feature", "properties": {"name": null, "name:en": null, "amenity": null, "building": "school", "operator:type": null, "capacity:persons": null, "addr:full": null, "addr:city": null, "source": null, "osm_id": 527040949, "osm_type": "ways_poly", "Analysis_Region": "North West"}, "geometry": {"type": "Polygon", "coordinates": [[[8.5450153, 11.968185], [8.5451688, 11.967882], [8.5452318, 11.9679126], [8.5451565, 11.9680607], [8.5450783, 11.9682155], [8.5450153, 11.968185]]]}}, {"type": "Feature", "properties": {"name": null, "name:en": null, "amenity": null, "building": "school", "operator:type": null, "capacity:persons": null, "addr:full": null, "addr:city": null, "source": null, "osm_id": 527047612, "osm_type": "ways_poly", "Analysis_Region": "North West"}, "geometry": {"type": "Polygon", "coordinates": [[[8.5442243, 11.9679246], [8.5442709, 11.9678446], [8.5442983, 11.9678599], [8.5442517, 11.9679399], [8.5442243, 11.9679246]]]}}, {"type": "Feature", "properties": {"name": null, "name:en": null, "amenity": null, "building": "school", "operator:type": null, "capacity:persons": null, "addr:full": null, "addr:city": null, "source": null, "osm_id": 527029742, "osm_type": "ways_poly", "Analysis_Region": "North West"}, "geometry": {"type": "Polygon", "coordinates": [[[8.5546203, 11.9653356], [8.5546264, 11.9651169], [8.5546995, 11.9651209], [8.5546884, 11.9653416], [8.5546203, 11.9653356]]]}}, {"type": "Feature", "properties": {"name": null, "name:en": null, "amenity": null, "building": "school", "operator:type": null, "capacity:persons": null, "addr:full": null, "addr:city": null, "source": null, "osm_id": 527036713, "osm_type": "ways_poly", "Analysis_Region": "North West"}, "geometry": {"type": "Polygon", "coordinates": [[[8.5446595, 11.9577825], [8.5448294, 11.9576215], [8.5449012, 11.9576941], [8.5447313, 11.957855], [8.5446595, 11.9577825]]]}}, {"type": "Feature", "properties": {"name": null, "name:en": null, "amenity": null, "building": "school", "operator:type": null, "capacity:persons": null, "addr:full": null, "addr:city": null, "source": null, "osm_id": 295383722, "osm_type": "ways_poly", "Analysis_Region": "North West"}, "geometry": {"type": "Polygon", "coordinates": [[[8.5522815, 11.9677578], [8.5526195, 11.9677578], [8.5526195, 11.9678401], [8.5522815, 11.9678401], [8.5522815, 11.9677578]]]}}, {"type": "Feature", "properties": {"name": null, "name:en": null, "amenity": null, "building": "school", "operator:type": null, "capacity:persons": null, "addr:full": null, "addr:city": null, "source": null, "osm_id": 527028288, "osm_type": "ways_poly", "Analysis_Region": "North West"}, "geometry": {"type": "Polygon", "coordinates": [[[8.5431998, 11.9622233], [8.5432635, 11.9621585], [8.5434101, 11.9622966], [8.5433167, 11.9623916], [8.543208, 11.9622892], [8.5432377, 11.962259], [8.5431998, 11.9622233]]]}}, {"type": "Feature", "properties": {"name": null, "name:en": null, "amenity": null, "building": "school", "operator:type": null, "capacity:persons": null, "addr:full": null, "addr:city": null, "source": null, "osm_id": 298563187, "osm_type": "ways_poly", "Analysis_Region": "North West"}, "geometry": {"type": "Polygon", "coordinates": [[[8.5416357, 11.956387], [8.5416595, 11.9562916], [8.5421057, 11.9563982], [8.5420819, 11.9564936], [8.5416357, 11.956387]]]}}, {"type": "Feature", "properties": {"name": null, "name:en": null, "amenity": null, "building": "school", "operator:type": null, "capacity:persons": null, "addr:full": null, "addr:city": null, "source": null, "osm_id": 527533182, "osm_type": "ways_poly", "Analysis_Region": "North West"}, "geometry": {"type": "Polygon", "coordinates": [[[8.5406084, 11.9507338], [8.540799, 11.950522], [8.5408813, 11.9505926], [8.5406828, 11.9508089], [8.5406084, 11.9507338]]]}}, {"type": "Feature", "properties": {"name": null, "name:en": null, "amenity": null, "building": "school", "operator:type": null, "capacity:persons": null, "addr:full": null, "addr:city": null, "source": null, "osm_id": 527048938, "osm_type": "ways_poly", "Analysis_Region": "North West"}, "geometry": {"type": "Polygon", "coordinates": [[[8.5388204, 11.9502789], [8.5389094, 11.9502145], [8.5390084, 11.9503454], [8.5389195, 11.9504098], [8.5388204, 11.9502789]]]}}, {"type": "Feature", "properties": {"name": null, "name:en": null, "amenity": null, "building": "school", "operator:type": null, "capacity:persons": null, "addr:full": null, "addr:city": null, "source": null, "osm_id": 527050719, "osm_type": "ways_poly", "Analysis_Region": "North West"}, "geometry": {"type": "Polygon", "coordinates": [[[8.5392221, 11.9499769], [8.5393114, 11.9498904], [8.5393732, 11.9499514], [8.5392838, 11.9500379], [8.5392221, 11.9499769]]]}}, {"type": "Feature", "properties": {"name": null, "name:en": null, "amenity": null, "building": "school", "operator:type": null, "capacity:persons": null, "addr:full": null, "addr:city": null, "source": null, "osm_id": 527039363, "osm_type": "ways_poly", "Analysis_Region": "North West"}, "geometry": {"type": "Polygon", "coordinates": [[[8.5435949, 11.9542388], [8.5436055, 11.9540986], [8.5437382, 11.9541234], [8.5437265, 11.9542572], [8.5435949, 11.9542388]]]}}, {"type": "Feature", "properties": {"name": null, "name:en": null, "amenity": null, "building": "school", "operator:type": null, "capacity:persons": null, "addr:full": null, "addr:city": null, "source": "bing", "osm_id": 287479476, "osm_type": "ways_poly", "Analysis_Region": "North West"}, "geometry": {"type": "Polygon", "coordinates": [[[8.5636965, 11.9789984], [8.5637924, 11.9789693], [8.5638481, 11.9791444], [8.5637522, 11.9791736], [8.5636965, 11.9789984]]]}}, {"type": "Feature", "properties": {"name": null, "name:en": null, "amenity": null, "building": "school", "operator:type": null, "capacity:persons": null, "addr:full": null, "addr:city": null, "source": null, "osm_id": 295344542, "osm_type": "ways_poly", "Analysis_Region": "North West"}, "geometry": {"type": "Polygon", "coordinates": [[[8.5565568, 11.9743409], [8.5566387, 11.9742967], [8.5567896, 11.9745645], [8.5567077, 11.9746086], [8.5565568, 11.9743409]]]}}, {"type": "Feature", "properties": {"name": null, "name:en": null, "amenity": null, "building": "school", "operator:type": null, "capacity:persons": null, "addr:full": null, "addr:city": null, "source": null, "osm_id": 295344543, "osm_type": "ways_poly", "Analysis_Region": "North West"}, "geometry": {"type": "Polygon", "coordinates": [[[8.5565487, 11.9741041], [8.5566893, 11.9740335], [8.5567284, 11.9741079], [8.5565878, 11.9741785], [8.5565487, 11.9741041]]]}}, {"type": "Feature", "properties": {"name": null, "name:en": null, "amenity": null, "building": "school", "operator:type": null, "capacity:persons": null, "addr:full": null, "addr:city": null, "source": null, "osm_id": 294296081, "osm_type": "ways_poly", "Analysis_Region": "North West"}, "geometry": {"type": "Polygon", "coordinates": [[[8.5582837, 11.9751274], [8.5583567, 11.974937], [8.5584371, 11.9749666], [8.5583641, 11.9751569], [8.5582837, 11.9751274]]]}}, {"type": "Feature", "properties": {"name": null, "name:en": null, "amenity": null, "building": "school", "operator:type": null, "capacity:persons": null, "addr:full": null, "addr:city": null, "source": null, "osm_id": 295378814, "osm_type": "ways_poly", "Analysis_Region": "North West"}, "geometry": {"type": "Polygon", "coordinates": [[[8.5582104, 11.9748339], [8.5582514, 11.9747522], [8.5584284, 11.9748371], [8.5583874, 11.9749189], [8.5582104, 11.9748339]]]}}, {"type": "Feature", "properties": {"name": null, "name:en": null, "amenity": null, "building": "school", "operator:type": null, "capacity:persons": null, "addr:full": null, "addr:city": null, "source": null, "osm_id": 527020498, "osm_type": "ways_poly", "Analysis_Region": "North West"}, "geometry": {"type": "Polygon", "coordinates": [[[8.5635986, 11.9741411], [8.5637579, 11.9740337], [8.5639276, 11.9742746], [8.5637683, 11.974382], [8.5635986, 11.9741411]]]}}, {"type": "Feature", "properties": {"name": null, "name:en": null, "amenity": null, "building": "school", "operator:type": null, "capacity:persons": null, "addr:full": null, "addr:city": null, "source": null, "osm_id": 527021217, "osm_type": "ways_poly", "Analysis_Region": "North West"}, "geometry": {"type": "Polygon", "coordinates": [[[8.5633877, 11.9742881], [8.563421, 11.9742661], [8.5634587, 11.9743209], [8.5634253, 11.9743428], [8.5633877, 11.9742881]]]}}, {"type": "Feature", "properties": {"name": null, "name:en": null, "amenity": null, "building": "school", "operator:type": null, "capacity:persons": null, "addr:full": null, "addr:city": null, "source": null, "osm_id": 295787465, "osm_type": "ways_poly", "Analysis_Region": "North West"}, "geometry": {"type": "Polygon", "coordinates": [[[8.5623953, 11.9734379], [8.5624602, 11.9733972], [8.5625639, 11.9735555], [8.562499, 11.9735962], [8.5623953, 11.9734379]]]}}, {"type": "Feature", "properties": {"name": null, "name:en": null, "amenity": null, "building": "school", "operator:type": null, "capacity:persons": null, "addr:full": null, "addr:city": null, "source": null, "osm_id": 295787935, "osm_type": "ways_poly", "Analysis_Region": "North West"}, "geometry": {"type": "Polygon", "coordinates": [[[8.5624489, 11.9732998], [8.5625547, 11.9732272], [8.5625949, 11.9732833], [8.5624891, 11.9733559], [8.5624489, 11.9732998]]]}}, {"type": "Feature", "properties": {"name": null, "name:en": null, "amenity": null, "building": "school", "operator:type": null, "capacity:persons": null, "addr:full": null, "addr:city": null, "source": null, "osm_id": 527020940, "osm_type": "ways_poly", "Analysis_Region": "North West"}, "geometry": {"type": "Polygon", "coordinates": [[[8.5807159, 11.9645193], [8.5807305, 11.9644278], [8.5809207, 11.9644567], [8.5809061, 11.9645482], [8.5807159, 11.9645193]]]}}, {"type": "Feature", "properties": {"name": "Centre for Excellence", "name:en": null, "amenity": "university", "building": null, "operator:type": null, "capacity:persons": null, "addr:full": null, "addr:city": null, "source": null, "osm_id": 285880582, "osm_type": "ways_poly", "Analysis_Region": "North West"}, "geometry": {"type": "Polygon", "coordinates": [[[8.4271242, 11.9711615], [8.4272784, 11.9698664], [8.4280025, 11.969946], [8.4278011, 11.9712579], [8.4271242, 11.9711615]]]}}, {"type": "Feature", "properties": {"name": null, "name:en": null, "amenity": null, "building": "school", "operator:type": null, "capacity:persons": null, "addr:full": null, "addr:city": null, "source": null, "osm_id": 294296084, "osm_type": "ways_poly", "Analysis_Region": "North West"}, "geometry": {"type": "Polygon", "coordinates": [[[8.557527, 11.9761163], [8.5575569, 11.9759903], [8.5576962, 11.9760219], [8.5576663, 11.9761479], [8.557527, 11.9761163]]]}}, {"type": "Feature", "properties": {"name": null, "name:en": null, "amenity": null, "building": "school", "operator:type": null, "capacity:persons": null, "addr:full": null, "addr:city": null, "source": null, "osm_id": 294189926, "osm_type": "ways_poly", "Analysis_Region": "North West"}, "geometry": {"type": "Polygon", "coordinates": [[[8.5531433, 11.9790499], [8.5531453, 11.9788751], [8.5532427, 11.9788762], [8.5532407, 11.9790509], [8.5531433, 11.9790499]]]}}, {"type": "Feature", "properties": {"name": null, "name:en": null, "amenity": null, "building": "school", "operator:type": null, "capacity:persons": null, "addr:full": null, "addr:city": null, "source": null, "osm_id": 527030705, "osm_type": "ways_poly", "Analysis_Region": "North West"}, "geometry": {"type": "Polygon", "coordinates": [[[8.5430861, 11.9620864], [8.5431343, 11.9620366], [8.5432183, 11.9621142], [8.5431701, 11.9621641], [8.5430861, 11.9620864]]]}}, {"type": "Feature", "properties": {"name": null, "name:en": null, "amenity": null, "building": "school", "operator:type": null, "capacity:persons": null, "addr:full": null, "addr:city": null, "source": null, "osm_id": 527024390, "osm_type": "ways_poly", "Analysis_Region": "North West"}, "geometry": {"type": "Polygon", "coordinates": [[[8.5411589, 11.9716654], [8.5411881, 11.9716173], [8.5412753, 11.971668], [8.541246, 11.9717162], [8.5411589, 11.9716654]]]}}, {"type": "Feature", "properties": {"name": null, "name:en": null, "amenity": null, "building": "school", "operator:type": null, "capacity:persons": null, "addr:full": null, "addr:city": null, "source": null, "osm_id": 298597980, "osm_type": "ways_poly", "Analysis_Region": "North West"}, "geometry": {"type": "Polygon", "coordinates": [[[8.5590976, 11.9392607], [8.5591164, 11.939204], [8.5591622, 11.9392186], [8.5591434, 11.9392752], [8.5590976, 11.9392607]]]}}, {"type": "Feature", "properties": {"name": null, "name:en": null, "amenity": null, "building": "school", "operator:type": null, "capacity:persons": null, "addr:full": null, "addr:city": null, "source": null, "osm_id": 290366208, "osm_type": "ways_poly", "Analysis_Region": "North West"}, "geometry": {"type": "Polygon", "coordinates": [[[8.4721473, 12.0528327], [8.4722262, 12.0526399], [8.4723009, 12.0526691], [8.472222, 12.0528619], [8.4721473, 12.0528327]]]}}, {"type": "Feature", "properties": {"name": null, "name:en": null, "amenity": null, "building": "school", "operator:type": null, "capacity:persons": null, "addr:full": null, "addr:city": null, "source": null, "osm_id": 298819500, "osm_type": "ways_poly", "Analysis_Region": "North West"}, "geometry": {"type": "Polygon", "coordinates": [[[8.5661364, 11.946117], [8.5661834, 11.9461158], [8.5661914, 11.9464305], [8.5661444, 11.9464316], [8.5661364, 11.946117]]]}}, {"type": "Feature", "properties": {"name": null, "name:en": null, "amenity": null, "building": "school", "operator:type": null, "capacity:persons": null, "addr:full": null, "addr:city": null, "source": null, "osm_id": 298819270, "osm_type": "ways_poly", "Analysis_Region": "North West"}, "geometry": {"type": "Polygon", "coordinates": [[[8.5621929, 11.9475707], [8.5623418, 11.9474282], [8.5623914, 11.9474777], [8.5622424, 11.9476202], [8.5621929, 11.9475707]]]}}, {"type": "Feature", "properties": {"name": null, "name:en": null, "amenity": null, "building": "school", "operator:type": null, "capacity:persons": null, "addr:full": null, "addr:city": null, "source": null, "osm_id": 298819912, "osm_type": "ways_poly", "Analysis_Region": "North West"}, "geometry": {"type": "Polygon", "coordinates": [[[8.5614904, 11.9470861], [8.5617332, 11.9468549], [8.5618036, 11.9469257], [8.5615608, 11.9471569], [8.5614904, 11.9470861]]]}}, {"type": "Feature", "properties": {"name": null, "name:en": null, "amenity": null, "building": "school", "operator:type": null, "capacity:persons": null, "addr:full": null, "addr:city": null, "source": null, "osm_id": 298820003, "osm_type": "ways_poly", "Analysis_Region": "North West"}, "geometry": {"type": "Polygon", "coordinates": [[[8.5611472, 11.9472065], [8.5612703, 11.9470671], [8.5613314, 11.9471187], [8.5612083, 11.9472581], [8.5611472, 11.9472065]]]}}, {"type": "Feature", "properties": {"name": "Higer Ground international academic pil Gani", "name:en": null, "amenity": "school", "building": "yes", "operator:type": null, "capacity:persons": null, "addr:full": null, "addr:city": null, "source": null, "osm_id": 1311731205, "osm_type": "ways_poly", "Analysis_Region": "North East"}, "geometry": {"type": "Polygon", "coordinates": [[[9.8896776, 9.1919877], [9.8898327, 9.1919078], [9.8898938, 9.1919703], [9.8898606, 9.1920386], [9.8897646, 9.1921297], [9.8896776, 9.1919877]]]}}, {"type": "Feature", "properties": {"name": null, "name:en": null, "amenity": "school", "building": null, "operator:type": null, "capacity:persons": null, "addr:full": null, "addr:city": null, "source": null, "osm_id": 586657407, "osm_type": "ways_poly", "Analysis_Region": "North East"}, "geometry": {"type": "Polygon", "coordinates": [[[13.1197254, 11.8307433], [13.1205997, 11.8307163], [13.1205973, 11.8307734], [13.1211081, 11.830822], [13.1212082, 11.8313772], [13.1211468, 11.8319556], [13.1212184, 11.833127], [13.1206141, 11.8332883], [13.1200138, 11.8333661], [13.1198562, 11.8320971], [13.1197254, 11.8307433]]]}}, {"type": "Feature", "properties": {"name": null, "name:en": null, "amenity": null, "building": "school", "operator:type": null, "capacity:persons": null, "addr:full": null, "addr:city": null, "source": null, "osm_id": 759665516, "osm_type": "ways_poly", "Analysis_Region": "North West"}, "geometry": {"type": "Polygon", "coordinates": [[[6.451204, 9.5324556], [6.4512638, 9.5323806], [6.4512964, 9.5324074], [6.4512611, 9.5324556], [6.4513318, 9.53252], [6.4512937, 9.5325495], [6.451204, 9.5324556]]]}}, {"type": "Feature", "properties": {"name": "Lano Community Secondary School", "name:en": null, "amenity": "school", "building": null, "operator:type": null, "capacity:persons": null, "addr:full": null, "addr:city": null, "source": null, "osm_id": 914861914, "osm_type": "ways_poly", "Analysis_Region": "North East"}, "geometry": {"type": "Polygon", "coordinates": [[[11.4744035, 10.1731968], [11.4756534, 10.1731413], [11.475935, 10.1738673], [11.4750767, 10.1738647], [11.4744732, 10.1737855], [11.4744035, 10.1731968]]]}}, {"type": "Feature", "properties": {"name": null, "name:en": null, "amenity": null, "building": "college", "operator:type": null, "capacity:persons": null, "addr:full": null, "addr:city": null, "source": null, "osm_id": 830191283, "osm_type": "ways_poly", "Analysis_Region": "North West"}, "geometry": {"type": "Polygon", "coordinates": [[[7.5842202, 12.8910301], [7.5842403, 12.890932], [7.5843583, 12.8908392], [7.5844214, 12.8909189], [7.5844066, 12.8910915], [7.5843275, 12.891149], [7.5842202, 12.8910301]]]}}, {"type": "Feature", "properties": {"name": null, "name:en": null, "amenity": null, "building": "college", "operator:type": null, "capacity:persons": null, "addr:full": null, "addr:city": null, "source": null, "osm_id": 830191287, "osm_type": "ways_poly", "Analysis_Region": "North West"}, "geometry": {"type": "Polygon", "coordinates": [[[7.5829906, 12.8958815], [7.5830121, 12.8957272], [7.5833259, 12.8957638], [7.5833085, 12.8959116], [7.5831462, 12.8958867], [7.5831328, 12.8960005], [7.583295, 12.8960305], [7.5832749, 12.8961416], [7.5829946, 12.8961103], [7.5830201, 12.8958802], [7.5829906, 12.8958815]]]}}, {"type": "Feature", "properties": {"name": null, "name:en": null, "amenity": null, "building": "college", "operator:type": null, "capacity:persons": null, "addr:full": null, "addr:city": null, "source": null, "osm_id": 830191278, "osm_type": "ways_poly", "Analysis_Region": "North West"}, "geometry": {"type": "Polygon", "coordinates": [[[7.5824003, 12.8911194], [7.582464, 12.8910729], [7.5825198, 12.8910746], [7.5825251, 12.8910306], [7.5826375, 12.891034], [7.582633, 12.8910867], [7.5829056, 12.8908633], [7.5829233, 12.8908486], [7.5829303, 12.8908305], [7.5829303, 12.8908184], [7.5829241, 12.8908055], [7.5829162, 12.8907977], [7.5828941, 12.8907943], [7.5827366, 12.8905855], [7.5827472, 12.8905717], [7.5827268, 12.890551], [7.5827074, 12.8905485], [7.5826959, 12.8905786], [7.5825862, 12.8905648], [7.5825915, 12.8905105], [7.5825242, 12.890501], [7.5824787, 12.8904486], [7.5825407, 12.8903961], [7.5826047, 12.890401], [7.5826057, 12.8904268], [7.5827094, 12.8904367], [7.5827104, 12.8904635], [7.5827765, 12.8904704], [7.583033, 12.8907839], [7.5830188, 12.8908909], [7.5827021, 12.8911479], [7.5826313, 12.8911444], [7.5826277, 12.8911703], [7.5825251, 12.89116], [7.5825242, 12.891185], [7.5824561, 12.8911755], [7.5824003, 12.8911194]]]}}, {"type": "Feature", "properties": {"name": null, "name:en": null, "amenity": null, "building": "college", "operator:type": null, "capacity:persons": null, "addr:full": null, "addr:city": null, "source": null, "osm_id": 830191279, "osm_type": "ways_poly", "Analysis_Region": "North West"}, "geometry": {"type": "Polygon", "coordinates": [[[7.5824745, 12.8908045], [7.582485, 12.8907271], [7.5825177, 12.8907067], [7.5827091, 12.8907226], [7.582743, 12.8907636], [7.5827337, 12.8908353], [7.582701, 12.8908671], [7.5824978, 12.8908387], [7.5824745, 12.8908045]]]}}, {"type": "Feature", "properties": {"name": null, "name:en": null, "amenity": null, "building": "college", "operator:type": null, "capacity:persons": null, "addr:full": null, "addr:city": null, "source": null, "osm_id": 830191280, "osm_type": "ways_poly", "Analysis_Region": "North West"}, "geometry": {"type": "Polygon", "coordinates": [[[7.5821627, 12.8908284], [7.5821896, 12.8906463], [7.5822456, 12.8905985], [7.5823449, 12.8907283], [7.5823344, 12.8908171], [7.5822293, 12.8908888], [7.5821627, 12.8908284]]]}}, {"type": "Feature", "properties": {"name": "Government Science College Basaura", "name:en": null, "amenity": "school", "building": null, "operator:type": null, "capacity:persons": null, "addr:full": null, "addr:city": null, "source": null, "osm_id": 1358623355, "osm_type": "ways_poly", "Analysis_Region": "North West"}, "geometry": {"type": "Polygon", "coordinates": [[[4.2589069, 12.3211246], [4.2590916, 12.3205269], [4.2590969, 12.3205075], [4.2591791, 12.3201699], [4.2594496, 12.3192308], [4.2599232, 12.3191936], [4.2618425, 12.3190513], [4.2622631, 12.319016], [4.2622977, 12.3190338], [4.2623383, 12.3190676], [4.2623465, 12.3191292], [4.261936, 12.3210128], [4.2616371, 12.3209676], [4.2615755, 12.3214673], [4.2595196, 12.3217277], [4.2594993, 12.3212015], [4.2589179, 12.3212352], [4.2589069, 12.3211246]]]}}, {"type": "Feature", "properties": {"name": "Isiyaka Rabiu College of Quranic Studies", "name:en": null, "amenity": "university", "building": null, "operator:type": null, "capacity:persons": null, "addr:full": null, "addr:city": "Sharada", "source": "steadfast.com.ng", "osm_id": 441894679, "osm_type": "ways_poly", "Analysis_Region": "North West"}, "geometry": {"type": "Polygon", "coordinates": [[[8.4937146, 11.9790578], [8.4941009, 11.9778194], [8.495914, 11.9784754], [8.4958067, 11.979168], [8.4952918, 11.9790001], [8.4951577, 11.9794514], [8.4937146, 11.9790578]]]}}, {"type": "Feature", "properties": {"name": "Dangote Business School", "name:en": null, "amenity": "university", "building": null, "operator:type": null, "capacity:persons": null, "addr:full": null, "addr:city": null, "source": null, "osm_id": 285879815, "osm_type": "ways_poly", "Analysis_Region": "North West"}, "geometry": {"type": "Polygon", "coordinates": [[[8.4263768, 11.9677365], [8.4266904, 11.9663], [8.427933, 11.9669725], [8.4276951, 11.9675352], [8.4272383, 11.9681165], [8.4271631, 11.9680655], [8.426779, 11.967872], [8.4263768, 11.9677365]]]}}, {"type": "Feature", "properties": {"name": "Modibbo Adama University of Technology", "name:en": null, "amenity": "university", "building": null, "operator:type": null, "capacity:persons": null, "addr:full": null, "addr:city": null, "source": null, "osm_id": 670573837, "osm_type": "ways_poly", "Analysis_Region": "North East"}, "geometry": {"type": "Polygon", "coordinates": [[[12.4837118, 9.3512524], [12.4851735, 9.3474467], [12.4856615, 9.3460078], [12.4909615, 9.3479769], [12.4929356, 9.3431389], [12.495017, 9.3434353], [12.4983703, 9.3361519], [12.5002366, 9.3377476], [12.5002903, 9.3377979], [12.5018191, 9.339071], [12.5037718, 9.3406881], [12.5039408, 9.3407939], [12.5045295, 9.3411089], [12.5048879, 9.3413535], [12.5049774, 9.3414146], [12.5050068, 9.3414211], [12.5050431, 9.3414291], [12.5064164, 9.3421702], [12.507138, 9.3423819], [12.5071835, 9.3425195], [12.5072479, 9.3425366], [12.5073217, 9.3425555], [12.5073686, 9.3425672], [12.5074545, 9.3424798], [12.5079775, 9.3426439], [12.5079891, 9.347564], [12.5079936, 9.3478048], [12.5079614, 9.3489481], [12.505762, 9.3490249], [12.5055203, 9.3529889], [12.5044454, 9.3529565], [12.5044164, 9.35354], [12.5029276, 9.3533066], [12.5014883, 9.357877], [12.4837118, 9.3512524]]]}}, {"type": "Feature", "properties": {"name": null, "name:en": null, "amenity": "school", "building": "school", "operator:type": null, "capacity:persons": null, "addr:full": null, "addr:city": null, "source": null, "osm_id": 1359096199, "osm_type": "ways_poly", "Analysis_Region": "North West"}, "geometry": {"type": "Polygon", "coordinates": [[[4.2584641, 12.3206362], [4.2587665, 12.3206341], [4.2587671, 12.3207238], [4.2584648, 12.320726], [4.2584641, 12.3206362]]]}}, {"type": "Feature", "properties": {"name": null, "name:en": null, "amenity": "school", "building": "school", "operator:type": null, "capacity:persons": null, "addr:full": null, "addr:city": null, "source": null, "osm_id": 1359096200, "osm_type": "ways_poly", "Analysis_Region": "North West"}, "geometry": {"type": "Polygon", "coordinates": [[[4.2585421, 12.3201548], [4.2585609, 12.3200657], [4.2587136, 12.3200964], [4.2586948, 12.3201855], [4.2585421, 12.3201548]]]}}, {"type": "Feature", "properties": {"name": null, "name:en": null, "amenity": "school", "building": "school", "operator:type": null, "capacity:persons": null, "addr:full": null, "addr:city": null, "source": null, "osm_id": 1359096201, "osm_type": "ways_poly", "Analysis_Region": "North West"}, "geometry": {"type": "Polygon", "coordinates": [[[4.2588839, 12.3205917], [4.2589228, 12.3203598], [4.2590168, 12.3203748], [4.2589779, 12.3206067], [4.2588839, 12.3205917]]]}}, {"type": "Feature", "properties": {"name": "Hudaibiyya Primary School", "name:en": null, "amenity": "school", "building": null, "operator:type": null, "capacity:persons": null, "addr:full": null, "addr:city": null, "source": null, "osm_id": 289283056, "osm_type": "ways_poly", "Analysis_Region": "North West"}, "geometry": {"type": "Polygon", "coordinates": [[[8.5204184, 11.9742237], [8.5206169, 11.9741472], [8.5206456, 11.9742184], [8.5204472, 11.974295], [8.5204184, 11.9742237]]]}}, {"type": "Feature", "properties": {"name": null, "name:en": null, "amenity": "school", "building": null, "operator:type": null, "capacity:persons": null, "addr:full": null, "addr:city": null, "source": null, "osm_id": 343517565, "osm_type": "ways_poly", "Analysis_Region": "North West"}, "geometry": {"type": "Polygon", "coordinates": [[[5.9984206, 11.8671448], [5.9985869, 11.866171], [5.9992252, 11.8663679], [5.9988685, 11.8672236], [5.9984206, 11.8671448]]]}}, {"type": "Feature", "properties": {"name": null, "name:en": null, "amenity": null, "building": "school", "operator:type": null, "capacity:persons": null, "addr:full": null, "addr:city": null, "source": null, "osm_id": 343516209, "osm_type": "ways_poly", "Analysis_Region": "North West"}, "geometry": {"type": "Polygon", "coordinates": [[[6.0908388, 11.9051479], [6.0908468, 11.9049589], [6.0909943, 11.904972], [6.0909809, 11.9051793], [6.0908388, 11.9051479]]]}}, {"type": "Feature", "properties": {"name": null, "name:en": null, "amenity": "school", "building": null, "operator:type": null, "capacity:persons": null, "addr:full": null, "addr:city": null, "source": null, "osm_id": 288493026, "osm_type": "ways_poly", "Analysis_Region": "North West"}, "geometry": {"type": "Polygon", "coordinates": [[[8.5381325, 12.0188076], [8.5382664, 12.0188057], [8.5382711, 12.0191205], [8.5382453, 12.0191209], [8.5382447, 12.0190817], [8.5382055, 12.0190822], [8.5382061, 12.0191221], [8.5381372, 12.0191231], [8.5381325, 12.0188076]]]}}, {"type": "Feature", "properties": {"name": "Faith Nursery and Primary School", "name:en": null, "amenity": "school", "building": null, "operator:type": null, "capacity:persons": null, "addr:full": null, "addr:city": null, "source": null, "osm_id": 292190534, "osm_type": "ways_poly", "Analysis_Region": "North West"}, "geometry": {"type": "Polygon", "coordinates": [[[8.5341165, 12.0308731], [8.5341777, 12.0307998], [8.5343285, 12.0309204], [8.5342673, 12.0309936], [8.5341165, 12.0308731]]]}}, {"type": "Feature", "properties": {"name": "Tambayahaya Nursery and Primary School", "name:en": null, "amenity": "school", "building": null, "operator:type": null, "capacity:persons": null, "addr:full": null, "addr:city": null, "source": null, "osm_id": 292190553, "osm_type": "ways_poly", "Analysis_Region": "North West"}, "geometry": {"type": "Polygon", "coordinates": [[[8.534879, 12.0303842], [8.5350252, 12.0301441], [8.5351255, 12.0302025], [8.5349793, 12.0304426], [8.534879, 12.0303842]]]}}, {"type": "Feature", "properties": {"name": "Tony Chetta Collage", "name:en": null, "amenity": "school", "building": null, "operator:type": null, "capacity:persons": null, "addr:full": null, "addr:city": null, "source": null, "osm_id": 292190557, "osm_type": "ways_poly", "Analysis_Region": "North West"}, "geometry": {"type": "Polygon", "coordinates": [[[8.5310234, 12.0286847], [8.5311788, 12.028607], [8.5311884, 12.0287164], [8.5310671, 12.0287735], [8.5310234, 12.0286847]]]}}, {"type": "Feature", "properties": {"name": "Tony Chetta Collage", "name:en": null, "amenity": "school", "building": null, "operator:type": null, "capacity:persons": null, "addr:full": null, "addr:city": null, "source": null, "osm_id": 292190556, "osm_type": "ways_poly", "Analysis_Region": "North West"}, "geometry": {"type": "Polygon", "coordinates": [[[8.5307131, 12.0286413], [8.5307863, 12.0285764], [8.5310082, 12.0287968], [8.530927, 12.0288561], [8.5307131, 12.0286413]]]}}, {"type": "Feature", "properties": {"name": "Tony Chetta Collage", "name:en": null, "amenity": "school", "building": null, "operator:type": null, "capacity:persons": null, "addr:full": null, "addr:city": null, "source": null, "osm_id": 292190558, "osm_type": "ways_poly", "Analysis_Region": "North West"}, "geometry": {"type": "Polygon", "coordinates": [[[8.5308966, 12.0284668], [8.5312198, 12.0284092], [8.531271, 12.0286837], [8.5311683, 12.0287033], [8.5311598, 12.0286177], [8.5311342, 12.0286292], [8.5311093, 12.0285003], [8.5309095, 12.0285359], [8.5308966, 12.0284668]]]}}, {"type": "Feature", "properties": {"name": "ECWA Secondary School", "name:en": null, "amenity": null, "building": "school", "operator:type": null, "capacity:persons": null, "addr:full": null, "addr:city": null, "source": null, "osm_id": 292062197, "osm_type": "ways_poly", "Analysis_Region": "North West"}, "geometry": {"type": "Polygon", "coordinates": [[[8.5446837, 12.0164329], [8.5447308, 12.0164256], [8.544722, 12.0163718], [8.5449986, 12.0163287], [8.5450205, 12.0164635], [8.544744, 12.0165066], [8.5447385, 12.0164731], [8.5446914, 12.0164804], [8.5446837, 12.0164329]]]}}, {"type": "Feature", "properties": {"name": "ECWA Secondary School", "name:en": null, "amenity": null, "building": "school", "operator:type": null, "capacity:persons": null, "addr:full": null, "addr:city": null, "source": null, "osm_id": 292051730, "osm_type": "ways_poly", "Analysis_Region": "North West"}, "geometry": {"type": "Polygon", "coordinates": [[[8.5441785, 12.0163035], [8.5448675, 12.0161813], [8.5448795, 12.0162461], [8.5441906, 12.0163683], [8.5441785, 12.0163035]]]}}, {"type": "Feature", "properties": {"name": "ECWA Secondary School", "name:en": null, "amenity": null, "building": "school", "operator:type": null, "capacity:persons": null, "addr:full": null, "addr:city": null, "source": null, "osm_id": 292062194, "osm_type": "ways_poly", "Analysis_Region": "North West"}, "geometry": {"type": "Polygon", "coordinates": [[[8.5441836, 12.0169097], [8.5445906, 12.0168371], [8.5446081, 12.0169307], [8.544201, 12.0170033], [8.5441836, 12.0169097]]]}}, {"type": "Feature", "properties": {"name": "Prime Collage International", "name:en": null, "amenity": "school", "building": null, "operator:type": null, "capacity:persons": null, "addr:full": null, "addr:city": null, "source": null, "osm_id": 291763685, "osm_type": "ways_poly", "Analysis_Region": "North West"}, "geometry": {"type": "Polygon", "coordinates": [[[8.5570608, 11.993964], [8.5575112, 11.9939513], [8.5573614, 11.9945504], [8.5570848, 11.994514], [8.5570608, 11.993964]]]}}, {"type": "Feature", "properties": {"name": null, "name:en": null, "amenity": null, "building": "school", "operator:type": null, "capacity:persons": null, "addr:full": null, "addr:city": null, "source": null, "osm_id": 290366193, "osm_type": "ways_poly", "Analysis_Region": "North West"}, "geometry": {"type": "Polygon", "coordinates": [[[8.4721639, 12.0529433], [8.4721864, 12.0528629], [8.4722179, 12.0528713], [8.47256, 12.0529627], [8.4725376, 12.0530431], [8.4721639, 12.0529433]]]}}, {"type": "Feature", "properties": {"name": null, "name:en": null, "amenity": null, "building": "school", "operator:type": null, "capacity:persons": null, "addr:full": null, "addr:city": null, "source": null, "osm_id": 290366194, "osm_type": "ways_poly", "Analysis_Region": "North West"}, "geometry": {"type": "Polygon", "coordinates": [[[8.4725362, 12.0529076], [8.4725941, 12.0527391], [8.4726909, 12.0527709], [8.4726586, 12.052865], [8.472633, 12.0529394], [8.4725362, 12.0529076]]]}}, {"type": "Feature", "properties": {"name": null, "name:en": null, "amenity": null, "building": "school", "operator:type": null, "capacity:persons": null, "addr:full": null, "addr:city": null, "source": null, "osm_id": 290366200, "osm_type": "ways_poly", "Analysis_Region": "North West"}, "geometry": {"type": "Polygon", "coordinates": [[[8.4728219, 12.052491], [8.4728703, 12.0523671], [8.4729174, 12.0522532], [8.4729852, 12.0522792], [8.4728897, 12.052517], [8.4728219, 12.052491]]]}}, {"type": "Feature", "properties": {"name": null, "name:en": null, "amenity": null, "building": "school", "operator:type": null, "capacity:persons": null, "addr:full": null, "addr:city": null, "source": null, "osm_id": 290366202, "osm_type": "ways_poly", "Analysis_Region": "North West"}, "geometry": {"type": "Polygon", "coordinates": [[[8.4727697, 12.0526757], [8.4728293, 12.0525147], [8.4729149, 12.052545], [8.4728553, 12.052706], [8.4727697, 12.0526757]]]}}, {"type": "Feature", "properties": {"name": null, "name:en": null, "amenity": null, "building": "school", "operator:type": null, "capacity:persons": null, "addr:full": null, "addr:city": null, "source": null, "osm_id": 290366203, "osm_type": "ways_poly", "Analysis_Region": "North West"}, "geometry": {"type": "Polygon", "coordinates": [[[8.4726969, 12.0528622], [8.4727617, 12.0526875], [8.4728479, 12.052718], [8.4727832, 12.0528928], [8.4726969, 12.0528622]]]}}, {"type": "Feature", "properties": {"name": null, "name:en": null, "amenity": null, "building": "school", "operator:type": null, "capacity:persons": null, "addr:full": null, "addr:city": null, "source": null, "osm_id": 290366204, "osm_type": "ways_poly", "Analysis_Region": "North West"}, "geometry": {"type": "Polygon", "coordinates": [[[8.4726322, 12.053039], [8.4726946, 12.0528754], [8.4727778, 12.0529062], [8.4727198, 12.0530689], [8.4726322, 12.053039]]]}}, {"type": "Feature", "properties": {"name": "Yanmmata S.P.School", "name:en": null, "amenity": null, "building": "school", "operator:type": null, "capacity:persons": null, "addr:full": null, "addr:city": null, "source": null, "osm_id": 290366209, "osm_type": "ways_poly", "Analysis_Region": "North West"}, "geometry": {"type": "Polygon", "coordinates": [[[8.4723705, 12.052626], [8.4724066, 12.0525317], [8.4725655, 12.0525899], [8.4725294, 12.0526843], [8.4723705, 12.052626]]]}}, {"type": "Feature", "properties": {"name": null, "name:en": null, "amenity": null, "building": "school", "operator:type": null, "capacity:persons": null, "addr:full": null, "addr:city": null, "source": null, "osm_id": 290366214, "osm_type": "ways_poly", "Analysis_Region": "North West"}, "geometry": {"type": "Polygon", "coordinates": [[[8.4725596, 12.0520485], [8.4725889, 12.05198], [8.4727864, 12.0520609], [8.472757, 12.0521294], [8.4725596, 12.0520485]]]}}, {"type": "Feature", "properties": {"name": null, "name:en": null, "amenity": null, "building": "school", "operator:type": null, "capacity:persons": null, "addr:full": null, "addr:city": null, "source": null, "osm_id": 290366211, "osm_type": "ways_poly", "Analysis_Region": "North West"}, "geometry": {"type": "Polygon", "coordinates": [[[8.4723142, 12.0524015], [8.4723813, 12.0522161], [8.4724478, 12.0522392], [8.4723807, 12.0524245], [8.4723142, 12.0524015]]]}}, {"type": "Feature", "properties": {"name": null, "name:en": null, "amenity": null, "building": "school", "operator:type": null, "capacity:persons": null, "addr:full": null, "addr:city": null, "source": null, "osm_id": 290366191, "osm_type": "ways_poly", "Analysis_Region": "North West"}, "geometry": {"type": "Polygon", "coordinates": [[[8.4723109, 12.0527245], [8.4723263, 12.0526772], [8.4723392, 12.0526375], [8.4725226, 12.0526945], [8.4724943, 12.0527816], [8.4723109, 12.0527245]]]}}, {"type": "Feature", "properties": {"name": null, "name:en": null, "amenity": null, "building": "school", "operator:type": null, "capacity:persons": null, "addr:full": null, "addr:city": null, "source": null, "osm_id": 290366197, "osm_type": "ways_poly", "Analysis_Region": "North West"}, "geometry": {"type": "Polygon", "coordinates": [[[8.4726284, 12.0526889], [8.472696, 12.0524974], [8.4727695, 12.0525222], [8.4727161, 12.0526735], [8.4727019, 12.0527138], [8.4726284, 12.0526889]]]}}, {"type": "Feature", "properties": {"name": null, "name:en": null, "amenity": null, "building": "school", "operator:type": null, "capacity:persons": null, "addr:full": null, "addr:city": null, "source": null, "osm_id": 290366198, "osm_type": "ways_poly", "Analysis_Region": "North West"}, "geometry": {"type": "Polygon", "coordinates": [[[8.4727013, 12.0524759], [8.4727713, 12.0522808], [8.4728464, 12.0523066], [8.4727764, 12.0525017], [8.4727013, 12.0524759]]]}}, {"type": "Feature", "properties": {"name": null, "name:en": null, "amenity": null, "building": "school", "operator:type": null, "capacity:persons": null, "addr:full": null, "addr:city": null, "source": null, "osm_id": 290366210, "osm_type": "ways_poly", "Analysis_Region": "North West"}, "geometry": {"type": "Polygon", "coordinates": [[[8.4722287, 12.0526061], [8.4722885, 12.0524453], [8.4723662, 12.0524729], [8.4723064, 12.0526338], [8.4722287, 12.0526061]]]}}, {"type": "Feature", "properties": {"name": null, "name:en": null, "amenity": null, "building": "school", "operator:type": null, "capacity:persons": null, "addr:full": null, "addr:city": null, "source": null, "osm_id": 290366212, "osm_type": "ways_poly", "Analysis_Region": "North West"}, "geometry": {"type": "Polygon", "coordinates": [[[8.4723963, 12.0521864], [8.4724625, 12.0519979], [8.4725367, 12.0520228], [8.4724704, 12.0522113], [8.4723963, 12.0521864]]]}}, {"type": "Feature", "properties": {"name": null, "name:en": null, "amenity": null, "building": "school", "operator:type": null, "capacity:persons": null, "addr:full": null, "addr:city": null, "source": null, "osm_id": 290366215, "osm_type": "ways_poly", "Analysis_Region": "North West"}, "geometry": {"type": "Polygon", "coordinates": [[[8.4727773, 12.0521438], [8.4728147, 12.0520656], [8.4730054, 12.0521527], [8.472968, 12.052231], [8.4727773, 12.0521438]]]}}, {"type": "Feature", "properties": {"name": "Hassan Gwarzo School", "name:en": null, "amenity": "school", "building": null, "operator:type": null, "capacity:persons": null, "addr:full": null, "addr:city": null, "source": "steadfast.com.ng", "osm_id": 378619394, "osm_type": "ways_poly", "Analysis_Region": "North West"}, "geometry": {"type": "Polygon", "coordinates": [[[8.5381145, 11.9494389], [8.538251, 11.9491866], [8.5385848, 11.9489639], [8.5396211, 11.9492097], [8.5397555, 11.9493085], [8.5398573, 11.9493769], [8.5400566, 11.949669], [8.5404814, 11.9501589], [8.5413918, 11.9505745], [8.539518, 11.9529495], [8.5381448, 11.9496319], [8.5381145, 11.9494389]]]}}, {"type": "Feature", "properties": {"name": "HAUSAWA MODELBOYS SEC SCHOOL", "name:en": null, "amenity": "school", "building": null, "operator:type": null, "capacity:persons": null, "addr:full": null, "addr:city": null, "source": null, "osm_id": 282830150, "osm_type": "ways_poly", "Analysis_Region": "North West"}, "geometry": {"type": "Polygon", "coordinates": [[[8.538, 11.9661], [8.5385902, 11.9654255], [8.5387, 11.9653], [8.5388749, 11.9651001], [8.5394, 11.9645], [8.5397, 11.9648], [8.5401, 11.9644], [8.5405, 11.9648], [8.5402, 11.9652], [8.5406, 11.9656], [8.5399566, 11.9662974], [8.5392717, 11.967176], [8.538, 11.9661]]]}}, {"type": "Feature", "properties": {"name": "FACULTY OF ART AND SOCIAL SIENCES", "name:en": null, "amenity": null, "building": "school", "operator:type": null, "capacity:persons": null, "addr:full": null, "addr:city": null, "source": null, "osm_id": 949143203, "osm_type": "ways_poly", "Analysis_Region": "North East"}, "geometry": {"type": "Polygon", "coordinates": [[[11.1752387, 10.3083455], [11.1754362, 10.3081963], [11.1753992, 10.3081489], [11.1754012, 10.3080788], [11.175419, 10.3080225], [11.175263, 10.3078681], [11.1753916, 10.3077423], [11.1754664, 10.3078163], [11.1755248, 10.3077592], [11.1756403, 10.3078735], [11.1757626, 10.3077539], [11.1758172, 10.3078081], [11.1758949, 10.3077321], [11.176044, 10.3078796], [11.175885, 10.3080351], [11.1759041, 10.3080887], [11.1759054, 10.3081492], [11.1758869, 10.3081973], [11.1760444, 10.3083624], [11.1758907, 10.3085044], [11.1758195, 10.3084297], [11.1757569, 10.3084874], [11.1756479, 10.3083732], [11.1755264, 10.3084855], [11.1754756, 10.3084323], [11.1753872, 10.3085139], [11.1752934, 10.3084156], [11.1752387, 10.3083455]]]}}, {"type": "Feature", "properties": {"name": "COMPOREHENSIVE DAY GABKKA.", "name:en": null, "amenity": "school", "building": null, "operator:type": null, "capacity:persons": null, "addr:full": null, "addr:city": null, "source": null, "osm_id": 1318489558, "osm_type": "ways_poly", "Analysis_Region": "North East"}, "geometry": {"type": "Polygon", "coordinates": [[[11.1622767, 10.271832], [11.1622983, 10.2714136], [11.1630686, 10.2715137], [11.1637063, 10.2715955], [11.163654, 10.2720442], [11.163654, 10.2724474], [11.1630224, 10.2723989], [11.1622983, 10.2722625], [11.1622767, 10.271832]]]}}, {"type": "Feature", "properties": {"name": null, "name:en": null, "amenity": "school", "building": null, "operator:type": null, "capacity:persons": null, "addr:full": null, "addr:city": null, "source": null, "osm_id": 724322304, "osm_type": "ways_poly", "Analysis_Region": "North West"}, "geometry": {"type": "Polygon", "coordinates": [[[3.6725503, 10.2766324], [3.6731404, 10.2765426], [3.6733872, 10.2773661], [3.6727971, 10.2776142], [3.6726093, 10.2771285], [3.6727488, 10.2770758], [3.6725503, 10.2766324]]]}}, {"type": "Feature", "properties": {"name": "Faculty of Computer Science & Information Technology/Centre for Information Technology", "name:en": null, "amenity": "university", "building": null, "operator:type": null, "capacity:persons": null, "addr:full": null, "addr:city": null, "source": null, "osm_id": 284840642, "osm_type": "ways_poly", "Analysis_Region": "North West"}, "geometry": {"type": "Polygon", "coordinates": [[[8.4245514, 11.974656], [8.4246145, 11.9746014], [8.4246229, 11.9746104], [8.4246498, 11.9745886], [8.4246237, 11.9745608], [8.4246475, 11.9745405], [8.4246706, 11.9745638], [8.424686, 11.9745495], [8.4246744, 11.9745382], [8.4246852, 11.974527], [8.4246475, 11.9744871], [8.4246752, 11.9744615], [8.4246944, 11.974463], [8.4247352, 11.9745051], [8.4247504, 11.9744924], [8.4247574, 11.9744986], [8.4247873, 11.9744747], [8.424765, 11.9744476], [8.424783, 11.9744305], [8.4248107, 11.9744577], [8.4248379, 11.9744364], [8.4248325, 11.9744295], [8.4248966, 11.97438], [8.4250173, 11.9745327], [8.4249591, 11.9745832], [8.4249526, 11.9745784], [8.4249069, 11.9746188], [8.4250276, 11.9747709], [8.4249124, 11.9748645], [8.4247873, 11.9747156], [8.4246775, 11.974805], [8.4245514, 11.974656]]]}}, {"type": "Feature", "properties": {"name": "Laboratory & Learning Resource Centre", "name:en": null, "amenity": "university", "building": "yes", "operator:type": null, "capacity:persons": null, "addr:full": null, "addr:city": null, "source": null, "osm_id": 285879814, "osm_type": "ways_poly", "Analysis_Region": "North West"}, "geometry": {"type": "Polygon", "coordinates": [[[8.4304206, 11.9730614], [8.4305005, 11.9728912], [8.430599, 11.9729225], [8.4305134, 11.9730927], [8.4304206, 11.9730614]]]}}, {"type": "Feature", "properties": {"name": "Zonal Advanced Spaced Applications Laboratory", "name:en": null, "amenity": "university", "building": "yes", "operator:type": null, "capacity:persons": null, "addr:full": null, "addr:city": null, "source": null, "osm_id": 285879823, "osm_type": "ways_poly", "Analysis_Region": "North West"}, "geometry": {"type": "Polygon", "coordinates": [[[8.4304222, 11.975511], [8.4304655, 11.9754451], [8.4305532, 11.9754939], [8.4305724, 11.9755031], [8.4305413, 11.9755466], [8.4305273, 11.9755388], [8.4305094, 11.9755602], [8.4304222, 11.975511]]]}}, {"type": "Feature", "properties": {"name": "Security Office", "name:en": null, "amenity": "university", "building": "yes", "operator:type": null, "capacity:persons": null, "addr:full": null, "addr:city": null, "source": null, "osm_id": 285879817, "osm_type": "ways_poly", "Analysis_Region": "North West"}, "geometry": {"type": "Polygon", "coordinates": [[[8.4287577, 11.9682073], [8.4287817, 11.9681631], [8.42891, 11.9682211], [8.4288804, 11.9682666], [8.4287577, 11.9682073]]]}}, {"type": "Feature", "properties": {"name": "Security Office", "name:en": null, "amenity": "university", "building": "yes", "operator:type": null, "capacity:persons": null, "addr:full": null, "addr:city": null, "source": null, "osm_id": 285879816, "osm_type": "ways_poly", "Analysis_Region": "North West"}, "geometry": {"type": "Polygon", "coordinates": [[[8.428453, 11.9682087], [8.4284728, 11.9681686], [8.4284544, 11.9681521], [8.4284854, 11.9681065], [8.4285532, 11.9681452], [8.4285391, 11.9681742], [8.4285814, 11.9681976], [8.428618, 11.9681521], [8.4286843, 11.9681949], [8.4286152, 11.9682873], [8.428635, 11.968297], [8.4285927, 11.9683591], [8.4284742, 11.9682777], [8.4284925, 11.9682528], [8.4284784, 11.9682445], [8.4284854, 11.9682266], [8.428453, 11.9682087]]]}}, {"type": "Feature", "properties": {"name": "Zonal Advanced Spaced Applications Laboratory", "name:en": null, "amenity": "university", "building": "yes", "operator:type": null, "capacity:persons": null, "addr:full": null, "addr:city": null, "source": null, "osm_id": 285879818, "osm_type": "ways_poly", "Analysis_Region": "North West"}, "geometry": {"type": "Polygon", "coordinates": [[[8.4300745, 11.9749143], [8.4301902, 11.9746606], [8.430264, 11.9747016], [8.4303159, 11.974686], [8.4303558, 11.9747055], [8.4303617, 11.9747406], [8.4304475, 11.9748011], [8.4303099, 11.9750392], [8.4302001, 11.9749787], [8.4301782, 11.9749826], [8.4301662, 11.9749592], [8.4300745, 11.9749143]]]}}, {"type": "Feature", "properties": {"name": "Zonal Advanced Spaced Applications Laboratory", "name:en": null, "amenity": "university", "building": "yes", "operator:type": null, "capacity:persons": null, "addr:full": null, "addr:city": null, "source": null, "osm_id": 285879822, "osm_type": "ways_poly", "Analysis_Region": "North West"}, "geometry": {"type": "Polygon", "coordinates": [[[8.429484, 11.9758998], [8.4295897, 11.9757164], [8.4297014, 11.9757866], [8.4296037, 11.975974], [8.429484, 11.9758998]]]}}, {"type": "Feature", "properties": {"name": "Musa Abdullahi Auditorium", "name:en": null, "amenity": "university", "building": "yes", "operator:type": null, "capacity:persons": null, "addr:full": null, "addr:city": null, "source": "bing", "osm_id": 284840629, "osm_type": "ways_poly", "Analysis_Region": "North West"}, "geometry": {"type": "Polygon", "coordinates": [[[8.4278447, 11.9731777], [8.4278508, 11.9731092], [8.4278831, 11.9731062], [8.42794, 11.9730686], [8.4279477, 11.973037], [8.428023, 11.973043], [8.4280261, 11.9730686], [8.4281215, 11.9730837], [8.4281876, 11.9731814], [8.4281768, 11.9732762], [8.4282245, 11.9732792], [8.4282153, 11.9733935], [8.4281061, 11.9734673], [8.4279954, 11.9734492], [8.4280015, 11.973392], [8.4279185, 11.973377], [8.4278447, 11.9732762], [8.4278639, 11.9731807], [8.4278447, 11.9731777]]]}}, {"type": "Feature", "properties": {"name": "Department of Sociology and Geography", "name:en": null, "amenity": "university", "building": "yes", "operator:type": null, "capacity:persons": null, "addr:full": null, "addr:city": null, "source": null, "osm_id": 285879810, "osm_type": "ways_poly", "Analysis_Region": "North West"}, "geometry": {"type": "Polygon", "coordinates": [[[8.4299184, 11.9716861], [8.4299889, 11.9715233], [8.4301159, 11.9715702], [8.4300397, 11.971733], [8.4299184, 11.9716861]]]}}, {"type": "Feature", "properties": {"name": "Centre for Research in Nigeria Languages and Folklore", "name:en": null, "amenity": "university", "building": "yes", "operator:type": null, "capacity:persons": null, "addr:full": null, "addr:city": null, "source": null, "osm_id": 285879807, "osm_type": "ways_poly", "Analysis_Region": "North West"}, "geometry": {"type": "Polygon", "coordinates": [[[8.4300361, 11.9714181], [8.4300402, 11.9713102], [8.4300944, 11.9713144], [8.4300911, 11.9714167], [8.4300361, 11.9714181]]]}}, {"type": "Feature", "properties": {"name": "Department of Education", "name:en": null, "amenity": "university", "building": "yes", "operator:type": null, "capacity:persons": null, "addr:full": null, "addr:city": null, "source": null, "osm_id": 285879809, "osm_type": "ways_poly", "Analysis_Region": "North West"}, "geometry": {"type": "Polygon", "coordinates": [[[8.429631, 11.9737988], [8.4297165, 11.9736423], [8.4298012, 11.9736943], [8.4297165, 11.9738394], [8.429631, 11.9737988]]]}}, {"type": "Feature", "properties": {"name": "Faculty of Education Complex", "name:en": null, "amenity": "university", "building": "yes", "operator:type": null, "capacity:persons": null, "addr:full": null, "addr:city": null, "source": null, "osm_id": 285879811, "osm_type": "ways_poly", "Analysis_Region": "North West"}, "geometry": {"type": "Polygon", "coordinates": [[[8.4301805, 11.9729779], [8.4302553, 11.9727185], [8.4303033, 11.9725556], [8.4303371, 11.9725598], [8.4303583, 11.9725349], [8.430426, 11.9725529], [8.430433, 11.9725722], [8.4304669, 11.9725888], [8.4303188, 11.9730165], [8.4302948, 11.9730179], [8.4302482, 11.9730248], [8.4302031, 11.9729848], [8.4301805, 11.9729779]]]}}, {"type": "Feature", "properties": {"name": "Zonal Advanced Spaced Applications Laboratory", "name:en": null, "amenity": "university", "building": "yes", "operator:type": null, "capacity:persons": null, "addr:full": null, "addr:city": null, "source": null, "osm_id": 285879819, "osm_type": "ways_poly", "Analysis_Region": "North West"}, "geometry": {"type": "Polygon", "coordinates": [[[8.4296515, 11.9756754], [8.4296894, 11.9755934], [8.4296635, 11.9755719], [8.4296954, 11.9755056], [8.4297373, 11.9755212], [8.4298191, 11.9753495], [8.4297872, 11.9753319], [8.4298151, 11.9752675], [8.4297573, 11.9752382], [8.4298929, 11.9750138], [8.4300326, 11.9749826], [8.4301044, 11.9750119], [8.4300505, 11.9750977], [8.4300186, 11.975088], [8.4299568, 11.9751094], [8.429871, 11.9752734], [8.4299129, 11.9753007], [8.4298969, 11.9753592], [8.4299169, 11.9753924], [8.4298151, 11.9755817], [8.4297812, 11.9755817], [8.4297513, 11.9756227], [8.4297852, 11.9756402], [8.4297373, 11.9757203], [8.4296515, 11.9756754]]]}}, {"type": "Feature", "properties": {"name": "Zonal Advanced Spaced Applications Laboratory", "name:en": null, "amenity": "university", "building": "yes", "operator:type": null, "capacity:persons": null, "addr:full": null, "addr:city": null, "source": null, "osm_id": 285879820, "osm_type": "ways_poly", "Analysis_Region": "North West"}, "geometry": {"type": "Polygon", "coordinates": [[[8.4290989, 11.9751953], [8.4291229, 11.9751738], [8.4291169, 11.9751329], [8.4291668, 11.975127], [8.4292585, 11.9751036], [8.4292865, 11.9751172], [8.4293044, 11.9750919], [8.4293862, 11.975125], [8.4293762, 11.9751563], [8.4294002, 11.9751758], [8.4294122, 11.9752109], [8.4293603, 11.9752168], [8.4293304, 11.975209], [8.4292605, 11.9751719], [8.4292127, 11.9751836], [8.4291807, 11.9752421], [8.4291947, 11.9752812], [8.4292585, 11.9753202], [8.4293044, 11.9753924], [8.4292725, 11.975408], [8.4292426, 11.9754041], [8.4292226, 11.9754158], [8.4291548, 11.9753768], [8.4291648, 11.9753534], [8.4291289, 11.9753378], [8.4290989, 11.9751953]]]}}, {"type": "Feature", "properties": {"name": "Zonal Advanced Spaced Applications Laboratory", "name:en": null, "amenity": "university", "building": "yes", "operator:type": null, "capacity:persons": null, "addr:full": null, "addr:city": null, "source": null, "osm_id": 285879821, "osm_type": "ways_poly", "Analysis_Region": "North West"}, "geometry": {"type": "Polygon", "coordinates": [[[8.4298231, 11.9756695], [8.4300007, 11.975367], [8.4300725, 11.9754178], [8.4299109, 11.9757105], [8.4298231, 11.9756695]]]}}, {"type": "Feature", "properties": {"name": null, "name:en": null, "amenity": "school", "building": null, "operator:type": null, "capacity:persons": null, "addr:full": null, "addr:city": null, "source": null, "osm_id": 723068152, "osm_type": "ways_poly", "Analysis_Region": "North West"}, "geometry": {"type": "Polygon", "coordinates": [[[3.8744321, 10.6417817], [3.8744858, 10.6412571], [3.8755909, 10.6413599], [3.8755426, 10.6418713], [3.8744321, 10.6417817]]]}}, {"type": "Feature", "properties": {"name": null, "name:en": null, "amenity": "school", "building": null, "operator:type": null, "capacity:persons": null, "addr:full": null, "addr:city": null, "source": null, "osm_id": 501057244, "osm_type": "ways_poly", "Analysis_Region": "North West"}, "geometry": {"type": "Polygon", "coordinates": [[[3.7297565, 11.1575716], [3.7306201, 11.1573242], [3.730706, 11.1579505], [3.7309313, 11.1579715], [3.7308186, 11.1586821], [3.7299603, 11.1585873], [3.7297565, 11.1575716]]]}}, {"type": "Feature", "properties": {"name": null, "name:en": null, "amenity": "school", "building": null, "operator:type": null, "capacity:persons": null, "addr:full": null, "addr:city": null, "source": null, "osm_id": 335510559, "osm_type": "ways_poly", "Analysis_Region": "North East"}, "geometry": {"type": "Polygon", "coordinates": [[[9.8791596, 10.3166372], [9.8792185, 10.3143613], [9.8805603, 10.3153146], [9.880326, 10.3166837], [9.8791596, 10.3166372]]]}}, {"type": "Feature", "properties": {"name": "Turim Primary School", "name:en": null, "amenity": null, "building": "school", "operator:type": null, "capacity:persons": null, "addr:full": null, "addr:city": null, "source": null, "osm_id": 1320109159, "osm_type": "ways_poly", "Analysis_Region": "North East"}, "geometry": {"type": "Polygon", "coordinates": [[[9.6934504, 12.4357494], [9.6934857, 12.4356779], [9.6936741, 12.4357666], [9.6936388, 12.4358381], [9.6934504, 12.4357494]]]}}, {"type": "Feature", "properties": {"name": "Kadawa Primary School", "name:en": null, "amenity": null, "building": "school", "operator:type": null, "capacity:persons": null, "addr:full": null, "addr:city": null, "source": null, "osm_id": 641595088, "osm_type": "ways_poly", "Analysis_Region": "North East"}, "geometry": {"type": "Polygon", "coordinates": [[[10.4663416, 12.8783564], [10.4665823, 12.8783271], [10.4666426, 12.878637], [10.4665519, 12.8786492], [10.4665317, 12.8784275], [10.466359, 12.8784475], [10.4663416, 12.8783564]]]}}, {"type": "Feature", "properties": {"name": "Government Day Secondary School (GDSS) Howei", "name:en": null, "amenity": "school", "building": null, "operator:type": null, "capacity:persons": null, "addr:full": null, "addr:city": null, "source": null, "osm_id": 1304919106, "osm_type": "ways_poly", "Analysis_Region": "North East"}, "geometry": {"type": "Polygon", "coordinates": [[[11.3681647, 8.9574565], [11.368264, 8.9572724], [11.3683552, 8.9571584], [11.3688245, 8.9566577], [11.3688487, 8.9566179], [11.3689414, 8.9565125], [11.3695259, 8.9569995], [11.3696869, 8.9568855], [11.3700758, 8.9572896], [11.3700423, 8.9573161], [11.3702783, 8.9576128], [11.3700825, 8.9577784], [11.3695662, 8.9583388], [11.369357, 8.9581719], [11.369369, 8.958144], [11.3688447, 8.9578182], [11.3687883, 8.9579043], [11.3681862, 8.9574856], [11.3681647, 8.9574565]]]}}, {"type": "Feature", "properties": {"name": null, "name:en": null, "amenity": null, "building": "school", "operator:type": null, "capacity:persons": null, "addr:full": null, "addr:city": null, "source": null, "osm_id": 289620345, "osm_type": "ways_poly", "Analysis_Region": "North West"}, "geometry": {"type": "Polygon", "coordinates": [[[8.5623078, 11.9577113], [8.562387, 11.9575522], [8.5624588, 11.9575864], [8.5623797, 11.9577455], [8.5623078, 11.9577113]]]}}, {"type": "Feature", "properties": {"name": null, "name:en": null, "amenity": null, "building": "school", "operator:type": null, "capacity:persons": null, "addr:full": null, "addr:city": null, "source": null, "osm_id": 289620346, "osm_type": "ways_poly", "Analysis_Region": "North West"}, "geometry": {"type": "Polygon", "coordinates": [[[8.5623289, 11.9574799], [8.5623616, 11.9574175], [8.5625183, 11.9574963], [8.5624856, 11.9575586], [8.5623289, 11.9574799]]]}}, {"type": "Feature", "properties": {"name": null, "name:en": null, "amenity": null, "building": "school", "operator:type": null, "capacity:persons": null, "addr:full": null, "addr:city": null, "source": null, "osm_id": 289620347, "osm_type": "ways_poly", "Analysis_Region": "North West"}, "geometry": {"type": "Polygon", "coordinates": [[[8.5620895, 11.9573841], [8.5621337, 11.9573034], [8.5623268, 11.9574047], [8.5622826, 11.9574854], [8.5620895, 11.9573841]]]}}, {"type": "Feature", "properties": {"name": null, "name:en": null, "amenity": null, "building": "school", "operator:type": null, "capacity:persons": null, "addr:full": null, "addr:city": null, "source": null, "osm_id": 527048940, "osm_type": "ways_poly", "Analysis_Region": "North West"}, "geometry": {"type": "Polygon", "coordinates": [[[8.5390502, 11.9507977], [8.5391295, 11.9507511], [8.5392228, 11.9509029], [8.5393475, 11.9508295], [8.5393967, 11.9509095], [8.5391927, 11.9510296], [8.5390502, 11.9507977]]]}}, {"type": "Feature", "properties": {"name": null, "name:en": null, "amenity": null, "building": "school", "operator:type": null, "capacity:persons": null, "addr:full": null, "addr:city": null, "source": null, "osm_id": 298818960, "osm_type": "ways_poly", "Analysis_Region": "North West"}, "geometry": {"type": "Polygon", "coordinates": [[[8.5593309, 11.9516587], [8.5593746, 11.9516167], [8.5594031, 11.9516451], [8.5593594, 11.9516871], [8.5593309, 11.9516587]]]}}, {"type": "Feature", "properties": {"name": null, "name:en": null, "amenity": null, "building": "school", "operator:type": null, "capacity:persons": null, "addr:full": null, "addr:city": null, "source": null, "osm_id": 527050215, "osm_type": "ways_poly", "Analysis_Region": "North West"}, "geometry": {"type": "Polygon", "coordinates": [[[8.539291, 11.9503235], [8.5394223, 11.9502137], [8.5395997, 11.9504167], [8.5394683, 11.9505266], [8.539291, 11.9503235]]]}}, {"type": "Feature", "properties": {"name": null, "name:en": null, "amenity": null, "building": "school", "operator:type": null, "capacity:persons": null, "addr:full": null, "addr:city": null, "source": null, "osm_id": 527050214, "osm_type": "ways_poly", "Analysis_Region": "North West"}, "geometry": {"type": "Polygon", "coordinates": [[[8.539123, 11.9506589], [8.5394063, 11.9504633], [8.5394575, 11.9505343], [8.5391742, 11.9507298], [8.539123, 11.9506589]]]}}, {"type": "Feature", "properties": {"name": "Lassandi Primary School", "name:en": null, "amenity": "school", "building": null, "operator:type": null, "capacity:persons": null, "addr:full": null, "addr:city": null, "source": null, "osm_id": 1304936333, "osm_type": "ways_poly", "Analysis_Region": "North East"}, "geometry": {"type": "Polygon", "coordinates": [[[11.3581571, 8.944883], [11.3584264, 8.9440482], [11.3591661, 8.9442673], [11.3588997, 8.9451195], [11.3585251, 8.9449953], [11.3585214, 8.9450045], [11.3581571, 8.944883]]]}}, {"type": "Feature", "properties": {"name": "ECWA Bingham Nursery and Primary School", "name:en": null, "amenity": null, "building": "school", "operator:type": null, "capacity:persons": null, "addr:full": null, "addr:city": null, "source": null, "osm_id": 1304919122, "osm_type": "ways_poly", "Analysis_Region": "North East"}, "geometry": {"type": "Polygon", "coordinates": [[[11.367001, 8.9560867], [11.367054, 8.9560118], [11.3671424, 8.9560728], [11.3670895, 8.9561477], [11.367001, 8.9560867]]]}}, {"type": "Feature", "properties": {"name": null, "name:en": null, "amenity": "school", "building": null, "operator:type": null, "capacity:persons": null, "addr:full": null, "addr:city": null, "source": null, "osm_id": 327684766, "osm_type": "ways_poly", "Analysis_Region": "North East"}, "geometry": {"type": "Polygon", "coordinates": [[[14.1784784, 12.4823261], [14.1786608, 12.4818494], [14.1792509, 12.4821218], [14.1790416, 12.4826089], [14.1784784, 12.4823261]]]}}, {"type": "Feature", "properties": {"name": null, "name:en": null, "amenity": null, "building": "school", "operator:type": null, "capacity:persons": null, "addr:full": null, "addr:city": null, "source": null, "osm_id": 600977653, "osm_type": "ways_poly", "Analysis_Region": "North West"}, "geometry": {"type": "Polygon", "coordinates": [[[6.5302858, 9.6343843], [6.5303103, 9.6342706], [6.5303729, 9.6342837], [6.5303484, 9.6343974], [6.5302858, 9.6343843]]]}}, {"type": "Feature", "properties": {"name": null, "name:en": null, "amenity": "school", "building": null, "operator:type": null, "capacity:persons": null, "addr:full": null, "addr:city": null, "source": null, "osm_id": 600982153, "osm_type": "ways_poly", "Analysis_Region": "North West"}, "geometry": {"type": "Polygon", "coordinates": [[[6.5300968, 9.6350784], [6.530408, 9.6331745], [6.5316954, 9.6335077], [6.5311429, 9.6353323], [6.5300968, 9.6350784]]]}}, {"type": "Feature", "properties": {"name": null, "name:en": null, "amenity": "school", "building": null, "operator:type": null, "capacity:persons": null, "addr:full": null, "addr:city": null, "source": null, "osm_id": 307947130, "osm_type": "ways_poly", "Analysis_Region": "North East"}, "geometry": {"type": "Polygon", "coordinates": [[[10.1803622, 11.6865526], [10.1805392, 11.6858014], [10.1813197, 11.6860667], [10.1819635, 11.6861455], [10.181891, 11.6868835], [10.1818669, 11.6868862], [10.1812956, 11.6868625], [10.1803622, 11.6865526]]]}}, {"type": "Feature", "properties": {"name": "Centre for African Entrepreneurship Research & Traininng", "name:en": null, "amenity": "university", "building": "yes", "operator:type": null, "capacity:persons": null, "addr:full": null, "addr:city": null, "source": null, "osm_id": 285879806, "osm_type": "ways_poly", "Analysis_Region": "North West"}, "geometry": {"type": "Polygon", "coordinates": [[[8.4288378, 11.9743396], [8.4288877, 11.9742342], [8.4288538, 11.9742196], [8.4288912, 11.974132], [8.4290288, 11.9741915], [8.4289415, 11.9743845], [8.4288378, 11.9743396]]]}}, {"type": "Feature", "properties": {"name": "Little Angel Schools", "name:en": null, "amenity": "school", "building": null, "operator:type": null, "capacity:persons": null, "addr:full": null, "addr:city": null, "source": null, "osm_id": 593702171, "osm_type": "ways_poly", "Analysis_Region": "North West"}, "geometry": {"type": "Polygon", "coordinates": [[[7.6298308, 13.004439], [7.629837, 13.0043846], [7.6301413, 13.004191], [7.6304579, 13.0040095], [7.6306752, 13.0038764], [7.6309298, 13.0041547], [7.6309112, 13.0042152], [7.6308739, 13.0044209], [7.6308243, 13.0045177], [7.6307249, 13.004554], [7.6305511, 13.0046145], [7.6298308, 13.004439]]]}}, {"type": "Feature", "properties": {"name": null, "name:en": null, "amenity": null, "building": "school", "operator:type": null, "capacity:persons": null, "addr:full": null, "addr:city": null, "source": null, "osm_id": 295465434, "osm_type": "ways_poly", "Analysis_Region": "North West"}, "geometry": {"type": "Polygon", "coordinates": [[[8.5530624, 11.9677425], [8.5532175, 11.9677374], [8.5532197, 11.9678013], [8.5530646, 11.9678065], [8.5530624, 11.9677425]]]}}, {"type": "Feature", "properties": {"name": null, "name:en": null, "amenity": null, "building": "school", "operator:type": null, "capacity:persons": null, "addr:full": null, "addr:city": null, "source": null, "osm_id": 289231825, "osm_type": "ways_poly", "Analysis_Region": "North West"}, "geometry": {"type": "Polygon", "coordinates": [[[8.5622796, 11.9502403], [8.5626177, 11.9499073], [8.5628701, 11.9501526], [8.562532, 11.9504856], [8.5622796, 11.9502403]]]}}, {"type": "Feature", "properties": {"name": null, "name:en": null, "amenity": null, "building": "school", "operator:type": null, "capacity:persons": null, "addr:full": null, "addr:city": null, "source": null, "osm_id": 289231826, "osm_type": "ways_poly", "Analysis_Region": "North West"}, "geometry": {"type": "Polygon", "coordinates": [[[8.5626439, 11.9505868], [8.5628175, 11.9504169], [8.5629107, 11.9505081], [8.5627371, 11.950678], [8.5626439, 11.9505868]]]}}, {"type": "Feature", "properties": {"name": null, "name:en": null, "amenity": null, "building": "school", "operator:type": null, "capacity:persons": null, "addr:full": null, "addr:city": null, "source": null, "osm_id": 527028646, "osm_type": "ways_poly", "Analysis_Region": "North West"}, "geometry": {"type": "Polygon", "coordinates": [[[8.580469, 11.9572491], [8.5804986, 11.9571675], [8.5806127, 11.9572072], [8.5806922, 11.9572349], [8.5806625, 11.9573165], [8.580469, 11.9572491]]]}}, {"type": "Feature", "properties": {"name": null, "name:en": null, "amenity": null, "building": "school", "operator:type": null, "capacity:persons": null, "addr:full": null, "addr:city": null, "source": null, "osm_id": 297928461, "osm_type": "ways_poly", "Analysis_Region": "North West"}, "geometry": {"type": "Polygon", "coordinates": [[[8.5428614, 11.9619348], [8.5429583, 11.9618504], [8.5430003, 11.961883], [8.543029, 11.9619057], [8.5429455, 11.962013], [8.5428614, 11.9619348]]]}}, {"type": "Feature", "properties": {"name": null, "name:en": null, "amenity": null, "building": "school", "operator:type": null, "capacity:persons": null, "addr:full": null, "addr:city": null, "source": null, "osm_id": 527030240, "osm_type": "ways_poly", "Analysis_Region": "North West"}, "geometry": {"type": "Polygon", "coordinates": [[[8.5893847, 11.9606122], [8.5894003, 11.9605155], [8.5896008, 11.9605737], [8.5895762, 11.9606582], [8.5893847, 11.9606122]]]}}, {"type": "Feature", "properties": {"name": null, "name:en": null, "amenity": null, "building": "school", "operator:type": null, "capacity:persons": null, "addr:full": null, "addr:city": null, "source": null, "osm_id": 289620339, "osm_type": "ways_poly", "Analysis_Region": "North West"}, "geometry": {"type": "Polygon", "coordinates": [[[8.5625978, 11.9567286], [8.5626308, 11.9566461], [8.562973, 11.9567775], [8.56294, 11.9568599], [8.5625978, 11.9567286]]]}}, {"type": "Feature", "properties": {"name": null, "name:en": null, "amenity": null, "building": "school", "operator:type": null, "capacity:persons": null, "addr:full": null, "addr:city": null, "source": null, "osm_id": 298563212, "osm_type": "ways_poly", "Analysis_Region": "North West"}, "geometry": {"type": "Polygon", "coordinates": [[[8.5440967, 11.9583887], [8.5441772, 11.958309], [8.5443531, 11.9584789], [8.5442726, 11.9585586], [8.5440967, 11.9583887]]]}}, {"type": "Feature", "properties": {"name": null, "name:en": null, "amenity": null, "building": "school", "operator:type": null, "capacity:persons": null, "addr:full": null, "addr:city": null, "source": null, "osm_id": 527038640, "osm_type": "ways_poly", "Analysis_Region": "North West"}, "geometry": {"type": "Polygon", "coordinates": [[[8.555994, 11.9771634], [8.5560047, 11.9771148], [8.5561737, 11.977145], [8.5561697, 11.9771922], [8.555994, 11.9771634]]]}}, {"type": "Feature", "properties": {"name": null, "name:en": null, "amenity": null, "building": "school", "operator:type": null, "capacity:persons": null, "addr:full": null, "addr:city": null, "source": null, "osm_id": 527030102, "osm_type": "ways_poly", "Analysis_Region": "North West"}, "geometry": {"type": "Polygon", "coordinates": [[[8.5399164, 11.9654083], [8.5399378, 11.9653624], [8.5400221, 11.9654], [8.5400008, 11.9654459], [8.5399164, 11.9654083]]]}}, {"type": "Feature", "properties": {"name": null, "name:en": null, "amenity": null, "building": "school", "operator:type": null, "capacity:persons": null, "addr:full": null, "addr:city": null, "source": null, "osm_id": 527020496, "osm_type": "ways_poly", "Analysis_Region": "North West"}, "geometry": {"type": "Polygon", "coordinates": [[[8.5390683, 11.9661039], [8.5391804, 11.9659542], [8.5392641, 11.9660142], [8.539152, 11.9661639], [8.5390683, 11.9661039]]]}}, {"type": "Feature", "properties": {"name": null, "name:en": null, "amenity": null, "building": "school", "operator:type": null, "capacity:persons": null, "addr:full": null, "addr:city": null, "source": null, "osm_id": 527020964, "osm_type": "ways_poly", "Analysis_Region": "North West"}, "geometry": {"type": "Polygon", "coordinates": [[[8.5390834, 11.965738], [8.5391406, 11.9656731], [8.5392912, 11.9658], [8.539234, 11.9658649], [8.5390834, 11.965738]]]}}, {"type": "Feature", "properties": {"name": null, "name:en": null, "amenity": null, "building": "school", "operator:type": null, "capacity:persons": null, "addr:full": null, "addr:city": null, "source": null, "osm_id": 527024076, "osm_type": "ways_poly", "Analysis_Region": "North West"}, "geometry": {"type": "Polygon", "coordinates": [[[8.5395808, 11.9660942], [8.5396262, 11.9660331], [8.5398301, 11.966178], [8.5397848, 11.9662391], [8.5396266, 11.9661267], [8.5395808, 11.9660942]]]}}, {"type": "Feature", "properties": {"name": null, "name:en": null, "amenity": null, "building": "school", "operator:type": null, "capacity:persons": null, "addr:full": null, "addr:city": null, "source": null, "osm_id": 527030253, "osm_type": "ways_poly", "Analysis_Region": "North West"}, "geometry": {"type": "Polygon", "coordinates": [[[8.5399444, 11.9653493], [8.5399685, 11.9652872], [8.5400461, 11.965316], [8.540022, 11.9653781], [8.5399444, 11.9653493]]]}}, {"type": "Feature", "properties": {"name": null, "name:en": null, "amenity": null, "building": "school", "operator:type": null, "capacity:persons": null, "addr:full": null, "addr:city": null, "source": null, "osm_id": 289648016, "osm_type": "ways_poly", "Analysis_Region": "North West"}, "geometry": {"type": "Polygon", "coordinates": [[[8.555909, 11.9652328], [8.5559373, 11.9648678], [8.5560079, 11.9648731], [8.5559796, 11.9652381], [8.555909, 11.9652328]]]}}, {"type": "Feature", "properties": {"name": null, "name:en": null, "amenity": null, "building": "school", "operator:type": null, "capacity:persons": null, "addr:full": null, "addr:city": null, "source": null, "osm_id": 298819134, "osm_type": "ways_poly", "Analysis_Region": "North West"}, "geometry": {"type": "Polygon", "coordinates": [[[8.5596559, 11.9494987], [8.5597116, 11.9494419], [8.5600806, 11.9497888], [8.5600249, 11.9498455], [8.5596559, 11.9494987]]]}}, {"type": "Feature", "properties": {"name": null, "name:en": null, "amenity": null, "building": "school", "operator:type": null, "capacity:persons": null, "addr:full": null, "addr:city": null, "source": null, "osm_id": 527037181, "osm_type": "ways_poly", "Analysis_Region": "North West"}, "geometry": {"type": "Polygon", "coordinates": [[[8.5597538, 11.9586032], [8.5597687, 11.9585881], [8.5598049, 11.9586223], [8.55979, 11.9586374], [8.5597538, 11.9586032]]]}}, {"type": "Feature", "properties": {"name": null, "name:en": null, "amenity": null, "building": "school", "operator:type": null, "capacity:persons": null, "addr:full": null, "addr:city": null, "source": null, "osm_id": 289620338, "osm_type": "ways_poly", "Analysis_Region": "North West"}, "geometry": {"type": "Polygon", "coordinates": [[[8.5629779, 11.9568743], [8.5630103, 11.9567967], [8.5632759, 11.9569028], [8.5632435, 11.9569804], [8.5629779, 11.9568743]]]}}, {"type": "Feature", "properties": {"name": null, "name:en": null, "amenity": null, "building": "school", "operator:type": null, "capacity:persons": null, "addr:full": null, "addr:city": null, "source": null, "osm_id": 289620337, "osm_type": "ways_poly", "Analysis_Region": "North West"}, "geometry": {"type": "Polygon", "coordinates": [[[8.5631838, 11.9559658], [8.5632222, 11.9559004], [8.5635633, 11.9560918], [8.5635251, 11.9561571], [8.5634473, 11.9561134], [8.5634262, 11.9561494], [8.5633313, 11.9560962], [8.5633523, 11.9560603], [8.5631838, 11.9559658]]]}}, {"type": "Feature", "properties": {"name": null, "name:en": null, "amenity": null, "building": "school", "operator:type": null, "capacity:persons": null, "addr:full": null, "addr:city": null, "source": null, "osm_id": 298819219, "osm_type": "ways_poly", "Analysis_Region": "North West"}, "geometry": {"type": "Polygon", "coordinates": [[[8.5584869, 11.9509016], [8.5586128, 11.9507695], [8.5586468, 11.9508005], [8.5585209, 11.9509327], [8.5584869, 11.9509016]]]}}, {"type": "Feature", "properties": {"name": null, "name:en": null, "amenity": null, "building": "school", "operator:type": null, "capacity:persons": null, "addr:full": null, "addr:city": null, "source": null, "osm_id": 289620363, "osm_type": "ways_poly", "Analysis_Region": "North West"}, "geometry": {"type": "Polygon", "coordinates": [[[8.5623734, 11.957262], [8.5624141, 11.9572043], [8.5626215, 11.9573444], [8.5625808, 11.9574021], [8.5623734, 11.957262]]]}}, {"type": "Feature", "properties": {"name": null, "name:en": null, "amenity": null, "building": "school", "operator:type": null, "capacity:persons": null, "addr:full": null, "addr:city": null, "source": null, "osm_id": 527023013, "osm_type": "ways_poly", "Analysis_Region": "North West"}, "geometry": {"type": "Polygon", "coordinates": [[[8.5381202, 11.966102], [8.5382414, 11.9659632], [8.5383056, 11.9660168], [8.5381844, 11.9661557], [8.5381202, 11.966102]]]}}, {"type": "Feature", "properties": {"name": null, "name:en": null, "amenity": null, "building": "school", "operator:type": null, "capacity:persons": null, "addr:full": null, "addr:city": null, "source": null, "osm_id": 527047688, "osm_type": "ways_poly", "Analysis_Region": "North West"}, "geometry": {"type": "Polygon", "coordinates": [[[8.5385994, 11.9499398], [8.5387184, 11.9498434], [8.5388911, 11.9500363], [8.5387875, 11.9501357], [8.5385994, 11.9499398]]]}}, {"type": "Feature", "properties": {"name": null, "name:en": null, "amenity": null, "building": "school", "operator:type": null, "capacity:persons": null, "addr:full": null, "addr:city": null, "source": null, "osm_id": 527034229, "osm_type": "ways_poly", "Analysis_Region": "North West"}, "geometry": {"type": "Polygon", "coordinates": [[[8.5396544, 11.9503329], [8.5397185, 11.9502849], [8.539984, 11.9506243], [8.5399198, 11.9506723], [8.5396544, 11.9503329]]]}}, {"type": "Feature", "properties": {"name": null, "name:en": null, "amenity": "school", "building": "yes", "operator:type": null, "capacity:persons": null, "addr:full": null, "addr:city": null, "source": null, "osm_id": 285709439, "osm_type": "ways_poly", "Analysis_Region": "North West"}, "geometry": {"type": "Polygon", "coordinates": [[[8.4272159, 11.9657384], [8.4272375, 11.9656866], [8.4274454, 11.9657388], [8.4274154, 11.9658593], [8.4273142, 11.9658318], [8.4272159, 11.9657384]]]}}, {"type": "Feature", "properties": {"name": null, "name:en": null, "amenity": null, "building": "school", "operator:type": null, "capacity:persons": null, "addr:full": null, "addr:city": null, "source": null, "osm_id": 298819725, "osm_type": "ways_poly", "Analysis_Region": "North West"}, "geometry": {"type": "Polygon", "coordinates": [[[8.5612492, 11.9509315], [8.5614083, 11.9507669], [8.5614599, 11.9508147], [8.5613008, 11.9509793], [8.5612492, 11.9509315]]]}}, {"type": "Feature", "properties": {"name": null, "name:en": null, "amenity": null, "building": "school", "operator:type": null, "capacity:persons": null, "addr:full": null, "addr:city": null, "source": null, "osm_id": 298819018, "osm_type": "ways_poly", "Analysis_Region": "North West"}, "geometry": {"type": "Polygon", "coordinates": [[[8.5596225, 11.9513609], [8.5596644, 11.9513187], [8.5596935, 11.9513464], [8.5596516, 11.9513886], [8.5596225, 11.9513609]]]}}, {"type": "Feature", "properties": {"name": "Hassan Usman Katsina Polytechnic", "name:en": null, "amenity": "university", "building": null, "operator:type": null, "capacity:persons": null, "addr:full": null, "addr:city": null, "source": null, "osm_id": 441261577, "osm_type": "ways_poly", "Analysis_Region": "North West"}, "geometry": {"type": "Polygon", "coordinates": [[[7.5889859, 12.9252671], [7.5890234, 12.9200673], [7.5890636, 12.9199471], [7.5891656, 12.9199], [7.5952247, 12.9199105], [7.5953239, 12.919934], [7.5953722, 12.9200307], [7.5954419, 12.9255887], [7.5953963, 12.9256671], [7.5953186, 12.9257142], [7.5894257, 12.9257377], [7.5892568, 12.925688], [7.5890905, 12.9255756], [7.5890154, 12.9254318], [7.5889859, 12.9252671]]]}}, {"type": "Feature", "properties": {"name": null, "name:en": null, "amenity": null, "building": "school", "operator:type": null, "capacity:persons": null, "addr:full": null, "addr:city": null, "source": null, "osm_id": 527036326, "osm_type": "ways_poly", "Analysis_Region": "North West"}, "geometry": {"type": "Polygon", "coordinates": [[[8.5791852, 11.956382], [8.579239, 11.9561916], [8.5794851, 11.9562581], [8.5794589, 11.956351], [8.5792843, 11.9563038], [8.5792568, 11.9564014], [8.5791852, 11.956382]]]}}, {"type": "Feature", "properties": {"name": null, "name:en": null, "amenity": null, "building": "school", "operator:type": null, "capacity:persons": null, "addr:full": null, "addr:city": null, "source": null, "osm_id": 527028498, "osm_type": "ways_poly", "Analysis_Region": "North West"}, "geometry": {"type": "Polygon", "coordinates": [[[8.5804444, 11.9574434], [8.5804603, 11.9572776], [8.5805396, 11.9572849], [8.5805237, 11.9574507], [8.5804444, 11.9574434]]]}}, {"type": "Feature", "properties": {"name": null, "name:en": null, "amenity": "school", "building": null, "operator:type": null, "capacity:persons": null, "addr:full": null, "addr:city": null, "source": null, "osm_id": 844264498, "osm_type": "ways_poly", "Analysis_Region": "North West"}, "geometry": {"type": "Polygon", "coordinates": [[[8.4235583, 12.091489], [8.4240544, 12.0904998], [8.4254458, 12.0910746], [8.4250807, 12.092049], [8.4235583, 12.091489]]]}}, {"type": "Feature", "properties": {"name": null, "name:en": null, "amenity": null, "building": "school", "operator:type": null, "capacity:persons": null, "addr:full": null, "addr:city": null, "source": "bing", "osm_id": 287479474, "osm_type": "ways_poly", "Analysis_Region": "North West"}, "geometry": {"type": "Polygon", "coordinates": [[[8.5634964, 11.9797829], [8.5636711, 11.9797328], [8.5637028, 11.9798385], [8.5635281, 11.9798886], [8.5634964, 11.9797829]]]}}, {"type": "Feature", "properties": {"name": null, "name:en": null, "amenity": null, "building": "school", "operator:type": null, "capacity:persons": null, "addr:full": null, "addr:city": null, "source": null, "osm_id": 527021642, "osm_type": "ways_poly", "Analysis_Region": "North West"}, "geometry": {"type": "Polygon", "coordinates": [[[8.5636049, 11.9744204], [8.5637041, 11.9743558], [8.5637283, 11.9743913], [8.5636291, 11.9744559], [8.5636049, 11.9744204]]]}}, {"type": "Feature", "properties": {"name": null, "name:en": null, "amenity": "school", "building": null, "operator:type": null, "capacity:persons": null, "addr:full": null, "addr:city": null, "source": null, "osm_id": 475689767, "osm_type": "ways_poly", "Analysis_Region": "North West"}, "geometry": {"type": "Polygon", "coordinates": [[[8.9639733, 12.6431382], [8.9648316, 12.642866], [8.9648692, 12.6431801], [8.9655075, 12.642976], [8.9658509, 12.643892], [8.9650945, 12.6441013], [8.9648584, 12.6438292], [8.9641342, 12.6439967], [8.9639733, 12.6431382]]]}}, {"type": "Feature", "properties": {"name": null, "name:en": null, "amenity": null, "building": "school", "operator:type": null, "capacity:persons": null, "addr:full": null, "addr:city": null, "source": null, "osm_id": 527033986, "osm_type": "ways_poly", "Analysis_Region": "North West"}, "geometry": {"type": "Polygon", "coordinates": [[[8.5392922, 11.9507144], [8.539371, 11.9506619], [8.539484, 11.9508243], [8.5394052, 11.9508768], [8.5392922, 11.9507144]]]}}, {"type": "Feature", "properties": {"name": null, "name:en": null, "amenity": null, "building": "school", "operator:type": null, "capacity:persons": null, "addr:full": null, "addr:city": null, "source": null, "osm_id": 297928470, "osm_type": "ways_poly", "Analysis_Region": "North West"}, "geometry": {"type": "Polygon", "coordinates": [[[8.5429626, 11.9620308], [8.5430547, 11.961939], [8.5431371, 11.9620181], [8.543045, 11.9621099], [8.5429626, 11.9620308]]]}}, {"type": "Feature", "properties": {"name": null, "name:en": null, "amenity": null, "building": "school", "operator:type": null, "capacity:persons": null, "addr:full": null, "addr:city": null, "source": null, "osm_id": 298818906, "osm_type": "ways_poly", "Analysis_Region": "North West"}, "geometry": {"type": "Polygon", "coordinates": [[[8.5662406, 11.9461013], [8.5663047, 11.946095], [8.5663288, 11.9463301], [8.5662646, 11.9463364], [8.5662406, 11.9461013]]]}}, {"type": "Feature", "properties": {"name": null, "name:en": null, "amenity": null, "building": "school", "operator:type": null, "capacity:persons": null, "addr:full": null, "addr:city": null, "source": null, "osm_id": 527043786, "osm_type": "ways_poly", "Analysis_Region": "North West"}, "geometry": {"type": "Polygon", "coordinates": [[[8.5735718, 11.9691962], [8.5736109, 11.969155], [8.5736799, 11.9692177], [8.5736407, 11.969259], [8.5735718, 11.9691962]]]}}, {"type": "Feature", "properties": {"name": "Tambayahaya Nursery and Primary School", "name:en": null, "amenity": "school", "building": null, "operator:type": null, "capacity:persons": null, "addr:full": null, "addr:city": null, "source": null, "osm_id": 292190555, "osm_type": "ways_poly", "Analysis_Region": "North West"}, "geometry": {"type": "Polygon", "coordinates": [[[8.5351382, 12.0304291], [8.5352579, 12.0302592], [8.5353281, 12.0303066], [8.5352007, 12.0304873], [8.5351552, 12.0304566], [8.5351629, 12.0304457], [8.5351382, 12.0304291]]]}}, {"type": "Feature", "properties": {"name": null, "name:en": null, "amenity": null, "building": "school", "operator:type": null, "capacity:persons": null, "addr:full": null, "addr:city": null, "source": null, "osm_id": 298819454, "osm_type": "ways_poly", "Analysis_Region": "North West"}, "geometry": {"type": "Polygon", "coordinates": [[[8.5593759, 11.9502712], [8.5597579, 11.9499085], [8.5598337, 11.949985], [8.5594517, 11.9503477], [8.5593759, 11.9502712]]]}}, {"type": "Feature", "properties": {"name": null, "name:en": null, "amenity": null, "building": "school", "operator:type": null, "capacity:persons": null, "addr:full": null, "addr:city": null, "source": null, "osm_id": 776017201, "osm_type": "ways_poly", "Analysis_Region": "North West"}, "geometry": {"type": "Polygon", "coordinates": [[[7.4734629, 10.5929401], [7.4734776, 10.5928874], [7.4735722, 10.5929085], [7.4735567, 10.5929527], [7.4735366, 10.5929481], [7.4735353, 10.5929599], [7.4734629, 10.5929401]]]}}, {"type": "Feature", "properties": {"name": null, "name:en": null, "amenity": null, "building": "school", "operator:type": null, "capacity:persons": null, "addr:full": null, "addr:city": null, "source": null, "osm_id": 1123437779, "osm_type": "ways_poly", "Analysis_Region": "North East"}, "geometry": {"type": "Polygon", "coordinates": [[[12.4886432, 9.2066925], [12.4886808, 9.2066157], [12.4888699, 9.2067004], [12.4888323, 9.2067745], [12.4886432, 9.2066925]]]}}, {"type": "Feature", "properties": {"name": "Government Day Secondary School Deba", "name:en": null, "amenity": "school", "building": null, "operator:type": null, "capacity:persons": null, "addr:full": null, "addr:city": "Deba", "source": null, "osm_id": 481372894, "osm_type": "ways_poly", "Analysis_Region": "North East"}, "geometry": {"type": "Polygon", "coordinates": [[[11.3748765, 10.2192205], [11.377328, 10.2178954], [11.3774192, 10.2198804], [11.3754129, 10.220609], [11.3748765, 10.2192205]]]}}, {"type": "Feature", "properties": {"name": null, "name:en": null, "amenity": null, "building": "school", "operator:type": null, "capacity:persons": null, "addr:full": null, "addr:city": null, "source": null, "osm_id": 1123979483, "osm_type": "ways_poly", "Analysis_Region": "North East"}, "geometry": {"type": "Polygon", "coordinates": [[[12.4893288, 9.2106036], [12.489342, 9.2105032], [12.4895499, 9.2105297], [12.4895367, 9.2106302], [12.4893288, 9.2106036]]]}}, {"type": "Feature", "properties": {"name": null, "name:en": null, "amenity": null, "building": "school", "operator:type": null, "capacity:persons": null, "addr:full": null, "addr:city": null, "source": null, "osm_id": 1123979484, "osm_type": "ways_poly", "Analysis_Region": "North East"}, "geometry": {"type": "Polygon", "coordinates": [[[12.4894881, 9.2104567], [12.4895032, 9.2102765], [12.4895807, 9.2102829], [12.4895656, 9.210463], [12.4894881, 9.2104567]]]}}, {"type": "Feature", "properties": {"name": null, "name:en": null, "amenity": null, "building": "school", "operator:type": null, "capacity:persons": null, "addr:full": null, "addr:city": null, "source": null, "osm_id": 1123979482, "osm_type": "ways_poly", "Analysis_Region": "North East"}, "geometry": {"type": "Polygon", "coordinates": [[[12.4889259, 9.2105645], [12.4889363, 9.2104664], [12.4892037, 9.2104941], [12.4891932, 9.2105922], [12.4889259, 9.2105645]]]}}, {"type": "Feature", "properties": {"name": null, "name:en": null, "amenity": null, "building": "school", "operator:type": null, "capacity:persons": null, "addr:full": null, "addr:city": null, "source": null, "osm_id": 1123979485, "osm_type": "ways_poly", "Analysis_Region": "North East"}, "geometry": {"type": "Polygon", "coordinates": [[[12.4888405, 9.210162], [12.4889907, 9.21015], [12.4889978, 9.2102366], [12.4888476, 9.2102486], [12.4888405, 9.210162]]]}}, {"type": "Feature", "properties": {"name": "AG Modern", "name:en": null, "amenity": null, "building": "school", "operator:type": null, "capacity:persons": null, "addr:full": null, "addr:city": null, "source": null, "osm_id": 912607945, "osm_type": "ways_poly", "Analysis_Region": "North East"}, "geometry": {"type": "Polygon", "coordinates": [[[11.4814901, 10.9158704], [11.4815318, 10.9158698], [11.4815313, 10.9158396], [11.4817286, 10.9158365], [11.4817295, 10.9158932], [11.4815292, 10.9158963], [11.4815302, 10.9159607], [11.4814916, 10.9159613], [11.4814901, 10.9158704]]]}}, {"type": "Feature", "properties": {"name": null, "name:en": null, "amenity": null, "building": "school", "operator:type": null, "capacity:persons": null, "addr:full": null, "addr:city": null, "source": null, "osm_id": 1115073451, "osm_type": "ways_poly", "Analysis_Region": "North East"}, "geometry": {"type": "Polygon", "coordinates": [[[12.4884058, 9.206727], [12.488421, 9.2065046], [12.4885221, 9.2065125], [12.4885049, 9.2067329], [12.4884058, 9.206727]]]}}, {"type": "Feature", "properties": {"name": null, "name:en": null, "amenity": null, "building": "school", "operator:type": null, "capacity:persons": null, "addr:full": null, "addr:city": null, "source": null, "osm_id": 1123694480, "osm_type": "ways_poly", "Analysis_Region": "North East"}, "geometry": {"type": "Polygon", "coordinates": [[[12.4879319, 9.2069525], [12.4881283, 9.2069464], [12.4881301, 9.2070407], [12.4879319, 9.2070442], [12.4879319, 9.2069525]]]}}, {"type": "Feature", "properties": {"name": null, "name:en": null, "amenity": null, "building": "school", "operator:type": null, "capacity:persons": null, "addr:full": null, "addr:city": null, "source": null, "osm_id": 1123694514, "osm_type": "ways_poly", "Analysis_Region": "North East"}, "geometry": {"type": "Polygon", "coordinates": [[[12.4868436, 9.2078267], [12.4869008, 9.2078128], [12.4868985, 9.2078002], [12.4869662, 9.2077817], [12.4869697, 9.2078002], [12.4870304, 9.2077817], [12.4870269, 9.2077725], [12.4870596, 9.2077621], [12.4870923, 9.2078843], [12.4868798, 9.2079442], [12.4868436, 9.2078267]]]}}, {"type": "Feature", "properties": {"name": null, "name:en": null, "amenity": "school", "building": null, "operator:type": null, "capacity:persons": null, "addr:full": null, "addr:city": null, "source": null, "osm_id": 324265011, "osm_type": "ways_poly", "Analysis_Region": "North East"}, "geometry": {"type": "Polygon", "coordinates": [[[11.5913092, 13.2958685], [11.5915667, 13.2956962], [11.5918617, 13.295999], [11.5915452, 13.29626], [11.5913092, 13.2958685]]]}}, {"type": "Feature", "properties": {"name": null, "name:en": null, "amenity": null, "building": "school", "operator:type": null, "capacity:persons": null, "addr:full": null, "addr:city": null, "source": null, "osm_id": 527022606, "osm_type": "ways_poly", "Analysis_Region": "North West"}, "geometry": {"type": "Polygon", "coordinates": [[[8.5410226, 11.9715384], [8.5411729, 11.9712629], [8.5412708, 11.971314], [8.5411205, 11.9715895], [8.5410226, 11.9715384]]]}}, {"type": "Feature", "properties": {"name": null, "name:en": null, "amenity": "school", "building": "yes", "operator:type": null, "capacity:persons": null, "addr:full": null, "addr:city": null, "source": null, "osm_id": 285090313, "osm_type": "ways_poly", "Analysis_Region": "North West"}, "geometry": {"type": "Polygon", "coordinates": [[[8.423352, 11.9728593], [8.4234119, 11.972778], [8.4237333, 11.9730048], [8.4237919, 11.9729398], [8.4234659, 11.9726952], [8.4235197, 11.9726364], [8.4235448, 11.9726192], [8.4235978, 11.9726563], [8.4235796, 11.9726816], [8.4239058, 11.9729274], [8.4238678, 11.9729847], [8.4239105, 11.9730265], [8.4238518, 11.9730938], [8.4238108, 11.9730652], [8.4237428, 11.9731348], [8.423352, 11.9728593]]]}}, {"type": "Feature", "properties": {"name": null, "name:en": null, "amenity": "school", "building": null, "operator:type": null, "capacity:persons": null, "addr:full": null, "addr:city": null, "source": "Bing", "osm_id": 185718327, "osm_type": "ways_poly", "Analysis_Region": "North West"}, "geometry": {"type": "Polygon", "coordinates": [[[8.5047937, 12.0201792], [8.5053424, 12.0187816], [8.5053789, 12.0186924], [8.5054071, 12.0186185], [8.5057831, 12.0187541], [8.5058821, 12.0188132], [8.5060209, 12.0188802], [8.5064482, 12.0191104], [8.5060581, 12.0198068], [8.5056774, 12.0205607], [8.5048266, 12.0202527], [8.5047937, 12.0201792]]]}}, {"type": "Feature", "properties": {"name": null, "name:en": null, "amenity": null, "building": "school", "operator:type": null, "capacity:persons": null, "addr:full": null, "addr:city": null, "source": null, "osm_id": 781955636, "osm_type": "ways_poly", "Analysis_Region": "North West"}, "geometry": {"type": "Polygon", "coordinates": [[[7.6590635, 12.8761844], [7.6590728, 12.8760913], [7.6593901, 12.8761274], [7.6593778, 12.8762175], [7.6590635, 12.8761844]]]}}, {"type": "Feature", "properties": {"name": null, "name:en": null, "amenity": null, "building": "school", "operator:type": null, "capacity:persons": null, "addr:full": null, "addr:city": null, "source": null, "osm_id": 781955638, "osm_type": "ways_poly", "Analysis_Region": "North West"}, "geometry": {"type": "Polygon", "coordinates": [[[7.6593562, 12.8758573], [7.6593732, 12.8757356], [7.6594579, 12.8757432], [7.6594394, 12.8758678], [7.6593562, 12.8758573]]]}}, {"type": "Feature", "properties": {"name": null, "name:en": null, "amenity": null, "building": "school", "operator:type": null, "capacity:persons": null, "addr:full": null, "addr:city": null, "source": null, "osm_id": 781955639, "osm_type": "ways_poly", "Analysis_Region": "North West"}, "geometry": {"type": "Polygon", "coordinates": [[[7.6590928, 12.8756636], [7.6591036, 12.8755825], [7.6594718, 12.875626], [7.6594666, 12.875662], [7.6594595, 12.8757116], [7.6590928, 12.8756636]]]}}, {"type": "Feature", "properties": {"name": null, "name:en": null, "amenity": "school", "building": null, "operator:type": null, "capacity:persons": null, "addr:full": null, "addr:city": null, "source": null, "osm_id": 781955642, "osm_type": "ways_poly", "Analysis_Region": "North West"}, "geometry": {"type": "Polygon", "coordinates": [[[7.6589988, 12.8761772], [7.6590789, 12.875575], [7.659615, 12.875635], [7.6595319, 12.8762387], [7.6594456, 12.8762252], [7.6589988, 12.8761772]]]}}, {"type": "Feature", "properties": {"name": "Staff school office", "name:en": null, "amenity": null, "building": "school", "operator:type": null, "capacity:persons": null, "addr:full": null, "addr:city": null, "source": null, "osm_id": 935018653, "osm_type": "ways_poly", "Analysis_Region": "North East"}, "geometry": {"type": "Polygon", "coordinates": [[[9.7667183, 10.253076], [9.7667973, 10.2530003], [9.7668859, 10.2530899], [9.7668069, 10.2531656], [9.7667183, 10.253076]]]}}, {"type": "Feature", "properties": {"name": null, "name:en": null, "amenity": "school", "building": null, "operator:type": null, "capacity:persons": null, "addr:full": null, "addr:city": null, "source": "bing", "osm_id": 318896382, "osm_type": "ways_poly", "Analysis_Region": "North West"}, "geometry": {"type": "Polygon", "coordinates": [[[4.3906555, 11.8994233], [4.390806, 11.8983177], [4.3918208, 11.8985248], [4.3915722, 11.8995222], [4.3906555, 11.8994233]]]}}, {"type": "Feature", "properties": {"name": "Dadin Kowa Islamiyya Primary School", "name:en": null, "amenity": null, "building": "school", "operator:type": null, "capacity:persons": null, "addr:full": null, "addr:city": null, "source": null, "osm_id": 289797222, "osm_type": "ways_poly", "Analysis_Region": "North West"}, "geometry": {"type": "Polygon", "coordinates": [[[8.4752886, 12.0576076], [8.4753702, 12.0573647], [8.4753829, 12.0573271], [8.4756672, 12.0574185], [8.4755728, 12.057699], [8.4752886, 12.0576076]]]}}, {"type": "Feature", "properties": {"name": "Department of Business Administration and Entrepreneurship", "name:en": null, "amenity": "university", "building": null, "operator:type": null, "capacity:persons": null, "addr:full": null, "addr:city": null, "source": null, "osm_id": 284840643, "osm_type": "ways_poly", "Analysis_Region": "North West"}, "geometry": {"type": "Polygon", "coordinates": [[[8.4284855, 11.9736112], [8.4286197, 11.9735048], [8.4286381, 11.9735297], [8.4287042, 11.9736135], [8.4287923, 11.9737274], [8.4287951, 11.9737451], [8.4288424, 11.9737467], [8.4288825, 11.973764], [8.4289054, 11.9737839], [8.4289257, 11.9738154], [8.4289353, 11.9738606], [8.4289287, 11.9739002], [8.428915, 11.9739271], [8.4288916, 11.9739526], [8.4288508, 11.9739743], [8.4288258, 11.9739813], [8.4288022, 11.9739791], [8.4287717, 11.973972], [8.4287382, 11.9739531], [8.4287224, 11.9739378], [8.4287113, 11.9739227], [8.4287001, 11.9738989], [8.4286952, 11.9738794], [8.4286939, 11.9738606], [8.4286956, 11.973842], [8.4286999, 11.9738248], [8.4287142, 11.9737961], [8.4286507, 11.9738452], [8.4286203, 11.9738048], [8.4286431, 11.9737856], [8.4285942, 11.9737197], [8.428579, 11.9737303], [8.4284855, 11.9736112]]]}}, {"type": "Feature", "properties": {"name": "Government School", "name:en": null, "amenity": "school", "building": null, "operator:type": null, "capacity:persons": null, "addr:full": null, "addr:city": null, "source": null, "osm_id": 291763683, "osm_type": "ways_poly", "Analysis_Region": "North West"}, "geometry": {"type": "Polygon", "coordinates": [[[8.557263, 11.9949402], [8.5573782, 11.9945817], [8.5574218, 11.9944061], [8.5575392, 11.9939529], [8.5582358, 11.9939368], [8.558269, 11.9942791], [8.5583056, 11.9947759], [8.557263, 11.9949402]]]}}, {"type": "Feature", "properties": {"name": "Abbas Maje Nassarawa Secondary Secondary", "name:en": null, "amenity": "school", "building": null, "operator:type": null, "capacity:persons": null, "addr:full": null, "addr:city": null, "source": null, "osm_id": 292190529, "osm_type": "ways_poly", "Analysis_Region": "North West"}, "geometry": {"type": "Polygon", "coordinates": [[[8.5357522, 12.0330605], [8.5358775, 12.0328562], [8.5359532, 12.0329006], [8.5358665, 12.0330421], [8.5359517, 12.033092], [8.5359578, 12.0330822], [8.5359837, 12.0330974], [8.5359984, 12.0330735], [8.5360463, 12.0331016], [8.5360335, 12.0331223], [8.5360521, 12.0331333], [8.5360439, 12.0331466], [8.5361483, 12.0332079], [8.5362349, 12.0330666], [8.5363065, 12.0331086], [8.5361886, 12.0333009], [8.5361199, 12.0332606], [8.5361082, 12.0332797], [8.5358176, 12.0331092], [8.5358223, 12.0331016], [8.5357522, 12.0330605]]]}}, {"type": "Feature", "properties": {"name": "Abbas Maje Nassarawa Secondary Secondary", "name:en": null, "amenity": "school", "building": null, "operator:type": null, "capacity:persons": null, "addr:full": null, "addr:city": null, "source": null, "osm_id": 292190530, "osm_type": "ways_poly", "Analysis_Region": "North West"}, "geometry": {"type": "Polygon", "coordinates": [[[8.5359852, 12.0330016], [8.5360224, 12.0329401], [8.5362147, 12.0330513], [8.5361776, 12.0331128], [8.5359852, 12.0330016]]]}}, {"type": "Feature", "properties": {"name": "LIVING STONE SCHOOL", "name:en": null, "amenity": null, "building": "school", "operator:type": null, "capacity:persons": null, "addr:full": null, "addr:city": null, "source": null, "osm_id": 300267090, "osm_type": "ways_poly", "Analysis_Region": "North West"}, "geometry": {"type": "Polygon", "coordinates": [[[8.5360768, 11.9616606], [8.5361599, 11.9615766], [8.5362191, 11.9616326], [8.536136, 11.9617166], [8.5360768, 11.9616606]]]}}, {"type": "Feature", "properties": {"name": null, "name:en": null, "amenity": null, "building": "school", "operator:type": null, "capacity:persons": null, "addr:full": null, "addr:city": null, "source": null, "osm_id": 527044083, "osm_type": "ways_poly", "Analysis_Region": "North West"}, "geometry": {"type": "Polygon", "coordinates": [[[8.5466317, 11.9676966], [8.546707, 11.9675789], [8.5468428, 11.967662], [8.5468003, 11.9677284], [8.5467762, 11.9677245], [8.5467484, 11.967768], [8.5466317, 11.9676966]]]}}, {"type": "Feature", "properties": {"name": null, "name:en": null, "amenity": "school", "building": null, "operator:type": null, "capacity:persons": null, "addr:full": null, "addr:city": null, "source": null, "osm_id": 322574215, "osm_type": "ways_poly", "Analysis_Region": "North East"}, "geometry": {"type": "Polygon", "coordinates": [[[13.8457913, 12.8602714], [13.8463523, 12.8585433], [13.8480924, 12.8591458], [13.8475232, 12.8608263], [13.8457913, 12.8602714]]]}}, {"type": "Feature", "properties": {"name": null, "name:en": null, "amenity": "school", "building": null, "operator:type": null, "capacity:persons": null, "addr:full": null, "addr:city": null, "source": null, "osm_id": 322574662, "osm_type": "ways_poly", "Analysis_Region": "North East"}, "geometry": {"type": "Polygon", "coordinates": [[[13.6897412, 12.7171663], [13.6897829, 12.7169682], [13.6897917, 12.7169265], [13.6898285, 12.716752], [13.6898389, 12.7167023], [13.6898813, 12.7165012], [13.6899145, 12.716508], [13.6904604, 12.7166197], [13.6902924, 12.7172494], [13.6902829, 12.7172848], [13.6897412, 12.7171663]]]}}, {"type": "Feature", "properties": {"name": null, "name:en": null, "amenity": "school", "building": null, "operator:type": null, "capacity:persons": null, "addr:full": null, "addr:city": null, "source": "Bing", "osm_id": 414261393, "osm_type": "ways_poly", "Analysis_Region": "North East"}, "geometry": {"type": "Polygon", "coordinates": [[[11.6670513, 13.3145567], [11.6670942, 13.3144262], [11.6672921, 13.3144865], [11.6672471, 13.3146141], [11.6670513, 13.3145567]]]}}, {"type": "Feature", "properties": {"name": "College of Arabic and Islamic Studies", "name:en": null, "amenity": "school", "building": null, "operator:type": null, "capacity:persons": null, "addr:full": null, "addr:city": null, "source": null, "osm_id": 593756036, "osm_type": "ways_poly", "Analysis_Region": "North West"}, "geometry": {"type": "Polygon", "coordinates": [[[7.5979699, 12.9765318], [7.5983088, 12.9764263], [7.5994719, 12.9763855], [7.6007808, 12.9762705], [7.6020692, 12.9760727], [7.6018001, 12.9767409], [7.6015104, 12.9776191], [7.6011134, 12.9787901], [7.6008667, 12.9794592], [7.5993646, 12.9794801], [7.5989998, 12.9784346], [7.598678, 12.9778073], [7.5979699, 12.9765318]]]}}, {"type": "Feature", "properties": {"name": "St. Annes Nurs & Pri School", "name:en": null, "amenity": "school", "building": null, "operator:type": null, "capacity:persons": null, "addr:full": null, "addr:city": null, "source": null, "osm_id": 479663935, "osm_type": "ways_poly", "Analysis_Region": "North West"}, "geometry": {"type": "Polygon", "coordinates": [[[7.4215712, 10.4725899], [7.422864, 10.4722682], [7.4235131, 10.4741883], [7.4228318, 10.474758], [7.4225314, 10.4749162], [7.4216248, 10.4745839], [7.4216892, 10.4740247], [7.4216945, 10.4734339], [7.4215712, 10.4725899]]]}}, {"type": "Feature", "properties": {"name": null, "name:en": null, "amenity": null, "building": "school", "operator:type": null, "capacity:persons": null, "addr:full": null, "addr:city": null, "source": null, "osm_id": 770381610, "osm_type": "ways_poly", "Analysis_Region": "North West"}, "geometry": {"type": "Polygon", "coordinates": [[[7.4729833, 10.5927168], [7.4730167, 10.5926541], [7.4730839, 10.5926849], [7.4730483, 10.5927818], [7.4729898, 10.5927636], [7.4729879, 10.592729], [7.4729833, 10.5927168]]]}}, {"type": "Feature", "properties": {"name": null, "name:en": null, "amenity": null, "building": "school", "operator:type": null, "capacity:persons": null, "addr:full": null, "addr:city": null, "source": null, "osm_id": 1123694522, "osm_type": "ways_poly", "Analysis_Region": "North East"}, "geometry": {"type": "Polygon", "coordinates": [[[12.4859704, 9.2065824], [12.4859821, 9.2064959], [12.4862378, 9.2065374], [12.4862226, 9.2066262], [12.4859704, 9.2065824]]]}}, {"type": "Feature", "properties": {"name": null, "name:en": null, "amenity": null, "building": "school", "operator:type": null, "capacity:persons": null, "addr:full": null, "addr:city": null, "source": null, "osm_id": 1123694523, "osm_type": "ways_poly", "Analysis_Region": "North East"}, "geometry": {"type": "Polygon", "coordinates": [[[12.4859529, 9.2066965], [12.4859622, 9.206602], [12.4862167, 9.2066458], [12.4862039, 9.2067391], [12.4859529, 9.2066965]]]}}, {"type": "Feature", "properties": {"name": null, "name:en": null, "amenity": "school", "building": null, "operator:type": null, "capacity:persons": null, "addr:full": null, "addr:city": null, "source": null, "osm_id": 381163208, "osm_type": "ways_poly", "Analysis_Region": "North East"}, "geometry": {"type": "Polygon", "coordinates": [[[12.1688423, 10.6214271], [12.169047, 10.619908], [12.1698665, 10.6198103], [12.1698826, 10.6207715], [12.1698073, 10.6214607], [12.1692298, 10.6215167], [12.1688423, 10.6214271]]]}}, {"type": "Feature", "properties": {"name": null, "name:en": null, "amenity": "school", "building": null, "operator:type": null, "capacity:persons": null, "addr:full": null, "addr:city": null, "source": null, "osm_id": 335148659, "osm_type": "ways_poly", "Analysis_Region": "North East"}, "geometry": {"type": "Polygon", "coordinates": [[[14.1164896, 12.0730822], [14.1166347, 12.0724175], [14.1173966, 12.0725657], [14.1172559, 12.0732368], [14.1164896, 12.0730822]]]}}, {"type": "Feature", "properties": {"name": null, "name:en": null, "amenity": "school", "building": null, "operator:type": null, "capacity:persons": null, "addr:full": null, "addr:city": null, "source": null, "osm_id": 358572697, "osm_type": "ways_poly", "Analysis_Region": "North East"}, "geometry": {"type": "Polygon", "coordinates": [[[13.6910476, 12.4332463], [13.6912315, 12.4327211], [13.6917069, 12.4328798], [13.6915911, 12.4332107], [13.6915313, 12.4333815], [13.6915231, 12.4334051], [13.6910476, 12.4332463]]]}}, {"type": "Feature", "properties": {"name": null, "name:en": null, "amenity": null, "building": "school", "operator:type": null, "capacity:persons": null, "addr:full": null, "addr:city": null, "source": null, "osm_id": 1123694521, "osm_type": "ways_poly", "Analysis_Region": "North East"}, "geometry": {"type": "Polygon", "coordinates": [[[12.4859307, 9.2064706], [12.4859517, 9.2062735], [12.4860358, 9.2062862], [12.4860113, 9.2064844], [12.4859307, 9.2064706]]]}}, {"type": "Feature", "properties": {"name": null, "name:en": null, "amenity": null, "building": "school", "operator:type": null, "capacity:persons": null, "addr:full": null, "addr:city": null, "source": null, "osm_id": 1123979486, "osm_type": "ways_poly", "Analysis_Region": "North East"}, "geometry": {"type": "Polygon", "coordinates": [[[12.4890737, 9.2101289], [12.4893936, 9.2101188], [12.4893955, 9.2101772], [12.4890756, 9.2101874], [12.4890737, 9.2101289]]]}}, {"type": "Feature", "properties": {"name": null, "name:en": null, "amenity": null, "building": "school", "operator:type": null, "capacity:persons": null, "addr:full": null, "addr:city": null, "source": null, "osm_id": 1115073450, "osm_type": "ways_poly", "Analysis_Region": "North East"}, "geometry": {"type": "Polygon", "coordinates": [[[12.4881945, 9.206497], [12.4883986, 9.2064933], [12.4883948, 9.2065839], [12.4882019, 9.2065877], [12.4881945, 9.206497]]]}}, {"type": "Feature", "properties": {"name": null, "name:en": null, "amenity": null, "building": "school", "operator:type": null, "capacity:persons": null, "addr:full": null, "addr:city": null, "source": null, "osm_id": 1123694475, "osm_type": "ways_poly", "Analysis_Region": "North East"}, "geometry": {"type": "Polygon", "coordinates": [[[12.4874214, 9.2065392], [12.4874325, 9.2064574], [12.4875212, 9.2064701], [12.4875242, 9.2064487], [12.48761, 9.2064603], [12.487607, 9.2064845], [12.4876847, 9.2064931], [12.4876759, 9.2065715], [12.4875685, 9.2065582], [12.487565, 9.206583], [12.4875212, 9.2065784], [12.4875247, 9.2065513], [12.4874214, 9.2065392]]]}}, {"type": "Feature", "properties": {"name": null, "name:en": null, "amenity": "school", "building": null, "operator:type": null, "capacity:persons": null, "addr:full": null, "addr:city": null, "source": null, "osm_id": 233520937, "osm_type": "ways_poly", "Analysis_Region": "North East"}, "geometry": {"type": "Polygon", "coordinates": [[[11.1706967, 10.2608323], [11.170804, 10.2604997], [11.1709265, 10.2602837], [11.1719747, 10.2605848], [11.1716821, 10.2611771], [11.1706967, 10.2608323]]]}}, {"type": "Feature", "properties": {"name": "Yerma - Government Girls Secondary School (GGSS)", "name:en": null, "amenity": "school", "building": null, "operator:type": null, "capacity:persons": null, "addr:full": null, "addr:city": null, "source": null, "osm_id": 586657402, "osm_type": "ways_poly", "Analysis_Region": "North East"}, "geometry": {"type": "Polygon", "coordinates": [[[13.117746, 11.8340405], [13.1209609, 11.8336999], [13.1212061, 11.8346675], [13.1215343, 11.8359176], [13.1202887, 11.8361459], [13.1203519, 11.8363046], [13.1197113, 11.8363433], [13.1197469, 11.8367845], [13.1186547, 11.8369265], [13.1185844, 11.8356738], [13.1180545, 11.835697], [13.1179794, 11.8349539], [13.1178844, 11.8349655], [13.117746, 11.8340405]]]}}, {"type": "Feature", "properties": {"name": "Ecole de Dagaya", "name:en": null, "amenity": "school", "building": null, "operator:type": null, "capacity:persons": null, "addr:full": null, "addr:city": null, "source": null, "osm_id": 960875653, "osm_type": "ways_poly", "Analysis_Region": "North East"}, "geometry": {"type": "Polygon", "coordinates": [[[13.0615779, 13.5513318], [13.0619571, 13.5504227], [13.0625228, 13.5504775], [13.0625028, 13.5509351], [13.0623533, 13.5513331], [13.0618303, 13.5513487], [13.0615779, 13.5513318]]]}}, {"type": "Feature", "properties": {"name": "LR 301 and LR 302", "name:en": null, "amenity": "university", "building": null, "operator:type": null, "capacity:persons": null, "addr:full": null, "addr:city": null, "source": null, "osm_id": 1420723319, "osm_type": "ways_poly", "Analysis_Region": "North West"}, "geometry": {"type": "Polygon", "coordinates": [[[7.4424029, 10.6126632], [7.4424117, 10.6124661], [7.4426901, 10.6124884], [7.4426771, 10.6126805], [7.4424029, 10.6126632]]]}}, {"type": "Feature", "properties": {"name": "College of Education", "name:en": null, "amenity": "university", "building": null, "operator:type": null, "capacity:persons": null, "addr:full": null, "addr:city": null, "source": null, "osm_id": 307949216, "osm_type": "ways_poly", "Analysis_Region": "North East"}, "geometry": {"type": "Polygon", "coordinates": [[[10.2094045, 11.6783856], [10.2095386, 11.6777973], [10.209619, 11.6771984], [10.2096351, 11.6748081], [10.2118909, 11.6746951], [10.2128645, 11.6745612], [10.2136906, 11.6744272], [10.214465, 11.6743018], [10.2181986, 11.6733562], [10.2201915, 11.6728913], [10.2202076, 11.6731618], [10.2207158, 11.6820202], [10.2210096, 11.687141], [10.2098873, 11.6878521], [10.2097036, 11.6847488], [10.2096396, 11.6836691], [10.2095039, 11.6813762], [10.2094971, 11.681171], [10.2094045, 11.6783856]]]}}, {"type": "Feature", "properties": {"name": null, "name:en": null, "amenity": "school", "building": null, "operator:type": null, "capacity:persons": null, "addr:full": null, "addr:city": null, "source": null, "osm_id": 763344261, "osm_type": "ways_poly", "Analysis_Region": "North West"}, "geometry": {"type": "Polygon", "coordinates": [[[8.8103458, 11.1988097], [8.8103646, 11.1986124], [8.8105363, 11.1985176], [8.8107294, 11.1983835], [8.8108689, 11.1983137], [8.8110915, 11.1983308], [8.8112792, 11.198444], [8.8113812, 11.1985334], [8.811408, 11.1987045], [8.8113543, 11.1988676], [8.8112578, 11.1989991], [8.8110613, 11.1990347], [8.8109091, 11.1990097], [8.8107079, 11.1989834], [8.8103458, 11.1988097]]]}}, {"type": "Feature", "properties": {"name": null, "name:en": null, "amenity": "school", "building": null, "operator:type": null, "capacity:persons": null, "addr:full": null, "addr:city": null, "source": null, "osm_id": 763396174, "osm_type": "ways_poly", "Analysis_Region": "North West"}, "geometry": {"type": "Polygon", "coordinates": [[[8.6533722, 12.5074784], [8.6536592, 12.5066195], [8.6542761, 12.5068499], [8.6539891, 12.5076486], [8.6533722, 12.5074784]]]}}, {"type": "Feature", "properties": {"name": "Young Elite Primary School", "name:en": null, "amenity": null, "building": "school", "operator:type": null, "capacity:persons": null, "addr:full": null, "addr:city": null, "source": null, "osm_id": 303149486, "osm_type": "ways_poly", "Analysis_Region": "North West"}, "geometry": {"type": "Polygon", "coordinates": [[[8.5704665, 11.9881454], [8.5704758, 11.9879387], [8.5706778, 11.9879478], [8.5706696, 11.9881522], [8.5704665, 11.9881454]]]}}, {"type": "Feature", "properties": {"name": null, "name:en": null, "amenity": null, "building": "school", "operator:type": null, "capacity:persons": null, "addr:full": null, "addr:city": null, "source": null, "osm_id": 1283323820, "osm_type": "ways_poly", "Analysis_Region": "North West"}, "geometry": {"type": "Polygon", "coordinates": [[[5.1891516, 13.1007886], [5.1891812, 13.1007134], [5.1892664, 13.1007453], [5.1892368, 13.1008204], [5.1891516, 13.1007886]]]}}, {"type": "Feature", "properties": {"name": "MECHANICAL & AEROSPACE GROUND ENGINEERING", "name:en": null, "amenity": "university", "building": null, "operator:type": null, "capacity:persons": null, "addr:full": null, "addr:city": null, "source": "microsoft/BuildingFootprints", "osm_id": 1247357523, "osm_type": "ways_poly", "Analysis_Region": "North West"}, "geometry": {"type": "Polygon", "coordinates": [[[7.4412947, 10.6091648], [7.4413207, 10.6085173], [7.4416019, 10.6085282], [7.4415759, 10.6091757], [7.4412947, 10.6091648]]]}}, {"type": "Feature", "properties": {"name": null, "name:en": null, "amenity": "school", "building": null, "operator:type": null, "capacity:persons": null, "addr:full": null, "addr:city": null, "source": null, "osm_id": 1207751536, "osm_type": "ways_poly", "Analysis_Region": "North West"}, "geometry": {"type": "Polygon", "coordinates": [[[6.5498911, 9.6235046], [6.5499231, 9.6232228], [6.5504072, 9.6233148], [6.5503693, 9.6235592], [6.5498911, 9.6235046]]]}}, {"type": "Feature", "properties": {"name": "Hall C", "name:en": null, "amenity": "university", "building": null, "operator:type": null, "capacity:persons": null, "addr:full": null, "addr:city": null, "source": null, "osm_id": 1247352829, "osm_type": "ways_poly", "Analysis_Region": "North West"}, "geometry": {"type": "Polygon", "coordinates": [[[7.4397632, 10.6120267], [7.4397759, 10.6118018], [7.440098, 10.6118194], [7.4400961, 10.6118517], [7.4401457, 10.6118545], [7.4401375, 10.6119977], [7.4400433, 10.6119926], [7.4400404, 10.6120419], [7.4397632, 10.6120267]]]}}, {"type": "Feature", "properties": {"name": "AMAO hall", "name:en": null, "amenity": "university", "building": null, "operator:type": null, "capacity:persons": null, "addr:full": null, "addr:city": null, "source": "microsoft/BuildingFootprints", "osm_id": 1247357516, "osm_type": "ways_poly", "Analysis_Region": "North West"}, "geometry": {"type": "Polygon", "coordinates": [[[7.440108, 10.6099364], [7.4401187, 10.6096558], [7.4403074, 10.6096628], [7.4402966, 10.6099434], [7.440108, 10.6099364]]]}}, {"type": "Feature", "properties": {"name": "Hall A, Hall B", "name:en": null, "amenity": "university", "building": null, "operator:type": null, "capacity:persons": null, "addr:full": null, "addr:city": null, "source": "microsoft/BuildingFootprints", "osm_id": 1247357608, "osm_type": "ways_poly", "Analysis_Region": "North West"}, "geometry": {"type": "Polygon", "coordinates": [[[7.4397858, 10.6115434], [7.4397962, 10.6113172], [7.4400787, 10.6113297], [7.4400766, 10.6113745], [7.4401662, 10.6113785], [7.4401603, 10.6115074], [7.4401148, 10.6115053], [7.440113, 10.6115433], [7.440283, 10.6115509], [7.44027, 10.6118338], [7.4401087, 10.6118266], [7.4401092, 10.6118175], [7.4400402, 10.6118144], [7.4400521, 10.6115553], [7.4397858, 10.6115434]]]}}, {"type": "Feature", "properties": {"name": "AFIT Electrical Electronics Departmen", "name:en": null, "amenity": "university", "building": null, "operator:type": null, "capacity:persons": null, "addr:full": null, "addr:city": null, "source": null, "osm_id": 1247365994, "osm_type": "ways_poly", "Analysis_Region": "North West"}, "geometry": {"type": "Polygon", "coordinates": [[[7.4404372, 10.6111037], [7.4404774, 10.6105027], [7.4406592, 10.6105144], [7.440619, 10.6111154], [7.4404372, 10.6111037]]]}}, {"type": "Feature", "properties": {"name": null, "name:en": null, "amenity": "school", "building": null, "operator:type": null, "capacity:persons": null, "addr:full": null, "addr:city": null, "source": "Bing", "osm_id": 315937798, "osm_type": "ways_poly", "Analysis_Region": "North East"}, "geometry": {"type": "Polygon", "coordinates": [[[13.1381247, 13.5559624], [13.1381593, 13.5558734], [13.138173, 13.5557433], [13.1383098, 13.5553522], [13.1388758, 13.5555973], [13.1388275, 13.5561814], [13.1387548, 13.5561811], [13.1382535, 13.5560249], [13.1381247, 13.5559624]]]}}, {"type": "Feature", "properties": {"name": null, "name:en": null, "amenity": "school", "building": null, "operator:type": null, "capacity:persons": null, "addr:full": null, "addr:city": null, "source": "Bing", "osm_id": 414716071, "osm_type": "ways_poly", "Analysis_Region": "North East"}, "geometry": {"type": "Polygon", "coordinates": [[[13.1376742, 13.5567026], [13.1378083, 13.5560091], [13.1382428, 13.5560769], [13.1382535, 13.5563428], [13.1381516, 13.5567235], [13.1376742, 13.5567026]]]}}, {"type": "Feature", "properties": {"name": null, "name:en": null, "amenity": null, "building": "school", "operator:type": null, "capacity:persons": null, "addr:full": null, "addr:city": null, "source": null, "osm_id": 298819637, "osm_type": "ways_poly", "Analysis_Region": "North West"}, "geometry": {"type": "Polygon", "coordinates": [[[8.5611163, 11.9492303], [8.5611563, 11.949191], [8.5612239, 11.949276], [8.5612411, 11.9492703], [8.5612696, 11.9493078], [8.5612589, 11.949316], [8.5612087, 11.949343], [8.5611163, 11.9492303]]]}}, {"type": "Feature", "properties": {"name": "HAUSAWA MODELBOYS SEC SCHOOL", "name:en": null, "amenity": null, "building": "school", "operator:type": null, "capacity:persons": null, "addr:full": null, "addr:city": null, "source": null, "osm_id": 527024685, "osm_type": "ways_poly", "Analysis_Region": "North West"}, "geometry": {"type": "Polygon", "coordinates": [[[8.5396938, 11.9658178], [8.5398053, 11.9656225], [8.539884, 11.9656656], [8.5397766, 11.9658536], [8.5397591, 11.965844], [8.5397424, 11.9658732], [8.5396939, 11.9658467], [8.5397064, 11.9658247], [8.5396938, 11.9658178]]]}}, {"type": "Feature", "properties": {"name": "ECWA L. CRAWFORD SECONDARY SCHOOL KALTUNGO", "name:en": null, "amenity": null, "building": "school", "operator:type": null, "capacity:persons": null, "addr:full": null, "addr:city": "KALTUNGO", "source": null, "osm_id": 1206202381, "osm_type": "ways_poly", "Analysis_Region": "North East"}, "geometry": {"type": "Polygon", "coordinates": [[[11.3129264, 9.827242], [11.3137944, 9.8272612], [11.3140968, 9.8293514], [11.3130922, 9.8294187], [11.3129264, 9.827242]]]}}, {"type": "Feature", "properties": {"name": "KINGS INTERNATIONAL ACADEMY", "name:en": null, "amenity": null, "building": "school", "operator:type": null, "capacity:persons": null, "addr:full": null, "addr:city": "KALTUNGO", "source": null, "osm_id": 1206205521, "osm_type": "ways_poly", "Analysis_Region": "North East"}, "geometry": {"type": "Polygon", "coordinates": [[[11.3093322, 9.8345794], [11.3097906, 9.834565], [11.3098442, 9.8351656], [11.309381, 9.83518], [11.3093322, 9.8345794]]]}}, {"type": "Feature", "properties": {"name": "SCHOOL OF NURSING GOMBE", "name:en": null, "amenity": "school", "building": "school", "operator:type": null, "capacity:persons": null, "addr:full": null, "addr:city": "GOMBE", "source": null, "osm_id": 1206060126, "osm_type": "ways_poly", "Analysis_Region": "North East"}, "geometry": {"type": "Polygon", "coordinates": [[[11.1548755, 10.2882169], [11.1550383, 10.2879105], [11.1555126, 10.287012], [11.1558523, 10.2867195], [11.1562133, 10.286434], [11.1564115, 10.2863156], [11.1566663, 10.2865733], [11.1573459, 10.2873672], [11.1570486, 10.2877294], [11.1568858, 10.2879383], [11.1566239, 10.2879105], [11.156362, 10.2878339], [11.1560859, 10.2877155], [11.1558948, 10.2878896], [11.1555904, 10.2884259], [11.1554418, 10.2887114], [11.1552223, 10.2888437], [11.1549675, 10.2887671], [11.1548755, 10.2882169]]]}}, {"type": "Feature", "properties": {"name": "Mechanical Lecture Room", "name:en": null, "amenity": "university", "building": null, "operator:type": null, "capacity:persons": null, "addr:full": null, "addr:city": null, "source": null, "osm_id": 1247352827, "osm_type": "ways_poly", "Analysis_Region": "North West"}, "geometry": {"type": "Polygon", "coordinates": [[[7.4417393, 10.6122153], [7.4417425, 10.6121373], [7.4417708, 10.6121385], [7.4417735, 10.6120741], [7.4417451, 10.612073], [7.4417502, 10.6119505], [7.4421089, 10.6119648], [7.442101, 10.6121561], [7.4420727, 10.612155], [7.4420706, 10.6122075], [7.4419998, 10.6122047], [7.4419976, 10.6122573], [7.4417722, 10.6122483], [7.4417735, 10.6122166], [7.4417393, 10.6122153]]]}}, {"type": "Feature", "properties": {"name": "GENERAL STUDIES UNIT", "name:en": null, "amenity": "university", "building": null, "operator:type": null, "capacity:persons": null, "addr:full": null, "addr:city": null, "source": "microsoft/BuildingFootprints", "osm_id": 1247357568, "osm_type": "ways_poly", "Analysis_Region": "North West"}, "geometry": {"type": "Polygon", "coordinates": [[[7.4421479, 10.6092237], [7.4421545, 10.609038], [7.4425965, 10.6090532], [7.4425899, 10.6092389], [7.4421479, 10.6092237]]]}}, {"type": "Feature", "properties": {"name": null, "name:en": null, "amenity": null, "building": "school", "operator:type": null, "capacity:persons": null, "addr:full": null, "addr:city": null, "source": null, "osm_id": 954924662, "osm_type": "ways_poly", "Analysis_Region": "North East"}, "geometry": {"type": "Polygon", "coordinates": [[[11.1701332, 10.301287], [11.1701903, 10.301266], [11.1702146, 10.30133], [11.1701575, 10.3013509], [11.1701332, 10.301287]]]}}, {"type": "Feature", "properties": {"name": null, "name:en": null, "amenity": null, "building": "school", "operator:type": null, "capacity:persons": null, "addr:full": null, "addr:city": null, "source": null, "osm_id": 531978210, "osm_type": "ways_poly", "Analysis_Region": "North West"}, "geometry": {"type": "Polygon", "coordinates": [[[7.7353049, 11.1110843], [7.7355887, 11.110735], [7.7356537, 11.1107859], [7.7353699, 11.1111352], [7.7353049, 11.1110843]]]}}, {"type": "Feature", "properties": {"name": null, "name:en": null, "amenity": null, "building": "school", "operator:type": null, "capacity:persons": null, "addr:full": null, "addr:city": null, "source": null, "osm_id": 531978212, "osm_type": "ways_poly", "Analysis_Region": "North West"}, "geometry": {"type": "Polygon", "coordinates": [[[7.7347551, 11.1109946], [7.7348728, 11.1108504], [7.7349494, 11.1109106], [7.7348922, 11.1109807], [7.7351761, 11.1112041], [7.7352281, 11.1111404], [7.7352956, 11.1111935], [7.7351831, 11.1113312], [7.7347551, 11.1109946]]]}}, {"type": "Feature", "properties": {"name": "UNIVERSAL PRIMARYY SCHOOL ALKAHIRA", "name:en": null, "amenity": "school", "building": "yes", "operator:type": null, "capacity:persons": null, "addr:full": null, "addr:city": null, "source": null, "osm_id": 1203315570, "osm_type": "ways_poly", "Analysis_Region": "North East"}, "geometry": {"type": "Polygon", "coordinates": [[[11.1691945, 10.3130436], [11.1692066, 10.3128114], [11.1695217, 10.3128312], [11.1695043, 10.3130489], [11.1691945, 10.3130436]]]}}, {"type": "Feature", "properties": {"name": "NURAIN SCHOOL ALKAHIRA", "name:en": null, "amenity": "school", "building": null, "operator:type": null, "capacity:persons": null, "addr:full": null, "addr:city": null, "source": null, "osm_id": 1203329236, "osm_type": "ways_poly", "Analysis_Region": "North East"}, "geometry": {"type": "Polygon", "coordinates": [[[11.160181, 10.3187957], [11.1608543, 10.3185582], [11.1609347, 10.3187192], [11.161388, 10.3197589], [11.1611761, 10.3198301], [11.1611896, 10.3198776], [11.1606317, 10.3199805], [11.160181, 10.3187957]]]}}, {"type": "Feature", "properties": {"name": "FCE (T) GOMBE", "name:en": null, "amenity": "school", "building": null, "operator:type": null, "capacity:persons": null, "addr:full": null, "addr:city": null, "source": null, "osm_id": 1203331098, "osm_type": "ways_poly", "Analysis_Region": "North East"}, "geometry": {"type": "Polygon", "coordinates": [[[11.1450031, 10.3118346], [11.1538437, 10.304854], [11.1551526, 10.3088441], [11.1558607, 10.3116096], [11.1559894, 10.3121585], [11.1567619, 10.3123907], [11.1589077, 10.316614], [11.160002, 10.3184346], [11.1605599, 10.3202079], [11.1610749, 10.320229], [11.1629632, 10.3240288], [11.1637142, 10.3270898], [11.1485007, 10.3288842], [11.1482432, 10.325211], [11.1479213, 10.3230367], [11.1471703, 10.3179701], [11.1457541, 10.3140431], [11.1450031, 10.3118346]]]}}, {"type": "Feature", "properties": {"name": null, "name:en": null, "amenity": null, "building": "school", "operator:type": null, "capacity:persons": null, "addr:full": null, "addr:city": null, "source": null, "osm_id": 1370727740, "osm_type": "ways_poly", "Analysis_Region": "North East"}, "geometry": {"type": "Polygon", "coordinates": [[[9.8940885, 9.1893364], [9.8941258, 9.1892262], [9.8941875, 9.1892557], [9.8941487, 9.1893581], [9.8940885, 9.1893364]]]}}, {"type": "Feature", "properties": {"name": "Faculty of social and management science", "name:en": null, "amenity": "university", "building": null, "operator:type": null, "capacity:persons": null, "addr:full": null, "addr:city": null, "source": "microsoft/BuildingFootprints", "osm_id": 1248101620, "osm_type": "ways_poly", "Analysis_Region": "North West"}, "geometry": {"type": "Polygon", "coordinates": [[[7.4448695, 10.6096825], [7.4449168, 10.6096223], [7.4448738, 10.6095897], [7.4449736, 10.6094624], [7.44502, 10.6094975], [7.445081, 10.6094199], [7.445128, 10.6094556], [7.445154, 10.6094225], [7.4452532, 10.6094977], [7.445226, 10.6095324], [7.4452747, 10.6095694], [7.4452125, 10.6096487], [7.4452478, 10.6096755], [7.4451032, 10.6098598], [7.4448695, 10.6096825]]]}}, {"type": "Feature", "properties": {"name": "Faculty of science and computing", "name:en": null, "amenity": "university", "building": null, "operator:type": null, "capacity:persons": null, "addr:full": null, "addr:city": null, "source": "microsoft/BuildingFootprints", "osm_id": 1248101632, "osm_type": "ways_poly", "Analysis_Region": "North West"}, "geometry": {"type": "Polygon", "coordinates": [[[7.4444439, 10.6093532], [7.4444928, 10.6092859], [7.4444466, 10.6092535], [7.4445449, 10.6091183], [7.4445981, 10.6091557], [7.4446527, 10.6090806], [7.4447024, 10.6091155], [7.4447265, 10.6090824], [7.4448331, 10.6091572], [7.4448026, 10.6091991], [7.4448435, 10.6092278], [7.4447838, 10.6093098], [7.4448229, 10.6093372], [7.4446872, 10.609524], [7.4444439, 10.6093532]]]}}, {"type": "Feature", "properties": {"name": "UBE Kalaring", "name:en": null, "amenity": "school", "building": "school", "operator:type": "government", "capacity:persons": null, "addr:full": null, "addr:city": "Gombe", "source": null, "osm_id": 1202456808, "osm_type": "ways_poly", "Analysis_Region": "North East"}, "geometry": {"type": "Polygon", "coordinates": [[[11.3085936, 9.8117196], [11.3087411, 9.8114916], [11.3087008, 9.8114223], [11.3089355, 9.8113364], [11.3092406, 9.8112604], [11.3094854, 9.8111778], [11.3095591, 9.8116403], [11.309767, 9.8122151], [11.3094887, 9.8123506], [11.3094351, 9.8125026], [11.3090361, 9.8126215], [11.3085936, 9.8117196]]]}}, {"type": "Feature", "properties": {"name": "class", "name:en": null, "amenity": null, "building": "university", "operator:type": null, "capacity:persons": null, "addr:full": null, "addr:city": null, "source": "microsoft/BuildingFootprints", "osm_id": 1245176641, "osm_type": "ways_poly", "Analysis_Region": "North West"}, "geometry": {"type": "Polygon", "coordinates": [[[7.4508821, 10.5154587], [7.451068, 10.5149948], [7.4512025, 10.5150487], [7.4511776, 10.5151109], [7.4511481, 10.5150991], [7.4510096, 10.5154447], [7.4510333, 10.5154542], [7.4510108, 10.5155103], [7.4508821, 10.5154587]]]}}, {"type": "Feature", "properties": {"name": "federal polytechnic kaltungo,", "name:en": null, "amenity": "college", "building": null, "operator:type": "government", "capacity:persons": null, "addr:full": null, "addr:city": "Gombe.", "source": null, "osm_id": 1202218519, "osm_type": "ways_poly", "Analysis_Region": "North East"}, "geometry": {"type": "Polygon", "coordinates": [[[11.2870774, 9.8268497], [11.2879222, 9.82644], [11.2882106, 9.8269884], [11.2885727, 9.8276161], [11.2889013, 9.8281513], [11.2891829, 9.8286931], [11.2883715, 9.8291291], [11.2876741, 9.8278936], [11.2872852, 9.8271602], [11.2870774, 9.8268497]]]}}, {"type": "Feature", "properties": {"name": null, "name:en": null, "amenity": null, "building": "school", "operator:type": null, "capacity:persons": null, "addr:full": null, "addr:city": null, "source": null, "osm_id": 527639374, "osm_type": "ways_poly", "Analysis_Region": "North West"}, "geometry": {"type": "Polygon", "coordinates": [[[8.546799, 11.956111], [8.546822, 11.9560753], [8.5468871, 11.9561154], [8.5468641, 11.9561511], [8.546799, 11.956111]]]}}, {"type": "Feature", "properties": {"name": null, "name:en": null, "amenity": null, "building": "school", "operator:type": null, "capacity:persons": null, "addr:full": null, "addr:city": null, "source": null, "osm_id": 527639375, "osm_type": "ways_poly", "Analysis_Region": "North West"}, "geometry": {"type": "Polygon", "coordinates": [[[8.5468363, 11.9560641], [8.5469171, 11.9559069], [8.5470198, 11.9559574], [8.5469389, 11.9561147], [8.5468363, 11.9560641]]]}}, {"type": "Feature", "properties": {"name": null, "name:en": null, "amenity": null, "building": "school", "operator:type": null, "capacity:persons": null, "addr:full": null, "addr:city": null, "source": null, "osm_id": 298563204, "osm_type": "ways_poly", "Analysis_Region": "North West"}, "geometry": {"type": "Polygon", "coordinates": [[[8.5419379, 11.9566663], [8.5419825, 11.9564896], [8.5420639, 11.9565092], [8.5420193, 11.9566859], [8.5419379, 11.9566663]]]}}, {"type": "Feature", "properties": {"name": null, "name:en": null, "amenity": null, "building": "school", "operator:type": null, "capacity:persons": null, "addr:full": null, "addr:city": null, "source": null, "osm_id": 527642625, "osm_type": "ways_poly", "Analysis_Region": "North West"}, "geometry": {"type": "Polygon", "coordinates": [[[8.5620269, 11.950583], [8.5620921, 11.9505168], [8.5622421, 11.9506423], [8.562288, 11.9506007], [8.5621391, 11.9504692], [8.5622193, 11.9503878], [8.5623721, 11.9505482], [8.5623844, 11.950609], [8.562209, 11.9507667], [8.5620269, 11.950583]]]}}, {"type": "Feature", "properties": {"name": null, "name:en": null, "amenity": null, "building": "school", "operator:type": null, "capacity:persons": null, "addr:full": null, "addr:city": null, "source": "Bing", "osm_id": 299040795, "osm_type": "ways_poly", "Analysis_Region": "North West"}, "geometry": {"type": "Polygon", "coordinates": [[[8.5599581, 11.9585333], [8.5599866, 11.9584954], [8.5600266, 11.9585241], [8.5599981, 11.958562], [8.5599581, 11.9585333]]]}}, {"type": "Feature", "properties": {"name": null, "name:en": null, "amenity": null, "building": "school", "operator:type": null, "capacity:persons": null, "addr:full": null, "addr:city": null, "source": null, "osm_id": 527533180, "osm_type": "ways_poly", "Analysis_Region": "North West"}, "geometry": {"type": "Polygon", "coordinates": [[[8.540446, 11.9505717], [8.540667, 11.9503962], [8.5407347, 11.9504768], [8.5405091, 11.95065], [8.540446, 11.9505717]]]}}, {"type": "Feature", "properties": {"name": null, "name:en": null, "amenity": null, "building": "school", "operator:type": null, "capacity:persons": null, "addr:full": null, "addr:city": null, "source": null, "osm_id": 527533181, "osm_type": "ways_poly", "Analysis_Region": "North West"}, "geometry": {"type": "Polygon", "coordinates": [[[8.5403197, 11.9505055], [8.5405779, 11.9503091], [8.5406399, 11.9503631], [8.5403738, 11.9505772], [8.5403197, 11.9505055]]]}}, {"type": "Feature", "properties": {"name": null, "name:en": null, "amenity": null, "building": "school", "operator:type": null, "capacity:persons": null, "addr:full": null, "addr:city": null, "source": null, "osm_id": 527533184, "osm_type": "ways_poly", "Analysis_Region": "North West"}, "geometry": {"type": "Polygon", "coordinates": [[[8.5400873, 11.9507099], [8.5401785, 11.9506429], [8.5402066, 11.9506823], [8.5401121, 11.9507486], [8.5400873, 11.9507099]]]}}, {"type": "Feature", "properties": {"name": null, "name:en": null, "amenity": null, "building": "school", "operator:type": null, "capacity:persons": null, "addr:full": null, "addr:city": null, "source": null, "osm_id": 527050717, "osm_type": "ways_poly", "Analysis_Region": "North West"}, "geometry": {"type": "Polygon", "coordinates": [[[8.5388433, 11.9498079], [8.5389572, 11.9497039], [8.5390711, 11.9498233], [8.5389572, 11.9499273], [8.5388433, 11.9498079]]]}}, {"type": "Feature", "properties": {"name": null, "name:en": null, "amenity": null, "building": "school", "operator:type": null, "capacity:persons": null, "addr:full": null, "addr:city": null, "source": null, "osm_id": 527561396, "osm_type": "ways_poly", "Analysis_Region": "North West"}, "geometry": {"type": "Polygon", "coordinates": [[[8.5556337, 11.9373328], [8.5557172, 11.9372611], [8.5557341, 11.9372864], [8.5556608, 11.9373548], [8.5556337, 11.9373328]]]}}, {"type": "Feature", "properties": {"name": null, "name:en": null, "amenity": null, "building": "school", "operator:type": null, "capacity:persons": null, "addr:full": null, "addr:city": null, "source": null, "osm_id": 527561398, "osm_type": "ways_poly", "Analysis_Region": "North West"}, "geometry": {"type": "Polygon", "coordinates": [[[8.5556632, 11.937365], [8.55569, 11.93734], [8.5557476, 11.9373873], [8.5558586, 11.9372954], [8.5558881, 11.9373322], [8.5557393, 11.9374542], [8.5556632, 11.937365]]]}}, {"type": "Feature", "properties": {"name": null, "name:en": null, "amenity": null, "building": "school", "operator:type": null, "capacity:persons": null, "addr:full": null, "addr:city": null, "source": null, "osm_id": 527053185, "osm_type": "ways_poly", "Analysis_Region": "North West"}, "geometry": {"type": "Polygon", "coordinates": [[[8.5396897, 11.9493745], [8.5397491, 11.9493249], [8.5398084, 11.9493939], [8.5397426, 11.9494427], [8.5396897, 11.9493745]]]}}, {"type": "Feature", "properties": {"name": null, "name:en": null, "amenity": null, "building": "school", "operator:type": null, "capacity:persons": null, "addr:full": null, "addr:city": null, "source": null, "osm_id": 289224465, "osm_type": "ways_poly", "Analysis_Region": "North West"}, "geometry": {"type": "Polygon", "coordinates": [[[8.5490868, 11.9714926], [8.5491418, 11.9714283], [8.5491284, 11.9714152], [8.5491773, 11.9713673], [8.5491921, 11.9713804], [8.5492136, 11.9713614], [8.5491908, 11.9713318], [8.5492813, 11.9712407], [8.5492954, 11.9712256], [8.5493208, 11.9712518], [8.5493463, 11.9712289], [8.5493369, 11.9712144], [8.5493772, 11.971177], [8.5493886, 11.9711895], [8.5494248, 11.9711541], [8.5496588, 11.971402], [8.5495569, 11.9714998], [8.549398, 11.9713371], [8.5492471, 11.9714794], [8.549408, 11.9716388], [8.5493162, 11.9717228], [8.5490868, 11.9714926]]]}}, {"type": "Feature", "properties": {"name": null, "name:en": null, "amenity": null, "building": "school", "operator:type": null, "capacity:persons": null, "addr:full": null, "addr:city": null, "source": null, "osm_id": 527457563, "osm_type": "ways_poly", "Analysis_Region": "North West"}, "geometry": {"type": "Polygon", "coordinates": [[[8.5537297, 11.9727104], [8.5538086, 11.9726643], [8.5539777, 11.9729514], [8.5541845, 11.9733082], [8.55411, 11.9733474], [8.5537297, 11.9727104]]]}}, {"type": "Feature", "properties": {"name": null, "name:en": null, "amenity": null, "building": "school", "operator:type": null, "capacity:persons": null, "addr:full": null, "addr:city": null, "source": null, "osm_id": 527457564, "osm_type": "ways_poly", "Analysis_Region": "North West"}, "geometry": {"type": "Polygon", "coordinates": [[[8.5536687, 11.9730725], [8.5537787, 11.9730197], [8.5538583, 11.9731774], [8.5537568, 11.9732312], [8.5537445, 11.9732052], [8.5537293, 11.9732126], [8.5537085, 11.9731783], [8.5537256, 11.9731672], [8.5536687, 11.9730725]]]}}, {"type": "Feature", "properties": {"name": null, "name:en": null, "amenity": null, "building": "school", "operator:type": null, "capacity:persons": null, "addr:full": null, "addr:city": null, "source": null, "osm_id": 527457562, "osm_type": "ways_poly", "Analysis_Region": "North West"}, "geometry": {"type": "Polygon", "coordinates": [[[8.5533971, 11.9736549], [8.5540419, 11.9732881], [8.5540858, 11.9733615], [8.5534419, 11.9737303], [8.5533971, 11.9736549]]]}}, {"type": "Feature", "properties": {"name": null, "name:en": null, "amenity": null, "building": "school", "operator:type": null, "capacity:persons": null, "addr:full": null, "addr:city": null, "source": null, "osm_id": 289620353, "osm_type": "ways_poly", "Analysis_Region": "North West"}, "geometry": {"type": "Polygon", "coordinates": [[[8.5619067, 11.9574873], [8.5619353, 11.9574299], [8.5619862, 11.9573278], [8.5620646, 11.9573652], [8.5619852, 11.9575247], [8.5619067, 11.9574873]]]}}, {"type": "Feature", "properties": {"name": "SCIENCE PROJECT PRI. SCHOOL, UNGUWA UKU", "name:en": null, "amenity": null, "building": "school", "operator:type": null, "capacity:persons": null, "addr:full": null, "addr:city": null, "source": null, "osm_id": 289620344, "osm_type": "ways_poly", "Analysis_Region": "North West"}, "geometry": {"type": "Polygon", "coordinates": [[[8.5621812, 11.9578813], [8.5623041, 11.9577217], [8.562363, 11.9577652], [8.5622402, 11.9579247], [8.5621812, 11.9578813]]]}}, {"type": "Feature", "properties": {"name": null, "name:en": null, "amenity": null, "building": "school", "operator:type": null, "capacity:persons": null, "addr:full": null, "addr:city": null, "source": null, "osm_id": 289648013, "osm_type": "ways_poly", "Analysis_Region": "North West"}, "geometry": {"type": "Polygon", "coordinates": [[[8.5554838, 11.9653451], [8.555486, 11.9652457], [8.5557122, 11.9652506], [8.5557842, 11.9652521], [8.555782, 11.9653408], [8.5554838, 11.9653451]]]}}, {"type": "Feature", "properties": {"name": null, "name:en": null, "amenity": null, "building": "school", "operator:type": null, "capacity:persons": null, "addr:full": null, "addr:city": null, "source": null, "osm_id": 527448499, "osm_type": "ways_poly", "Analysis_Region": "North West"}, "geometry": {"type": "Polygon", "coordinates": [[[8.5542653, 11.9430947], [8.5543482, 11.9429325], [8.5546194, 11.9430596], [8.5545962, 11.9430971], [8.5545843, 11.9431298], [8.5543793, 11.9430339], [8.5543355, 11.9431275], [8.5542653, 11.9430947]]]}}, {"type": "Feature", "properties": {"name": null, "name:en": null, "amenity": null, "building": "school", "operator:type": null, "capacity:persons": null, "addr:full": null, "addr:city": null, "source": null, "osm_id": 527448496, "osm_type": "ways_poly", "Analysis_Region": "North West"}, "geometry": {"type": "Polygon", "coordinates": [[[8.5545259, 11.9433182], [8.5546522, 11.9430788], [8.5547244, 11.9431119], [8.5546071, 11.9433513], [8.5545259, 11.9433182]]]}}, {"type": "Feature", "properties": {"name": "HAUSAWA MODELBOYS SEC SCHOOL", "name:en": null, "amenity": null, "building": "school", "operator:type": null, "capacity:persons": null, "addr:full": null, "addr:city": null, "source": null, "osm_id": 527018109, "osm_type": "ways_poly", "Analysis_Region": "North West"}, "geometry": {"type": "Polygon", "coordinates": [[[8.540148, 11.9657659], [8.5402757, 11.9656052], [8.5403461, 11.9656587], [8.5402185, 11.9658194], [8.540148, 11.9657659]]]}}, {"type": "Feature", "properties": {"name": "HAUSAWA MODELBOYS SEC SCHOOL", "name:en": null, "amenity": null, "building": "school", "operator:type": null, "capacity:persons": null, "addr:full": null, "addr:city": null, "source": null, "osm_id": 527031205, "osm_type": "ways_poly", "Analysis_Region": "North West"}, "geometry": {"type": "Polygon", "coordinates": [[[8.5400349, 11.9651387], [8.5401145, 11.9649574], [8.540208, 11.9649966], [8.5401284, 11.965178], [8.5400349, 11.9651387]]]}}, {"type": "Feature", "properties": {"name": "HAUSAWA MODELBOYS SEC SCHOOL", "name:en": null, "amenity": null, "building": "school", "operator:type": null, "capacity:persons": null, "addr:full": null, "addr:city": null, "source": null, "osm_id": 527028264, "osm_type": "ways_poly", "Analysis_Region": "North West"}, "geometry": {"type": "Polygon", "coordinates": [[[8.5396901, 11.9649775], [8.5398157, 11.9648241], [8.5398753, 11.9648708], [8.5397497, 11.9650243], [8.5396901, 11.9649775]]]}}, {"type": "Feature", "properties": {"name": null, "name:en": null, "amenity": null, "building": "school", "operator:type": null, "capacity:persons": null, "addr:full": null, "addr:city": null, "source": null, "osm_id": 527452795, "osm_type": "ways_poly", "Analysis_Region": "North West"}, "geometry": {"type": "Polygon", "coordinates": [[[8.5391886, 11.9813288], [8.539246, 11.9812516], [8.5393911, 11.9813803], [8.539321, 11.9814334], [8.5391886, 11.9813288]]]}}, {"type": "Feature", "properties": {"name": null, "name:en": null, "amenity": null, "building": "school", "operator:type": null, "capacity:persons": null, "addr:full": null, "addr:city": null, "source": null, "osm_id": 527452796, "osm_type": "ways_poly", "Analysis_Region": "North West"}, "geometry": {"type": "Polygon", "coordinates": [[[8.5393847, 11.9814521], [8.5394454, 11.9813912], [8.53949, 11.9814349], [8.5394238, 11.9814903], [8.5393847, 11.9814521]]]}}, {"type": "Feature", "properties": {"name": "HAUSAWA MODELBOYS SEC SCHOOL", "name:en": null, "amenity": null, "building": "school", "operator:type": null, "capacity:persons": null, "addr:full": null, "addr:city": null, "source": null, "osm_id": 527017637, "osm_type": "ways_poly", "Analysis_Region": "North West"}, "geometry": {"type": "Polygon", "coordinates": [[[8.5400035, 11.965952], [8.5401318, 11.9658004], [8.5402016, 11.965857], [8.5400733, 11.9660086], [8.5400035, 11.965952]]]}}, {"type": "Feature", "properties": {"name": "HAUSAWA MODELBOYS SEC SCHOOL", "name:en": null, "amenity": null, "building": "school", "operator:type": null, "capacity:persons": null, "addr:full": null, "addr:city": null, "source": null, "osm_id": 527024684, "osm_type": "ways_poly", "Analysis_Region": "North West"}, "geometry": {"type": "Polygon", "coordinates": [[[8.5401963, 11.9654597], [8.5402496, 11.9653982], [8.5404408, 11.9655566], [8.5403875, 11.9656182], [8.5401963, 11.9654597]]]}}, {"type": "Feature", "properties": {"name": "HAUSAWA MODELBOYS SEC SCHOOL", "name:en": null, "amenity": null, "building": "school", "operator:type": null, "capacity:persons": null, "addr:full": null, "addr:city": null, "source": null, "osm_id": 527028427, "osm_type": "ways_poly", "Analysis_Region": "North West"}, "geometry": {"type": "Polygon", "coordinates": [[[8.5398471, 11.964806], [8.5398955, 11.9647253], [8.5399439, 11.9646447], [8.5400092, 11.9646822], [8.5399124, 11.9648435], [8.5398471, 11.964806]]]}}, {"type": "Feature", "properties": {"name": null, "name:en": null, "amenity": null, "building": "school", "operator:type": null, "capacity:persons": null, "addr:full": null, "addr:city": null, "source": null, "osm_id": 527451434, "osm_type": "ways_poly", "Analysis_Region": "North West"}, "geometry": {"type": "Polygon", "coordinates": [[[8.5886085, 11.9615553], [8.5886367, 11.9614488], [8.5886801, 11.9614632], [8.5886457, 11.961568], [8.5886085, 11.9615553]]]}}, {"type": "Feature", "properties": {"name": "HAUSAWA MODELBOYS SEC SCHOOL", "name:en": null, "amenity": null, "building": "school", "operator:type": null, "capacity:persons": null, "addr:full": null, "addr:city": null, "source": null, "osm_id": 527024461, "osm_type": "ways_poly", "Analysis_Region": "North West"}, "geometry": {"type": "Polygon", "coordinates": [[[8.5390023, 11.9650334], [8.5390381, 11.9649915], [8.5390571, 11.965007], [8.539076, 11.964985], [8.5391663, 11.9650591], [8.5391059, 11.9651296], [8.5390174, 11.9650571], [8.5390207, 11.9650484], [8.5390023, 11.9650334]]]}}, {"type": "Feature", "properties": {"name": "HOTORO MARADI SPECIAL PRIMARY SCHOOL", "name:en": null, "amenity": null, "building": "school", "operator:type": null, "capacity:persons": null, "addr:full": null, "addr:city": null, "source": null, "osm_id": 527020939, "osm_type": "ways_poly", "Analysis_Region": "North West"}, "geometry": {"type": "Polygon", "coordinates": [[[8.5798869, 11.9604567], [8.5799372, 11.9602341], [8.5800255, 11.9602532], [8.5799752, 11.9604758], [8.5798869, 11.9604567]]]}}, {"type": "Feature", "properties": {"name": "HOTORO MARADI SPECIAL PRIMARY SCHOOL", "name:en": null, "amenity": null, "building": "school", "operator:type": null, "capacity:persons": null, "addr:full": null, "addr:city": null, "source": null, "osm_id": 527020497, "osm_type": "ways_poly", "Analysis_Region": "North West"}, "geometry": {"type": "Polygon", "coordinates": [[[8.5795056, 11.9604158], [8.5795284, 11.9603428], [8.5798492, 11.960439], [8.5798264, 11.960512], [8.5795056, 11.9604158]]]}}, {"type": "Feature", "properties": {"name": "HOTORO MARADI SPECIAL PRIMARY SCHOOL", "name:en": null, "amenity": null, "building": "school", "operator:type": null, "capacity:persons": null, "addr:full": null, "addr:city": null, "source": null, "osm_id": 527041708, "osm_type": "ways_poly", "Analysis_Region": "North West"}, "geometry": {"type": "Polygon", "coordinates": [[[8.5795337, 11.9601608], [8.5795652, 11.9600189], [8.5796335, 11.9600334], [8.5796019, 11.9601753], [8.5795337, 11.9601608]]]}}, {"type": "Feature", "properties": {"name": "HOTORO MARADI SPECIAL PRIMARY SCHOOL", "name:en": null, "amenity": null, "building": "school", "operator:type": null, "capacity:persons": null, "addr:full": null, "addr:city": null, "source": null, "osm_id": 527038717, "osm_type": "ways_poly", "Analysis_Region": "North West"}, "geometry": {"type": "Polygon", "coordinates": [[[8.5800971, 11.9604254], [8.580119, 11.9603466], [8.5803147, 11.9603987], [8.5802929, 11.9604774], [8.5800971, 11.9604254]]]}}, {"type": "Feature", "properties": {"name": "HOTORO MARADI SPECIAL PRIMARY SCHOOL", "name:en": null, "amenity": null, "building": "school", "operator:type": null, "capacity:persons": null, "addr:full": null, "addr:city": null, "source": null, "osm_id": 527041007, "osm_type": "ways_poly", "Analysis_Region": "North West"}, "geometry": {"type": "Polygon", "coordinates": [[[8.5796217, 11.9601176], [8.5796421, 11.9600375], [8.5798404, 11.9600858], [8.5798201, 11.9601659], [8.5796217, 11.9601176]]]}}, {"type": "Feature", "properties": {"name": "LIVING STONE SCHOOL", "name:en": null, "amenity": null, "building": "school", "operator:type": null, "capacity:persons": null, "addr:full": null, "addr:city": null, "source": null, "osm_id": 527435773, "osm_type": "ways_poly", "Analysis_Region": "North West"}, "geometry": {"type": "Polygon", "coordinates": [[[8.5362321, 11.9616298], [8.5363136, 11.9615315], [8.5364066, 11.9616131], [8.53638, 11.9616409], [8.5363952, 11.9616512], [8.5363326, 11.961717], [8.5362321, 11.9616298]]]}}, {"type": "Feature", "properties": {"name": "LIVING STONE SCHOOL", "name:en": null, "amenity": null, "building": "school", "operator:type": null, "capacity:persons": null, "addr:full": null, "addr:city": null, "source": null, "osm_id": 527435776, "osm_type": "ways_poly", "Analysis_Region": "North West"}, "geometry": {"type": "Polygon", "coordinates": [[[8.536193, 11.9616041], [8.5362119, 11.9615772], [8.5362432, 11.9616001], [8.5362195, 11.9616289], [8.536193, 11.9616041]]]}}, {"type": "Feature", "properties": {"name": "LIVING STONE SCHOOL", "name:en": null, "amenity": null, "building": "school", "operator:type": null, "capacity:persons": null, "addr:full": null, "addr:city": null, "source": null, "osm_id": 527435774, "osm_type": "ways_poly", "Analysis_Region": "North West"}, "geometry": {"type": "Polygon", "coordinates": [[[8.5362017, 11.9614202], [8.5362264, 11.9613997], [8.5362093, 11.9613849], [8.5362748, 11.9613237], [8.536381, 11.9614137], [8.5362966, 11.9615064], [8.5362017, 11.9614202]]]}}, {"type": "Feature", "properties": {"name": "LIVING STONE SCHOOL", "name:en": null, "amenity": null, "building": "school", "operator:type": null, "capacity:persons": null, "addr:full": null, "addr:city": null, "source": null, "osm_id": 527435771, "osm_type": "ways_poly", "Analysis_Region": "North West"}, "geometry": {"type": "Polygon", "coordinates": [[[8.5361471, 11.96174], [8.5362348, 11.9616432], [8.5363114, 11.9617088], [8.5362875, 11.9617431], [8.536305, 11.9617509], [8.5362412, 11.9618164], [8.5361471, 11.96174]]]}}, {"type": "Feature", "properties": {"name": "LIVING STONE SCHOOL", "name:en": null, "amenity": null, "building": "school", "operator:type": null, "capacity:persons": null, "addr:full": null, "addr:city": null, "source": null, "osm_id": 527435772, "osm_type": "ways_poly", "Analysis_Region": "North West"}, "geometry": {"type": "Polygon", "coordinates": [[[8.5360879, 11.9615027], [8.5361771, 11.9614137], [8.5362738, 11.9615009], [8.5361923, 11.9615927], [8.5360879, 11.9615027]]]}}, {"type": "Feature", "properties": {"name": "Zubairiyya", "name:en": null, "amenity": "school", "building": "yes", "operator:type": null, "capacity:persons": null, "addr:full": null, "addr:city": "Kano", "source": null, "osm_id": 247222018, "osm_type": "ways_poly", "Analysis_Region": "North West"}, "geometry": {"type": "Polygon", "coordinates": [[[8.5129373, 11.9881315], [8.5129598, 11.9880492], [8.5129617, 11.9880474], [8.5132759, 11.9880931], [8.5132385, 11.9881608], [8.5131712, 11.988245], [8.5130739, 11.9883127], [8.512971, 11.9882175], [8.5129373, 11.9881315]]]}}, {"type": "Feature", "properties": {"name": "Makarantar Galadima", "name:en": null, "amenity": "school", "building": "yes", "operator:type": null, "capacity:persons": null, "addr:full": null, "addr:city": "Kano", "source": null, "osm_id": 247220200, "osm_type": "ways_poly", "Analysis_Region": "North West"}, "geometry": {"type": "Polygon", "coordinates": [[[8.5135422, 11.9890503], [8.5135883, 11.9885999], [8.513718, 11.9881599], [8.5139884, 11.9881519], [8.5140274, 11.9883447], [8.5140274, 11.9884562], [8.513946, 11.9884593], [8.5139476, 11.9887365], [8.5140193, 11.9887317], [8.5140193, 11.9888066], [8.5142163, 11.9888273], [8.5141789, 11.9891363], [8.5136529, 11.9891156], [8.513648, 11.9891427], [8.5135666, 11.9891347], [8.5135731, 11.9890519], [8.5135422, 11.9890503]]]}}, {"type": "Feature", "properties": {"name": null, "name:en": null, "amenity": null, "building": "school", "operator:type": null, "capacity:persons": null, "addr:full": null, "addr:city": null, "source": null, "osm_id": 527048562, "osm_type": "ways_poly", "Analysis_Region": "North West"}, "geometry": {"type": "Polygon", "coordinates": [[[8.5443901, 11.9677891], [8.5445198, 11.967531], [8.5445738, 11.967557], [8.5444442, 11.9678151], [8.5443901, 11.9677891]]]}}, {"type": "Feature", "properties": {"name": null, "name:en": null, "amenity": null, "building": "school", "operator:type": null, "capacity:persons": null, "addr:full": null, "addr:city": null, "source": null, "osm_id": 298819896, "osm_type": "ways_poly", "Analysis_Region": "North West"}, "geometry": {"type": "Polygon", "coordinates": [[[8.5601478, 11.9499692], [8.5602052, 11.9499127], [8.5604868, 11.9501867], [8.5604294, 11.9502432], [8.5601478, 11.9499692]]]}}, {"type": "Feature", "properties": {"name": null, "name:en": null, "amenity": null, "building": "school", "operator:type": null, "capacity:persons": null, "addr:full": null, "addr:city": null, "source": null, "osm_id": 298819845, "osm_type": "ways_poly", "Analysis_Region": "North West"}, "geometry": {"type": "Polygon", "coordinates": [[[8.5602837, 11.949814], [8.5603402, 11.9497556], [8.5606348, 11.9500279], [8.5605783, 11.9500864], [8.5602837, 11.949814]]]}}, {"type": "Feature", "properties": {"name": null, "name:en": null, "amenity": null, "building": "school", "operator:type": null, "capacity:persons": null, "addr:full": null, "addr:city": null, "source": null, "osm_id": 527048665, "osm_type": "ways_poly", "Analysis_Region": "North West"}, "geometry": {"type": "Polygon", "coordinates": [[[8.5445353, 11.9675229], [8.5446535, 11.9672818], [8.5446997, 11.9673035], [8.5445816, 11.9675446], [8.5445353, 11.9675229]]]}}, {"type": "Feature", "properties": {"name": null, "name:en": null, "amenity": null, "building": "school", "operator:type": null, "capacity:persons": null, "addr:full": null, "addr:city": null, "source": null, "osm_id": 527046892, "osm_type": "ways_poly", "Analysis_Region": "North West"}, "geometry": {"type": "Polygon", "coordinates": [[[8.5448465, 11.9674367], [8.5448787, 11.9673724], [8.545218, 11.9675469], [8.545171, 11.9676059], [8.5448465, 11.9674367]]]}}, {"type": "Feature", "properties": {"name": null, "name:en": null, "amenity": null, "building": "school", "operator:type": null, "capacity:persons": null, "addr:full": null, "addr:city": null, "source": null, "osm_id": 298819248, "osm_type": "ways_poly", "Analysis_Region": "North West"}, "geometry": {"type": "Polygon", "coordinates": [[[8.5597844, 11.9493809], [8.5600207, 11.9491497], [8.5600766, 11.9492043], [8.5598402, 11.9494355], [8.5597844, 11.9493809]]]}}, {"type": "Feature", "properties": {"name": null, "name:en": null, "amenity": null, "building": "school", "operator:type": null, "capacity:persons": null, "addr:full": null, "addr:city": null, "source": null, "osm_id": 298819908, "osm_type": "ways_poly", "Analysis_Region": "North West"}, "geometry": {"type": "Polygon", "coordinates": [[[8.5602028, 11.9498694], [8.560255, 11.9498174], [8.5603407, 11.9498998], [8.5602886, 11.9499518], [8.5602028, 11.9498694]]]}}, {"type": "Feature", "properties": {"name": null, "name:en": null, "amenity": null, "building": "school", "operator:type": null, "capacity:persons": null, "addr:full": null, "addr:city": null, "source": null, "osm_id": 298819550, "osm_type": "ways_poly", "Analysis_Region": "North West"}, "geometry": {"type": "Polygon", "coordinates": [[[8.5642183, 11.9476987], [8.5642536, 11.9476568], [8.5643095, 11.9477019], [8.5642741, 11.9477438], [8.5642183, 11.9476987]]]}}, {"type": "Feature", "properties": {"name": null, "name:en": null, "amenity": null, "building": "school", "operator:type": null, "capacity:persons": null, "addr:full": null, "addr:city": null, "source": null, "osm_id": 298819904, "osm_type": "ways_poly", "Analysis_Region": "North West"}, "geometry": {"type": "Polygon", "coordinates": [[[8.5641674, 11.9487747], [8.5641959, 11.9487444], [8.5642382, 11.9487824], [8.5642097, 11.9488128], [8.5641674, 11.9487747]]]}}, {"type": "Feature", "properties": {"name": null, "name:en": null, "amenity": null, "building": "school", "operator:type": null, "capacity:persons": null, "addr:full": null, "addr:city": null, "source": null, "osm_id": 298819968, "osm_type": "ways_poly", "Analysis_Region": "North West"}, "geometry": {"type": "Polygon", "coordinates": [[[8.5642897, 11.9484723], [8.5643206, 11.9484028], [8.5643777, 11.9484271], [8.5643468, 11.9484966], [8.5642897, 11.9484723]]]}}, {"type": "Feature", "properties": {"name": null, "name:en": null, "amenity": null, "building": "school", "operator:type": null, "capacity:persons": null, "addr:full": null, "addr:city": null, "source": null, "osm_id": 298820708, "osm_type": "ways_poly", "Analysis_Region": "North West"}, "geometry": {"type": "Polygon", "coordinates": [[[8.5628738, 11.9476684], [8.562981, 11.9475658], [8.5630188, 11.9476036], [8.5629116, 11.9477062], [8.5628738, 11.9476684]]]}}, {"type": "Feature", "properties": {"name": null, "name:en": null, "amenity": null, "building": "school", "operator:type": null, "capacity:persons": null, "addr:full": null, "addr:city": null, "source": null, "osm_id": 298819030, "osm_type": "ways_poly", "Analysis_Region": "North West"}, "geometry": {"type": "Polygon", "coordinates": [[[8.5636191, 11.9474874], [8.5638223, 11.947295], [8.5638918, 11.9473652], [8.5636886, 11.9475576], [8.5636191, 11.9474874]]]}}, {"type": "Feature", "properties": {"name": null, "name:en": null, "amenity": null, "building": "school", "operator:type": null, "capacity:persons": null, "addr:full": null, "addr:city": null, "source": null, "osm_id": 298819335, "osm_type": "ways_poly", "Analysis_Region": "North West"}, "geometry": {"type": "Polygon", "coordinates": [[[8.5649336, 11.9467608], [8.5650343, 11.9465615], [8.5651665, 11.9466255], [8.5650658, 11.9468248], [8.5649336, 11.9467608]]]}}, {"type": "Feature", "properties": {"name": null, "name:en": null, "amenity": null, "building": "school", "operator:type": null, "capacity:persons": null, "addr:full": null, "addr:city": null, "source": null, "osm_id": 298819040, "osm_type": "ways_poly", "Analysis_Region": "North West"}, "geometry": {"type": "Polygon", "coordinates": [[[8.5590706, 11.948727], [8.5591493, 11.9486469], [8.559274, 11.9487641], [8.5591952, 11.9488442], [8.5590706, 11.948727]]]}}, {"type": "Feature", "properties": {"name": null, "name:en": null, "amenity": null, "building": "school", "operator:type": null, "capacity:persons": null, "addr:full": null, "addr:city": null, "source": null, "osm_id": 298819173, "osm_type": "ways_poly", "Analysis_Region": "North West"}, "geometry": {"type": "Polygon", "coordinates": [[[8.5590427, 11.948524], [8.5591156, 11.9484479], [8.5591736, 11.9485012], [8.5591008, 11.9485772], [8.5590427, 11.948524]]]}}, {"type": "Feature", "properties": {"name": null, "name:en": null, "amenity": null, "building": "school", "operator:type": null, "capacity:persons": null, "addr:full": null, "addr:city": null, "source": null, "osm_id": 298819829, "osm_type": "ways_poly", "Analysis_Region": "North West"}, "geometry": {"type": "Polygon", "coordinates": [[[8.5604505, 11.9501038], [8.5604991, 11.9500542], [8.5605784, 11.9501287], [8.5605298, 11.9501782], [8.5604505, 11.9501038]]]}}, {"type": "Feature", "properties": {"name": null, "name:en": null, "amenity": null, "building": "school", "operator:type": null, "capacity:persons": null, "addr:full": null, "addr:city": null, "source": null, "osm_id": 298819645, "osm_type": "ways_poly", "Analysis_Region": "North West"}, "geometry": {"type": "Polygon", "coordinates": [[[8.5621413, 11.9483864], [8.5622366, 11.9482897], [8.5623289, 11.9483768], [8.5622335, 11.9484735], [8.5621413, 11.9483864]]]}}, {"type": "Feature", "properties": {"name": null, "name:en": null, "amenity": null, "building": "school", "operator:type": null, "capacity:persons": null, "addr:full": null, "addr:city": null, "source": null, "osm_id": 298819715, "osm_type": "ways_poly", "Analysis_Region": "North West"}, "geometry": {"type": "Polygon", "coordinates": [[[8.5629755, 11.947761], [8.5630508, 11.9476689], [8.5631479, 11.9477449], [8.5630726, 11.947837], [8.5629755, 11.947761]]]}}, {"type": "Feature", "properties": {"name": null, "name:en": null, "amenity": null, "building": "school", "operator:type": null, "capacity:persons": null, "addr:full": null, "addr:city": null, "source": null, "osm_id": 298819733, "osm_type": "ways_poly", "Analysis_Region": "North West"}, "geometry": {"type": "Polygon", "coordinates": [[[8.5619914, 11.9482271], [8.5620828, 11.9481376], [8.5621702, 11.9482232], [8.5620788, 11.9483126], [8.5619914, 11.9482271]]]}}, {"type": "Feature", "properties": {"name": null, "name:en": null, "amenity": null, "building": "school", "operator:type": null, "capacity:persons": null, "addr:full": null, "addr:city": null, "source": null, "osm_id": 298819807, "osm_type": "ways_poly", "Analysis_Region": "North West"}, "geometry": {"type": "Polygon", "coordinates": [[[8.562494, 11.94752], [8.562549, 11.9474662], [8.5627821, 11.9476942], [8.5627271, 11.9477481], [8.562494, 11.94752]]]}}, {"type": "Feature", "properties": {"name": null, "name:en": null, "amenity": null, "building": "school", "operator:type": null, "capacity:persons": null, "addr:full": null, "addr:city": null, "source": null, "osm_id": 298820709, "osm_type": "ways_poly", "Analysis_Region": "North West"}, "geometry": {"type": "Polygon", "coordinates": [[[8.5624286, 11.9476627], [8.5625058, 11.9475952], [8.562573, 11.947669], [8.5624958, 11.9477364], [8.5624286, 11.9476627]]]}}, {"type": "Feature", "properties": {"name": null, "name:en": null, "amenity": null, "building": "school", "operator:type": null, "capacity:persons": null, "addr:full": null, "addr:city": null, "source": null, "osm_id": 298819330, "osm_type": "ways_poly", "Analysis_Region": "North West"}, "geometry": {"type": "Polygon", "coordinates": [[[8.5616943, 11.9472603], [8.5620925, 11.9468834], [8.5621496, 11.9469411], [8.5617514, 11.947318], [8.5616943, 11.9472603]]]}}, {"type": "Feature", "properties": {"name": null, "name:en": null, "amenity": null, "building": "school", "operator:type": null, "capacity:persons": null, "addr:full": null, "addr:city": null, "source": null, "osm_id": 298819347, "osm_type": "ways_poly", "Analysis_Region": "North West"}, "geometry": {"type": "Polygon", "coordinates": [[[8.5620051, 11.9474503], [8.5623904, 11.9470671], [8.5624591, 11.9471332], [8.5620738, 11.9475164], [8.5620051, 11.9474503]]]}}, {"type": "Feature", "properties": {"name": null, "name:en": null, "amenity": null, "building": "school", "operator:type": null, "capacity:persons": null, "addr:full": null, "addr:city": null, "source": null, "osm_id": 298819357, "osm_type": "ways_poly", "Analysis_Region": "North West"}, "geometry": {"type": "Polygon", "coordinates": [[[8.5633183, 11.9468322], [8.5634705, 11.9466833], [8.5635061, 11.9467181], [8.5633539, 11.946867], [8.5633183, 11.9468322]]]}}, {"type": "Feature", "properties": {"name": null, "name:en": null, "amenity": null, "building": "school", "operator:type": null, "capacity:persons": null, "addr:full": null, "addr:city": null, "source": null, "osm_id": 298819455, "osm_type": "ways_poly", "Analysis_Region": "North West"}, "geometry": {"type": "Polygon", "coordinates": [[[8.5633232, 11.9467166], [8.5633766, 11.946658], [8.5634098, 11.9466869], [8.5633564, 11.9467455], [8.5633232, 11.9467166]]]}}, {"type": "Feature", "properties": {"name": null, "name:en": null, "amenity": null, "building": "school", "operator:type": null, "capacity:persons": null, "addr:full": null, "addr:city": null, "source": null, "osm_id": 298819534, "osm_type": "ways_poly", "Analysis_Region": "North West"}, "geometry": {"type": "Polygon", "coordinates": [[[8.5641007, 11.9475309], [8.5641662, 11.9474375], [8.5642165, 11.9474712], [8.5641509, 11.9475647], [8.5641007, 11.9475309]]]}}, {"type": "Feature", "properties": {"name": null, "name:en": null, "amenity": null, "building": "school", "operator:type": null, "capacity:persons": null, "addr:full": null, "addr:city": null, "source": null, "osm_id": 298819626, "osm_type": "ways_poly", "Analysis_Region": "North West"}, "geometry": {"type": "Polygon", "coordinates": [[[8.5639154, 11.9475478], [8.5640692, 11.9473879], [8.5641144, 11.9474296], [8.5639607, 11.9475895], [8.5639154, 11.9475478]]]}}, {"type": "Feature", "properties": {"name": null, "name:en": null, "amenity": null, "building": "school", "operator:type": null, "capacity:persons": null, "addr:full": null, "addr:city": null, "source": null, "osm_id": 298819739, "osm_type": "ways_poly", "Analysis_Region": "North West"}, "geometry": {"type": "Polygon", "coordinates": [[[8.5636682, 11.9463867], [8.5637281, 11.9463289], [8.5637635, 11.946364], [8.5637036, 11.9464218], [8.5636682, 11.9463867]]]}}, {"type": "Feature", "properties": {"name": null, "name:en": null, "amenity": null, "building": "school", "operator:type": null, "capacity:persons": null, "addr:full": null, "addr:city": null, "source": null, "osm_id": 298819898, "osm_type": "ways_poly", "Analysis_Region": "North West"}, "geometry": {"type": "Polygon", "coordinates": [[[8.5635118, 11.9464163], [8.5635603, 11.9463593], [8.5636081, 11.9463982], [8.5635595, 11.9464553], [8.5635118, 11.9464163]]]}}, {"type": "Feature", "properties": {"name": null, "name:en": null, "amenity": null, "building": "school", "operator:type": null, "capacity:persons": null, "addr:full": null, "addr:city": null, "source": null, "osm_id": 298819918, "osm_type": "ways_poly", "Analysis_Region": "North West"}, "geometry": {"type": "Polygon", "coordinates": [[[8.5641272, 11.9488104], [8.5641575, 11.9487808], [8.5642571, 11.9488782], [8.5642268, 11.9489079], [8.5641272, 11.9488104]]]}}, {"type": "Feature", "properties": {"name": null, "name:en": null, "amenity": null, "building": "school", "operator:type": null, "capacity:persons": null, "addr:full": null, "addr:city": null, "source": null, "osm_id": 298819987, "osm_type": "ways_poly", "Analysis_Region": "North West"}, "geometry": {"type": "Polygon", "coordinates": [[[8.5642035, 11.9487344], [8.5642359, 11.9487007], [8.5643343, 11.9487914], [8.5643019, 11.9488251], [8.5642035, 11.9487344]]]}}, {"type": "Feature", "properties": {"name": null, "name:en": null, "amenity": null, "building": "school", "operator:type": null, "capacity:persons": null, "addr:full": null, "addr:city": null, "source": null, "osm_id": 298819046, "osm_type": "ways_poly", "Analysis_Region": "North West"}, "geometry": {"type": "Polygon", "coordinates": [[[8.5638278, 11.9472237], [8.5638668, 11.9471643], [8.5639299, 11.9472039], [8.563891, 11.9472633], [8.5638278, 11.9472237]]]}}, {"type": "Feature", "properties": {"name": null, "name:en": null, "amenity": null, "building": "school", "operator:type": null, "capacity:persons": null, "addr:full": null, "addr:city": null, "source": null, "osm_id": 298819376, "osm_type": "ways_poly", "Analysis_Region": "North West"}, "geometry": {"type": "Polygon", "coordinates": [[[8.5634815, 11.9465566], [8.5635317, 11.9464964], [8.5635773, 11.9465329], [8.5635271, 11.946593], [8.5634815, 11.9465566]]]}}, {"type": "Feature", "properties": {"name": null, "name:en": null, "amenity": null, "building": "school", "operator:type": null, "capacity:persons": null, "addr:full": null, "addr:city": null, "source": null, "osm_id": 298819113, "osm_type": "ways_poly", "Analysis_Region": "North West"}, "geometry": {"type": "Polygon", "coordinates": [[[8.5638927, 11.9467518], [8.5639469, 11.9466797], [8.5639928, 11.9467128], [8.5639386, 11.9467848], [8.5638927, 11.9467518]]]}}, {"type": "Feature", "properties": {"name": null, "name:en": null, "amenity": null, "building": "school", "operator:type": null, "capacity:persons": null, "addr:full": null, "addr:city": null, "source": null, "osm_id": 298819137, "osm_type": "ways_poly", "Analysis_Region": "North West"}, "geometry": {"type": "Polygon", "coordinates": [[[8.5633609, 11.9472427], [8.5635641, 11.9470281], [8.563643, 11.9470996], [8.5634399, 11.9473142], [8.5633609, 11.9472427]]]}}, {"type": "Feature", "properties": {"name": null, "name:en": null, "amenity": null, "building": "school", "operator:type": null, "capacity:persons": null, "addr:full": null, "addr:city": null, "source": null, "osm_id": 527046899, "osm_type": "ways_poly", "Analysis_Region": "North West"}, "geometry": {"type": "Polygon", "coordinates": [[[8.5460745, 11.9681471], [8.5461111, 11.9681013], [8.5462839, 11.9681769], [8.5462473, 11.9682246], [8.5460745, 11.9681471]]]}}, {"type": "Feature", "properties": {"name": null, "name:en": null, "amenity": null, "building": "school", "operator:type": null, "capacity:persons": null, "addr:full": null, "addr:city": null, "source": null, "osm_id": 298776887, "osm_type": "ways_poly", "Analysis_Region": "North West"}, "geometry": {"type": "Polygon", "coordinates": [[[8.5659369, 11.941995], [8.5659903, 11.941851], [8.5660772, 11.9418819], [8.5660238, 11.9420258], [8.5659369, 11.941995]]]}}, {"type": "Feature", "properties": {"name": null, "name:en": null, "amenity": null, "building": "school", "operator:type": null, "capacity:persons": null, "addr:full": null, "addr:city": null, "source": null, "osm_id": 527047000, "osm_type": "ways_poly", "Analysis_Region": "North West"}, "geometry": {"type": "Polygon", "coordinates": [[[8.5564552, 11.9395634], [8.5565837, 11.9394478], [8.5566342, 11.9395015], [8.5565056, 11.9396171], [8.5564552, 11.9395634]]]}}, {"type": "Feature", "properties": {"name": null, "name:en": null, "amenity": null, "building": "school", "operator:type": null, "capacity:persons": null, "addr:full": null, "addr:city": null, "source": null, "osm_id": 527046999, "osm_type": "ways_poly", "Analysis_Region": "North West"}, "geometry": {"type": "Polygon", "coordinates": [[[8.5565009, 11.9396738], [8.5565236, 11.9396151], [8.5566152, 11.939649], [8.5565925, 11.9397077], [8.5565009, 11.9396738]]]}}, {"type": "Feature", "properties": {"name": null, "name:en": null, "amenity": null, "building": "school", "operator:type": null, "capacity:persons": null, "addr:full": null, "addr:city": null, "source": null, "osm_id": 298776439, "osm_type": "ways_poly", "Analysis_Region": "North West"}, "geometry": {"type": "Polygon", "coordinates": [[[8.5658448, 11.9421729], [8.5659111, 11.9420305], [8.5659753, 11.9420591], [8.565909, 11.9422015], [8.5658448, 11.9421729]]]}}, {"type": "Feature", "properties": {"name": null, "name:en": null, "amenity": null, "building": "school", "operator:type": null, "capacity:persons": null, "addr:full": null, "addr:city": null, "source": null, "osm_id": 298776402, "osm_type": "ways_poly", "Analysis_Region": "North West"}, "geometry": {"type": "Polygon", "coordinates": [[[8.5660286, 11.941792], [8.5660803, 11.9416449], [8.56615, 11.9416683], [8.5660982, 11.9418155], [8.5660286, 11.941792]]]}}, {"type": "Feature", "properties": {"name": null, "name:en": null, "amenity": null, "building": "school", "operator:type": null, "capacity:persons": null, "addr:full": null, "addr:city": null, "source": null, "osm_id": 527047336, "osm_type": "ways_poly", "Analysis_Region": "North West"}, "geometry": {"type": "Polygon", "coordinates": [[[8.5707364, 11.9618453], [8.5707527, 11.9618121], [8.5707879, 11.9618234], [8.570817, 11.9618327], [8.5707994, 11.9618704], [8.5707364, 11.9618453]]]}}, {"type": "Feature", "properties": {"name": null, "name:en": null, "amenity": null, "building": "school", "operator:type": null, "capacity:persons": null, "addr:full": null, "addr:city": null, "source": null, "osm_id": 298776619, "osm_type": "ways_poly", "Analysis_Region": "North West"}, "geometry": {"type": "Polygon", "coordinates": [[[8.565529, 11.9415354], [8.5655452, 11.9414625], [8.5657231, 11.9415005], [8.5657069, 11.9415734], [8.565529, 11.9415354]]]}}, {"type": "Feature", "properties": {"name": null, "name:en": null, "amenity": null, "building": "school", "operator:type": null, "capacity:persons": null, "addr:full": null, "addr:city": null, "source": null, "osm_id": 527047680, "osm_type": "ways_poly", "Analysis_Region": "North West"}, "geometry": {"type": "Polygon", "coordinates": [[[8.5387923, 11.949242], [8.5388443, 11.9491439], [8.5389175, 11.9491811], [8.5388656, 11.9492792], [8.5387923, 11.949242]]]}}, {"type": "Feature", "properties": {"name": null, "name:en": null, "amenity": null, "building": "school", "operator:type": null, "capacity:persons": null, "addr:full": null, "addr:city": null, "source": null, "osm_id": 527047681, "osm_type": "ways_poly", "Analysis_Region": "North West"}, "geometry": {"type": "Polygon", "coordinates": [[[8.5388026, 11.9495073], [8.5388874, 11.9493019], [8.5389678, 11.9493337], [8.5388829, 11.9495391], [8.5388026, 11.9495073]]]}}, {"type": "Feature", "properties": {"name": null, "name:en": null, "amenity": null, "building": "school", "operator:type": null, "capacity:persons": null, "addr:full": null, "addr:city": null, "source": null, "osm_id": 527047682, "osm_type": "ways_poly", "Analysis_Region": "North West"}, "geometry": {"type": "Polygon", "coordinates": [[[8.5389836, 11.9494796], [8.5391489, 11.9493349], [8.5392056, 11.9493969], [8.5390403, 11.9495415], [8.5389836, 11.9494796]]]}}, {"type": "Feature", "properties": {"name": null, "name:en": null, "amenity": null, "building": "school", "operator:type": null, "capacity:persons": null, "addr:full": null, "addr:city": null, "source": null, "osm_id": 527047684, "osm_type": "ways_poly", "Analysis_Region": "North West"}, "geometry": {"type": "Polygon", "coordinates": [[[8.5390713, 11.9492484], [8.5391176, 11.9491835], [8.5392346, 11.9492623], [8.5391885, 11.9493277], [8.5390713, 11.9492484]]]}}, {"type": "Feature", "properties": {"name": null, "name:en": null, "amenity": null, "building": "school", "operator:type": null, "capacity:persons": null, "addr:full": null, "addr:city": null, "source": null, "osm_id": 527047685, "osm_type": "ways_poly", "Analysis_Region": "North West"}, "geometry": {"type": "Polygon", "coordinates": [[[8.5392038, 11.9493339], [8.5392483, 11.9492687], [8.539487, 11.9494246], [8.5394425, 11.9494898], [8.5392038, 11.9493339]]]}}, {"type": "Feature", "properties": {"name": null, "name:en": null, "amenity": null, "building": "school", "operator:type": null, "capacity:persons": null, "addr:full": null, "addr:city": null, "source": null, "osm_id": 527047687, "osm_type": "ways_poly", "Analysis_Region": "North West"}, "geometry": {"type": "Polygon", "coordinates": [[[8.538322, 11.9498394], [8.5383708, 11.9498096], [8.53845, 11.9499438], [8.5384073, 11.9499756], [8.538322, 11.9498394]]]}}, {"type": "Feature", "properties": {"name": null, "name:en": null, "amenity": null, "building": "school", "operator:type": null, "capacity:persons": null, "addr:full": null, "addr:city": null, "source": null, "osm_id": 527047683, "osm_type": "ways_poly", "Analysis_Region": "North West"}, "geometry": {"type": "Polygon", "coordinates": [[[8.5389358, 11.9491736], [8.5389751, 11.9491054], [8.5391106, 11.9491802], [8.5390713, 11.9492484], [8.5389358, 11.9491736]]]}}, {"type": "Feature", "properties": {"name": null, "name:en": null, "amenity": null, "building": "school", "operator:type": null, "capacity:persons": null, "addr:full": null, "addr:city": null, "source": null, "osm_id": 527047678, "osm_type": "ways_poly", "Analysis_Region": "North West"}, "geometry": {"type": "Polygon", "coordinates": [[[8.5385858, 11.9493103], [8.5386891, 11.9491673], [8.5387682, 11.9492171], [8.5387119, 11.9492972], [8.5388299, 11.9494218], [8.5387803, 11.9494874], [8.5385858, 11.9493103]]]}}, {"type": "Feature", "properties": {"name": null, "name:en": null, "amenity": null, "building": "school", "operator:type": null, "capacity:persons": null, "addr:full": null, "addr:city": null, "source": null, "osm_id": 527047679, "osm_type": "ways_poly", "Analysis_Region": "North West"}, "geometry": {"type": "Polygon", "coordinates": [[[8.5387568, 11.9492826], [8.5387838, 11.9492343], [8.5387923, 11.949242], [8.5388656, 11.9492792], [8.5388825, 11.9492872], [8.5388555, 11.9493355], [8.5387568, 11.9492826]]]}}, {"type": "Feature", "properties": {"name": null, "name:en": null, "amenity": null, "building": "school", "operator:type": null, "capacity:persons": null, "addr:full": null, "addr:city": null, "source": null, "osm_id": 527047213, "osm_type": "ways_poly", "Analysis_Region": "North West"}, "geometry": {"type": "Polygon", "coordinates": [[[8.5707282, 11.9619115], [8.5707317, 11.9618704], [8.5707971, 11.9618898], [8.5707971, 11.9619184], [8.5707282, 11.9619115]]]}}, {"type": "Feature", "properties": {"name": null, "name:en": null, "amenity": null, "building": "school", "operator:type": null, "capacity:persons": null, "addr:full": null, "addr:city": null, "source": null, "osm_id": 298776418, "osm_type": "ways_poly", "Analysis_Region": "North West"}, "geometry": {"type": "Polygon", "coordinates": [[[8.5657457, 11.9417126], [8.5657796, 11.941518], [8.5658436, 11.9415287], [8.5658096, 11.9417233], [8.5657457, 11.9417126]]]}}, {"type": "Feature", "properties": {"name": null, "name:en": null, "amenity": null, "building": "school", "operator:type": null, "capacity:persons": null, "addr:full": null, "addr:city": null, "source": null, "osm_id": 294189928, "osm_type": "ways_poly", "Analysis_Region": "North West"}, "geometry": {"type": "Polygon", "coordinates": [[[8.5531546, 11.978844], [8.5531563, 11.9787533], [8.5535282, 11.9787598], [8.5535265, 11.9788504], [8.5531546, 11.978844]]]}}, {"type": "Feature", "properties": {"name": null, "name:en": null, "amenity": null, "building": "school", "operator:type": null, "capacity:persons": null, "addr:full": null, "addr:city": null, "source": null, "osm_id": 294189930, "osm_type": "ways_poly", "Analysis_Region": "North West"}, "geometry": {"type": "Polygon", "coordinates": [[[8.5534209, 11.9790655], [8.5534242, 11.9788751], [8.5535156, 11.9788767], [8.5535123, 11.979067], [8.5534209, 11.9790655]]]}}, {"type": "Feature", "properties": {"name": null, "name:en": null, "amenity": null, "building": "school", "operator:type": null, "capacity:persons": null, "addr:full": null, "addr:city": null, "source": null, "osm_id": 298777130, "osm_type": "ways_poly", "Analysis_Region": "North West"}, "geometry": {"type": "Polygon", "coordinates": [[[8.5656988, 11.9419341], [8.5657295, 11.9417616], [8.5658074, 11.9417749], [8.5657767, 11.9419474], [8.5656988, 11.9419341]]]}}, {"type": "Feature", "properties": {"name": null, "name:en": null, "amenity": null, "building": "school", "operator:type": null, "capacity:persons": null, "addr:full": null, "addr:city": null, "source": null, "osm_id": 298776655, "osm_type": "ways_poly", "Analysis_Region": "North West"}, "geometry": {"type": "Polygon", "coordinates": [[[8.5653142, 11.9414966], [8.5654775, 11.9414745], [8.5654902, 11.9415639], [8.5653268, 11.941586], [8.5653142, 11.9414966]]]}}, {"type": "Feature", "properties": {"name": null, "name:en": null, "amenity": null, "building": "school", "operator:type": null, "capacity:persons": null, "addr:full": null, "addr:city": null, "source": null, "osm_id": 527047614, "osm_type": "ways_poly", "Analysis_Region": "North West"}, "geometry": {"type": "Polygon", "coordinates": [[[8.5709358, 11.9618961], [8.5709415, 11.9618524], [8.5709934, 11.9618587], [8.5709878, 11.9619025], [8.5709358, 11.9618961]]]}}, {"type": "Feature", "properties": {"name": null, "name:en": null, "amenity": null, "building": "school", "operator:type": null, "capacity:persons": null, "addr:full": null, "addr:city": null, "source": null, "osm_id": 527047677, "osm_type": "ways_poly", "Analysis_Region": "North West"}, "geometry": {"type": "Polygon", "coordinates": [[[8.5381102, 11.9495329], [8.5381605, 11.949372], [8.5385085, 11.9495827], [8.5383865, 11.9497034], [8.5383315, 11.9496706], [8.5383785, 11.9495998], [8.5381947, 11.9494883], [8.5381692, 11.9495657], [8.5381102, 11.9495329]]]}}, {"type": "Feature", "properties": {"name": null, "name:en": null, "amenity": null, "building": "school", "operator:type": null, "capacity:persons": null, "addr:full": null, "addr:city": null, "source": null, "osm_id": 527047967, "osm_type": "ways_poly", "Analysis_Region": "North West"}, "geometry": {"type": "Polygon", "coordinates": [[[8.5560249, 11.9749169], [8.5560356, 11.9747075], [8.5561251, 11.9747119], [8.5561144, 11.9749213], [8.5560249, 11.9749169]]]}}, {"type": "Feature", "properties": {"name": null, "name:en": null, "amenity": null, "building": "school", "operator:type": null, "capacity:persons": null, "addr:full": null, "addr:city": null, "source": null, "osm_id": 527048000, "osm_type": "ways_poly", "Analysis_Region": "North West"}, "geometry": {"type": "Polygon", "coordinates": [[[8.5442794, 11.9678359], [8.5443253, 11.9677451], [8.5443514, 11.9677577], [8.5443055, 11.9678485], [8.5442794, 11.9678359]]]}}, {"type": "Feature", "properties": {"name": null, "name:en": null, "amenity": null, "building": "school", "operator:type": null, "capacity:persons": null, "addr:full": null, "addr:city": null, "source": null, "osm_id": 527054160, "osm_type": "ways_poly", "Analysis_Region": "North West"}, "geometry": {"type": "Polygon", "coordinates": [[[8.5708847, 11.9619513], [8.5708891, 11.9619002], [8.5709777, 11.9619074], [8.5709733, 11.9619585], [8.5708847, 11.9619513]]]}}, {"type": "Feature", "properties": {"name": null, "name:en": null, "amenity": null, "building": "school", "operator:type": null, "capacity:persons": null, "addr:full": null, "addr:city": null, "source": null, "osm_id": 527056172, "osm_type": "ways_poly", "Analysis_Region": "North West"}, "geometry": {"type": "Polygon", "coordinates": [[[8.5401205, 11.9501504], [8.5402055, 11.9500672], [8.5402927, 11.9501524], [8.5402077, 11.9502356], [8.5401205, 11.9501504]]]}}, {"type": "Feature", "properties": {"name": null, "name:en": null, "amenity": null, "building": "school", "operator:type": null, "capacity:persons": null, "addr:full": null, "addr:city": null, "source": null, "osm_id": 527056174, "osm_type": "ways_poly", "Analysis_Region": "North West"}, "geometry": {"type": "Polygon", "coordinates": [[[8.5400678, 11.9502272], [8.5401266, 11.9501691], [8.5402003, 11.9502406], [8.5401414, 11.9502987], [8.5400678, 11.9502272]]]}}, {"type": "Feature", "properties": {"name": null, "name:en": null, "amenity": null, "building": "school", "operator:type": null, "capacity:persons": null, "addr:full": null, "addr:city": null, "source": null, "osm_id": 527056175, "osm_type": "ways_poly", "Analysis_Region": "North West"}, "geometry": {"type": "Polygon", "coordinates": [[[8.5398639, 11.9502195], [8.5399227, 11.9501693], [8.5399874, 11.9502419], [8.5399286, 11.9502921], [8.5398639, 11.9502195]]]}}, {"type": "Feature", "properties": {"name": null, "name:en": null, "amenity": null, "building": "school", "operator:type": null, "capacity:persons": null, "addr:full": null, "addr:city": null, "source": null, "osm_id": 527056177, "osm_type": "ways_poly", "Analysis_Region": "North West"}, "geometry": {"type": "Polygon", "coordinates": [[[8.5399517, 11.9503299], [8.5400104, 11.9502627], [8.5402032, 11.9504238], [8.540159, 11.9504744], [8.540063, 11.9503942], [8.5399691, 11.9503588], [8.5399517, 11.9503299]]]}}, {"type": "Feature", "properties": {"name": null, "name:en": null, "amenity": null, "building": "school", "operator:type": null, "capacity:persons": null, "addr:full": null, "addr:city": null, "source": null, "osm_id": 527038735, "osm_type": "ways_poly", "Analysis_Region": "North West"}, "geometry": {"type": "Polygon", "coordinates": [[[8.5600668, 11.9538998], [8.5601702, 11.9538032], [8.5602179, 11.9538431], [8.5601054, 11.9539387], [8.5600668, 11.9538998]]]}}, {"type": "Feature", "properties": {"name": null, "name:en": null, "amenity": null, "building": "school", "operator:type": null, "capacity:persons": null, "addr:full": null, "addr:city": null, "source": null, "osm_id": 527038741, "osm_type": "ways_poly", "Analysis_Region": "North West"}, "geometry": {"type": "Polygon", "coordinates": [[[8.5603689, 11.9535765], [8.5603939, 11.953541], [8.5603746, 11.9535254], [8.5605279, 11.9533799], [8.5605483, 11.953401], [8.5605915, 11.9533654], [8.560646, 11.9534332], [8.5604234, 11.953641], [8.5603689, 11.9535765]]]}}, {"type": "Feature", "properties": {"name": null, "name:en": null, "amenity": null, "building": "school", "operator:type": null, "capacity:persons": null, "addr:full": null, "addr:city": null, "source": null, "osm_id": 527039023, "osm_type": "ways_poly", "Analysis_Region": "North West"}, "geometry": {"type": "Polygon", "coordinates": [[[8.5558999, 11.9771485], [8.5559283, 11.9769679], [8.5559498, 11.976964], [8.5560034, 11.9769954], [8.5559775, 11.9771602], [8.5558999, 11.9771485]]]}}, {"type": "Feature", "properties": {"name": null, "name:en": null, "amenity": null, "building": "school", "operator:type": null, "capacity:persons": null, "addr:full": null, "addr:city": null, "source": null, "osm_id": 527039244, "osm_type": "ways_poly", "Analysis_Region": "North West"}, "geometry": {"type": "Polygon", "coordinates": [[[8.5560282, 11.9770442], [8.5560367, 11.9770078], [8.5560869, 11.977019], [8.5560785, 11.9770553], [8.5560282, 11.9770442]]]}}, {"type": "Feature", "properties": {"name": null, "name:en": null, "amenity": null, "building": "school", "operator:type": null, "capacity:persons": null, "addr:full": null, "addr:city": null, "source": null, "osm_id": 298819311, "osm_type": "ways_poly", "Analysis_Region": "North West"}, "geometry": {"type": "Polygon", "coordinates": [[[8.5584919, 11.9511187], [8.5586178, 11.9509889], [8.5586514, 11.95102], [8.5585255, 11.9511499], [8.5584919, 11.9511187]]]}}, {"type": "Feature", "properties": {"name": null, "name:en": null, "amenity": null, "building": "school", "operator:type": null, "capacity:persons": null, "addr:full": null, "addr:city": null, "source": null, "osm_id": 298819887, "osm_type": "ways_poly", "Analysis_Region": "North West"}, "geometry": {"type": "Polygon", "coordinates": [[[8.5582655, 11.9513467], [8.5583845, 11.9512101], [8.5584225, 11.9512417], [8.5583035, 11.9513783], [8.5582655, 11.9513467]]]}}, {"type": "Feature", "properties": {"name": null, "name:en": null, "amenity": null, "building": "school", "operator:type": null, "capacity:persons": null, "addr:full": null, "addr:city": null, "source": null, "osm_id": 298819967, "osm_type": "ways_poly", "Analysis_Region": "North West"}, "geometry": {"type": "Polygon", "coordinates": [[[8.5583213, 11.95174], [8.5584151, 11.9516415], [8.5584729, 11.9516941], [8.558379, 11.9517927], [8.5583213, 11.95174]]]}}, {"type": "Feature", "properties": {"name": null, "name:en": null, "amenity": null, "building": "school", "operator:type": null, "capacity:persons": null, "addr:full": null, "addr:city": null, "source": null, "osm_id": 527040354, "osm_type": "ways_poly", "Analysis_Region": "North West"}, "geometry": {"type": "Polygon", "coordinates": [[[8.5561249, 11.9769097], [8.5561374, 11.9767844], [8.556255, 11.9767956], [8.5562494, 11.976852], [8.5561891, 11.9768462], [8.5561757, 11.9768606], [8.5562424, 11.976867], [8.5562371, 11.9769204], [8.5561249, 11.9769097]]]}}, {"type": "Feature", "properties": {"name": null, "name:en": null, "amenity": null, "building": "school", "operator:type": null, "capacity:persons": null, "addr:full": null, "addr:city": null, "source": null, "osm_id": 527040417, "osm_type": "ways_poly", "Analysis_Region": "North West"}, "geometry": {"type": "Polygon", "coordinates": [[[8.5561101, 11.9767564], [8.5561293, 11.9766857], [8.5561683, 11.9766958], [8.5561491, 11.9767665], [8.5561101, 11.9767564]]]}}, {"type": "Feature", "properties": {"name": null, "name:en": null, "amenity": null, "building": "school", "operator:type": null, "capacity:persons": null, "addr:full": null, "addr:city": null, "source": null, "osm_id": 527041455, "osm_type": "ways_poly", "Analysis_Region": "North West"}, "geometry": {"type": "Polygon", "coordinates": [[[8.5402586, 11.9761495], [8.5403166, 11.976074], [8.5405667, 11.9762671], [8.5405082, 11.9763402], [8.5402586, 11.9761495]]]}}, {"type": "Feature", "properties": {"name": null, "name:en": null, "amenity": null, "building": "school", "operator:type": null, "capacity:persons": null, "addr:full": null, "addr:city": null, "source": null, "osm_id": 527042391, "osm_type": "ways_poly", "Analysis_Region": "North West"}, "geometry": {"type": "Polygon", "coordinates": [[[8.5402547, 11.9760345], [8.54031, 11.9759516], [8.5403718, 11.975991], [8.5403166, 11.976074], [8.5402547, 11.9760345]]]}}, {"type": "Feature", "properties": {"name": null, "name:en": null, "amenity": null, "building": "school", "operator:type": null, "capacity:persons": null, "addr:full": null, "addr:city": null, "source": null, "osm_id": 527043168, "osm_type": "ways_poly", "Analysis_Region": "North West"}, "geometry": {"type": "Polygon", "coordinates": [[[8.5580134, 11.9515647], [8.5581495, 11.9514253], [8.5582052, 11.9514693], [8.5580592, 11.9516087], [8.5580134, 11.9515647]]]}}, {"type": "Feature", "properties": {"name": null, "name:en": null, "amenity": null, "building": "school", "operator:type": null, "capacity:persons": null, "addr:full": null, "addr:city": null, "source": null, "osm_id": 298818930, "osm_type": "ways_poly", "Analysis_Region": "North West"}, "geometry": {"type": "Polygon", "coordinates": [[[8.5621937, 11.9487602], [8.5625234, 11.9484623], [8.5626706, 11.9486182], [8.5623409, 11.9489161], [8.5621937, 11.9487602]]]}}, {"type": "Feature", "properties": {"name": null, "name:en": null, "amenity": null, "building": "school", "operator:type": null, "capacity:persons": null, "addr:full": null, "addr:city": null, "source": null, "osm_id": 298819370, "osm_type": "ways_poly", "Analysis_Region": "North West"}, "geometry": {"type": "Polygon", "coordinates": [[[8.5597046, 11.9505258], [8.560051, 11.9502075], [8.5601186, 11.950278], [8.5597722, 11.9505963], [8.5597046, 11.9505258]]]}}, {"type": "Feature", "properties": {"name": null, "name:en": null, "amenity": null, "building": "school", "operator:type": null, "capacity:persons": null, "addr:full": null, "addr:city": null, "source": null, "osm_id": 298819468, "osm_type": "ways_poly", "Analysis_Region": "North West"}, "geometry": {"type": "Polygon", "coordinates": [[[8.5594929, 11.9505056], [8.5599364, 11.9500939], [8.5599875, 11.9501466], [8.559544, 11.9505583], [8.5594929, 11.9505056]]]}}, {"type": "Feature", "properties": {"name": null, "name:en": null, "amenity": null, "building": "school", "operator:type": null, "capacity:persons": null, "addr:full": null, "addr:city": null, "source": null, "osm_id": 298819546, "osm_type": "ways_poly", "Analysis_Region": "North West"}, "geometry": {"type": "Polygon", "coordinates": [[[8.5617, 11.9488957], [8.5620739, 11.9485188], [8.562133, 11.9485749], [8.5617591, 11.9489518], [8.5617, 11.9488957]]]}}, {"type": "Feature", "properties": {"name": null, "name:en": null, "amenity": null, "building": "school", "operator:type": null, "capacity:persons": null, "addr:full": null, "addr:city": null, "source": null, "osm_id": 298819560, "osm_type": "ways_poly", "Analysis_Region": "North West"}, "geometry": {"type": "Polygon", "coordinates": [[[8.5613706, 11.9484055], [8.5615988, 11.9481561], [8.561861, 11.9483857], [8.5616328, 11.9486351], [8.5613706, 11.9484055]]]}}, {"type": "Feature", "properties": {"name": null, "name:en": null, "amenity": null, "building": "school", "operator:type": null, "capacity:persons": null, "addr:full": null, "addr:city": null, "source": null, "osm_id": 298819019, "osm_type": "ways_poly", "Analysis_Region": "North West"}, "geometry": {"type": "Polygon", "coordinates": [[[8.5618941, 11.9490217], [8.5621299, 11.9487955], [8.5622013, 11.9488668], [8.5619655, 11.949093], [8.5618941, 11.9490217]]]}}, {"type": "Feature", "properties": {"name": null, "name:en": null, "amenity": null, "building": "school", "operator:type": null, "capacity:persons": null, "addr:full": null, "addr:city": null, "source": null, "osm_id": 298818922, "osm_type": "ways_poly", "Analysis_Region": "North West"}, "geometry": {"type": "Polygon", "coordinates": [[[8.5607037, 11.9480585], [8.5608494, 11.9477987], [8.560922, 11.9478377], [8.5607763, 11.9480975], [8.5607037, 11.9480585]]]}}, {"type": "Feature", "properties": {"name": null, "name:en": null, "amenity": null, "building": "school", "operator:type": null, "capacity:persons": null, "addr:full": null, "addr:city": null, "source": null, "osm_id": 298819983, "osm_type": "ways_poly", "Analysis_Region": "North West"}, "geometry": {"type": "Polygon", "coordinates": [[[8.5609599, 11.9482421], [8.5613872, 11.9478272], [8.5614515, 11.9478906], [8.5610242, 11.9483055], [8.5609599, 11.9482421]]]}}, {"type": "Feature", "properties": {"name": null, "name:en": null, "amenity": null, "building": "school", "operator:type": null, "capacity:persons": null, "addr:full": null, "addr:city": null, "source": null, "osm_id": 527050711, "osm_type": "ways_poly", "Analysis_Region": "North West"}, "geometry": {"type": "Polygon", "coordinates": [[[8.5389024, 11.9501444], [8.5389669, 11.9500375], [8.5390909, 11.9501092], [8.5390264, 11.950216], [8.5389024, 11.9501444]]]}}, {"type": "Feature", "properties": {"name": null, "name:en": null, "amenity": null, "building": "school", "operator:type": null, "capacity:persons": null, "addr:full": null, "addr:city": null, "source": null, "osm_id": 527050712, "osm_type": "ways_poly", "Analysis_Region": "North West"}, "geometry": {"type": "Polygon", "coordinates": [[[8.5391851, 11.9501865], [8.5393047, 11.950089], [8.539373, 11.9501692], [8.5392534, 11.9502667], [8.5391851, 11.9501865]]]}}, {"type": "Feature", "properties": {"name": null, "name:en": null, "amenity": null, "building": "school", "operator:type": null, "capacity:persons": null, "addr:full": null, "addr:city": null, "source": null, "osm_id": 527050754, "osm_type": "ways_poly", "Analysis_Region": "North West"}, "geometry": {"type": "Polygon", "coordinates": [[[8.5397198, 11.95003], [8.5399621, 11.9497547], [8.5400244, 11.9498071], [8.5397821, 11.9500824], [8.5397198, 11.95003]]]}}, {"type": "Feature", "properties": {"name": null, "name:en": null, "amenity": null, "building": "school", "operator:type": null, "capacity:persons": null, "addr:full": null, "addr:city": null, "source": null, "osm_id": 527053183, "osm_type": "ways_poly", "Analysis_Region": "North West"}, "geometry": {"type": "Polygon", "coordinates": [[[8.5393262, 11.9498396], [8.5395498, 11.9496336], [8.5396118, 11.949698], [8.5393882, 11.949904], [8.5393262, 11.9498396]]]}}, {"type": "Feature", "properties": {"name": null, "name:en": null, "amenity": null, "building": "school", "operator:type": null, "capacity:persons": null, "addr:full": null, "addr:city": null, "source": null, "osm_id": 527053184, "osm_type": "ways_poly", "Analysis_Region": "North West"}, "geometry": {"type": "Polygon", "coordinates": [[[8.5394901, 11.9494997], [8.5396473, 11.9492739], [8.5397014, 11.94931], [8.5395442, 11.9495358], [8.5394901, 11.9494997]]]}}, {"type": "Feature", "properties": {"name": null, "name:en": null, "amenity": null, "building": "school", "operator:type": null, "capacity:persons": null, "addr:full": null, "addr:city": null, "source": null, "osm_id": 527053186, "osm_type": "ways_poly", "Analysis_Region": "North West"}, "geometry": {"type": "Polygon", "coordinates": [[[8.5397024, 11.9495143], [8.5397194, 11.9494751], [8.5398201, 11.949395], [8.5398908, 11.9494799], [8.539781, 11.949567], [8.5397363, 11.9495595], [8.5397024, 11.9495143]]]}}, {"type": "Feature", "properties": {"name": null, "name:en": null, "amenity": null, "building": "school", "operator:type": null, "capacity:persons": null, "addr:full": null, "addr:city": null, "source": null, "osm_id": 527053556, "osm_type": "ways_poly", "Analysis_Region": "North West"}, "geometry": {"type": "Polygon", "coordinates": [[[8.5450427, 11.9683541], [8.5450801, 11.9682836], [8.5452605, 11.968375], [8.5452231, 11.9684455], [8.5450427, 11.9683541]]]}}, {"type": "Feature", "properties": {"name": null, "name:en": null, "amenity": null, "building": "school", "operator:type": null, "capacity:persons": null, "addr:full": null, "addr:city": null, "source": null, "osm_id": 298598298, "osm_type": "ways_poly", "Analysis_Region": "North West"}, "geometry": {"type": "Polygon", "coordinates": [[[8.5591516, 11.9392793], [8.5591597, 11.9392603], [8.5592078, 11.9392801], [8.5591997, 11.9392991], [8.5591516, 11.9392793]]]}}, {"type": "Feature", "properties": {"name": null, "name:en": null, "amenity": null, "building": "school", "operator:type": null, "capacity:persons": null, "addr:full": null, "addr:city": null, "source": null, "osm_id": 527038760, "osm_type": "ways_poly", "Analysis_Region": "North West"}, "geometry": {"type": "Polygon", "coordinates": [[[8.5560984, 11.9770585], [8.5561104, 11.9770023], [8.5562005, 11.9770207], [8.5561884, 11.9770769], [8.5560984, 11.9770585]]]}}, {"type": "Feature", "properties": {"name": null, "name:en": null, "amenity": null, "building": "school", "operator:type": null, "capacity:persons": null, "addr:full": null, "addr:city": null, "source": null, "osm_id": 527039130, "osm_type": "ways_poly", "Analysis_Region": "North West"}, "geometry": {"type": "Polygon", "coordinates": [[[8.5553262, 11.9646838], [8.5554133, 11.964515], [8.5554623, 11.9645392], [8.5553752, 11.964708], [8.5553262, 11.9646838]]]}}, {"type": "Feature", "properties": {"name": null, "name:en": null, "amenity": null, "building": "school", "operator:type": null, "capacity:persons": null, "addr:full": null, "addr:city": null, "source": null, "osm_id": 527039328, "osm_type": "ways_poly", "Analysis_Region": "North West"}, "geometry": {"type": "Polygon", "coordinates": [[[8.5551539, 11.9649888], [8.5552536, 11.9647835], [8.5553111, 11.9648102], [8.5552114, 11.9650155], [8.5551539, 11.9649888]]]}}, {"type": "Feature", "properties": {"name": null, "name:en": null, "amenity": null, "building": "school", "operator:type": null, "capacity:persons": null, "addr:full": null, "addr:city": null, "source": null, "osm_id": 298819363, "osm_type": "ways_poly", "Analysis_Region": "North West"}, "geometry": {"type": "Polygon", "coordinates": [[[8.560128, 11.9507833], [8.5602138, 11.9506899], [8.56025, 11.9507217], [8.5601643, 11.9508152], [8.560128, 11.9507833]]]}}, {"type": "Feature", "properties": {"name": null, "name:en": null, "amenity": null, "building": "school", "operator:type": null, "capacity:persons": null, "addr:full": null, "addr:city": null, "source": null, "osm_id": 298819035, "osm_type": "ways_poly", "Analysis_Region": "North West"}, "geometry": {"type": "Polygon", "coordinates": [[[8.5596092, 11.9514575], [8.5597002, 11.9513561], [8.5597334, 11.9513846], [8.5596424, 11.951486], [8.5596092, 11.9514575]]]}}, {"type": "Feature", "properties": {"name": null, "name:en": null, "amenity": null, "building": "school", "operator:type": null, "capacity:persons": null, "addr:full": null, "addr:city": null, "source": null, "osm_id": 298819124, "osm_type": "ways_poly", "Analysis_Region": "North West"}, "geometry": {"type": "Polygon", "coordinates": [[[8.5591937, 11.9509712], [8.5593604, 11.9508192], [8.5594077, 11.9508688], [8.559241, 11.9510208], [8.5591937, 11.9509712]]]}}, {"type": "Feature", "properties": {"name": null, "name:en": null, "amenity": null, "building": "school", "operator:type": null, "capacity:persons": null, "addr:full": null, "addr:city": null, "source": null, "osm_id": 298819747, "osm_type": "ways_poly", "Analysis_Region": "North West"}, "geometry": {"type": "Polygon", "coordinates": [[[8.559929, 11.9511844], [8.5600261, 11.9510807], [8.5600592, 11.9511103], [8.5599621, 11.951214], [8.559929, 11.9511844]]]}}, {"type": "Feature", "properties": {"name": null, "name:en": null, "amenity": null, "building": "school", "operator:type": null, "capacity:persons": null, "addr:full": null, "addr:city": null, "source": null, "osm_id": 298818937, "osm_type": "ways_poly", "Analysis_Region": "North West"}, "geometry": {"type": "Polygon", "coordinates": [[[8.5592941, 11.9513901], [8.5593332, 11.9513455], [8.5594012, 11.9514025], [8.5593621, 11.9514471], [8.5592941, 11.9513901]]]}}, {"type": "Feature", "properties": {"name": null, "name:en": null, "amenity": null, "building": "school", "operator:type": null, "capacity:persons": null, "addr:full": null, "addr:city": null, "source": null, "osm_id": 298819268, "osm_type": "ways_poly", "Analysis_Region": "North West"}, "geometry": {"type": "Polygon", "coordinates": [[[8.5602252, 11.9507635], [8.560264, 11.9507287], [8.5602915, 11.950758], [8.5602528, 11.9507928], [8.5602252, 11.9507635]]]}}, {"type": "Feature", "properties": {"name": null, "name:en": null, "amenity": null, "building": "school", "operator:type": null, "capacity:persons": null, "addr:full": null, "addr:city": null, "source": null, "osm_id": 298819999, "osm_type": "ways_poly", "Analysis_Region": "North West"}, "geometry": {"type": "Polygon", "coordinates": [[[8.5595928, 11.9510858], [8.5596294, 11.9510462], [8.5596974, 11.9511064], [8.5596608, 11.951146], [8.5595928, 11.9510858]]]}}, {"type": "Feature", "properties": {"name": null, "name:en": null, "amenity": null, "building": "school", "operator:type": null, "capacity:persons": null, "addr:full": null, "addr:city": null, "source": null, "osm_id": 298818945, "osm_type": "ways_poly", "Analysis_Region": "North West"}, "geometry": {"type": "Polygon", "coordinates": [[[8.5593107, 11.9517439], [8.559407, 11.9516632], [8.5594363, 11.9516966], [8.55934, 11.9517774], [8.5593107, 11.9517439]]]}}, {"type": "Feature", "properties": {"name": null, "name:en": null, "amenity": null, "building": "school", "operator:type": null, "capacity:persons": null, "addr:full": null, "addr:city": null, "source": null, "osm_id": 527039492, "osm_type": "ways_poly", "Analysis_Region": "North West"}, "geometry": {"type": "Polygon", "coordinates": [[[8.5560269, 11.9769884], [8.5560402, 11.9769209], [8.5561072, 11.9769335], [8.556094, 11.977001], [8.5560269, 11.9769884]]]}}, {"type": "Feature", "properties": {"name": null, "name:en": null, "amenity": null, "building": "school", "operator:type": null, "capacity:persons": null, "addr:full": null, "addr:city": null, "source": null, "osm_id": 289648025, "osm_type": "ways_poly", "Analysis_Region": "North West"}, "geometry": {"type": "Polygon", "coordinates": [[[8.5563433, 11.9652611], [8.5563557, 11.9651808], [8.5565517, 11.9652097], [8.5565394, 11.9652901], [8.5563433, 11.9652611]]]}}, {"type": "Feature", "properties": {"name": null, "name:en": null, "amenity": null, "building": "school", "operator:type": null, "capacity:persons": null, "addr:full": null, "addr:city": null, "source": null, "osm_id": 289648017, "osm_type": "ways_poly", "Analysis_Region": "North West"}, "geometry": {"type": "Polygon", "coordinates": [[[8.5560682, 11.9649114], [8.5561025, 11.9645884], [8.5565432, 11.9646331], [8.5565084, 11.9649614], [8.5564153, 11.9649519], [8.5564388, 11.9647295], [8.5561752, 11.9647028], [8.5561522, 11.9649199], [8.5560682, 11.9649114]]]}}, {"type": "Feature", "properties": {"name": null, "name:en": null, "amenity": null, "building": "school", "operator:type": null, "capacity:persons": null, "addr:full": null, "addr:city": null, "source": null, "osm_id": 289648020, "osm_type": "ways_poly", "Analysis_Region": "North West"}, "geometry": {"type": "Polygon", "coordinates": [[[8.5564059, 11.9651436], [8.5564179, 11.9649839], [8.5564951, 11.9649894], [8.5564832, 11.9651491], [8.5564059, 11.9651436]]]}}, {"type": "Feature", "properties": {"name": null, "name:en": null, "amenity": null, "building": "school", "operator:type": null, "capacity:persons": null, "addr:full": null, "addr:city": null, "source": null, "osm_id": 298598319, "osm_type": "ways_poly", "Analysis_Region": "North West"}, "geometry": {"type": "Polygon", "coordinates": [[[8.5628726, 11.9424577], [8.5629026, 11.9424433], [8.5630567, 11.9423693], [8.5630901, 11.9424359], [8.562906, 11.9425243], [8.5628726, 11.9424577]]]}}, {"type": "Feature", "properties": {"name": null, "name:en": null, "amenity": null, "building": "school", "operator:type": null, "capacity:persons": null, "addr:full": null, "addr:city": null, "source": null, "osm_id": 298598625, "osm_type": "ways_poly", "Analysis_Region": "North West"}, "geometry": {"type": "Polygon", "coordinates": [[[8.563091, 11.9423557], [8.5632763, 11.9422763], [8.5633062, 11.9423431], [8.5631209, 11.9424225], [8.563091, 11.9423557]]]}}, {"type": "Feature", "properties": {"name": null, "name:en": null, "amenity": null, "building": "school", "operator:type": null, "capacity:persons": null, "addr:full": null, "addr:city": null, "source": null, "osm_id": 527043169, "osm_type": "ways_poly", "Analysis_Region": "North West"}, "geometry": {"type": "Polygon", "coordinates": [[[8.5580195, 11.9513483], [8.558168, 11.9511927], [8.5582186, 11.9512655], [8.558067, 11.9513934], [8.5580195, 11.9513483]]]}}, {"type": "Feature", "properties": {"name": null, "name:en": null, "amenity": null, "building": "school", "operator:type": null, "capacity:persons": null, "addr:full": null, "addr:city": null, "source": null, "osm_id": 298818980, "osm_type": "ways_poly", "Analysis_Region": "North West"}, "geometry": {"type": "Polygon", "coordinates": [[[8.5665056, 11.9461294], [8.5670734, 11.9460712], [8.5670819, 11.9461505], [8.5665141, 11.9462088], [8.5665056, 11.9461294]]]}}, {"type": "Feature", "properties": {"name": null, "name:en": null, "amenity": null, "building": "school", "operator:type": null, "capacity:persons": null, "addr:full": null, "addr:city": null, "source": null, "osm_id": 527044365, "osm_type": "ways_poly", "Analysis_Region": "North West"}, "geometry": {"type": "Polygon", "coordinates": [[[8.5454958, 11.9685835], [8.5455327, 11.9685207], [8.5456639, 11.9685945], [8.545627, 11.9686573], [8.5454958, 11.9685835]]]}}, {"type": "Feature", "properties": {"name": null, "name:en": null, "amenity": null, "building": "school", "operator:type": null, "capacity:persons": null, "addr:full": null, "addr:city": null, "source": null, "osm_id": 298819945, "osm_type": "ways_poly", "Analysis_Region": "North West"}, "geometry": {"type": "Polygon", "coordinates": [[[8.5637525, 11.9497048], [8.563772, 11.9496787], [8.5638235, 11.9497157], [8.563804, 11.9497417], [8.5637525, 11.9497048]]]}}, {"type": "Feature", "properties": {"name": null, "name:en": null, "amenity": null, "building": "school", "operator:type": null, "capacity:persons": null, "addr:full": null, "addr:city": null, "source": null, "osm_id": 298819029, "osm_type": "ways_poly", "Analysis_Region": "North West"}, "geometry": {"type": "Polygon", "coordinates": [[[8.5634034, 11.9495469], [8.5635659, 11.9493879], [8.5636209, 11.9494416], [8.5634583, 11.9496006], [8.5634034, 11.9495469]]]}}, {"type": "Feature", "properties": {"name": null, "name:en": null, "amenity": null, "building": "school", "operator:type": null, "capacity:persons": null, "addr:full": null, "addr:city": null, "source": null, "osm_id": 298819013, "osm_type": "ways_poly", "Analysis_Region": "North West"}, "geometry": {"type": "Polygon", "coordinates": [[[8.5630647, 11.9497672], [8.5633314, 11.949503], [8.5633931, 11.9495626], [8.5631264, 11.9498268], [8.5630647, 11.9497672]]]}}, {"type": "Feature", "properties": {"name": null, "name:en": null, "amenity": null, "building": "school", "operator:type": null, "capacity:persons": null, "addr:full": null, "addr:city": null, "source": null, "osm_id": 298819600, "osm_type": "ways_poly", "Analysis_Region": "North West"}, "geometry": {"type": "Polygon", "coordinates": [[[8.5633118, 11.9499981], [8.5636014, 11.9497115], [8.5636539, 11.9497622], [8.5633643, 11.9500489], [8.5633118, 11.9499981]]]}}, {"type": "Feature", "properties": {"name": null, "name:en": null, "amenity": null, "building": "school", "operator:type": null, "capacity:persons": null, "addr:full": null, "addr:city": null, "source": null, "osm_id": 527043568, "osm_type": "ways_poly", "Analysis_Region": "North West"}, "geometry": {"type": "Polygon", "coordinates": [[[8.5734407, 11.9690781], [8.5735116, 11.9689932], [8.5735449, 11.9690198], [8.573474, 11.9691047], [8.5734407, 11.9690781]]]}}, {"type": "Feature", "properties": {"name": null, "name:en": null, "amenity": null, "building": "school", "operator:type": null, "capacity:persons": null, "addr:full": null, "addr:city": null, "source": null, "osm_id": 527043649, "osm_type": "ways_poly", "Analysis_Region": "North West"}, "geometry": {"type": "Polygon", "coordinates": [[[8.5734851, 11.9691167], [8.5735172, 11.9690847], [8.5735771, 11.9691421], [8.573545, 11.9691741], [8.5734851, 11.9691167]]]}}, {"type": "Feature", "properties": {"name": null, "name:en": null, "amenity": null, "building": "school", "operator:type": null, "capacity:persons": null, "addr:full": null, "addr:city": null, "source": null, "osm_id": 527043771, "osm_type": "ways_poly", "Analysis_Region": "North West"}, "geometry": {"type": "Polygon", "coordinates": [[[8.545253, 11.9682707], [8.545319, 11.9681339], [8.5453948, 11.9681688], [8.5453288, 11.9683057], [8.545253, 11.9682707]]]}}, {"type": "Feature", "properties": {"name": null, "name:en": null, "amenity": null, "building": "school", "operator:type": null, "capacity:persons": null, "addr:full": null, "addr:city": null, "source": null, "osm_id": 527043787, "osm_type": "ways_poly", "Analysis_Region": "North West"}, "geometry": {"type": "Polygon", "coordinates": [[[8.5461275, 11.9677645], [8.5461587, 11.9677085], [8.5466165, 11.9679526], [8.5465854, 11.9680085], [8.5461275, 11.9677645]]]}}, {"type": "Feature", "properties": {"name": null, "name:en": null, "amenity": null, "building": "school", "operator:type": null, "capacity:persons": null, "addr:full": null, "addr:city": null, "source": null, "osm_id": 298819786, "osm_type": "ways_poly", "Analysis_Region": "North West"}, "geometry": {"type": "Polygon", "coordinates": [[[8.5661469, 11.9468361], [8.5661515, 11.9467152], [8.5662063, 11.9467171], [8.5662017, 11.9468381], [8.5661469, 11.9468361]]]}}, {"type": "Feature", "properties": {"name": null, "name:en": null, "amenity": null, "building": "school", "operator:type": null, "capacity:persons": null, "addr:full": null, "addr:city": null, "source": null, "osm_id": 527043832, "osm_type": "ways_poly", "Analysis_Region": "North West"}, "geometry": {"type": "Polygon", "coordinates": [[[8.545451, 11.9681263], [8.5455415, 11.9679606], [8.5455937, 11.9679878], [8.5455031, 11.9681535], [8.545451, 11.9681263]]]}}, {"type": "Feature", "properties": {"name": null, "name:en": null, "amenity": null, "building": "school", "operator:type": null, "capacity:persons": null, "addr:full": null, "addr:city": null, "source": null, "osm_id": 527043870, "osm_type": "ways_poly", "Analysis_Region": "North West"}, "geometry": {"type": "Polygon", "coordinates": [[[8.5445542, 11.9680686], [8.5445862, 11.9680047], [8.5449202, 11.9681647], [8.5448882, 11.9682286], [8.5445542, 11.9680686]]]}}, {"type": "Feature", "properties": {"name": null, "name:en": null, "amenity": null, "building": "school", "operator:type": null, "capacity:persons": null, "addr:full": null, "addr:city": null, "source": null, "osm_id": 527043906, "osm_type": "ways_poly", "Analysis_Region": "North West"}, "geometry": {"type": "Polygon", "coordinates": [[[8.5737256, 11.9691596], [8.5737538, 11.9690922], [8.5738523, 11.9691317], [8.5737778, 11.9691952], [8.5737256, 11.9691596]]]}}, {"type": "Feature", "properties": {"name": null, "name:en": null, "amenity": null, "building": "school", "operator:type": null, "capacity:persons": null, "addr:full": null, "addr:city": null, "source": null, "osm_id": 527044218, "osm_type": "ways_poly", "Analysis_Region": "North West"}, "geometry": {"type": "Polygon", "coordinates": [[[8.5462629, 11.9674348], [8.5462995, 11.9673747], [8.5465265, 11.9675071], [8.5464899, 11.9675673], [8.5462629, 11.9674348]]]}}, {"type": "Feature", "properties": {"name": null, "name:en": null, "amenity": null, "building": "school", "operator:type": null, "capacity:persons": null, "addr:full": null, "addr:city": null, "source": null, "osm_id": 527044252, "osm_type": "ways_poly", "Analysis_Region": "North West"}, "geometry": {"type": "Polygon", "coordinates": [[[8.545589, 11.9684568], [8.5456933, 11.9682544], [8.5457688, 11.9682916], [8.5456645, 11.9684941], [8.545589, 11.9684568]]]}}, {"type": "Feature", "properties": {"name": null, "name:en": null, "amenity": null, "building": "school", "operator:type": null, "capacity:persons": null, "addr:full": null, "addr:city": null, "source": null, "osm_id": 527044587, "osm_type": "ways_poly", "Analysis_Region": "North West"}, "geometry": {"type": "Polygon", "coordinates": [[[8.5603164, 11.9416177], [8.5603672, 11.9415117], [8.5604177, 11.9415348], [8.5603669, 11.9416409], [8.5603164, 11.9416177]]]}}, {"type": "Feature", "properties": {"name": null, "name:en": null, "amenity": null, "building": "school", "operator:type": null, "capacity:persons": null, "addr:full": null, "addr:city": null, "source": null, "osm_id": 527044591, "osm_type": "ways_poly", "Analysis_Region": "North West"}, "geometry": {"type": "Polygon", "coordinates": [[[8.5456562, 11.9686554], [8.5456868, 11.9686028], [8.5458736, 11.9687069], [8.5458429, 11.9687595], [8.5456562, 11.9686554]]]}}, {"type": "Feature", "properties": {"name": null, "name:en": null, "amenity": null, "building": "school", "operator:type": null, "capacity:persons": null, "addr:full": null, "addr:city": null, "source": null, "osm_id": 298819991, "osm_type": "ways_poly", "Analysis_Region": "North West"}, "geometry": {"type": "Polygon", "coordinates": [[[8.5616091, 11.9518407], [8.5618724, 11.9515786], [8.5619315, 11.9516355], [8.5616682, 11.9518975], [8.5616091, 11.9518407]]]}}, {"type": "Feature", "properties": {"name": null, "name:en": null, "amenity": null, "building": "school", "operator:type": null, "capacity:persons": null, "addr:full": null, "addr:city": null, "source": null, "osm_id": 298819421, "osm_type": "ways_poly", "Analysis_Region": "North West"}, "geometry": {"type": "Polygon", "coordinates": [[[8.5619384, 11.9516113], [8.5620917, 11.9514545], [8.5621558, 11.9515145], [8.5620024, 11.9516713], [8.5619384, 11.9516113]]]}}, {"type": "Feature", "properties": {"name": null, "name:en": null, "amenity": null, "building": "school", "operator:type": null, "capacity:persons": null, "addr:full": null, "addr:city": null, "source": null, "osm_id": 298819076, "osm_type": "ways_poly", "Analysis_Region": "North West"}, "geometry": {"type": "Polygon", "coordinates": [[[8.5609205, 11.9511519], [8.5611781, 11.9508977], [8.5612287, 11.9509468], [8.5609711, 11.951201], [8.5609205, 11.9511519]]]}}, {"type": "Feature", "properties": {"name": null, "name:en": null, "amenity": null, "building": "school", "operator:type": null, "capacity:persons": null, "addr:full": null, "addr:city": null, "source": null, "osm_id": 298819533, "osm_type": "ways_poly", "Analysis_Region": "North West"}, "geometry": {"type": "Polygon", "coordinates": [[[8.5634595, 11.9501392], [8.5637468, 11.9498526], [8.5638064, 11.9499098], [8.5635191, 11.9501964], [8.5634595, 11.9501392]]]}}, {"type": "Feature", "properties": {"name": null, "name:en": null, "amenity": null, "building": "school", "operator:type": null, "capacity:persons": null, "addr:full": null, "addr:city": null, "source": null, "osm_id": 298819795, "osm_type": "ways_poly", "Analysis_Region": "North West"}, "geometry": {"type": "Polygon", "coordinates": [[[8.5615949, 11.9508718], [8.5616741, 11.9507914], [8.5618, 11.9509101], [8.5617209, 11.9509905], [8.5615949, 11.9508718]]]}}, {"type": "Feature", "properties": {"name": null, "name:en": null, "amenity": null, "building": "school", "operator:type": null, "capacity:persons": null, "addr:full": null, "addr:city": null, "source": null, "osm_id": 298819815, "osm_type": "ways_poly", "Analysis_Region": "North West"}, "geometry": {"type": "Polygon", "coordinates": [[[8.5614709, 11.9507897], [8.5616827, 11.9505882], [8.5617209, 11.9506265], [8.5615091, 11.9508281], [8.5614709, 11.9507897]]]}}, {"type": "Feature", "properties": {"name": null, "name:en": null, "amenity": null, "building": "school", "operator:type": null, "capacity:persons": null, "addr:full": null, "addr:city": null, "source": null, "osm_id": 298819881, "osm_type": "ways_poly", "Analysis_Region": "North West"}, "geometry": {"type": "Polygon", "coordinates": [[[8.5622489, 11.9509874], [8.5624103, 11.9508351], [8.5624763, 11.950902], [8.5623149, 11.9510543], [8.5622489, 11.9509874]]]}}, {"type": "Feature", "properties": {"name": null, "name:en": null, "amenity": null, "building": "school", "operator:type": null, "capacity:persons": null, "addr:full": null, "addr:city": null, "source": null, "osm_id": 289231827, "osm_type": "ways_poly", "Analysis_Region": "North West"}, "geometry": {"type": "Polygon", "coordinates": [[[8.56299, 11.9499199], [8.5630736, 11.9498416], [8.5631975, 11.9499684], [8.5631138, 11.9500466], [8.56299, 11.9499199]]]}}, {"type": "Feature", "properties": {"name": null, "name:en": null, "amenity": null, "building": "school", "operator:type": null, "capacity:persons": null, "addr:full": null, "addr:city": null, "source": null, "osm_id": 527044971, "osm_type": "ways_poly", "Analysis_Region": "North West"}, "geometry": {"type": "Polygon", "coordinates": [[[8.5395599, 11.9502817], [8.5397425, 11.9501144], [8.5398071, 11.9501818], [8.5396245, 11.9503492], [8.5395599, 11.9502817]]]}}, {"type": "Feature", "properties": {"name": null, "name:en": null, "amenity": null, "building": "school", "operator:type": null, "capacity:persons": null, "addr:full": null, "addr:city": null, "source": null, "osm_id": 527044972, "osm_type": "ways_poly", "Analysis_Region": "North West"}, "geometry": {"type": "Polygon", "coordinates": [[[8.5393108, 11.9500792], [8.5393944, 11.9499974], [8.5396108, 11.9502092], [8.5395272, 11.9502909], [8.5393108, 11.9500792]]]}}, {"type": "Feature", "properties": {"name": null, "name:en": null, "amenity": null, "building": "school", "operator:type": null, "capacity:persons": null, "addr:full": null, "addr:city": null, "source": null, "osm_id": 527045057, "osm_type": "ways_poly", "Analysis_Region": "North West"}, "geometry": {"type": "Polygon", "coordinates": [[[8.5458533, 11.9687695], [8.5458959, 11.9687049], [8.546057, 11.9688065], [8.5460143, 11.9688711], [8.5458533, 11.9687695]]]}}, {"type": "Feature", "properties": {"name": null, "name:en": null, "amenity": null, "building": "school", "operator:type": null, "capacity:persons": null, "addr:full": null, "addr:city": null, "source": null, "osm_id": 527030718, "osm_type": "ways_poly", "Analysis_Region": "North West"}, "geometry": {"type": "Polygon", "coordinates": [[[8.5896087, 11.9606653], [8.589658, 11.9604365], [8.5897325, 11.9604635], [8.5896778, 11.9606765], [8.5896087, 11.9606653]]]}}, {"type": "Feature", "properties": {"name": null, "name:en": null, "amenity": null, "building": "school", "operator:type": null, "capacity:persons": null, "addr:full": null, "addr:city": null, "source": null, "osm_id": 527030237, "osm_type": "ways_poly", "Analysis_Region": "North West"}, "geometry": {"type": "Polygon", "coordinates": [[[8.5722674, 11.9710128], [8.5723822, 11.9708372], [8.5724754, 11.9709065], [8.5724346, 11.9709691], [8.572413, 11.9709547], [8.5723406, 11.9710617], [8.5722674, 11.9710128]]]}}, {"type": "Feature", "properties": {"name": null, "name:en": null, "amenity": null, "building": "school", "operator:type": null, "capacity:persons": null, "addr:full": null, "addr:city": null, "source": null, "osm_id": 527030285, "osm_type": "ways_poly", "Analysis_Region": "North West"}, "geometry": {"type": "Polygon", "coordinates": [[[8.5435544, 11.9621937], [8.5435791, 11.9621683], [8.543631, 11.9622166], [8.543605, 11.9622356], [8.5435544, 11.9621937]]]}}, {"type": "Feature", "properties": {"name": null, "name:en": null, "amenity": null, "building": "school", "operator:type": null, "capacity:persons": null, "addr:full": null, "addr:city": null, "source": null, "osm_id": 527030335, "osm_type": "ways_poly", "Analysis_Region": "North West"}, "geometry": {"type": "Polygon", "coordinates": [[[8.5894267, 11.9604308], [8.5894404, 11.9603404], [8.589643, 11.9603933], [8.5896238, 11.9604733], [8.5894267, 11.9604308]]]}}, {"type": "Feature", "properties": {"name": null, "name:en": null, "amenity": null, "building": "school", "operator:type": null, "capacity:persons": null, "addr:full": null, "addr:city": null, "source": null, "osm_id": 527030686, "osm_type": "ways_poly", "Analysis_Region": "North West"}, "geometry": {"type": "Polygon", "coordinates": [[[8.5399818, 11.9652805], [8.5400075, 11.9652128], [8.5400815, 11.9652397], [8.5400559, 11.9653073], [8.5399818, 11.9652805]]]}}, {"type": "Feature", "properties": {"name": null, "name:en": null, "amenity": null, "building": "school", "operator:type": null, "capacity:persons": null, "addr:full": null, "addr:city": null, "source": null, "osm_id": 527031084, "osm_type": "ways_poly", "Analysis_Region": "North West"}, "geometry": {"type": "Polygon", "coordinates": [[[8.5378016, 11.9585822], [8.5378485, 11.9585363], [8.5380003, 11.9585814], [8.5379846, 11.9586372], [8.5378016, 11.9585822]]]}}, {"type": "Feature", "properties": {"name": null, "name:en": null, "amenity": null, "building": "school", "operator:type": null, "capacity:persons": null, "addr:full": null, "addr:city": null, "source": null, "osm_id": 527031185, "osm_type": "ways_poly", "Analysis_Region": "North West"}, "geometry": {"type": "Polygon", "coordinates": [[[8.5722848, 11.9703745], [8.5723787, 11.9701681], [8.5725174, 11.9702359], [8.5724819, 11.9703112], [8.572428, 11.9702886], [8.5723679, 11.9704182], [8.5722848, 11.9703745]]]}}, {"type": "Feature", "properties": {"name": null, "name:en": null, "amenity": null, "building": "school", "operator:type": null, "capacity:persons": null, "addr:full": null, "addr:city": null, "source": null, "osm_id": 527032722, "osm_type": "ways_poly", "Analysis_Region": "North West"}, "geometry": {"type": "Polygon", "coordinates": [[[8.5387075, 11.9666342], [8.5387351, 11.9665964], [8.5387894, 11.9666344], [8.5387618, 11.9666721], [8.5387075, 11.9666342]]]}}, {"type": "Feature", "properties": {"name": null, "name:en": null, "amenity": null, "building": "school", "operator:type": null, "capacity:persons": null, "addr:full": null, "addr:city": null, "source": null, "osm_id": 527032849, "osm_type": "ways_poly", "Analysis_Region": "North West"}, "geometry": {"type": "Polygon", "coordinates": [[[8.5364297, 11.9610662], [8.5364579, 11.9610334], [8.5364478, 11.9610203], [8.5364927, 11.960975], [8.5365155, 11.960996], [8.5364431, 11.9610799], [8.5364297, 11.9610662]]]}}, {"type": "Feature", "properties": {"name": null, "name:en": null, "amenity": null, "building": "school", "operator:type": null, "capacity:persons": null, "addr:full": null, "addr:city": null, "source": null, "osm_id": 527032927, "osm_type": "ways_poly", "Analysis_Region": "North West"}, "geometry": {"type": "Polygon", "coordinates": [[[8.5534529, 11.9511361], [8.5535032, 11.9510709], [8.5537913, 11.9512835], [8.553741, 11.9513487], [8.5534529, 11.9511361]]]}}, {"type": "Feature", "properties": {"name": null, "name:en": null, "amenity": null, "building": "school", "operator:type": null, "capacity:persons": null, "addr:full": null, "addr:city": null, "source": "bing", "osm_id": 287479472, "osm_type": "ways_poly", "Analysis_Region": "North West"}, "geometry": {"type": "Polygon", "coordinates": [[[8.5632524, 11.9789291], [8.563655, 11.9788363], [8.5636787, 11.978935], [8.5632761, 11.9790277], [8.5632524, 11.9789291]]]}}, {"type": "Feature", "properties": {"name": null, "name:en": null, "amenity": null, "building": "school", "operator:type": null, "capacity:persons": null, "addr:full": null, "addr:city": null, "source": null, "osm_id": 289620351, "osm_type": "ways_poly", "Analysis_Region": "North West"}, "geometry": {"type": "Polygon", "coordinates": [[[8.5617883, 11.9578033], [8.5618289, 11.9577248], [8.5617943, 11.9577077], [8.5618889, 11.9575247], [8.5619592, 11.9575595], [8.5618649, 11.9577419], [8.5618825, 11.9577506], [8.5618416, 11.9578297], [8.5617883, 11.9578033]]]}}, {"type": "Feature", "properties": {"name": null, "name:en": null, "amenity": null, "building": "school", "operator:type": null, "capacity:persons": null, "addr:full": null, "addr:city": null, "source": null, "osm_id": 527033640, "osm_type": "ways_poly", "Analysis_Region": "North West"}, "geometry": {"type": "Polygon", "coordinates": [[[8.5389566, 11.9665758], [8.539037, 11.9664757], [8.5390757, 11.9665054], [8.5389953, 11.9666055], [8.5389566, 11.9665758]]]}}, {"type": "Feature", "properties": {"name": null, "name:en": null, "amenity": null, "building": "school", "operator:type": null, "capacity:persons": null, "addr:full": null, "addr:city": null, "source": null, "osm_id": 289620358, "osm_type": "ways_poly", "Analysis_Region": "North West"}, "geometry": {"type": "Polygon", "coordinates": [[[8.5616372, 11.9573982], [8.5616701, 11.9573338], [8.5617387, 11.9573674], [8.5617058, 11.9574317], [8.5616372, 11.9573982]]]}}, {"type": "Feature", "properties": {"name": null, "name:en": null, "amenity": null, "building": "school", "operator:type": null, "capacity:persons": null, "addr:full": null, "addr:city": null, "source": null, "osm_id": 527033982, "osm_type": "ways_poly", "Analysis_Region": "North West"}, "geometry": {"type": "Polygon", "coordinates": [[[8.5312613, 11.9665332], [8.5313559, 11.966412], [8.5314079, 11.9664509], [8.5313133, 11.9665721], [8.5312613, 11.9665332]]]}}, {"type": "Feature", "properties": {"name": null, "name:en": null, "amenity": null, "building": "school", "operator:type": null, "capacity:persons": null, "addr:full": null, "addr:city": null, "source": null, "osm_id": 527034044, "osm_type": "ways_poly", "Analysis_Region": "North West"}, "geometry": {"type": "Polygon", "coordinates": [[[8.5390442, 11.9664641], [8.5390705, 11.9664312], [8.5391085, 11.9664602], [8.5390822, 11.9664931], [8.5390442, 11.9664641]]]}}, {"type": "Feature", "properties": {"name": null, "name:en": null, "amenity": null, "building": "school", "operator:type": null, "capacity:persons": null, "addr:full": null, "addr:city": null, "source": "bing", "osm_id": 287481474, "osm_type": "ways_poly", "Analysis_Region": "North West"}, "geometry": {"type": "Polygon", "coordinates": [[[8.5629618, 11.979081], [8.5630492, 11.9790716], [8.5630718, 11.9792732], [8.5629845, 11.9792826], [8.5629618, 11.979081]]]}}, {"type": "Feature", "properties": {"name": null, "name:en": null, "amenity": null, "building": "school", "operator:type": null, "capacity:persons": null, "addr:full": null, "addr:city": null, "source": null, "osm_id": 527034123, "osm_type": "ways_poly", "Analysis_Region": "North West"}, "geometry": {"type": "Polygon", "coordinates": [[[8.5313785, 11.9663654], [8.5314334, 11.9662831], [8.5314988, 11.9663212], [8.5314794, 11.9663585], [8.5314475, 11.9663385], [8.531436, 11.9663576], [8.5314661, 11.9663836], [8.5314395, 11.9664121], [8.5313785, 11.9663654]]]}}, {"type": "Feature", "properties": {"name": null, "name:en": null, "amenity": null, "building": "school", "operator:type": null, "capacity:persons": null, "addr:full": null, "addr:city": null, "source": null, "osm_id": 289620359, "osm_type": "ways_poly", "Analysis_Region": "North West"}, "geometry": {"type": "Polygon", "coordinates": [[[8.5614082, 11.9573579], [8.5614393, 11.9573218], [8.5614769, 11.9573528], [8.5614458, 11.9573889], [8.5614082, 11.9573579]]]}}, {"type": "Feature", "properties": {"name": null, "name:en": null, "amenity": null, "building": "school", "operator:type": null, "capacity:persons": null, "addr:full": null, "addr:city": null, "source": "bing", "osm_id": 287481470, "osm_type": "ways_poly", "Analysis_Region": "North West"}, "geometry": {"type": "Polygon", "coordinates": [[[8.5629919, 11.9792922], [8.5630696, 11.9792838], [8.563091, 11.9794743], [8.5630132, 11.9794826], [8.5629919, 11.9792922]]]}}, {"type": "Feature", "properties": {"name": null, "name:en": null, "amenity": null, "building": "school", "operator:type": null, "capacity:persons": null, "addr:full": null, "addr:city": null, "source": null, "osm_id": 295344538, "osm_type": "ways_poly", "Analysis_Region": "North West"}, "geometry": {"type": "Polygon", "coordinates": [[[8.5562821, 11.9739197], [8.5563486, 11.9738817], [8.5563274, 11.9738461], [8.5564224, 11.9737919], [8.5564559, 11.9738481], [8.5564705, 11.9738398], [8.5564353, 11.9737806], [8.5564961, 11.973746], [8.5565836, 11.973893], [8.5563466, 11.974028], [8.5562821, 11.9739197]]]}}, {"type": "Feature", "properties": {"name": null, "name:en": null, "amenity": null, "building": "school", "operator:type": null, "capacity:persons": null, "addr:full": null, "addr:city": null, "source": null, "osm_id": 527034171, "osm_type": "ways_poly", "Analysis_Region": "North West"}, "geometry": {"type": "Polygon", "coordinates": [[[8.5316386, 11.9665904], [8.5316793, 11.9665497], [8.5317271, 11.9665896], [8.5317138, 11.9666051], [8.5317342, 11.966619], [8.5317165, 11.9666354], [8.5317006, 11.9666242], [8.5316899, 11.9666346], [8.5316386, 11.9665904]]]}}, {"type": "Feature", "properties": {"name": null, "name:en": null, "amenity": null, "building": "school", "operator:type": null, "capacity:persons": null, "addr:full": null, "addr:city": null, "source": null, "osm_id": 527034172, "osm_type": "ways_poly", "Analysis_Region": "North West"}, "geometry": {"type": "Polygon", "coordinates": [[[8.5397004, 11.9508208], [8.5399015, 11.9506716], [8.5399445, 11.9507272], [8.5397357, 11.9508821], [8.5397004, 11.9508366], [8.5397004, 11.9508208]]]}}, {"type": "Feature", "properties": {"name": null, "name:en": null, "amenity": null, "building": "school", "operator:type": null, "capacity:persons": null, "addr:full": null, "addr:city": null, "source": null, "osm_id": 289620365, "osm_type": "ways_poly", "Analysis_Region": "North West"}, "geometry": {"type": "Polygon", "coordinates": [[[8.5611974, 11.9575383], [8.5613009, 11.9574401], [8.5613368, 11.9574763], [8.5612333, 11.9575745], [8.5611974, 11.9575383]]]}}, {"type": "Feature", "properties": {"name": null, "name:en": null, "amenity": null, "building": "school", "operator:type": null, "capacity:persons": null, "addr:full": null, "addr:city": null, "source": null, "osm_id": 289648022, "osm_type": "ways_poly", "Analysis_Region": "North West"}, "geometry": {"type": "Polygon", "coordinates": [[[8.5561095, 11.9653251], [8.5561157, 11.965201], [8.556214, 11.9652057], [8.5562078, 11.9653298], [8.5561095, 11.9653251]]]}}, {"type": "Feature", "properties": {"name": null, "name:en": null, "amenity": null, "building": "school", "operator:type": null, "capacity:persons": null, "addr:full": null, "addr:city": null, "source": null, "osm_id": 527031403, "osm_type": "ways_poly", "Analysis_Region": "North West"}, "geometry": {"type": "Polygon", "coordinates": [[[8.5725212, 11.9704279], [8.5725647, 11.9703247], [8.5727598, 11.9704033], [8.5727164, 11.9705065], [8.5725212, 11.9704279]]]}}, {"type": "Feature", "properties": {"name": null, "name:en": null, "amenity": null, "building": "school", "operator:type": null, "capacity:persons": null, "addr:full": null, "addr:city": null, "source": null, "osm_id": 527031572, "osm_type": "ways_poly", "Analysis_Region": "North West"}, "geometry": {"type": "Polygon", "coordinates": [[[8.537873, 11.9585062], [8.5380067, 11.9583891], [8.5380466, 11.9584327], [8.5379129, 11.9585498], [8.537873, 11.9585062]]]}}, {"type": "Feature", "properties": {"name": null, "name:en": null, "amenity": null, "building": "school", "operator:type": null, "capacity:persons": null, "addr:full": null, "addr:city": null, "source": null, "osm_id": 527032145, "osm_type": "ways_poly", "Analysis_Region": "North West"}, "geometry": {"type": "Polygon", "coordinates": [[[8.5383147, 11.9663607], [8.538336, 11.9663367], [8.5383899, 11.9663824], [8.5383687, 11.9664064], [8.5383147, 11.9663607]]]}}, {"type": "Feature", "properties": {"name": null, "name:en": null, "amenity": null, "building": "school", "operator:type": null, "capacity:persons": null, "addr:full": null, "addr:city": null, "source": null, "osm_id": 527032289, "osm_type": "ways_poly", "Analysis_Region": "North West"}, "geometry": {"type": "Polygon", "coordinates": [[[8.5385519, 11.9662133], [8.5385936, 11.9661635], [8.5386697, 11.9662245], [8.5386281, 11.9662743], [8.5385519, 11.9662133]]]}}, {"type": "Feature", "properties": {"name": null, "name:en": null, "amenity": null, "building": "school", "operator:type": null, "capacity:persons": null, "addr:full": null, "addr:city": null, "source": "Bing", "osm_id": 299040806, "osm_type": "ways_poly", "Analysis_Region": "North West"}, "geometry": {"type": "Polygon", "coordinates": [[[8.5630407, 11.9572585], [8.5631873, 11.9570577], [8.5632347, 11.9570908], [8.5632264, 11.9571022], [8.5632444, 11.9571148], [8.5631214, 11.9572833], [8.5631011, 11.9572691], [8.5630858, 11.95729], [8.5630407, 11.9572585]]]}}, {"type": "Feature", "properties": {"name": null, "name:en": null, "amenity": null, "building": "school", "operator:type": null, "capacity:persons": null, "addr:full": null, "addr:city": null, "source": null, "osm_id": 298563199, "osm_type": "ways_poly", "Analysis_Region": "North West"}, "geometry": {"type": "Polygon", "coordinates": [[[8.545205, 11.9588488], [8.545345, 11.95871], [8.5453893, 11.9587528], [8.5452493, 11.9588916], [8.545205, 11.9588488]]]}}, {"type": "Feature", "properties": {"name": null, "name:en": null, "amenity": null, "building": "school", "operator:type": null, "capacity:persons": null, "addr:full": null, "addr:city": null, "source": null, "osm_id": 527034842, "osm_type": "ways_poly", "Analysis_Region": "North West"}, "geometry": {"type": "Polygon", "coordinates": [[[8.5577148, 11.9748732], [8.5577287, 11.9748167], [8.5578272, 11.9746311], [8.5579013, 11.9746773], [8.5577914, 11.974913], [8.5577148, 11.9748732]]]}}, {"type": "Feature", "properties": {"name": null, "name:en": null, "amenity": null, "building": "school", "operator:type": null, "capacity:persons": null, "addr:full": null, "addr:city": null, "source": null, "osm_id": 295378822, "osm_type": "ways_poly", "Analysis_Region": "North West"}, "geometry": {"type": "Polygon", "coordinates": [[[8.5578905, 11.97443], [8.5580523, 11.9742828], [8.5581102, 11.9743437], [8.5579485, 11.9744909], [8.5578905, 11.97443]]]}}, {"type": "Feature", "properties": {"name": null, "name:en": null, "amenity": null, "building": "school", "operator:type": null, "capacity:persons": null, "addr:full": null, "addr:city": null, "source": null, "osm_id": 298563217, "osm_type": "ways_poly", "Analysis_Region": "North West"}, "geometry": {"type": "Polygon", "coordinates": [[[8.5455162, 11.9585428], [8.5455817, 11.958469], [8.5456376, 11.9585164], [8.545572, 11.9585903], [8.5455162, 11.9585428]]]}}, {"type": "Feature", "properties": {"name": null, "name:en": null, "amenity": null, "building": "school", "operator:type": null, "capacity:persons": null, "addr:full": null, "addr:city": null, "source": null, "osm_id": 527034291, "osm_type": "ways_poly", "Analysis_Region": "North West"}, "geometry": {"type": "Polygon", "coordinates": [[[8.5393612, 11.9809235], [8.5393957, 11.9808838], [8.5394942, 11.9809655], [8.5395195, 11.9809364], [8.5397917, 11.9811623], [8.539732, 11.9812312], [8.5393612, 11.9809235]]]}}, {"type": "Feature", "properties": {"name": null, "name:en": null, "amenity": null, "building": "school", "operator:type": null, "capacity:persons": null, "addr:full": null, "addr:city": null, "source": null, "osm_id": 527034292, "osm_type": "ways_poly", "Analysis_Region": "North West"}, "geometry": {"type": "Polygon", "coordinates": [[[8.5394128, 11.9508884], [8.5394784, 11.950849], [8.5395266, 11.9509259], [8.539461, 11.9509653], [8.5394128, 11.9508884]]]}}, {"type": "Feature", "properties": {"name": null, "name:en": null, "amenity": null, "building": "school", "operator:type": null, "capacity:persons": null, "addr:full": null, "addr:city": null, "source": null, "osm_id": 527034400, "osm_type": "ways_poly", "Analysis_Region": "North West"}, "geometry": {"type": "Polygon", "coordinates": [[[8.5631474, 11.9792499], [8.5632353, 11.9792166], [8.5633233, 11.9794389], [8.5632354, 11.9794722], [8.5631474, 11.9792499]]]}}, {"type": "Feature", "properties": {"name": null, "name:en": null, "amenity": null, "building": "school", "operator:type": null, "capacity:persons": null, "addr:full": null, "addr:city": null, "source": null, "osm_id": 527034405, "osm_type": "ways_poly", "Analysis_Region": "North West"}, "geometry": {"type": "Polygon", "coordinates": [[[8.545361, 11.9587027], [8.5454986, 11.958555], [8.5455523, 11.9586029], [8.5454148, 11.9587506], [8.545361, 11.9587027]]]}}, {"type": "Feature", "properties": {"name": null, "name:en": null, "amenity": null, "building": "school", "operator:type": null, "capacity:persons": null, "addr:full": null, "addr:city": null, "source": null, "osm_id": 527034520, "osm_type": "ways_poly", "Analysis_Region": "North West"}, "geometry": {"type": "Polygon", "coordinates": [[[8.5632587, 11.9794925], [8.5633257, 11.9794767], [8.5633901, 11.9795974], [8.563307, 11.9796394], [8.5632587, 11.9794925]]]}}, {"type": "Feature", "properties": {"name": null, "name:en": null, "amenity": null, "building": "school", "operator:type": null, "capacity:persons": null, "addr:full": null, "addr:city": null, "source": null, "osm_id": 527034606, "osm_type": "ways_poly", "Analysis_Region": "North West"}, "geometry": {"type": "Polygon", "coordinates": [[[8.5393817, 11.9662952], [8.5393971, 11.9662687], [8.539448, 11.9662971], [8.5394325, 11.9663236], [8.5393817, 11.9662952]]]}}, {"type": "Feature", "properties": {"name": null, "name:en": null, "amenity": null, "building": "school", "operator:type": null, "capacity:persons": null, "addr:full": null, "addr:city": null, "source": "Bing", "osm_id": 299040805, "osm_type": "ways_poly", "Analysis_Region": "North West"}, "geometry": {"type": "Polygon", "coordinates": [[[8.5633968, 11.9565], [8.5634335, 11.9564374], [8.5634542, 11.956449], [8.5635951, 11.9562087], [8.5635745, 11.9561971], [8.5636147, 11.9561285], [8.5637196, 11.9561874], [8.5635017, 11.9565589], [8.5633968, 11.9565]]]}}, {"type": "Feature", "properties": {"name": null, "name:en": null, "amenity": null, "building": "school", "operator:type": null, "capacity:persons": null, "addr:full": null, "addr:city": null, "source": null, "osm_id": 527034843, "osm_type": "ways_poly", "Analysis_Region": "North West"}, "geometry": {"type": "Polygon", "coordinates": [[[8.538944, 11.9813395], [8.5391262, 11.981134], [8.5392412, 11.9812316], [8.5390591, 11.9814371], [8.538944, 11.9813395]]]}}, {"type": "Feature", "properties": {"name": null, "name:en": null, "amenity": null, "building": "school", "operator:type": null, "capacity:persons": null, "addr:full": null, "addr:city": null, "source": "bing", "osm_id": 287481467, "osm_type": "ways_poly", "Analysis_Region": "North West"}, "geometry": {"type": "Polygon", "coordinates": [[[8.5635494, 11.9799731], [8.5637251, 11.9799218], [8.563751, 11.9800066], [8.5635753, 11.9800579], [8.5635494, 11.9799731]]]}}, {"type": "Feature", "properties": {"name": null, "name:en": null, "amenity": null, "building": "school", "operator:type": null, "capacity:persons": null, "addr:full": null, "addr:city": null, "source": null, "osm_id": 298563248, "osm_type": "ways_poly", "Analysis_Region": "North West"}, "geometry": {"type": "Polygon", "coordinates": [[[8.5453541, 11.9582027], [8.545413, 11.9581393], [8.5455637, 11.9582734], [8.5455048, 11.9583368], [8.5453541, 11.9582027]]]}}, {"type": "Feature", "properties": {"name": null, "name:en": null, "amenity": null, "building": "school", "operator:type": null, "capacity:persons": null, "addr:full": null, "addr:city": null, "source": null, "osm_id": 298777160, "osm_type": "ways_poly", "Analysis_Region": "North West"}, "geometry": {"type": "Polygon", "coordinates": [[[8.5658906, 11.9415683], [8.5659155, 11.9414942], [8.5660821, 11.941548], [8.5660571, 11.941622], [8.5658906, 11.9415683]]]}}, {"type": "Feature", "properties": {"name": null, "name:en": null, "amenity": null, "building": "school", "operator:type": null, "capacity:persons": null, "addr:full": null, "addr:city": null, "source": null, "osm_id": 527035824, "osm_type": "ways_poly", "Analysis_Region": "North West"}, "geometry": {"type": "Polygon", "coordinates": [[[8.5886286, 11.9616457], [8.5886411, 11.9616108], [8.5887512, 11.9616485], [8.5887387, 11.9616834], [8.5886286, 11.9616457]]]}}, {"type": "Feature", "properties": {"name": null, "name:en": null, "amenity": null, "building": "school", "operator:type": null, "capacity:persons": null, "addr:full": null, "addr:city": null, "source": null, "osm_id": 298563263, "osm_type": "ways_poly", "Analysis_Region": "North West"}, "geometry": {"type": "Polygon", "coordinates": [[[8.5446036, 11.9580593], [8.5447448, 11.9579194], [8.5447915, 11.9579645], [8.5446503, 11.9581044], [8.5446036, 11.9580593]]]}}, {"type": "Feature", "properties": {"name": null, "name:en": null, "amenity": null, "building": "school", "operator:type": null, "capacity:persons": null, "addr:full": null, "addr:city": null, "source": null, "osm_id": 298563251, "osm_type": "ways_poly", "Analysis_Region": "North West"}, "geometry": {"type": "Polygon", "coordinates": [[[8.5449699, 11.9577206], [8.5450166, 11.9576744], [8.5450597, 11.957716], [8.545013, 11.9577623], [8.5449699, 11.9577206]]]}}, {"type": "Feature", "properties": {"name": null, "name:en": null, "amenity": null, "building": "school", "operator:type": null, "capacity:persons": null, "addr:full": null, "addr:city": null, "source": null, "osm_id": 527037206, "osm_type": "ways_poly", "Analysis_Region": "North West"}, "geometry": {"type": "Polygon", "coordinates": [[[8.5449556, 11.9486319], [8.5450566, 11.9483852], [8.5451272, 11.948416], [8.5450642, 11.9486108], [8.5450332, 11.9486468], [8.5449556, 11.9486319]]]}}, {"type": "Feature", "properties": {"name": null, "name:en": null, "amenity": null, "building": "school", "operator:type": null, "capacity:persons": null, "addr:full": null, "addr:city": null, "source": null, "osm_id": 527037207, "osm_type": "ways_poly", "Analysis_Region": "North West"}, "geometry": {"type": "Polygon", "coordinates": [[[8.5451177, 11.948726], [8.5452033, 11.948457], [8.5452734, 11.9484804], [8.5451899, 11.9487488], [8.5451177, 11.948726]]]}}, {"type": "Feature", "properties": {"name": null, "name:en": null, "amenity": null, "building": "school", "operator:type": null, "capacity:persons": null, "addr:full": null, "addr:city": null, "source": null, "osm_id": 527037208, "osm_type": "ways_poly", "Analysis_Region": "North West"}, "geometry": {"type": "Polygon", "coordinates": [[[8.5449211, 11.9477609], [8.5449509, 11.9477044], [8.5449653, 11.9476423], [8.5451923, 11.9477176], [8.5451653, 11.9477797], [8.5451442, 11.9478276], [8.5449211, 11.9477609]]]}}, {"type": "Feature", "properties": {"name": null, "name:en": null, "amenity": null, "building": "school", "operator:type": null, "capacity:persons": null, "addr:full": null, "addr:city": null, "source": null, "osm_id": 527038264, "osm_type": "ways_poly", "Analysis_Region": "North West"}, "geometry": {"type": "Polygon", "coordinates": [[[8.556188, 11.9771959], [8.5562194, 11.9770245], [8.5562841, 11.9770358], [8.5562528, 11.9772073], [8.556188, 11.9771959]]]}}, {"type": "Feature", "properties": {"name": null, "name:en": null, "amenity": null, "building": "school", "operator:type": null, "capacity:persons": null, "addr:full": null, "addr:city": null, "source": null, "osm_id": 527021645, "osm_type": "ways_poly", "Analysis_Region": "North West"}, "geometry": {"type": "Polygon", "coordinates": [[[8.5389069, 11.965612], [8.5389526, 11.965559], [8.5390816, 11.9656656], [8.5390359, 11.9657186], [8.5389069, 11.965612]]]}}, {"type": "Feature", "properties": {"name": null, "name:en": null, "amenity": null, "building": "school", "operator:type": null, "capacity:persons": null, "addr:full": null, "addr:city": null, "source": null, "osm_id": 527021669, "osm_type": "ways_poly", "Analysis_Region": "North West"}, "geometry": {"type": "Polygon", "coordinates": [[[8.5635816, 11.9745687], [8.5636484, 11.9745219], [8.5636892, 11.9745775], [8.5636224, 11.9746244], [8.5635816, 11.9745687]]]}}, {"type": "Feature", "properties": {"name": null, "name:en": null, "amenity": null, "building": "school", "operator:type": null, "capacity:persons": null, "addr:full": null, "addr:city": null, "source": null, "osm_id": 527022653, "osm_type": "ways_poly", "Analysis_Region": "North West"}, "geometry": {"type": "Polygon", "coordinates": [[[8.5382261, 11.9659508], [8.538254, 11.9659152], [8.5383326, 11.9659742], [8.5383047, 11.9660098], [8.5382261, 11.9659508]]]}}, {"type": "Feature", "properties": {"name": null, "name:en": null, "amenity": null, "building": "school", "operator:type": null, "capacity:persons": null, "addr:full": null, "addr:city": null, "source": null, "osm_id": 527023412, "osm_type": "ways_poly", "Analysis_Region": "North West"}, "geometry": {"type": "Polygon", "coordinates": [[[8.5380664, 11.9661433], [8.5381027, 11.9661018], [8.538177, 11.9661639], [8.5381407, 11.9662055], [8.5380664, 11.9661433]]]}}, {"type": "Feature", "properties": {"name": null, "name:en": null, "amenity": null, "building": "school", "operator:type": null, "capacity:persons": null, "addr:full": null, "addr:city": null, "source": null, "osm_id": 289539776, "osm_type": "ways_poly", "Analysis_Region": "North West"}, "geometry": {"type": "Polygon", "coordinates": [[[8.5413147, 11.9714146], [8.5413622, 11.9713314], [8.5414339, 11.9713706], [8.5413864, 11.9714538], [8.5413147, 11.9714146]]]}}, {"type": "Feature", "properties": {"name": null, "name:en": null, "amenity": null, "building": "school", "operator:type": null, "capacity:persons": null, "addr:full": null, "addr:city": null, "source": null, "osm_id": 298563234, "osm_type": "ways_poly", "Analysis_Region": "North West"}, "geometry": {"type": "Polygon", "coordinates": [[[8.5451933, 11.9580574], [8.5452513, 11.9579955], [8.5454041, 11.9581325], [8.545346, 11.9581944], [8.5451933, 11.9580574]]]}}, {"type": "Feature", "properties": {"name": null, "name:en": null, "amenity": null, "building": "school", "operator:type": null, "capacity:persons": null, "addr:full": null, "addr:city": null, "source": null, "osm_id": 527035994, "osm_type": "ways_poly", "Analysis_Region": "North West"}, "geometry": {"type": "Polygon", "coordinates": [[[8.5887323, 11.9616258], [8.5887405, 11.9615938], [8.5887657, 11.9616], [8.5887575, 11.961632], [8.5887323, 11.9616258]]]}}, {"type": "Feature", "properties": {"name": null, "name:en": null, "amenity": null, "building": "school", "operator:type": null, "capacity:persons": null, "addr:full": null, "addr:city": null, "source": null, "osm_id": 298563216, "osm_type": "ways_poly", "Analysis_Region": "North West"}, "geometry": {"type": "Polygon", "coordinates": [[[8.5450103, 11.957898], [8.5450647, 11.957836], [8.5452142, 11.9579615], [8.5451598, 11.9580235], [8.5450103, 11.957898]]]}}, {"type": "Feature", "properties": {"name": null, "name:en": null, "amenity": null, "building": "school", "operator:type": null, "capacity:persons": null, "addr:full": null, "addr:city": null, "source": null, "osm_id": 527036229, "osm_type": "ways_poly", "Analysis_Region": "North West"}, "geometry": {"type": "Polygon", "coordinates": [[[8.5885883, 11.9616374], [8.5886161, 11.9615648], [8.5886851, 11.9615901], [8.5886757, 11.9616144], [8.588638, 11.9616006], [8.5886195, 11.9616489], [8.5885883, 11.9616374]]]}}, {"type": "Feature", "properties": {"name": null, "name:en": null, "amenity": null, "building": "school", "operator:type": null, "capacity:persons": null, "addr:full": null, "addr:city": null, "source": null, "osm_id": 527036255, "osm_type": "ways_poly", "Analysis_Region": "North West"}, "geometry": {"type": "Polygon", "coordinates": [[[8.5542555, 11.9422463], [8.5542786, 11.9422013], [8.5543404, 11.9422317], [8.5543173, 11.9422767], [8.5542555, 11.9422463]]]}}, {"type": "Feature", "properties": {"name": null, "name:en": null, "amenity": null, "building": "school", "operator:type": null, "capacity:persons": null, "addr:full": null, "addr:city": null, "source": null, "osm_id": 298563230, "osm_type": "ways_poly", "Analysis_Region": "North West"}, "geometry": {"type": "Polygon", "coordinates": [[[8.5442409, 11.9582419], [8.5443914, 11.9580928], [8.5444429, 11.9581425], [8.5442924, 11.9582916], [8.5442409, 11.9582419]]]}}, {"type": "Feature", "properties": {"name": null, "name:en": null, "amenity": null, "building": "school", "operator:type": null, "capacity:persons": null, "addr:full": null, "addr:city": null, "source": null, "osm_id": 298596948, "osm_type": "ways_poly", "Analysis_Region": "North West"}, "geometry": {"type": "Polygon", "coordinates": [[[8.5467197, 11.9559678], [8.5467941, 11.9558279], [8.5469099, 11.9558869], [8.5468355, 11.9560267], [8.5467197, 11.9559678]]]}}, {"type": "Feature", "properties": {"name": null, "name:en": null, "amenity": null, "building": "school", "operator:type": null, "capacity:persons": null, "addr:full": null, "addr:city": null, "source": null, "osm_id": 527037183, "osm_type": "ways_poly", "Analysis_Region": "North West"}, "geometry": {"type": "Polygon", "coordinates": [[[8.5596013, 11.9586039], [8.5596391, 11.9585592], [8.5597318, 11.9586342], [8.559694, 11.9586789], [8.5596013, 11.9586039]]]}}, {"type": "Feature", "properties": {"name": null, "name:en": null, "amenity": null, "building": "school", "operator:type": null, "capacity:persons": null, "addr:full": null, "addr:city": null, "source": null, "osm_id": 527037179, "osm_type": "ways_poly", "Analysis_Region": "North West"}, "geometry": {"type": "Polygon", "coordinates": [[[8.5597113, 11.9586785], [8.5597383, 11.9586416], [8.5598017, 11.958686], [8.5597747, 11.9587229], [8.5597113, 11.9586785]]]}}, {"type": "Feature", "properties": {"name": null, "name:en": null, "amenity": null, "building": "school", "operator:type": null, "capacity:persons": null, "addr:full": null, "addr:city": null, "source": null, "osm_id": 527037187, "osm_type": "ways_poly", "Analysis_Region": "North West"}, "geometry": {"type": "Polygon", "coordinates": [[[8.5598718, 11.9584946], [8.5599363, 11.9584409], [8.5599483, 11.9584546], [8.5598837, 11.9585084], [8.5598718, 11.9584946]]]}}, {"type": "Feature", "properties": {"name": null, "name:en": null, "amenity": null, "building": "school", "operator:type": null, "capacity:persons": null, "addr:full": null, "addr:city": null, "source": "Bing", "osm_id": 299040785, "osm_type": "ways_poly", "Analysis_Region": "North West"}, "geometry": {"type": "Polygon", "coordinates": [[[8.5601386, 11.9586039], [8.5601608, 11.958562], [8.560255, 11.9586098], [8.5602328, 11.9586517], [8.5601386, 11.9586039]]]}}, {"type": "Feature", "properties": {"name": null, "name:en": null, "amenity": null, "building": "school", "operator:type": null, "capacity:persons": null, "addr:full": null, "addr:city": null, "source": null, "osm_id": 527037462, "osm_type": "ways_poly", "Analysis_Region": "North West"}, "geometry": {"type": "Polygon", "coordinates": [[[8.5484006, 11.9513105], [8.5484833, 11.951111], [8.5486352, 11.9511656], [8.5486093, 11.9512108], [8.5485083, 11.9511712], [8.548441, 11.9513208], [8.5484006, 11.9513105]]]}}, {"type": "Feature", "properties": {"name": null, "name:en": null, "amenity": null, "building": "school", "operator:type": null, "capacity:persons": null, "addr:full": null, "addr:city": null, "source": null, "osm_id": 527037463, "osm_type": "ways_poly", "Analysis_Region": "North West"}, "geometry": {"type": "Polygon", "coordinates": [[[8.5484977, 11.951349], [8.5485314, 11.9512917], [8.5485997, 11.9513152], [8.5485679, 11.9513782], [8.5484977, 11.951349]]]}}, {"type": "Feature", "properties": {"name": null, "name:en": null, "amenity": null, "building": "school", "operator:type": null, "capacity:persons": null, "addr:full": null, "addr:city": null, "source": null, "osm_id": 295462472, "osm_type": "ways_poly", "Analysis_Region": "North West"}, "geometry": {"type": "Polygon", "coordinates": [[[8.5560309, 11.9644338], [8.5560394, 11.9643598], [8.556255, 11.9643837], [8.5562464, 11.9644576], [8.5560309, 11.9644338]]]}}, {"type": "Feature", "properties": {"name": null, "name:en": null, "amenity": null, "building": "school", "operator:type": null, "capacity:persons": null, "addr:full": null, "addr:city": null, "source": null, "osm_id": 527037651, "osm_type": "ways_poly", "Analysis_Region": "North West"}, "geometry": {"type": "Polygon", "coordinates": [[[8.5602572, 11.9590605], [8.560279, 11.9590101], [8.5603166, 11.9590256], [8.5602948, 11.959076], [8.5602572, 11.9590605]]]}}, {"type": "Feature", "properties": {"name": null, "name:en": null, "amenity": null, "building": "school", "operator:type": null, "capacity:persons": null, "addr:full": null, "addr:city": null, "source": null, "osm_id": 295462035, "osm_type": "ways_poly", "Analysis_Region": "North West"}, "geometry": {"type": "Polygon", "coordinates": [[[8.554914, 11.9662024], [8.5550031, 11.9662024], [8.5550031, 11.9663033], [8.554914, 11.9663033], [8.554914, 11.9662024]]]}}, {"type": "Feature", "properties": {"name": null, "name:en": null, "amenity": null, "building": "school", "operator:type": null, "capacity:persons": null, "addr:full": null, "addr:city": null, "source": null, "osm_id": 295462032, "osm_type": "ways_poly", "Analysis_Region": "North West"}, "geometry": {"type": "Polygon", "coordinates": [[[8.5552093, 11.9661611], [8.5552965, 11.9661611], [8.5552965, 11.9663427], [8.5552093, 11.9663427], [8.5552093, 11.9661611]]]}}, {"type": "Feature", "properties": {"name": null, "name:en": null, "amenity": null, "building": "school", "operator:type": null, "capacity:persons": null, "addr:full": null, "addr:city": null, "source": null, "osm_id": 527038602, "osm_type": "ways_poly", "Analysis_Region": "North West"}, "geometry": {"type": "Polygon", "coordinates": [[[8.5358813, 11.961986], [8.5359509, 11.9619076], [8.5361061, 11.9620396], [8.5360366, 11.9621179], [8.5358813, 11.961986]]]}}, {"type": "Feature", "properties": {"name": null, "name:en": null, "amenity": null, "building": "school", "operator:type": null, "capacity:persons": null, "addr:full": null, "addr:city": null, "source": null, "osm_id": 527022195, "osm_type": "ways_poly", "Analysis_Region": "North West"}, "geometry": {"type": "Polygon", "coordinates": [[[8.5382634, 11.9659163], [8.5383814, 11.9657625], [8.5384636, 11.9658229], [8.5383456, 11.9659767], [8.5382634, 11.9659163]]]}}, {"type": "Feature", "properties": {"name": null, "name:en": null, "amenity": null, "building": "school", "operator:type": null, "capacity:persons": null, "addr:full": null, "addr:city": null, "source": null, "osm_id": 527023273, "osm_type": "ways_poly", "Analysis_Region": "North West"}, "geometry": {"type": "Polygon", "coordinates": [[[8.535676, 11.9741337], [8.5357211, 11.9740706], [8.53591, 11.9741997], [8.5358649, 11.9742628], [8.535676, 11.9741337]]]}}, {"type": "Feature", "properties": {"name": null, "name:en": null, "amenity": null, "building": "school", "operator:type": null, "capacity:persons": null, "addr:full": null, "addr:city": null, "source": null, "osm_id": 295790037, "osm_type": "ways_poly", "Analysis_Region": "North West"}, "geometry": {"type": "Polygon", "coordinates": [[[8.5625671, 11.9736063], [8.5626017, 11.9735542], [8.5625792, 11.9735241], [8.5626349, 11.9734866], [8.5626756, 11.9734576], [8.5626885, 11.9734749], [8.5627909, 11.9734017], [8.5628377, 11.9734645], [8.5628826, 11.9734324], [8.5629438, 11.9735144], [8.5628684, 11.9735683], [8.5628744, 11.9735763], [8.5628387, 11.9736017], [8.5628258, 11.9735845], [8.5628009, 11.9736023], [8.5628138, 11.9736196], [8.5627804, 11.9736434], [8.562767, 11.9736254], [8.5627484, 11.9736387], [8.5627239, 11.9736058], [8.5626959, 11.9736266], [8.562711, 11.9736459], [8.5626394, 11.9736992], [8.5625671, 11.9736063]]]}}, {"type": "Feature", "properties": {"name": null, "name:en": null, "amenity": null, "building": "school", "operator:type": null, "capacity:persons": null, "addr:full": null, "addr:city": null, "source": null, "osm_id": 289539778, "osm_type": "ways_poly", "Analysis_Region": "North West"}, "geometry": {"type": "Polygon", "coordinates": [[[8.5413464, 11.9716744], [8.5414566, 11.97147], [8.5415366, 11.9715113], [8.5414264, 11.9717157], [8.5413464, 11.9716744]]]}}, {"type": "Feature", "properties": {"name": null, "name:en": null, "amenity": null, "building": "school", "operator:type": null, "capacity:persons": null, "addr:full": null, "addr:city": null, "source": null, "osm_id": 289657132, "osm_type": "ways_poly", "Analysis_Region": "North West"}, "geometry": {"type": "Polygon", "coordinates": [[[8.5627642, 11.9732974], [8.5628144, 11.9732743], [8.5628676, 11.9733577], [8.5628197, 11.9733844], [8.5627642, 11.9732974]]]}}, {"type": "Feature", "properties": {"name": null, "name:en": null, "amenity": null, "building": "school", "operator:type": null, "capacity:persons": null, "addr:full": null, "addr:city": null, "source": null, "osm_id": 297928452, "osm_type": "ways_poly", "Analysis_Region": "North West"}, "geometry": {"type": "Polygon", "coordinates": [[[8.5431343, 11.9615971], [8.5432164, 11.9615178], [8.5434016, 11.9617015], [8.5433195, 11.9617808], [8.5431343, 11.9615971]]]}}, {"type": "Feature", "properties": {"name": null, "name:en": null, "amenity": null, "building": "school", "operator:type": null, "capacity:persons": null, "addr:full": null, "addr:city": null, "source": null, "osm_id": 527027307, "osm_type": "ways_poly", "Analysis_Region": "North West"}, "geometry": {"type": "Polygon", "coordinates": [[[8.5722704, 11.9713647], [8.5723144, 11.9713285], [8.5723612, 11.9713831], [8.5723172, 11.9714192], [8.5722704, 11.9713647]]]}}, {"type": "Feature", "properties": {"name": null, "name:en": null, "amenity": null, "building": "school", "operator:type": null, "capacity:persons": null, "addr:full": null, "addr:city": null, "source": null, "osm_id": 289620341, "osm_type": "ways_poly", "Analysis_Region": "North West"}, "geometry": {"type": "Polygon", "coordinates": [[[8.562207, 11.958089], [8.5623513, 11.9579287], [8.5624104, 11.9579796], [8.5622661, 11.9581399], [8.562207, 11.958089]]]}}, {"type": "Feature", "properties": {"name": null, "name:en": null, "amenity": null, "building": "school", "operator:type": null, "capacity:persons": null, "addr:full": null, "addr:city": null, "source": null, "osm_id": 527020162, "osm_type": "ways_poly", "Analysis_Region": "North West"}, "geometry": {"type": "Polygon", "coordinates": [[[8.538652, 11.9659131], [8.5387036, 11.9658483], [8.5388662, 11.9659721], [8.5388146, 11.9660369], [8.538652, 11.9659131]]]}}, {"type": "Feature", "properties": {"name": null, "name:en": null, "amenity": null, "building": "kindergarten", "operator:type": null, "capacity:persons": null, "addr:full": null, "addr:city": null, "source": null, "osm_id": 597786335, "osm_type": "ways_poly", "Analysis_Region": "North East"}, "geometry": {"type": "Polygon", "coordinates": [[[13.3173472, 10.5571488], [13.317374, 10.5564115], [13.3180705, 10.5563193], [13.3186196, 10.55732], [13.317662, 10.5577149], [13.3173472, 10.5571488]]]}}, {"type": "Feature", "properties": {"name": null, "name:en": null, "amenity": "school", "building": null, "operator:type": null, "capacity:persons": null, "addr:full": null, "addr:city": null, "source": null, "osm_id": 288493025, "osm_type": "ways_poly", "Analysis_Region": "North West"}, "geometry": {"type": "Polygon", "coordinates": [[[8.538292, 12.0191016], [8.5382938, 12.0187975], [8.5384004, 12.0187981], [8.5383987, 12.0191022], [8.538292, 12.0191016]]]}}, {"type": "Feature", "properties": {"name": "Hanatu Memorial Secondary School", "name:en": null, "amenity": null, "building": "school", "operator:type": null, "capacity:persons": null, "addr:full": null, "addr:city": null, "source": null, "osm_id": 292052040, "osm_type": "ways_poly", "Analysis_Region": "North West"}, "geometry": {"type": "Polygon", "coordinates": [[[8.5436572, 12.0166712], [8.5438301, 12.0166436], [8.5438615, 12.0168315], [8.5436885, 12.0168591], [8.5436572, 12.0166712]]]}}, {"type": "Feature", "properties": {"name": "Government Day Secondary School Yandaka", "name:en": null, "amenity": "school", "building": null, "operator:type": null, "capacity:persons": null, "addr:full": null, "addr:city": "Katsina", "source": null, "osm_id": 594165619, "osm_type": "ways_poly", "Analysis_Region": "North West"}, "geometry": {"type": "Polygon", "coordinates": [[[7.583675, 12.9775843], [7.5845119, 12.9772916], [7.5849625, 12.9771452], [7.5855633, 12.9769152], [7.5864645, 12.9765598], [7.5867434, 12.9764552], [7.5868507, 12.9764343], [7.5870868, 12.9764238], [7.5871726, 12.9764552], [7.5874837, 12.9772184], [7.5883313, 12.978703], [7.5877734, 12.9790375], [7.5866683, 12.9795812], [7.5853487, 12.9802817], [7.5847908, 12.9794453], [7.5842329, 12.9784625], [7.583675, 12.9775843]]]}}, {"type": "Feature", "properties": {"name": null, "name:en": null, "amenity": "school", "building": null, "operator:type": null, "capacity:persons": null, "addr:full": null, "addr:city": null, "source": null, "osm_id": 388983410, "osm_type": "ways_poly", "Analysis_Region": "North East"}, "geometry": {"type": "Polygon", "coordinates": [[[14.1849584, 12.3415794], [14.1850292, 12.341049], [14.1857028, 12.3410104], [14.1856885, 12.3411531], [14.1857797, 12.341155], [14.1857334, 12.3414945], [14.1856264, 12.3414782], [14.1856064, 12.3416609], [14.1855635, 12.3416553], [14.1854746, 12.3421983], [14.1850609, 12.3421318], [14.1851126, 12.3417925], [14.1851552, 12.3417965], [14.1851823, 12.341607], [14.1849584, 12.3415794]]]}}, {"type": "Feature", "properties": {"name": null, "name:en": null, "amenity": "school", "building": "yes", "operator:type": null, "capacity:persons": null, "addr:full": null, "addr:city": null, "source": null, "osm_id": 285880425, "osm_type": "ways_poly", "Analysis_Region": "North West"}, "geometry": {"type": "Polygon", "coordinates": [[[8.4283291, 11.9660355], [8.4283949, 11.9659384], [8.428429, 11.9659592], [8.4284473, 11.9659306], [8.4285659, 11.9660033], [8.4285476, 11.9660319], [8.4285727, 11.9660473], [8.4285007, 11.9661496], [8.4283291, 11.9660355]]]}}, {"type": "Feature", "properties": {"name": "Department of Accounting", "name:en": null, "amenity": "university", "building": "yes", "operator:type": null, "capacity:persons": null, "addr:full": null, "addr:city": null, "source": null, "osm_id": 284840627, "osm_type": "ways_poly", "Analysis_Region": "North West"}, "geometry": {"type": "Polygon", "coordinates": [[[8.4288026, 11.9734004], [8.4289374, 11.973302], [8.4289191, 11.973278], [8.4289517, 11.9732543], [8.4289682, 11.9732759], [8.4289856, 11.9732633], [8.4290473, 11.9733442], [8.4291278, 11.9732855], [8.4291411, 11.9733029], [8.4291701, 11.9732817], [8.4291951, 11.9733144], [8.4291744, 11.9733295], [8.4292746, 11.9734608], [8.429157, 11.9735468], [8.42904, 11.9733934], [8.4288841, 11.9735072], [8.4288026, 11.9734004]]]}}, {"type": "Feature", "properties": {"name": null, "name:en": null, "amenity": "school", "building": null, "operator:type": null, "capacity:persons": null, "addr:full": null, "addr:city": null, "source": null, "osm_id": 383457015, "osm_type": "ways_poly", "Analysis_Region": "North East"}, "geometry": {"type": "Polygon", "coordinates": [[[13.3071773, 10.1960632], [13.3071988, 10.1958256], [13.3072149, 10.1954507], [13.3082288, 10.195588], [13.3084916, 10.1958203], [13.3079981, 10.1964433], [13.307687, 10.1963272], [13.3071773, 10.1960632]]]}}, {"type": "Feature", "properties": {"name": null, "name:en": null, "amenity": "school", "building": null, "operator:type": null, "capacity:persons": null, "addr:full": null, "addr:city": null, "source": null, "osm_id": 383365216, "osm_type": "ways_poly", "Analysis_Region": "North East"}, "geometry": {"type": "Polygon", "coordinates": [[[13.2858717, 10.2103791], [13.2858744, 10.209896], [13.2866952, 10.2098934], [13.2864726, 10.2104028], [13.2858717, 10.2103791]]]}}, {"type": "Feature", "properties": {"name": "Gwange III Primary School", "name:en": null, "amenity": "school", "building": null, "operator:type": null, "capacity:persons": null, "addr:full": null, "addr:city": null, "source": null, "osm_id": 586657413, "osm_type": "ways_poly", "Analysis_Region": "North East"}, "geometry": {"type": "Polygon", "coordinates": [[[13.1708281, 11.826659], [13.1713658, 11.8264875], [13.1718099, 11.8262948], [13.1720708, 11.8263729], [13.1722108, 11.8267036], [13.1709697, 11.8271148], [13.1708281, 11.826659]]]}}, {"type": "Feature", "properties": {"name": "Baptist High School", "name:en": null, "amenity": "school", "building": null, "operator:type": "private", "capacity:persons": null, "addr:full": null, "addr:city": null, "source": null, "osm_id": 1187724623, "osm_type": "ways_poly", "Analysis_Region": "North West"}, "geometry": {"type": "Polygon", "coordinates": [[[6.5452865, 9.628011], [6.545355, 9.6269754], [6.5458346, 9.6270429], [6.5457318, 9.6281574], [6.5452865, 9.628011]]]}}, {"type": "Feature", "properties": {"name": "hostel", "name:en": null, "amenity": null, "building": "school", "operator:type": null, "capacity:persons": null, "addr:full": null, "addr:city": null, "source": null, "osm_id": 220231105, "osm_type": "ways_poly", "Analysis_Region": "North East"}, "geometry": {"type": "Polygon", "coordinates": [[[11.1707274, 10.2607732], [11.1708267, 10.2605066], [11.1710256, 10.2605783], [11.171275, 10.2606682], [11.1714275, 10.2607231], [11.1713309, 10.2609791], [11.1707274, 10.2607732]]]}}, {"type": "Feature", "properties": {"name": "ZBA computer room", "name:en": null, "amenity": null, "building": "school", "operator:type": null, "capacity:persons": null, "addr:full": null, "addr:city": null, "source": null, "osm_id": 220240570, "osm_type": "ways_poly", "Analysis_Region": "North East"}, "geometry": {"type": "Polygon", "coordinates": [[[11.1709366, 10.2605093], [11.1709723, 10.2604315], [11.1710474, 10.2604606], [11.1710635, 10.2604711], [11.1710305, 10.2605383], [11.1709366, 10.2605093]]]}}, {"type": "Feature", "properties": {"name": "MUSA YAR'ADUA MEMORIAL PRIMARY SCHOOL (AMBUTTAI)", "name:en": null, "amenity": "school", "building": null, "operator:type": null, "capacity:persons": null, "addr:full": null, "addr:city": null, "source": null, "osm_id": 948731319, "osm_type": "ways_poly", "Analysis_Region": "North West"}, "geometry": {"type": "Polygon", "coordinates": [[[7.5981159, 12.9921775], [7.5981186, 12.9918037], [7.5983331, 12.9917906], [7.5986148, 12.9918351], [7.5985397, 12.9923055], [7.5983492, 12.9924989], [7.5982044, 12.992444], [7.598309, 12.9922402], [7.5981159, 12.9921775]]]}}, {"type": "Feature", "properties": {"name": null, "name:en": null, "amenity": null, "building": "school", "operator:type": null, "capacity:persons": null, "addr:full": null, "addr:city": null, "source": null, "osm_id": 948136364, "osm_type": "ways_poly", "Analysis_Region": "North West"}, "geometry": {"type": "Polygon", "coordinates": [[[4.2175638, 12.4547801], [4.2176929, 12.4546518], [4.2179252, 12.4548618], [4.2177717, 12.4549923], [4.2175638, 12.4547801]]]}}, {"type": "Feature", "properties": {"name": "Sokoto State Polytechnic", "name:en": null, "amenity": "university", "building": null, "operator:type": null, "capacity:persons": null, "addr:full": null, "addr:city": null, "source": null, "osm_id": 432993822, "osm_type": "ways_poly", "Analysis_Region": "North West"}, "geometry": {"type": "Polygon", "coordinates": [[[5.1922244, 13.012306], [5.1923718, 13.0120261], [5.1940672, 13.0085741], [5.1941184, 13.0084722], [5.1972947, 13.009744], [5.1986688, 13.0102093], [5.2010104, 13.0109958], [5.2089503, 13.0172968], [5.2076131, 13.0187047], [5.206963, 13.0197704], [5.20643, 13.0206889], [5.2061958, 13.0211692], [5.2059863, 13.0218266], [5.2058527, 13.0225431], [5.2053659, 13.0226151], [5.2051995, 13.0234136], [5.2042721, 13.0245363], [5.2014115, 13.0216205], [5.1946807, 13.0148507], [5.1946098, 13.0147798], [5.1922244, 13.012306]]]}}, {"type": "Feature", "properties": {"name": "Libata Primary School", "name:en": null, "amenity": null, "building": "school", "operator:type": null, "capacity:persons": null, "addr:full": null, "addr:city": null, "source": null, "osm_id": 1179695869, "osm_type": "ways_poly", "Analysis_Region": "North West"}, "geometry": {"type": "Polygon", "coordinates": [[[4.6230615, 10.1970214], [4.6231317, 10.196985], [4.6232082, 10.1971407], [4.6231419, 10.1971734], [4.6230615, 10.1970214]]]}}, {"type": "Feature", "properties": {"name": "Primary School", "name:en": null, "amenity": null, "building": "school", "operator:type": null, "capacity:persons": null, "addr:full": null, "addr:city": null, "source": null, "osm_id": 1179698524, "osm_type": "ways_poly", "Analysis_Region": "North West"}, "geometry": {"type": "Polygon", "coordinates": [[[4.6229935, 10.2022562], [4.6230767, 10.2022152], [4.6231629, 10.2024169], [4.6230817, 10.2024528], [4.6229935, 10.2022562]]]}}, {"type": "Feature", "properties": {"name": "Federal University of Technology, Minna", "name:en": "Main Campus (Gidan Kwano)", "amenity": "university", "building": null, "operator:type": "university", "capacity:persons": null, "addr:full": null, "addr:city": "Minna", "source": null, "osm_id": 416896586, "osm_type": "ways_poly", "Analysis_Region": "North West"}, "geometry": {"type": "Polygon", "coordinates": [[[6.4387919, 9.5297233], [6.4387984, 9.5295516], [6.4389977, 9.5293347], [6.4394973, 9.5292178], [6.4421653, 9.5287388], [6.4423079, 9.5285853], [6.4423935, 9.5281084], [6.4423058, 9.5276529], [6.4420871, 9.5267419], [6.4426501, 9.5257201], [6.4433027, 9.524572], [6.4443501, 9.5241721], [6.4452921, 9.5239023], [6.44593, 9.5241961], [6.4465137, 9.5245006], [6.4472343, 9.5248958], [6.4474254, 9.5251931], [6.4476234, 9.5252181], [6.4486023, 9.5249316], [6.4487271, 9.5255546], [6.4491661, 9.5257669], [6.4495846, 9.5259468], [6.4500102, 9.5263932], [6.449385, 9.5275604], [6.4542943, 9.531969], [6.4542852, 9.5321465], [6.454607, 9.5323157], [6.4549668, 9.5327833], [6.4550097, 9.5330274], [6.4549997, 9.5332192], [6.4549567, 9.5334393], [6.454848, 9.5340672], [6.4546835, 9.5341377], [6.4546077, 9.534125], [6.4545212, 9.5342097], [6.4546231, 9.5342943], [6.454725, 9.5345747], [6.4546875, 9.5347387], [6.4546859, 9.5352225], [6.4547494, 9.5354353], [6.454771, 9.5355684], [6.4547515, 9.5357733], [6.4546163, 9.5360706], [6.4544532, 9.5361694], [6.4543873, 9.5362611], [6.4543459, 9.5364205], [6.454137, 9.536556], [6.4539138, 9.5366858], [6.4536134, 9.5367873], [6.4529696, 9.5368692], [6.4520654, 9.537346], [6.4516877, 9.5374787], [6.4513844, 9.5375012], [6.4510296, 9.5374505], [6.4505661, 9.5372811], [6.4471269, 9.5357207], [6.4446126, 9.5381229], [6.4415027, 9.5372477], [6.4441733, 9.5341895], [6.4441137, 9.5337811], [6.443951, 9.533584], [6.4437342, 9.5334297], [6.4434696, 9.5334116], [6.4418324, 9.5339817], [6.4409501, 9.5342443], [6.4405641, 9.534275], [6.4401582, 9.5341861], [6.4398309, 9.533955], [6.4395723, 9.5336028], [6.4395063, 9.533351], [6.4395054, 9.5330778], [6.4395694, 9.5327619], [6.4396552, 9.5323605], [6.4397399, 9.5316432], [6.4396673, 9.5313597], [6.4388504, 9.5299805], [6.4387919, 9.5297233]]]}}, {"type": "Feature", "properties": {"name": "NASARAWA NUR/PTIMARY SCHOOL", "name:en": null, "amenity": null, "building": "school", "operator:type": null, "capacity:persons": null, "addr:full": null, "addr:city": "KALTUNGO", "source": null, "osm_id": 1206200316, "osm_type": "ways_poly", "Analysis_Region": "North East"}, "geometry": {"type": "Polygon", "coordinates": [[[11.3150173, 9.8256152], [11.3151223, 9.8255896], [11.3152011, 9.8259029], [11.3150961, 9.8259285], [11.3150173, 9.8256152]]]}}, {"type": "Feature", "properties": {"name": "Sanet Building", "name:en": null, "amenity": null, "building": "university", "operator:type": null, "capacity:persons": null, "addr:full": null, "addr:city": null, "source": null, "osm_id": 407659153, "osm_type": "ways_poly", "Analysis_Region": "North West"}, "geometry": {"type": "Polygon", "coordinates": [[[6.4528662, 9.5338787], [6.4528997, 9.5338337], [6.4530392, 9.5339343], [6.4530137, 9.533966], [6.4530714, 9.5339977], [6.4530445, 9.5340295], [6.4529855, 9.5340004], [6.4530003, 9.5339779], [6.4528662, 9.5338787]]]}}, {"type": "Feature", "properties": {"name": "Sanet Building", "name:en": null, "amenity": null, "building": "university", "operator:type": null, "capacity:persons": null, "addr:full": null, "addr:city": null, "source": null, "osm_id": 407659140, "osm_type": "ways_poly", "Analysis_Region": "North West"}, "geometry": {"type": "Polygon", "coordinates": [[[6.4523971, 9.5342014], [6.4524094, 9.5341224], [6.4529209, 9.5340738], [6.4529147, 9.5341467], [6.4527697, 9.5341573], [6.4527294, 9.5341602], [6.4524957, 9.5341771], [6.452582, 9.5342622], [6.4527374, 9.5342537], [6.4527736, 9.5342517], [6.4529147, 9.534244], [6.4530688, 9.5340131], [6.4531304, 9.534086], [6.4528839, 9.5344141], [6.4527976, 9.5345053], [6.4526867, 9.5344324], [6.4527607, 9.5343594], [6.4525142, 9.5343655], [6.4525265, 9.5343047], [6.4523971, 9.5342014]]]}}, {"type": "Feature", "properties": {"name": "Microfinance Bank", "name:en": null, "amenity": "bank", "building": "school", "operator:type": null, "capacity:persons": null, "addr:full": null, "addr:city": null, "source": null, "osm_id": 585807439, "osm_type": "ways_poly", "Analysis_Region": "North West"}, "geometry": {"type": "Polygon", "coordinates": [[[6.5285345, 9.6556569], [6.5286018, 9.6553396], [6.5288164, 9.655383], [6.5287443, 9.6557019], [6.5285345, 9.6556569]]]}}, {"type": "Feature", "properties": {"name": "Bayero University Kano", "name:en": null, "amenity": "university", "building": null, "operator:type": null, "capacity:persons": null, "addr:full": null, "addr:city": "BUK Old Site", "source": "steadfast.com.ng", "osm_id": 291923762, "osm_type": "ways_poly", "Analysis_Region": "North West"}, "geometry": {"type": "Polygon", "coordinates": [[[8.4718146, 11.9818595], [8.4726814, 11.9808997], [8.4739242, 11.979354], [8.4742428, 11.9789814], [8.4758001, 11.9771658], [8.4762212, 11.9766453], [8.4764744, 11.9763481], [8.4768255, 11.975919], [8.4780765, 11.9765093], [8.4786415, 11.9756053], [8.4805254, 11.9770102], [8.4834988, 11.9795689], [8.4827824, 11.9806093], [8.482655, 11.9808483], [8.4825948, 11.9808517], [8.4825736, 11.9809086], [8.4825504, 11.9809706], [8.4825367, 11.9810073], [8.4825742, 11.9810322], [8.4823177, 11.9817717], [8.4821145, 11.9825733], [8.4819518, 11.9831501], [8.4818543, 11.9835513], [8.4811751, 11.9861636], [8.4810919, 11.9863681], [8.4807541, 11.986166], [8.4807392, 11.9861877], [8.4782397, 11.9847569], [8.4775146, 11.9844234], [8.4768979, 11.9841401], [8.4761912, 11.9837898], [8.4755271, 11.9834416], [8.4745096, 11.9829471], [8.4741176, 11.9827555], [8.4740696, 11.9827331], [8.4729796, 11.9823032], [8.4718146, 11.9818595]]]}}, {"type": "Feature", "properties": {"name": "Lebanon School", "name:en": null, "amenity": "school", "building": null, "operator:type": null, "capacity:persons": null, "addr:full": null, "addr:city": "Kano", "source": null, "osm_id": 719313020, "osm_type": "ways_poly", "Analysis_Region": "North West"}, "geometry": {"type": "Polygon", "coordinates": [[[8.5510453, 12.0092936], [8.5517539, 12.009155], [8.5523424, 12.0090706], [8.5527909, 12.0090039], [8.55282, 12.0091818], [8.5528488, 12.0093254], [8.553101, 12.0092807], [8.5531147, 12.0094949], [8.552974, 12.0102607], [8.5526821, 12.0101845], [8.5524564, 12.0100982], [8.5522007, 12.0099988], [8.5521372, 12.0099718], [8.5518525, 12.0098511], [8.5515402, 12.0096689], [8.5512856, 12.0094925], [8.5510453, 12.0092936]]]}}, {"type": "Feature", "properties": {"name": "DEBA CENTRAL PRIMARY SCHOOL", "name:en": null, "amenity": "school", "building": null, "operator:type": null, "capacity:persons": null, "addr:full": null, "addr:city": null, "source": null, "osm_id": 914858731, "osm_type": "ways_poly", "Analysis_Region": "North East"}, "geometry": {"type": "Polygon", "coordinates": [[[11.383739, 10.2124948], [11.3843077, 10.2122203], [11.3844257, 10.2120514], [11.3847046, 10.2121253], [11.3847368, 10.2125159], [11.3847368, 10.2131812], [11.3839751, 10.2131072], [11.383739, 10.2124948]]]}}, {"type": "Feature", "properties": {"name": "JIBWIS ARAWA", "name:en": null, "amenity": "school", "building": null, "operator:type": null, "capacity:persons": null, "addr:full": null, "addr:city": null, "source": null, "osm_id": 914746763, "osm_type": "ways_poly", "Analysis_Region": "North East"}, "geometry": {"type": "Polygon", "coordinates": [[[11.1732696, 10.3125658], [11.1735217, 10.3126028], [11.1735217, 10.3126608], [11.173562, 10.3126661], [11.1735539, 10.3129326], [11.1732777, 10.3129036], [11.1732696, 10.3125658]]]}}, {"type": "Feature", "properties": {"name": "Ihya;ussunnah Jauro kuna", "name:en": null, "amenity": "school", "building": null, "operator:type": null, "capacity:persons": null, "addr:full": null, "addr:city": null, "source": null, "osm_id": 913832561, "osm_type": "ways_poly", "Analysis_Region": "North East"}, "geometry": {"type": "Polygon", "coordinates": [[[11.1704746, 10.310673], [11.1704799, 10.3105384], [11.170602, 10.3105529], [11.17061, 10.3106796], [11.1706046, 10.3106941], [11.1704746, 10.310673]]]}}, {"type": "Feature", "properties": {"name": null, "name:en": null, "amenity": "school", "building": null, "operator:type": null, "capacity:persons": null, "addr:full": null, "addr:city": null, "source": null, "osm_id": 912619970, "osm_type": "ways_poly", "Analysis_Region": "North West"}, "geometry": {"type": "Polygon", "coordinates": [[[6.0668478, 12.2221727], [6.0669068, 12.2211923], [6.0682801, 12.2211923], [6.0682407, 12.2215014], [6.0680904, 12.2222588], [6.0668746, 12.2226629], [6.0668478, 12.2221727]]]}}, {"type": "Feature", "properties": {"name": null, "name:en": null, "amenity": "school", "building": null, "operator:type": null, "capacity:persons": null, "addr:full": null, "addr:city": null, "source": null, "osm_id": 912619973, "osm_type": "ways_poly", "Analysis_Region": "North West"}, "geometry": {"type": "Polygon", "coordinates": [[[6.0676042, 12.2309543], [6.0680065, 12.2293291], [6.0696297, 12.2296242], [6.0706887, 12.2298167], [6.0703293, 12.2313161], [6.0676042, 12.2309543]]]}}, {"type": "Feature", "properties": {"name": "FAMAKS British School", "name:en": null, "amenity": "school", "building": null, "operator:type": null, "capacity:persons": null, "addr:full": null, "addr:city": null, "source": null, "osm_id": 486632743, "osm_type": "ways_poly", "Analysis_Region": "North West"}, "geometry": {"type": "Polygon", "coordinates": [[[7.4665243, 10.5793378], [7.4668421, 10.5787182], [7.4670486, 10.5788224], [7.467109, 10.5788698], [7.4672712, 10.579699], [7.4672498, 10.5797083], [7.4665243, 10.5793378]]]}}, {"type": "Feature", "properties": {"name": "Zamani College", "name:en": null, "amenity": "school", "building": null, "operator:type": null, "capacity:persons": null, "addr:full": null, "addr:city": null, "source": null, "osm_id": 500146550, "osm_type": "ways_poly", "Analysis_Region": "North West"}, "geometry": {"type": "Polygon", "coordinates": [[[7.4661503, 10.5480951], [7.4669918, 10.5480113], [7.4675597, 10.5479641], [7.4675736, 10.5480384], [7.4675716, 10.5481075], [7.4675872, 10.5481894], [7.4674773, 10.5485401], [7.4661952, 10.5486192], [7.4661503, 10.5480951]]]}}, {"type": "Feature", "properties": {"name": "Madarasatu Tarbiyyatul Islam", "name:en": null, "amenity": "school", "building": null, "operator:type": null, "capacity:persons": null, "addr:full": null, "addr:city": null, "source": null, "osm_id": 500110666, "osm_type": "ways_poly", "Analysis_Region": "North West"}, "geometry": {"type": "Polygon", "coordinates": [[[7.4645197, 10.5410397], [7.4648583, 10.5406376], [7.4653814, 10.5410474], [7.4651301, 10.5414058], [7.4645197, 10.5410397]]]}}, {"type": "Feature", "properties": {"name": "Federal College of Education Pankshin", "name:en": null, "amenity": "school", "building": null, "operator:type": null, "capacity:persons": null, "addr:full": null, "addr:city": "Jos", "source": null, "osm_id": 198322773, "osm_type": "ways_poly", "Analysis_Region": "North East"}, "geometry": {"type": "Polygon", "coordinates": [[[9.3850839, 9.3397594], [9.3936952, 9.3345322], [9.3946737, 9.3337339], [9.398845, 9.3389363], [9.391222, 9.3453626], [9.3875877, 9.347485], [9.3850839, 9.3397594]]]}}, {"type": "Feature", "properties": {"name": "GSS TUDUN SAIBU MAIGANA SOBA KADUNA", "name:en": null, "amenity": null, "building": "school", "operator:type": null, "capacity:persons": null, "addr:full": null, "addr:city": null, "source": null, "osm_id": 1165211472, "osm_type": "ways_poly", "Analysis_Region": "North West"}, "geometry": {"type": "Polygon", "coordinates": [[[7.9306367, 11.0335218], [7.93066, 11.032848], [7.9313699, 11.0323713], [7.9323366, 11.0328618], [7.9316127, 11.0342048], [7.9306367, 11.0335218]]]}}, {"type": "Feature", "properties": {"name": "Tudun Saibu Model Primary\u00a0SchooL SOBA KADUNA", "name:en": null, "amenity": null, "building": "school", "operator:type": null, "capacity:persons": null, "addr:full": null, "addr:city": null, "source": null, "osm_id": 1165220444, "osm_type": "ways_poly", "Analysis_Region": "North West"}, "geometry": {"type": "Polygon", "coordinates": [[[7.9190641, 11.0353636], [7.9192428, 11.0345804], [7.9199576, 11.0347195], [7.9197758, 11.0355874], [7.9190641, 11.0353636]]]}}, {"type": "Feature", "properties": {"name": "mozinger ac", "name:en": null, "amenity": null, "building": "school", "operator:type": null, "capacity:persons": null, "addr:full": null, "addr:city": null, "source": null, "osm_id": 1164898903, "osm_type": "ways_poly", "Analysis_Region": "North West"}, "geometry": {"type": "Polygon", "coordinates": [[[7.3791737, 10.5299526], [7.3791838, 10.5298779], [7.3791989, 10.529922], [7.3791737, 10.5299526]]]}}, {"type": "Feature", "properties": {"name": "NorthWest University", "name:en": null, "amenity": "university", "building": null, "operator:type": null, "capacity:persons": null, "addr:full": null, "addr:city": null, "source": null, "osm_id": 162043186, "osm_type": "ways_poly", "Analysis_Region": "North West"}, "geometry": {"type": "Polygon", "coordinates": [[[8.5310801, 11.9913693], [8.5312142, 11.9912014], [8.5314234, 11.9913641], [8.531461, 11.9913116], [8.5315254, 11.9913483], [8.5315039, 11.9914061], [8.5318097, 11.9914638], [8.5317668, 11.9916789], [8.5315039, 11.9916212], [8.5313698, 11.9919046], [8.5312089, 11.9918311], [8.5313322, 11.9915582], [8.5310801, 11.9913693]]]}}, {"type": "Feature", "properties": {"name": null, "name:en": null, "amenity": null, "building": "school", "operator:type": null, "capacity:persons": null, "addr:full": null, "addr:city": null, "source": null, "osm_id": 602771979, "osm_type": "ways_poly", "Analysis_Region": "North West"}, "geometry": {"type": "Polygon", "coordinates": [[[6.5442666, 9.5807442], [6.5443138, 9.5807077], [6.5444131, 9.5808326], [6.5443556, 9.5808562], [6.5442666, 9.5807442]]]}}, {"type": "Feature", "properties": {"name": null, "name:en": null, "amenity": null, "building": "school", "operator:type": null, "capacity:persons": null, "addr:full": null, "addr:city": null, "source": null, "osm_id": 602772044, "osm_type": "ways_poly", "Analysis_Region": "North West"}, "geometry": {"type": "Polygon", "coordinates": [[[6.5439394, 9.5811567], [6.5440203, 9.5811444], [6.5440305, 9.5812093], [6.5439496, 9.5812216], [6.5439394, 9.5811567]]]}}, {"type": "Feature", "properties": {"name": null, "name:en": null, "amenity": null, "building": "school", "operator:type": null, "capacity:persons": null, "addr:full": null, "addr:city": null, "source": null, "osm_id": 1285725458, "osm_type": "ways_poly", "Analysis_Region": "North West"}, "geometry": {"type": "Polygon", "coordinates": [[[5.2074893, 13.0656579], [5.2075, 13.0656056], [5.2077271, 13.0656494], [5.2077164, 13.0657018], [5.2074893, 13.0656579]]]}}, {"type": "Feature", "properties": {"name": "Government Secondary School, Rigasa, kaduna", "name:en": null, "amenity": null, "building": "school", "operator:type": null, "capacity:persons": null, "addr:full": null, "addr:city": null, "source": null, "osm_id": 1160273182, "osm_type": "ways_poly", "Analysis_Region": "North West"}, "geometry": {"type": "Polygon", "coordinates": [[[7.3795407, 10.529924], [7.3795479, 10.5298359], [7.3796145, 10.5298412], [7.3796072, 10.5299292], [7.3795407, 10.529924]]]}}, {"type": "Feature", "properties": {"name": "Demonstration Secondary School", "name:en": null, "amenity": null, "building": "school", "operator:type": null, "capacity:persons": null, "addr:full": null, "addr:city": null, "source": null, "osm_id": 487963833, "osm_type": "ways_poly", "Analysis_Region": "North West"}, "geometry": {"type": "Polygon", "coordinates": [[[7.6537273, 11.1551894], [7.6539338, 11.1551675], [7.6539385, 11.1552105], [7.6539622, 11.155208], [7.65397, 11.1552789], [7.6539446, 11.1552816], [7.6539502, 11.1553326], [7.6538923, 11.1553387], [7.6539018, 11.1554246], [7.6537549, 11.1554401], [7.6537273, 11.1551894]]]}}, {"type": "Feature", "properties": {"name": null, "name:en": null, "amenity": null, "building": "school", "operator:type": null, "capacity:persons": null, "addr:full": null, "addr:city": null, "source": null, "osm_id": 531978204, "osm_type": "ways_poly", "Analysis_Region": "North West"}, "geometry": {"type": "Polygon", "coordinates": [[[7.7344184, 11.1097671], [7.7344388, 11.1097436], [7.734453, 11.1097555], [7.7344863, 11.1097172], [7.7344646, 11.109699], [7.7346526, 11.1094825], [7.7347182, 11.1095374], [7.7344764, 11.1098156], [7.7344184, 11.1097671]]]}}, {"type": "Feature", "properties": {"name": null, "name:en": null, "amenity": null, "building": "school", "operator:type": null, "capacity:persons": null, "addr:full": null, "addr:city": null, "source": null, "osm_id": 531978207, "osm_type": "ways_poly", "Analysis_Region": "North West"}, "geometry": {"type": "Polygon", "coordinates": [[[7.7351622, 11.1102676], [7.7352241, 11.1101965], [7.735363, 11.1103077], [7.7353023, 11.1103764], [7.7351622, 11.1102676]]]}}, {"type": "Feature", "properties": {"name": "Gombe State University", "name:en": null, "amenity": "university", "building": null, "operator:type": null, "capacity:persons": null, "addr:full": null, "addr:city": null, "source": null, "osm_id": 328221569, "osm_type": "ways_poly", "Analysis_Region": "North East"}, "geometry": {"type": "Polygon", "coordinates": [[[11.1698578, 10.3001099], [11.1700562, 10.3000539], [11.1702577, 10.2999722], [11.1704328, 10.2999506], [11.1706316, 10.2999012], [11.1706868, 10.2998882], [11.1708745, 10.2999033], [11.1710199, 10.2999098], [11.1710928, 10.2999156], [11.1714319, 10.2999426], [11.1717945, 10.2999715], [11.1718268, 10.2999741], [11.1720048, 10.3000105], [11.1727113, 10.3001004], [11.1728604, 10.3001177], [11.1729038, 10.3001224], [11.1735244, 10.3001921], [11.1741255, 10.3002574], [11.1742682, 10.3002733], [11.1746638, 10.3003114], [11.1747353, 10.3003253], [11.1748153, 10.3000301], [11.1748872, 10.299735], [11.1756744, 10.2999645], [11.1765036, 10.3002062], [11.1774146, 10.3004718], [11.1783223, 10.3007459], [11.1785796, 10.300833], [11.179545, 10.30116], [11.1803956, 10.3014313], [11.1808606, 10.3015761], [11.1812415, 10.3016934], [11.1809634, 10.3021061], [11.1807755, 10.3023849], [11.1806138, 10.3026248], [11.1804068, 10.3029539], [11.1801765, 10.3032739], [11.1799129, 10.3036674], [11.1792021, 10.3034605], [11.1788744, 10.3033658], [11.1788197, 10.3034955], [11.1787168, 10.3034732], [11.1785779, 10.3038072], [11.178449, 10.304372], [11.1784305, 10.3044194], [11.1781828, 10.3050072], [11.1779407, 10.3054939], [11.1779208, 10.3056293], [11.1776382, 10.3063002], [11.1775864, 10.3063275], [11.1773033, 10.3069067], [11.176982, 10.3075641], [11.1767586, 10.3080213], [11.1769335, 10.3081493], [11.1762804, 10.3091999], [11.1762803, 10.3092006], [11.1757204, 10.3091432], [11.1756923, 10.3091214], [11.1753812, 10.3091077], [11.1751811, 10.3090699], [11.1749547, 10.3090663], [11.1727106, 10.308859], [11.1720097, 10.307888], [11.1718106, 10.3076388], [11.1717275, 10.3075192], [11.1716421, 10.3074009], [11.1714521, 10.3070381], [11.1714246, 10.3069858], [11.171392, 10.3069166], [11.1713613, 10.3068588], [11.1713396, 10.3067606], [11.1713337, 10.3067337], [11.1713122, 10.3067218], [11.1712804, 10.3066865], [11.171239, 10.3066978], [11.1710922, 10.3063485], [11.1709515, 10.3060072], [11.1709537, 10.3059644], [11.1709203, 10.3058803], [11.1708212, 10.3056545], [11.1707176, 10.3054218], [11.1706468, 10.3052561], [11.1706123, 10.3051485], [11.1706048, 10.3050537], [11.1706061, 10.304959], [11.1705721, 10.304672], [11.1705473, 10.3044262], [11.1706622, 10.3043067], [11.1706645, 10.3041461], [11.1706644, 10.3039076], [11.170663, 10.3038359], [11.1706619, 10.3037577], [11.170656, 10.3035886], [11.1706063, 10.3035334], [11.1705487, 10.3035325], [11.1705421, 10.3034546], [11.1705364, 10.3032298], [11.170538, 10.3027706], [11.1705326, 10.3026694], [11.1704724, 10.3022873], [11.1704658, 10.3022327], [11.1704071, 10.3020369], [11.1704034, 10.3020244], [11.1704001, 10.3020169], [11.1703369, 10.3018722], [11.1702606, 10.3017011], [11.1702364, 10.301636], [11.1702043, 10.3015496], [11.1701745, 10.3014692], [11.1701454, 10.3013908], [11.1701129, 10.3013034], [11.170073, 10.3011591], [11.1700243, 10.3009831], [11.1699841, 10.3006923], [11.1699712, 10.3006465], [11.169963, 10.3005889], [11.1699387, 10.3004168], [11.1699057, 10.3002931], [11.1698578, 10.3001099]]]}}, {"type": "Feature", "properties": {"name": "JAURO TUDUN WADA PRIMARY T/WADA", "name:en": null, "amenity": "school", "building": null, "operator:type": null, "capacity:persons": null, "addr:full": null, "addr:city": null, "source": null, "osm_id": 914734761, "osm_type": "ways_poly", "Analysis_Region": "North East"}, "geometry": {"type": "Polygon", "coordinates": [[[11.1698578, 10.3001099], [11.1700562, 10.3000539], [11.1702577, 10.2999722], [11.1704328, 10.2999506], [11.1706868, 10.2998882], [11.1710928, 10.2999156], [11.1714319, 10.2999426], [11.1717945, 10.2999715], [11.1720048, 10.3000105], [11.1719897, 10.3011113], [11.1716236, 10.301102], [11.1711678, 10.3011119], [11.1711293, 10.3010494], [11.1710389, 10.3009562], [11.170918, 10.300891], [11.1705982, 10.3007904], [11.1703276, 10.3007105], [11.169963, 10.3005889], [11.1699387, 10.3004168], [11.1698578, 10.3001099]]]}}, {"type": "Feature", "properties": {"name": "Government secondary school Rigasa", "name:en": null, "amenity": null, "building": "school", "operator:type": null, "capacity:persons": null, "addr:full": null, "addr:city": null, "source": null, "osm_id": 775912352, "osm_type": "ways_poly", "Analysis_Region": "North West"}, "geometry": {"type": "Polygon", "coordinates": [[[7.369532, 10.5371068], [7.3695796, 10.5370918], [7.3695978, 10.5371187], [7.3695437, 10.5371342], [7.369532, 10.5371068]]]}}, {"type": "Feature", "properties": {"name": "PROF. A. MAHDI ACADEMY(SECONDARY)", "name:en": null, "amenity": "school", "building": null, "operator:type": null, "capacity:persons": null, "addr:full": null, "addr:city": null, "source": null, "osm_id": 914744200, "osm_type": "ways_poly", "Analysis_Region": "North East"}, "geometry": {"type": "Polygon", "coordinates": [[[11.1763858, 10.3115807], [11.1763934, 10.3114871], [11.1764639, 10.3114927], [11.1764602, 10.3115374], [11.1765085, 10.3115412], [11.1765045, 10.31159], [11.1763858, 10.3115807]]]}}, {"type": "Feature", "properties": {"name": "Guidance and Counselling Unit", "name:en": null, "amenity": "university", "building": null, "operator:type": null, "capacity:persons": null, "addr:full": null, "addr:city": null, "source": null, "osm_id": 250862196, "osm_type": "ways_poly", "Analysis_Region": "North West"}, "geometry": {"type": "Polygon", "coordinates": [[[7.6555312, 11.1524729], [7.6559978, 11.1521102], [7.6562442, 11.1525099], [7.6557291, 11.1528198], [7.6555312, 11.1524729]]]}}, {"type": "Feature", "properties": {"name": "Jafaru LEA Primary School Playground", "name:en": null, "amenity": "school", "building": null, "operator:type": null, "capacity:persons": null, "addr:full": null, "addr:city": null, "source": null, "osm_id": 531978217, "osm_type": "ways_poly", "Analysis_Region": "North West"}, "geometry": {"type": "Polygon", "coordinates": [[[7.7340275, 11.1103352], [7.7343449, 11.1099659], [7.7349584, 11.1104734], [7.734641, 11.1108429], [7.7340275, 11.1103352]]]}}, {"type": "Feature", "properties": {"name": null, "name:en": null, "amenity": "school", "building": "yes", "operator:type": null, "capacity:persons": null, "addr:full": null, "addr:city": null, "source": null, "osm_id": 693717883, "osm_type": "ways_poly", "Analysis_Region": "North East"}, "geometry": {"type": "Polygon", "coordinates": [[[13.1080346, 11.8244113], [13.1080353, 11.8243516], [13.1080802, 11.8243521], [13.1080796, 11.8244118], [13.1080346, 11.8244113]]]}}, {"type": "Feature", "properties": {"name": "Nigerian College of Aviation Technology", "name:en": null, "amenity": "school", "building": null, "operator:type": null, "capacity:persons": null, "addr:full": null, "addr:city": null, "source": null, "osm_id": 169049177, "osm_type": "ways_poly", "Analysis_Region": "North West"}, "geometry": {"type": "Polygon", "coordinates": [[[7.6780866, 11.1248543], [7.6796101, 11.1233595], [7.6844327, 11.1278125], [7.6871819, 11.1292394], [7.6898963, 11.131029], [7.6924793, 11.1319917], [7.6957798, 11.1327128], [7.6958428, 11.1340787], [7.6976824, 11.1330896], [7.6977655, 11.1345226], [7.690895, 11.1377609], [7.6905356, 11.1378951], [7.6903036, 11.1374832], [7.6896089, 11.136745], [7.6890269, 11.1359424], [7.6888914, 11.1357489], [7.6885977, 11.1355831], [7.6884663, 11.1355134], [7.688406, 11.1355147], [7.6883724, 11.1353035], [7.6883376, 11.1353032], [7.6883128, 11.1353029], [7.6883081, 11.1353206], [7.6873298, 11.1352062], [7.6872606, 11.1352041], [7.6860563, 11.135241], [7.6860563, 11.13527], [7.6852128, 11.1352068], [7.6848775, 11.1345713], [7.6846442, 11.1341265], [7.6840728, 11.133237], [7.6849231, 11.1321711], [7.6839361, 11.1311421], [7.6794385, 11.1272545], [7.6789502, 11.1256439], [7.6780866, 11.1248543]]]}}, {"type": "Feature", "properties": {"name": null, "name:en": null, "amenity": null, "building": "school", "operator:type": null, "capacity:persons": null, "addr:full": null, "addr:city": null, "source": null, "osm_id": 845378098, "osm_type": "ways_poly", "Analysis_Region": "North East"}, "geometry": {"type": "Polygon", "coordinates": [[[9.939478, 9.9616122], [9.9396993, 9.9615937], [9.9397047, 9.9616562], [9.9394834, 9.9616747], [9.939478, 9.9616122]]]}}, {"type": "Feature", "properties": {"name": "Kaduna Polytechnic", "name:en": null, "amenity": "university", "building": null, "operator:type": null, "capacity:persons": null, "addr:full": null, "addr:city": null, "source": null, "osm_id": 798388630, "osm_type": "ways_poly", "Analysis_Region": "North West"}, "geometry": {"type": "Polygon", "coordinates": [[[7.4394497, 10.5231142], [7.4399486, 10.5202654], [7.4399834, 10.520218], [7.440021, 10.5201916], [7.4400773, 10.5201652], [7.4439129, 10.5208641], [7.4431028, 10.5215761], [7.4414023, 10.5233746], [7.4413192, 10.5238156], [7.4395703, 10.5232612], [7.4394497, 10.5231142]]]}}, {"type": "Feature", "properties": {"name": "Baga primary school", "name:en": null, "amenity": "college", "building": null, "operator:type": null, "capacity:persons": null, "addr:full": null, "addr:city": null, "source": null, "osm_id": 322401865, "osm_type": "ways_poly", "Analysis_Region": "North East"}, "geometry": {"type": "Polygon", "coordinates": [[[13.8192234, 13.0947425], [13.8192649, 13.0941836], [13.8192872, 13.0939135], [13.8209671, 13.0941681], [13.8209597, 13.0942254], [13.8208988, 13.0947951], [13.8208843, 13.0949128], [13.8194498, 13.0948729], [13.8192234, 13.0947425]]]}}, {"type": "Feature", "properties": {"name": "LPANDIMTAI PRIMARY SCHOOL", "name:en": null, "amenity": null, "building": "school", "operator:type": null, "capacity:persons": null, "addr:full": null, "addr:city": "KALTUNGO", "source": null, "osm_id": 1206197316, "osm_type": "ways_poly", "Analysis_Region": "North East"}, "geometry": {"type": "Polygon", "coordinates": [[[11.3262777, 9.8202224], [11.326326, 9.8200911], [11.3265498, 9.820171], [11.3265015, 9.8203023], [11.3262777, 9.8202224]]]}}, {"type": "Feature", "properties": {"name": "LPANDIMTAI PRIMARY SCHOOL", "name:en": null, "amenity": null, "building": "school", "operator:type": null, "capacity:persons": null, "addr:full": null, "addr:city": "KALTUNGO", "source": null, "osm_id": 1332827615, "osm_type": "ways_poly", "Analysis_Region": "North East"}, "geometry": {"type": "Polygon", "coordinates": [[[11.3265363, 9.8202914], [11.3265751, 9.8201829], [11.3267826, 9.8202549], [11.3267439, 9.8203633], [11.3265363, 9.8202914]]]}}, {"type": "Feature", "properties": {"name": null, "name:en": null, "amenity": null, "building": "school", "operator:type": null, "capacity:persons": null, "addr:full": null, "addr:city": null, "source": null, "osm_id": 1144548782, "osm_type": "ways_poly", "Analysis_Region": "North West"}, "geometry": {"type": "Polygon", "coordinates": [[[6.2562066, 13.6780216], [6.256208, 13.6779514], [6.2562932, 13.677957], [6.2562831, 13.678023], [6.2562066, 13.6780216]]]}}, {"type": "Feature", "properties": {"name": "Federal College of Education, Obudu", "name:en": null, "amenity": "college", "building": null, "operator:type": null, "capacity:persons": null, "addr:full": null, "addr:city": null, "source": null, "osm_id": 225860263, "osm_type": "ways_poly", "Analysis_Region": "North East"}, "geometry": {"type": "Polygon", "coordinates": [[[9.1698365, 6.6817967], [9.1698526, 6.6808363], [9.1698719, 6.6796267], [9.1698951, 6.6792751], [9.169901, 6.6792148], [9.1699062, 6.6791465], [9.1698891, 6.6791274], [9.1699022, 6.6789305], [9.1699386, 6.6788642], [9.1700428, 6.6787878], [9.1702724, 6.6786381], [9.1703634, 6.6785598], [9.1704474, 6.6784513], [9.1704869, 6.6783799], [9.1705121, 6.6783016], [9.1705172, 6.6781428], [9.1706052, 6.6780042], [9.1706062, 6.677955], [9.1704939, 6.6778545], [9.1704798, 6.6777138], [9.1703826, 6.6767925], [9.1703174, 6.6763562], [9.1718907, 6.6761596], [9.1731138, 6.6760204], [9.1736474, 6.6759494], [9.1748561, 6.6758371], [9.1748976, 6.6758712], [9.1749072, 6.6758974], [9.1749248, 6.6759295], [9.1749823, 6.6759981], [9.1750422, 6.6761187], [9.1751374, 6.6763422], [9.1751695, 6.6764025], [9.1756443, 6.6774668], [9.1757802, 6.6778532], [9.1758904, 6.6783903], [9.1759804, 6.6791153], [9.1759419, 6.6791435], [9.1759581, 6.6792479], [9.1760006, 6.6792811], [9.1762262, 6.681217], [9.1754776, 6.6813014], [9.1745804, 6.6817204], [9.174276, 6.681849], [9.1717877, 6.6822448], [9.1713446, 6.682296], [9.1709886, 6.6823141], [9.1698678, 6.6823081], [9.169885, 6.6817997], [9.1698365, 6.6817967]]]}}, {"type": "Feature", "properties": {"name": "Kano University of Science and Technology", "name:en": null, "amenity": "university", "building": null, "operator:type": null, "capacity:persons": null, "addr:full": null, "addr:city": null, "source": null, "osm_id": 389351930, "osm_type": "ways_poly", "Analysis_Region": "North West"}, "geometry": {"type": "Polygon", "coordinates": [[[8.847469, 11.8052129], [8.8475383, 11.8049943], [8.8476746, 11.80422], [8.8475566, 11.8037579], [8.8480275, 11.8021286], [8.848608, 11.801983], [8.8493073, 11.8018828], [8.8493229, 11.8019099], [8.8494389, 11.8019032], [8.8494752, 11.8018582], [8.8508148, 11.801626], [8.8518677, 11.801726], [8.8519595, 11.8017464], [8.8539527, 11.80236], [8.8557711, 11.8029787], [8.8581107, 11.8037212], [8.8606495, 11.8045908], [8.8602434, 11.8082193], [8.8599533, 11.808176], [8.8591463, 11.8079048], [8.8588831, 11.807798], [8.8587151, 11.8077862], [8.8586129, 11.8078167], [8.8585437, 11.8078624], [8.8575163, 11.8089842], [8.8567019, 11.8081667], [8.8528583, 11.8078794], [8.8516149, 11.8077489], [8.8514581, 11.807259], [8.8513776, 11.8072971], [8.8512088, 11.8071657], [8.8503056, 11.8063165], [8.8503576, 11.806208], [8.8494432, 11.8058639], [8.847469, 11.8052129]]]}}, {"type": "Feature", "properties": {"name": "Kaduna Capital School", "name:en": null, "amenity": "school", "building": null, "operator:type": null, "capacity:persons": null, "addr:full": null, "addr:city": null, "source": null, "osm_id": 39722477, "osm_type": "ways_poly", "Analysis_Region": "North West"}, "geometry": {"type": "Polygon", "coordinates": [[[7.4596852, 10.5479001], [7.4657653, 10.5474894], [7.4658577, 10.5475445], [7.4659016, 10.5475939], [7.4660301, 10.5500203], [7.4659496, 10.55007], [7.4598505, 10.5504524], [7.4596852, 10.5479001]]]}}, {"type": "Feature", "properties": {"name": "LEA Secondary School", "name:en": null, "amenity": "school", "building": null, "operator:type": null, "capacity:persons": null, "addr:full": null, "addr:city": null, "source": null, "osm_id": 787201271, "osm_type": "ways_poly", "Analysis_Region": "North West"}, "geometry": {"type": "Polygon", "coordinates": [[[7.4308462, 10.4519315], [7.4312559, 10.4518724], [7.4317083, 10.4517171], [7.4327544, 10.4513336], [7.4326466, 10.4508913], [7.4331985, 10.4507027], [7.4333288, 10.4506608], [7.4340632, 10.4504172], [7.4346256, 10.4522471], [7.4308649, 10.4532286], [7.4308462, 10.4519315]]]}}, {"type": "Feature", "properties": {"name": "Essence International School African Heritage Village", "name:en": null, "amenity": "school", "building": null, "operator:type": null, "capacity:persons": null, "addr:full": null, "addr:city": null, "source": null, "osm_id": 500152449, "osm_type": "ways_poly", "Analysis_Region": "North West"}, "geometry": {"type": "Polygon", "coordinates": [[[7.4546933, 10.5361868], [7.4548881, 10.5356871], [7.455432, 10.5358423], [7.4552746, 10.5363443], [7.4546933, 10.5361868]]]}}, {"type": "Feature", "properties": {"name": "Teshegwa Primary School", "name:en": null, "amenity": null, "building": "school", "operator:type": null, "capacity:persons": null, "addr:full": null, "addr:city": null, "source": null, "osm_id": 1209192911, "osm_type": "ways_poly", "Analysis_Region": "North East"}, "geometry": {"type": "Polygon", "coordinates": [[[10.1431909, 12.5489585], [10.1432631, 12.5488731], [10.1433443, 12.5487956], [10.1433777, 12.5488079], [10.1434399, 12.5488467], [10.1433975, 12.5489391], [10.1433254, 12.5490518], [10.1431909, 12.5489585]]]}}, {"type": "Feature", "properties": {"name": null, "name:en": null, "amenity": "school", "building": null, "operator:type": null, "capacity:persons": null, "addr:full": null, "addr:city": null, "source": null, "osm_id": 1138078809, "osm_type": "ways_poly", "Analysis_Region": "North West"}, "geometry": {"type": "Polygon", "coordinates": [[[5.3049125, 13.0500766], [5.3056167, 13.0490116], [5.3061661, 13.0491095], [5.3061617, 13.049223], [5.3065395, 13.0493535], [5.3065, 13.0497195], [5.306344, 13.050109], [5.3058717, 13.0499806], [5.3057926, 13.0503016], [5.3049125, 13.0500766]]]}}, {"type": "Feature", "properties": {"name": null, "name:en": null, "amenity": null, "building": "school", "operator:type": null, "capacity:persons": null, "addr:full": null, "addr:city": null, "source": "microsoft/BuildingFootprints", "osm_id": 1138074266, "osm_type": "ways_poly", "Analysis_Region": "North West"}, "geometry": {"type": "Polygon", "coordinates": [[[5.3060462, 13.0500156], [5.3061128, 13.0497261], [5.3062062, 13.0497465], [5.3061396, 13.050036], [5.3060462, 13.0500156]]]}}, {"type": "Feature", "properties": {"name": null, "name:en": null, "amenity": null, "building": "school", "operator:type": null, "capacity:persons": null, "addr:full": null, "addr:city": null, "source": "microsoft/BuildingFootprints", "osm_id": 1138074267, "osm_type": "ways_poly", "Analysis_Region": "North West"}, "geometry": {"type": "Polygon", "coordinates": [[[5.3058193, 13.049719], [5.3058436, 13.0496397], [5.3060614, 13.0497028], [5.3060371, 13.0497821], [5.3058193, 13.049719]]]}}, {"type": "Feature", "properties": {"name": "American University of Nigeria", "name:en": null, "amenity": "university", "building": null, "operator:type": null, "capacity:persons": null, "addr:full": null, "addr:city": null, "source": null, "osm_id": 432890703, "osm_type": "ways_poly", "Analysis_Region": "North East"}, "geometry": {"type": "Polygon", "coordinates": [[[12.4961227, 9.197116], [12.4962462, 9.1966183], [12.4982101, 9.1887055], [12.4988901, 9.1859658], [12.499408, 9.1838789], [12.505398, 9.1848178], [12.5035815, 9.1924182], [12.5022155, 9.1981335], [12.5020533, 9.1988123], [12.500008, 9.1982357], [12.4993483, 9.1980498], [12.4993201, 9.1978936], [12.4992852, 9.1978791], [12.4991608, 9.1978444], [12.499127, 9.1978353], [12.4990224, 9.1979068], [12.4976169, 9.1975255], [12.497574, 9.1974514], [12.4975543, 9.1974455], [12.4974158, 9.1974037], [12.497338, 9.1974487], [12.4964951, 9.1972179], [12.4961227, 9.197116]]]}}, {"type": "Feature", "properties": {"name": "GGSS Maimuna Gwarzo", "name:en": null, "amenity": "school", "building": null, "operator:type": null, "capacity:persons": null, "addr:full": null, "addr:city": null, "source": null, "osm_id": 39657525, "osm_type": "ways_poly", "Analysis_Region": "North West"}, "geometry": {"type": "Polygon", "coordinates": [[[7.4077476, 10.5249106], [7.4077503, 10.5246577], [7.4077825, 10.5244425], [7.407783, 10.5242121], [7.4077963, 10.5240509], [7.4079858, 10.52407], [7.408068, 10.5239842], [7.4082208, 10.524103], [7.4084371, 10.5241974], [7.4087382, 10.5242844], [7.4089287, 10.524276], [7.4092309, 10.5244398], [7.4091092, 10.5248117], [7.4089938, 10.5251384], [7.4086298, 10.525123], [7.4080315, 10.5250581], [7.4077978, 10.5250411], [7.4078093, 10.5249489], [7.4077476, 10.5249106]]]}}, {"type": "Feature", "properties": {"name": "Nigeria Police Training School", "name:en": null, "amenity": "college", "building": null, "operator:type": null, "capacity:persons": null, "addr:full": null, "addr:city": null, "source": null, "osm_id": 38876202, "osm_type": "ways_poly", "Analysis_Region": "North West"}, "geometry": {"type": "Polygon", "coordinates": [[[7.4368383, 10.5066487], [7.4370766, 10.5043718], [7.4396227, 10.5050015], [7.4422512, 10.5054725], [7.4460858, 10.5060727], [7.4498877, 10.5067603], [7.4494408, 10.5090674], [7.4471148, 10.5129999], [7.4437509, 10.5125515], [7.443827, 10.5121004], [7.4439906, 10.5117341], [7.4429005, 10.5115569], [7.4431292, 10.5102095], [7.441649, 10.5099163], [7.4372912, 10.5092662], [7.4371128, 10.5088471], [7.4368383, 10.5066487]]]}}, {"type": "Feature", "properties": {"name": null, "name:en": null, "amenity": null, "building": "school", "operator:type": null, "capacity:persons": null, "addr:full": null, "addr:city": null, "source": null, "osm_id": 759702385, "osm_type": "ways_poly", "Analysis_Region": "North West"}, "geometry": {"type": "Polygon", "coordinates": [[[6.4509852, 9.5313539], [6.4510506, 9.531303], [6.4512296, 9.5315267], [6.4511641, 9.5315776], [6.4509852, 9.5313539]]]}}, {"type": "Feature", "properties": {"name": null, "name:en": null, "amenity": null, "building": "school", "operator:type": null, "capacity:persons": null, "addr:full": null, "addr:city": null, "source": null, "osm_id": 1254541588, "osm_type": "ways_poly", "Analysis_Region": "North West"}, "geometry": {"type": "Polygon", "coordinates": [[[6.4509981, 9.5312103], [6.4510841, 9.5311263], [6.4511468, 9.5311887], [6.4510608, 9.5312727], [6.4509981, 9.5312103]]]}}, {"type": "Feature", "properties": {"name": null, "name:en": null, "amenity": null, "building": "school", "operator:type": null, "capacity:persons": null, "addr:full": null, "addr:city": null, "source": null, "osm_id": 1254541589, "osm_type": "ways_poly", "Analysis_Region": "North West"}, "geometry": {"type": "Polygon", "coordinates": [[[6.4511824, 9.5312068], [6.4512395, 9.5311642], [6.4514055, 9.5313802], [6.4513484, 9.5314228], [6.4511824, 9.5312068]]]}}, {"type": "Feature", "properties": {"name": null, "name:en": null, "amenity": "university", "building": null, "operator:type": null, "capacity:persons": null, "addr:full": null, "addr:city": null, "source": null, "osm_id": 491206923, "osm_type": "ways_poly", "Analysis_Region": "North West"}, "geometry": {"type": "Polygon", "coordinates": [[[7.4104668, 10.5252517], [7.4115068, 10.5231299], [7.4124427, 10.5203286], [7.4171803, 10.5219645], [7.4182055, 10.5223103], [7.416959, 10.523162], [7.4169714, 10.5242651], [7.4170653, 10.5248477], [7.4146077, 10.52528], [7.4142348, 10.5260007], [7.4133427, 10.5263036], [7.4126548, 10.5262337], [7.4118437, 10.5262947], [7.4113265, 10.5263519], [7.4113067, 10.5253835], [7.4104668, 10.5252517]]]}}, {"type": "Feature", "properties": {"name": null, "name:en": null, "amenity": "school", "building": null, "operator:type": null, "capacity:persons": null, "addr:full": null, "addr:city": null, "source": null, "osm_id": 1253959935, "osm_type": "ways_poly", "Analysis_Region": "North West"}, "geometry": {"type": "Polygon", "coordinates": [[[7.4422546, 10.5576858], [7.4424311, 10.5561068], [7.442634, 10.5561491], [7.4428406, 10.5562018], [7.4431277, 10.5562667], [7.443434, 10.5563579], [7.4434144, 10.5565339], [7.4433881, 10.5569472], [7.4433369, 10.5577523], [7.4422546, 10.5576858]]]}}, {"type": "Feature", "properties": {"name": null, "name:en": null, "amenity": null, "building": "school", "operator:type": null, "capacity:persons": null, "addr:full": null, "addr:city": null, "source": null, "osm_id": 1123694512, "osm_type": "ways_poly", "Analysis_Region": "North East"}, "geometry": {"type": "Polygon", "coordinates": [[[12.4868307, 9.207685], [12.4870271, 9.2076376], [12.4870408, 9.207695], [12.4868439, 9.2077394], [12.4868307, 9.207685]]]}}, {"type": "Feature", "properties": {"name": null, "name:en": null, "amenity": null, "building": "school", "operator:type": null, "capacity:persons": null, "addr:full": null, "addr:city": null, "source": null, "osm_id": 1123694513, "osm_type": "ways_poly", "Analysis_Region": "North East"}, "geometry": {"type": "Polygon", "coordinates": [[[12.4865875, 9.2075121], [12.4866761, 9.2074911], [12.4867292, 9.2077091], [12.4868307, 9.207685], [12.4868439, 9.2077394], [12.4867243, 9.2077678], [12.4867586, 9.2079087], [12.486688, 9.2079254], [12.4865875, 9.2075121]]]}}, {"type": "Feature", "properties": {"name": null, "name:en": null, "amenity": null, "building": "school", "operator:type": null, "capacity:persons": null, "addr:full": null, "addr:city": null, "source": null, "osm_id": 1123694511, "osm_type": "ways_poly", "Analysis_Region": "North East"}, "geometry": {"type": "Polygon", "coordinates": [[[12.4866178, 9.2074], [12.4869778, 9.2073761], [12.4869823, 9.2074417], [12.4866222, 9.2074655], [12.4866178, 9.2074]]]}}, {"type": "Feature", "properties": {"name": null, "name:en": null, "amenity": null, "building": "school", "operator:type": null, "capacity:persons": null, "addr:full": null, "addr:city": null, "source": null, "osm_id": 1123694505, "osm_type": "ways_poly", "Analysis_Region": "North East"}, "geometry": {"type": "Polygon", "coordinates": [[[12.4881444, 9.2078788], [12.4881824, 9.207629], [12.4882743, 9.2076426], [12.4882362, 9.2078924], [12.4881444, 9.2078788]]]}}, {"type": "Feature", "properties": {"name": null, "name:en": null, "amenity": null, "building": "school", "operator:type": null, "capacity:persons": null, "addr:full": null, "addr:city": null, "source": null, "osm_id": 1123694506, "osm_type": "ways_poly", "Analysis_Region": "North East"}, "geometry": {"type": "Polygon", "coordinates": [[[12.4870861, 9.2076229], [12.4872849, 9.2075752], [12.4872983, 9.2076299], [12.4870996, 9.2076776], [12.4870861, 9.2076229]]]}}, {"type": "Feature", "properties": {"name": null, "name:en": null, "amenity": null, "building": "school", "operator:type": null, "capacity:persons": null, "addr:full": null, "addr:city": null, "source": null, "osm_id": 1123694507, "osm_type": "ways_poly", "Analysis_Region": "North East"}, "geometry": {"type": "Polygon", "coordinates": [[[12.4872543, 9.2073523], [12.4873464, 9.2073502], [12.4873473, 9.2073889], [12.4872551, 9.2073909], [12.4872543, 9.2073523]]]}}, {"type": "Feature", "properties": {"name": null, "name:en": null, "amenity": null, "building": "school", "operator:type": null, "capacity:persons": null, "addr:full": null, "addr:city": null, "source": null, "osm_id": 1123694508, "osm_type": "ways_poly", "Analysis_Region": "North East"}, "geometry": {"type": "Polygon", "coordinates": [[[12.4870071, 9.2073973], [12.4870141, 9.2073396], [12.4871414, 9.2073466], [12.4871356, 9.2074076], [12.4870071, 9.2073973]]]}}, {"type": "Feature", "properties": {"name": null, "name:en": null, "amenity": null, "building": "school", "operator:type": null, "capacity:persons": null, "addr:full": null, "addr:city": null, "source": null, "osm_id": 1123694478, "osm_type": "ways_poly", "Analysis_Region": "North East"}, "geometry": {"type": "Polygon", "coordinates": [[[12.4874278, 9.2068054], [12.4876035, 9.2068037], [12.4876041, 9.2068567], [12.4874284, 9.2068579], [12.4874278, 9.2068054]]]}}, {"type": "Feature", "properties": {"name": null, "name:en": null, "amenity": null, "building": "school", "operator:type": null, "capacity:persons": null, "addr:full": null, "addr:city": null, "source": null, "osm_id": 1115073449, "osm_type": "ways_poly", "Analysis_Region": "North East"}, "geometry": {"type": "Polygon", "coordinates": [[[12.4878357, 9.2065041], [12.4881343, 9.2065027], [12.4881328, 9.2065918], [12.4878382, 9.2065964], [12.4878357, 9.2065041]]]}}, {"type": "Feature", "properties": {"name": null, "name:en": null, "amenity": null, "building": "school", "operator:type": null, "capacity:persons": null, "addr:full": null, "addr:city": null, "source": null, "osm_id": 1123694479, "osm_type": "ways_poly", "Analysis_Region": "North East"}, "geometry": {"type": "Polygon", "coordinates": [[[12.4876107, 9.206887], [12.4876355, 9.2068861], [12.4876355, 9.2068564], [12.4876514, 9.2068564], [12.4876461, 9.2068389], [12.4876594, 9.2068389], [12.4876603, 9.2068119], [12.4881372, 9.2068049], [12.4881398, 9.2068896], [12.4881186, 9.2068931], [12.4881168, 9.2069079], [12.488092, 9.2069071], [12.488092, 9.2068983], [12.4879903, 9.2069018], [12.4879885, 9.2069149], [12.4879646, 9.2069141], [12.4879646, 9.2069018], [12.4878761, 9.2069044], [12.4878664, 9.2069953], [12.4877682, 9.2069979], [12.4877655, 9.2069289], [12.4877381, 9.2069298], [12.4877408, 9.2069193], [12.4877275, 9.2069184], [12.4877257, 9.2069359], [12.487701, 9.2069341], [12.4877001, 9.2069175], [12.4876107, 9.2069184], [12.4876107, 9.206887]]]}}, {"type": "Feature", "properties": {"name": null, "name:en": null, "amenity": null, "building": "school", "operator:type": null, "capacity:persons": null, "addr:full": null, "addr:city": null, "source": null, "osm_id": 1123694495, "osm_type": "ways_poly", "Analysis_Region": "North East"}, "geometry": {"type": "Polygon", "coordinates": [[[12.4881508, 9.2069452], [12.4883855, 9.2069333], [12.4883882, 9.2070273], [12.4881562, 9.2070379], [12.4881508, 9.2069452]]]}}, {"type": "Feature", "properties": {"name": null, "name:en": null, "amenity": null, "building": "school", "operator:type": null, "capacity:persons": null, "addr:full": null, "addr:city": null, "source": null, "osm_id": 1123696355, "osm_type": "ways_poly", "Analysis_Region": "North East"}, "geometry": {"type": "Polygon", "coordinates": [[[12.4881999, 9.2068076], [12.4884132, 9.2068023], [12.4884172, 9.2068831], [12.4882013, 9.2068897], [12.4881999, 9.2068076]]]}}, {"type": "Feature", "properties": {"name": null, "name:en": null, "amenity": null, "building": "school", "operator:type": null, "capacity:persons": null, "addr:full": null, "addr:city": null, "source": null, "osm_id": 1123694526, "osm_type": "ways_poly", "Analysis_Region": "North East"}, "geometry": {"type": "Polygon", "coordinates": [[[12.4862132, 9.2065098], [12.4862413, 9.206315], [12.4863253, 9.2063242], [12.4862976, 9.2065229], [12.4862132, 9.2065098]]]}}, {"type": "Feature", "properties": {"name": null, "name:en": null, "amenity": null, "building": "school", "operator:type": null, "capacity:persons": null, "addr:full": null, "addr:city": null, "source": null, "osm_id": 1123694528, "osm_type": "ways_poly", "Analysis_Region": "North East"}, "geometry": {"type": "Polygon", "coordinates": [[[12.4866114, 9.2068774], [12.4866207, 9.2066296], [12.4866791, 9.2066308], [12.4866662, 9.2068797], [12.4866114, 9.2068774]]]}}, {"type": "Feature", "properties": {"name": null, "name:en": null, "amenity": null, "building": "school", "operator:type": null, "capacity:persons": null, "addr:full": null, "addr:city": null, "source": null, "osm_id": 1123694518, "osm_type": "ways_poly", "Analysis_Region": "North East"}, "geometry": {"type": "Polygon", "coordinates": [[[12.4859225, 9.2069719], [12.4860113, 9.2069708], [12.4860089, 9.2069592], [12.4859237, 9.2069523], [12.4859272, 9.2068613], [12.4861082, 9.2068567], [12.4861047, 9.2070457], [12.4859225, 9.2070411], [12.4859225, 9.2069719]]]}}, {"type": "Feature", "properties": {"name": null, "name:en": null, "amenity": null, "building": "school", "operator:type": null, "capacity:persons": null, "addr:full": null, "addr:city": null, "source": null, "osm_id": 1123694519, "osm_type": "ways_poly", "Analysis_Region": "North East"}, "geometry": {"type": "Polygon", "coordinates": [[[12.4861058, 9.2061064], [12.4861117, 9.2060246], [12.4863277, 9.2060361], [12.4863218, 9.2061202], [12.4861058, 9.2061064]]]}}, {"type": "Feature", "properties": {"name": null, "name:en": null, "amenity": null, "building": "school", "operator:type": null, "capacity:persons": null, "addr:full": null, "addr:city": null, "source": null, "osm_id": 1123694525, "osm_type": "ways_poly", "Analysis_Region": "North East"}, "geometry": {"type": "Polygon", "coordinates": [[[12.4862599, 9.2069454], [12.4865098, 9.206935], [12.4865121, 9.2069996], [12.4862634, 9.2070065], [12.4862599, 9.2069454]]]}}, {"type": "Feature", "properties": {"name": "Federal College of Education", "name:en": null, "amenity": "school", "building": null, "operator:type": null, "capacity:persons": null, "addr:full": null, "addr:city": "Yola", "source": null, "osm_id": 670632824, "osm_type": "ways_poly", "Analysis_Region": "North East"}, "geometry": {"type": "Polygon", "coordinates": [[[12.4559855, 9.2479585], [12.4560522, 9.245698], [12.4560832, 9.2446468], [12.4562001, 9.2406809], [12.4561357, 9.2406756], [12.4561375, 9.2405616], [12.4561384, 9.2406014], [12.4561921, 9.238727], [12.4589574, 9.2381287], [12.4596763, 9.2381817], [12.4600249, 9.2385841], [12.4605453, 9.2393942], [12.4610496, 9.2400349], [12.461881, 9.2410832], [12.4621278, 9.2413003], [12.4628252, 9.2417504], [12.4631801, 9.241921], [12.4632705, 9.2419705], [12.4640483, 9.2423381], [12.4649441, 9.2429946], [12.4653464, 9.2432337], [12.4654126, 9.243274], [12.4654928, 9.2433226], [12.465561, 9.24336], [12.4656061, 9.2433926], [12.465623, 9.2434004], [12.4657367, 9.243466], [12.4665862, 9.244051], [12.4668404, 9.2442601], [12.4670657, 9.2443819], [12.4675029, 9.2445858], [12.4721271, 9.2469075], [12.4721484, 9.2470904], [12.4721646, 9.2476541], [12.4721811, 9.2481758], [12.4721962, 9.2486555], [12.4723504, 9.2487253], [12.4720949, 9.2492954], [12.4719688, 9.2498646], [12.4717435, 9.2502484], [12.4716362, 9.2502061], [12.4711427, 9.2512333], [12.4704453, 9.2530493], [12.4703406, 9.2533173], [12.4702967, 9.2534112], [12.470094, 9.2539309], [12.4695817, 9.2538144], [12.4693993, 9.2535894], [12.4693, 9.2535695], [12.4692357, 9.2535576], [12.4691874, 9.2537985], [12.4687877, 9.2536873], [12.4682593, 9.2530308], [12.4673474, 9.2513365], [12.4667734, 9.2511141], [12.4664247, 9.2509023], [12.4661887, 9.250537], [12.4647617, 9.2492557], [12.4642199, 9.2488692], [12.4633402, 9.2483927], [12.462573, 9.2481756], [12.4594134, 9.2480538], [12.4559855, 9.2479585]]]}}, {"type": "Feature", "properties": {"name": "GGSS Doka", "name:en": null, "amenity": null, "building": "school", "operator:type": null, "capacity:persons": null, "addr:full": null, "addr:city": null, "source": null, "osm_id": 104425334, "osm_type": "ways_poly", "Analysis_Region": "North West"}, "geometry": {"type": "Polygon", "coordinates": [[[7.4326312, 10.5015637], [7.4328048, 10.5007619], [7.4328933, 10.500769], [7.4328078, 10.5011548], [7.4328976, 10.5011728], [7.4328789, 10.5012625], [7.4327892, 10.5012445], [7.4327382, 10.501489], [7.4334897, 10.5016403], [7.4335055, 10.5015644], [7.4335937, 10.5015821], [7.4335778, 10.5016581], [7.4336625, 10.5016751], [7.4336433, 10.5017673], [7.4326312, 10.5015637]]]}}, {"type": "Feature", "properties": {"name": null, "name:en": null, "amenity": null, "building": "school", "operator:type": null, "capacity:persons": null, "addr:full": null, "addr:city": null, "source": null, "osm_id": 1245385738, "osm_type": "ways_poly", "Analysis_Region": "North West"}, "geometry": {"type": "Polygon", "coordinates": [[[7.4268155, 10.5466071], [7.4268638, 10.5466071], [7.4268638, 10.5466598], [7.4268155, 10.5466598], [7.4268155, 10.5466071]]]}}, {"type": "Feature", "properties": {"name": null, "name:en": null, "amenity": null, "building": "school", "operator:type": null, "capacity:persons": null, "addr:full": null, "addr:city": null, "source": null, "osm_id": 1245385741, "osm_type": "ways_poly", "Analysis_Region": "North West"}, "geometry": {"type": "Polygon", "coordinates": [[[7.4270107, 10.5470225], [7.4270394, 10.5469407], [7.4273653, 10.5470514], [7.4273366, 10.5471332], [7.4270107, 10.5470225]]]}}, {"type": "Feature", "properties": {"name": null, "name:en": null, "amenity": null, "building": "school", "operator:type": null, "capacity:persons": null, "addr:full": null, "addr:city": null, "source": null, "osm_id": 1245385753, "osm_type": "ways_poly", "Analysis_Region": "North West"}, "geometry": {"type": "Polygon", "coordinates": [[[7.4276175, 10.5460652], [7.4277851, 10.5460309], [7.4278029, 10.5461152], [7.4277783, 10.5461202], [7.4278201, 10.5463182], [7.4276763, 10.5463476], [7.4276683, 10.5463095], [7.4277214, 10.5462987], [7.4276877, 10.5461388], [7.4276353, 10.5461495], [7.4276175, 10.5460652]]]}}, {"type": "Feature", "properties": {"name": null, "name:en": null, "amenity": null, "building": "school", "operator:type": null, "capacity:persons": null, "addr:full": null, "addr:city": null, "source": null, "osm_id": 1245385757, "osm_type": "ways_poly", "Analysis_Region": "North West"}, "geometry": {"type": "Polygon", "coordinates": [[[7.4268343, 10.5462261], [7.4271065, 10.5461615], [7.4271293, 10.5462542], [7.426857, 10.5463188], [7.4268343, 10.5462261]]]}}, {"type": "Feature", "properties": {"name": null, "name:en": null, "amenity": null, "building": "school", "operator:type": null, "capacity:persons": null, "addr:full": null, "addr:city": null, "source": null, "osm_id": 1245385737, "osm_type": "ways_poly", "Analysis_Region": "North West"}, "geometry": {"type": "Polygon", "coordinates": [[[7.4268182, 10.546528], [7.4268592, 10.5465276], [7.4268599, 10.5465935], [7.4268188, 10.5465939], [7.4268182, 10.546528]]]}}, {"type": "Feature", "properties": {"name": null, "name:en": null, "amenity": null, "building": "school", "operator:type": null, "capacity:persons": null, "addr:full": null, "addr:city": null, "source": null, "osm_id": 1245385739, "osm_type": "ways_poly", "Analysis_Region": "North West"}, "geometry": {"type": "Polygon", "coordinates": [[[7.4268155, 10.546677], [7.4268588, 10.5466761], [7.4268601, 10.546738], [7.4268168, 10.5467389], [7.4268155, 10.546677]]]}}, {"type": "Feature", "properties": {"name": null, "name:en": null, "amenity": null, "building": "school", "operator:type": null, "capacity:persons": null, "addr:full": null, "addr:city": null, "source": null, "osm_id": 1245385740, "osm_type": "ways_poly", "Analysis_Region": "North West"}, "geometry": {"type": "Polygon", "coordinates": [[[7.4267726, 10.5469328], [7.4268018, 10.5468574], [7.4270096, 10.5469351], [7.4269804, 10.5470105], [7.4267726, 10.5469328]]]}}, {"type": "Feature", "properties": {"name": null, "name:en": null, "amenity": null, "building": "school", "operator:type": null, "capacity:persons": null, "addr:full": null, "addr:city": null, "source": null, "osm_id": 1245385742, "osm_type": "ways_poly", "Analysis_Region": "North West"}, "geometry": {"type": "Polygon", "coordinates": [[[7.4274483, 10.5470646], [7.4278701, 10.5469835], [7.4278857, 10.547062], [7.4274639, 10.547143], [7.4274483, 10.5470646]]]}}, {"type": "Feature", "properties": {"name": null, "name:en": null, "amenity": null, "building": "school", "operator:type": null, "capacity:persons": null, "addr:full": null, "addr:city": null, "source": null, "osm_id": 1245385752, "osm_type": "ways_poly", "Analysis_Region": "North West"}, "geometry": {"type": "Polygon", "coordinates": [[[7.4277543, 10.5464621], [7.4278402, 10.5464469], [7.4279327, 10.5469545], [7.4278468, 10.5469697], [7.4277543, 10.5464621]]]}}, {"type": "Feature", "properties": {"name": null, "name:en": null, "amenity": null, "building": "school", "operator:type": null, "capacity:persons": null, "addr:full": null, "addr:city": null, "source": null, "osm_id": 1245385755, "osm_type": "ways_poly", "Analysis_Region": "North West"}, "geometry": {"type": "Polygon", "coordinates": [[[7.4272356, 10.546139], [7.4275172, 10.546081], [7.427533, 10.5461549], [7.4272513, 10.5462129], [7.4272356, 10.546139]]]}}, {"type": "Feature", "properties": {"name": null, "name:en": null, "amenity": null, "building": "school", "operator:type": null, "capacity:persons": null, "addr:full": null, "addr:city": null, "source": null, "osm_id": 1123969825, "osm_type": "ways_poly", "Analysis_Region": "North East"}, "geometry": {"type": "Polygon", "coordinates": [[[12.4886356, 9.2105715], [12.4886434, 9.2104817], [12.488916, 9.2105045], [12.4889082, 9.2105944], [12.4886356, 9.2105715]]]}}, {"type": "Feature", "properties": {"name": "KANAR HERITAGE ACADEMY", "name:en": null, "amenity": null, "building": "school", "operator:type": null, "capacity:persons": null, "addr:full": null, "addr:city": "KALTUNGO", "source": null, "osm_id": 1206197595, "osm_type": "ways_poly", "Analysis_Region": "North East"}, "geometry": {"type": "Polygon", "coordinates": [[[11.329248, 9.8187856], [11.3300957, 9.8187831], [11.3300959, 9.8188645], [11.3292483, 9.8188672], [11.329248, 9.8187856]]]}}, {"type": "Feature", "properties": {"name": null, "name:en": null, "amenity": null, "building": "school", "operator:type": null, "capacity:persons": null, "addr:full": null, "addr:city": null, "source": null, "osm_id": 1314678703, "osm_type": "ways_poly", "Analysis_Region": "North East"}, "geometry": {"type": "Polygon", "coordinates": [[[13.9161815, 12.0412034], [13.916223, 12.0411241], [13.9164088, 12.0412112], [13.9163515, 12.041302], [13.9161815, 12.0412034]]]}}, {"type": "Feature", "properties": {"name": null, "name:en": null, "amenity": null, "building": "school", "operator:type": null, "capacity:persons": null, "addr:full": null, "addr:city": null, "source": null, "osm_id": 1372468582, "osm_type": "ways_poly", "Analysis_Region": "North East"}, "geometry": {"type": "Polygon", "coordinates": [[[9.89196, 9.197298], [9.8920162, 9.1972677], [9.8921172, 9.1975763], [9.8920548, 9.1975947], [9.89196, 9.197298]]]}}, {"type": "Feature", "properties": {"name": null, "name:en": null, "amenity": null, "building": "school", "operator:type": null, "capacity:persons": null, "addr:full": null, "addr:city": null, "source": null, "osm_id": 1372468583, "osm_type": "ways_poly", "Analysis_Region": "North East"}, "geometry": {"type": "Polygon", "coordinates": [[[9.892331, 9.1975779], [9.892335, 9.1974267], [9.8923934, 9.1974223], [9.8923895, 9.1975774], [9.892331, 9.1975779]]]}}, {"type": "Feature", "properties": {"name": null, "name:en": null, "amenity": null, "building": "school", "operator:type": null, "capacity:persons": null, "addr:full": null, "addr:city": null, "source": null, "osm_id": 1372468584, "osm_type": "ways_poly", "Analysis_Region": "North East"}, "geometry": {"type": "Polygon", "coordinates": [[[9.892196, 9.1974139], [9.8922147, 9.1973517], [9.8922845, 9.1973657], [9.8922647, 9.197429], [9.892196, 9.1974139]]]}}, {"type": "Feature", "properties": {"name": null, "name:en": null, "amenity": null, "building": "school", "operator:type": null, "capacity:persons": null, "addr:full": null, "addr:city": null, "source": null, "osm_id": 1372468585, "osm_type": "ways_poly", "Analysis_Region": "North East"}, "geometry": {"type": "Polygon", "coordinates": [[[9.8921564, 9.1976282], [9.8923585, 9.1975934], [9.8923678, 9.1976526], [9.8921676, 9.1976943], [9.8921564, 9.1976282]]]}}, {"type": "Feature", "properties": {"name": null, "name:en": null, "amenity": null, "building": "school", "operator:type": null, "capacity:persons": null, "addr:full": null, "addr:city": null, "source": null, "osm_id": 1370727738, "osm_type": "ways_poly", "Analysis_Region": "North East"}, "geometry": {"type": "Polygon", "coordinates": [[[9.8936786, 9.1890622], [9.8937095, 9.1889839], [9.8940036, 9.1891056], [9.8939709, 9.1891812], [9.8936786, 9.1890622]]]}}, {"type": "Feature", "properties": {"name": null, "name:en": null, "amenity": null, "building": "school", "operator:type": null, "capacity:persons": null, "addr:full": null, "addr:city": null, "source": null, "osm_id": 1370727739, "osm_type": "ways_poly", "Analysis_Region": "North East"}, "geometry": {"type": "Polygon", "coordinates": [[[9.8938401, 9.1893423], [9.8938487, 9.1893063], [9.8938723, 9.1892714], [9.8940494, 9.1893413], [9.8940172, 9.1894186], [9.8938401, 9.1893423]]]}}, {"type": "Feature", "properties": {"name": null, "name:en": null, "amenity": null, "building": "school", "operator:type": null, "capacity:persons": null, "addr:full": null, "addr:city": null, "source": "microsoft/BuildingFootprints", "osm_id": 1265454436, "osm_type": "ways_poly", "Analysis_Region": "North West"}, "geometry": {"type": "Polygon", "coordinates": [[[7.4530447, 10.4643313], [7.4531891, 10.4642919], [7.4532389, 10.4644683], [7.4531552, 10.4644911], [7.4531283, 10.4643956], [7.4530675, 10.4644121], [7.4530447, 10.4643313]]]}}, {"type": "Feature", "properties": {"name": null, "name:en": null, "amenity": null, "building": "school", "operator:type": null, "capacity:persons": null, "addr:full": null, "addr:city": null, "source": "microsoft/BuildingFootprints", "osm_id": 1265454748, "osm_type": "ways_poly", "Analysis_Region": "North West"}, "geometry": {"type": "Polygon", "coordinates": [[[7.452921, 10.464351], [7.4530088, 10.4643431], [7.4530228, 10.4644948], [7.4529351, 10.4645027], [7.452921, 10.464351]]]}}, {"type": "Feature", "properties": {"name": "Manara Primary School", "name:en": null, "amenity": "school", "building": null, "operator:type": null, "capacity:persons": null, "addr:full": null, "addr:city": null, "source": null, "osm_id": 914861917, "osm_type": "ways_poly", "Analysis_Region": "North East"}, "geometry": {"type": "Polygon", "coordinates": [[[11.4717454, 10.1730833], [11.4717588, 10.1730489], [11.4719251, 10.1729935], [11.4719842, 10.1731519], [11.4718554, 10.1732707], [11.471842, 10.1732443], [11.4717776, 10.1732945], [11.4717454, 10.1732337], [11.471791, 10.1731862], [11.4717454, 10.1730833]]]}}, {"type": "Feature", "properties": {"name": "class rooms", "name:en": null, "amenity": "school", "building": null, "operator:type": null, "capacity:persons": null, "addr:full": null, "addr:city": null, "source": null, "osm_id": 1356727291, "osm_type": "ways_poly", "Analysis_Region": "North East"}, "geometry": {"type": "Polygon", "coordinates": [[[9.8780283, 9.186792], [9.878032, 9.186736], [9.8780534, 9.1866978], [9.8783805, 9.1867912], [9.8783577, 9.1868327], [9.87835, 9.1868851], [9.8780283, 9.186792]]]}}, {"type": "Feature", "properties": {"name": "class rooms", "name:en": null, "amenity": "school", "building": null, "operator:type": null, "capacity:persons": null, "addr:full": null, "addr:city": null, "source": null, "osm_id": 1356727292, "osm_type": "ways_poly", "Analysis_Region": "North East"}, "geometry": {"type": "Polygon", "coordinates": [[[9.8784068, 9.1868436], [9.8784271, 9.1868073], [9.8788633, 9.1869255], [9.8788331, 9.1869691], [9.8788312, 9.1870182], [9.8784094, 9.1869022], [9.8784068, 9.1868436]]]}}, {"type": "Feature", "properties": {"name": "Laboratory", "name:en": null, "amenity": "school", "building": null, "operator:type": null, "capacity:persons": null, "addr:full": null, "addr:city": null, "source": null, "osm_id": 1356727293, "osm_type": "ways_poly", "Analysis_Region": "North East"}, "geometry": {"type": "Polygon", "coordinates": [[[9.8788216, 9.1872081], [9.8788944, 9.1869549], [9.8789859, 9.1869725], [9.8789122, 9.1872324], [9.8788216, 9.1872081]]]}}, {"type": "Feature", "properties": {"name": "casher office", "name:en": null, "amenity": "school", "building": null, "operator:type": null, "capacity:persons": null, "addr:full": null, "addr:city": null, "source": null, "osm_id": 1356727295, "osm_type": "ways_poly", "Analysis_Region": "North East"}, "geometry": {"type": "Polygon", "coordinates": [[[9.8781463, 9.1872055], [9.8781586, 9.1871638], [9.8782602, 9.1871951], [9.87825, 9.187236], [9.8781463, 9.1872055]]]}}, {"type": "Feature", "properties": {"name": "NASARAWA NUR/PTIMARY SCHOOL", "name:en": null, "amenity": null, "building": "school", "operator:type": null, "capacity:persons": null, "addr:full": null, "addr:city": "KALTUNGO", "source": null, "osm_id": 1332827424, "osm_type": "ways_poly", "Analysis_Region": "North East"}, "geometry": {"type": "Polygon", "coordinates": [[[11.3151842, 9.8256033], [11.3153866, 9.8255495], [11.3154081, 9.8256279], [11.3152056, 9.8256817], [11.3151842, 9.8256033]]]}}, {"type": "Feature", "properties": {"name": null, "name:en": null, "amenity": null, "building": "school", "operator:type": null, "capacity:persons": null, "addr:full": null, "addr:city": null, "source": null, "osm_id": 993540941, "osm_type": "ways_poly", "Analysis_Region": "North West"}, "geometry": {"type": "Polygon", "coordinates": [[[8.4822018, 12.0594578], [8.4822529, 12.0593801], [8.4824713, 12.0594855], [8.4823777, 12.0595577], [8.4822018, 12.0594578]]]}}, {"type": "Feature", "properties": {"name": "IBB School Minna", "name:en": null, "amenity": "school", "building": null, "operator:type": null, "capacity:persons": null, "addr:full": null, "addr:city": null, "source": null, "osm_id": 1187724620, "osm_type": "ways_poly", "Analysis_Region": "North West"}, "geometry": {"type": "Polygon", "coordinates": [[[6.5505464, 9.6234919], [6.5506763, 9.6225661], [6.5511757, 9.622623], [6.5517382, 9.6226594], [6.5516286, 9.6236878], [6.5505464, 9.6234919]]]}}, {"type": "Feature", "properties": {"name": "Center fo Entrepreneurship Development", "name:en": null, "amenity": "university", "building": null, "operator:type": null, "capacity:persons": null, "addr:full": null, "addr:city": null, "source": null, "osm_id": 1442262675, "osm_type": "ways_poly", "Analysis_Region": "North West"}, "geometry": {"type": "Polygon", "coordinates": [[[7.4431839, 10.6133185], [7.443215, 10.6130737], [7.4433427, 10.6130921], [7.4433333, 10.6133185], [7.4431839, 10.6133185]]]}}, {"type": "Feature", "properties": {"name": "Civil and Environmental Engineering Department (CEED)", "name:en": null, "amenity": "university", "building": null, "operator:type": null, "capacity:persons": null, "addr:full": null, "addr:city": null, "source": "microsoft/BuildingFootprints", "osm_id": 1247357548, "osm_type": "ways_poly", "Analysis_Region": "North West"}, "geometry": {"type": "Polygon", "coordinates": [[[7.4432065, 10.610285], [7.4432082, 10.610194], [7.4434334, 10.6101981], [7.4434427, 10.6096987], [7.4432282, 10.6096948], [7.4432302, 10.6095867], [7.4435359, 10.6095922], [7.4435229, 10.6102906], [7.4432065, 10.610285]]]}}, {"type": "Feature", "properties": {"name": "Faculty of Air Engineering", "name:en": "Mechanical Engineering Department", "amenity": "university", "building": null, "operator:type": null, "capacity:persons": null, "addr:full": null, "addr:city": null, "source": "microsoft/BuildingFootprints", "osm_id": 1247357555, "osm_type": "ways_poly", "Analysis_Region": "North West"}, "geometry": {"type": "Polygon", "coordinates": [[[7.4408228, 10.6117948], [7.4409623, 10.6116816], [7.4409774, 10.6116995], [7.4410388, 10.6116497], [7.4410941, 10.6117155], [7.4411156, 10.611698], [7.4412315, 10.6118359], [7.4411382, 10.6119117], [7.4410315, 10.6117847], [7.4409024, 10.6118896], [7.4408228, 10.6117948]]]}}, {"type": "Feature", "properties": {"name": "Block Of Classrooms", "name:en": null, "amenity": "university", "building": null, "operator:type": null, "capacity:persons": null, "addr:full": null, "addr:city": null, "source": null, "osm_id": 1247365996, "osm_type": "ways_poly", "Analysis_Region": "North West"}, "geometry": {"type": "Polygon", "coordinates": [[[7.4409936, 10.6095262], [7.4409988, 10.6094228], [7.4414105, 10.6094426], [7.4414054, 10.609546], [7.4409936, 10.6095262]]]}}, {"type": "Feature", "properties": {"name": "AFIT Armament Engineering Department", "name:en": null, "amenity": "university", "building": null, "operator:type": null, "capacity:persons": null, "addr:full": null, "addr:city": null, "source": "microsoft/BuildingFootprints", "osm_id": 1248101633, "osm_type": "ways_poly", "Analysis_Region": "North West"}, "geometry": {"type": "Polygon", "coordinates": [[[7.4432979, 10.6113789], [7.4433015, 10.6112736], [7.4434382, 10.6112781], [7.4434436, 10.6111188], [7.443315, 10.6111146], [7.4433186, 10.6110066], [7.4435678, 10.6110148], [7.4435646, 10.6111096], [7.4436932, 10.6111138], [7.443687, 10.6112968], [7.4435584, 10.6112926], [7.4435551, 10.6113874], [7.4432979, 10.6113789]]]}}, {"type": "Feature", "properties": {"name": "Air Force Research And Development Centre (AFRDC)", "name:en": null, "amenity": "university", "building": null, "operator:type": null, "capacity:persons": null, "addr:full": null, "addr:city": null, "source": null, "osm_id": 1248133502, "osm_type": "ways_poly", "Analysis_Region": "North West"}, "geometry": {"type": "Polygon", "coordinates": [[[7.4422776, 10.6107885], [7.4422878, 10.6106064], [7.4428552, 10.610637], [7.4428451, 10.6108191], [7.4422776, 10.6107885]]]}}, {"type": "Feature", "properties": {"name": "Air Force Research And Development Centre (AFRDC)", "name:en": null, "amenity": "university", "building": null, "operator:type": null, "capacity:persons": null, "addr:full": null, "addr:city": null, "source": null, "osm_id": 1248133503, "osm_type": "ways_poly", "Analysis_Region": "North West"}, "geometry": {"type": "Polygon", "coordinates": [[[7.4428551, 10.6108418], [7.4428625, 10.6106441], [7.4429125, 10.6106459], [7.4429051, 10.6108436], [7.4428551, 10.6108418]]]}}, {"type": "Feature", "properties": {"name": "School of Basic and Remidal Studies, Airforce institute of technology kaduna Nigeria", "name:en": null, "amenity": "university", "building": null, "operator:type": null, "capacity:persons": null, "addr:full": null, "addr:city": null, "source": null, "osm_id": 1248828260, "osm_type": "ways_poly", "Analysis_Region": "North West"}, "geometry": {"type": "Polygon", "coordinates": [[[7.4426486, 10.6093694], [7.4426512, 10.6093035], [7.4427155, 10.609306], [7.4427128, 10.6093719], [7.4426486, 10.6093694]]]}}, {"type": "Feature", "properties": {"name": null, "name:en": null, "amenity": null, "building": "school", "operator:type": null, "capacity:persons": null, "addr:full": null, "addr:city": null, "source": null, "osm_id": 1409127460, "osm_type": "ways_poly", "Analysis_Region": "North East"}, "geometry": {"type": "Polygon", "coordinates": [[[9.8915953, 9.1983608], [9.8917991, 9.1982888], [9.8918216, 9.1983545], [9.8916135, 9.1984223], [9.8915953, 9.1983608]]]}}, {"type": "Feature", "properties": {"name": "AIR FORCE INSTITUTE OF TECHNOLOGY (AFIT), Kaduna", "name:en": null, "amenity": "university", "building": null, "operator:type": null, "capacity:persons": null, "addr:full": null, "addr:city": null, "source": null, "osm_id": 1419984046, "osm_type": "ways_poly", "Analysis_Region": "North West"}, "geometry": {"type": "Polygon", "coordinates": [[[7.437274, 10.6162422], [7.437716, 10.6067597], [7.4485494, 10.6033729], [7.4616529, 10.6130467], [7.4466023, 10.6213109], [7.437274, 10.6162422]]]}}, {"type": "Feature", "properties": {"name": null, "name:en": null, "amenity": null, "building": "school", "operator:type": null, "capacity:persons": null, "addr:full": null, "addr:city": null, "source": null, "osm_id": 1430588276, "osm_type": "ways_poly", "Analysis_Region": "North East"}, "geometry": {"type": "Polygon", "coordinates": [[[12.4811666, 8.6238834], [12.4811789, 8.6235499], [12.4813669, 8.6235605], [12.481353, 8.6239032], [12.4811666, 8.6238834]]]}}, {"type": "Feature", "properties": {"name": null, "name:en": null, "amenity": null, "building": "school", "operator:type": null, "capacity:persons": null, "addr:full": null, "addr:city": null, "source": null, "osm_id": 1449973703, "osm_type": "ways_poly", "Analysis_Region": "North West"}, "geometry": {"type": "Polygon", "coordinates": [[[7.6090232, 12.9803189], [7.6091068, 12.9803075], [7.6091355, 12.9805076], [7.6090518, 12.980519], [7.6090232, 12.9803189]]]}}, {"type": "Feature", "properties": {"name": null, "name:en": null, "amenity": null, "building": "school", "operator:type": null, "capacity:persons": null, "addr:full": null, "addr:city": null, "source": null, "osm_id": 1449973704, "osm_type": "ways_poly", "Analysis_Region": "North West"}, "geometry": {"type": "Polygon", "coordinates": [[[7.6089619, 12.9800315], [7.6090489, 12.9800157], [7.6090835, 12.9801965], [7.6089964, 12.9802123], [7.6089619, 12.9800315]]]}}, {"type": "Feature", "properties": {"name": null, "name:en": null, "amenity": null, "building": "school", "operator:type": null, "capacity:persons": null, "addr:full": null, "addr:city": null, "source": null, "osm_id": 1449973705, "osm_type": "ways_poly", "Analysis_Region": "North West"}, "geometry": {"type": "Polygon", "coordinates": [[[7.6091119, 12.9806755], [7.6091249, 12.9805933], [7.6093096, 12.980621], [7.6092966, 12.9807032], [7.6091119, 12.9806755]]]}}, {"type": "Feature", "properties": {"name": null, "name:en": null, "amenity": null, "building": "school", "operator:type": null, "capacity:persons": null, "addr:full": null, "addr:city": null, "source": null, "osm_id": 1449973706, "osm_type": "ways_poly", "Analysis_Region": "North West"}, "geometry": {"type": "Polygon", "coordinates": [[[7.6093437, 12.9807104], [7.6093558, 12.9806273], [7.6095384, 12.9806525], [7.6095263, 12.9807356], [7.6093437, 12.9807104]]]}}, {"type": "Feature", "properties": {"name": null, "name:en": null, "amenity": null, "building": "school", "operator:type": null, "capacity:persons": null, "addr:full": null, "addr:city": null, "source": null, "osm_id": 1449973707, "osm_type": "ways_poly", "Analysis_Region": "North West"}, "geometry": {"type": "Polygon", "coordinates": [[[7.6085806, 12.9806147], [7.6085901, 12.9805316], [7.6087844, 12.9805526], [7.608775, 12.9806356], [7.6085806, 12.9806147]]]}}, {"type": "Feature", "properties": {"name": null, "name:en": null, "amenity": null, "building": "school", "operator:type": null, "capacity:persons": null, "addr:full": null, "addr:city": null, "source": null, "osm_id": 1449973708, "osm_type": "ways_poly", "Analysis_Region": "North West"}, "geometry": {"type": "Polygon", "coordinates": [[[7.6085229, 12.9804583], [7.6085331, 12.9802662], [7.6086167, 12.9802704], [7.6086065, 12.9804624], [7.6085229, 12.9804583]]]}}, {"type": "Feature", "properties": {"name": null, "name:en": null, "amenity": null, "building": "school", "operator:type": null, "capacity:persons": null, "addr:full": null, "addr:city": null, "source": null, "osm_id": 1449973709, "osm_type": "ways_poly", "Analysis_Region": "North West"}, "geometry": {"type": "Polygon", "coordinates": [[[7.6086647, 12.9800068], [7.6089231, 12.9799925], [7.6089283, 12.980082], [7.6086699, 12.9800962], [7.6086647, 12.9800068]]]}}, {"type": "Feature", "properties": {"name": null, "name:en": null, "amenity": null, "building": "school", "operator:type": null, "capacity:persons": null, "addr:full": null, "addr:city": null, "source": null, "osm_id": 1449973710, "osm_type": "ways_poly", "Analysis_Region": "North West"}, "geometry": {"type": "Polygon", "coordinates": [[[7.6091369, 12.9800914], [7.609249, 12.9800858], [7.6092537, 12.9801759], [7.6091416, 12.9801815], [7.6091369, 12.9800914]]]}}, {"type": "Feature", "properties": {"name": null, "name:en": null, "amenity": null, "building": "school", "operator:type": null, "capacity:persons": null, "addr:full": null, "addr:city": null, "source": null, "osm_id": 1449973711, "osm_type": "ways_poly", "Analysis_Region": "North West"}, "geometry": {"type": "Polygon", "coordinates": [[[7.6093524, 12.9804093], [7.6093626, 12.9801715], [7.6094402, 12.9801747], [7.6094299, 12.9804124], [7.6093524, 12.9804093]]]}}, {"type": "Feature", "properties": {"name": null, "name:en": null, "amenity": null, "building": "school", "operator:type": null, "capacity:persons": null, "addr:full": null, "addr:city": null, "source": null, "osm_id": 1449973712, "osm_type": "ways_poly", "Analysis_Region": "North West"}, "geometry": {"type": "Polygon", "coordinates": [[[7.6094808, 12.9806007], [7.6094895, 12.9804284], [7.609573, 12.9804324], [7.6095643, 12.9806047], [7.6094808, 12.9806007]]]}}, {"type": "Feature", "properties": {"name": null, "name:en": null, "amenity": null, "building": "school", "operator:type": null, "capacity:persons": null, "addr:full": null, "addr:city": null, "source": null, "osm_id": 1449973713, "osm_type": "ways_poly", "Analysis_Region": "North West"}, "geometry": {"type": "Polygon", "coordinates": [[[7.6094935, 12.9804048], [7.60951, 12.980178], [7.6095899, 12.9801835], [7.6095734, 12.9804104], [7.6094935, 12.9804048]]]}}, {"type": "Feature", "properties": {"name": null, "name:en": null, "amenity": "school", "building": null, "operator:type": null, "capacity:persons": null, "addr:full": null, "addr:city": null, "source": null, "osm_id": 1463858819, "osm_type": "ways_poly", "Analysis_Region": "North East"}, "geometry": {"type": "Polygon", "coordinates": [[[9.4490861, 12.8283211], [9.4492508, 12.8277681], [9.4492955, 12.8276849], [9.4497287, 12.8277293], [9.4498748, 12.8277443], [9.4498265, 12.8280989], [9.4497793, 12.8284459], [9.4497508, 12.8284618], [9.4491247, 12.8283568], [9.4490861, 12.8283211]]]}}, {"type": "Feature", "properties": {"name": "School of Information and Communication Technology", "name:en": null, "amenity": null, "building": "school", "operator:type": null, "capacity:persons": null, "addr:full": null, "addr:city": null, "source": null, "osm_id": 10375504, "osm_type": "relations", "Analysis_Region": "North West"}, "geometry": {"type": "MultiPolygon", "coordinates": [[[[6.4513013, 9.5317856], [6.4513442, 9.5317512], [6.4513764, 9.5317274], [6.4515669, 9.5319549], [6.4516151, 9.5319708], [6.4516795, 9.5319205], [6.4516768, 9.5318729], [6.4515413, 9.5316765], [6.4516158, 9.5316328], [6.4517573, 9.5318306], [6.4517358, 9.5318517], [6.4517224, 9.5319311], [6.4517707, 9.5319708], [6.4516607, 9.5320475], [6.4516259, 9.5320105], [6.4515534, 9.5320105], [6.4515132, 9.5320369], [6.4513013, 9.5317856]]], [[[6.4514007, 9.5313402], [6.4514912, 9.5312728], [6.4514495, 9.5312307], [6.4514617, 9.5310833], [6.4516233, 9.5310893], [6.4516406, 9.5311124], [6.4517443, 9.5310362], [6.4517799, 9.5310823], [6.4516782, 9.5311655], [6.4518358, 9.531358], [6.4519506, 9.5312868], [6.4519872, 9.5313359], [6.4518795, 9.5314111], [6.4518978, 9.5314301], [6.4518774, 9.5315895], [6.4516985, 9.5315654], [6.4516183, 9.5316256], [6.4515817, 9.5315825], [6.4516559, 9.5315203], [6.4516772, 9.5315033], [6.4515126, 9.5313048], [6.4514313, 9.531378], [6.4514007, 9.5313402]]]]}}, {"type": "Feature", "properties": {"name": null, "name:en": null, "amenity": null, "building": "school", "operator:type": null, "capacity:persons": null, "addr:full": null, "addr:city": null, "source": "Bing", "osm_id": 3755722, "osm_type": "relations", "Analysis_Region": "North West"}, "geometry": {"type": "Polygon", "coordinates": [[[8.553526, 11.9790763], [8.5535464, 11.9787395], [8.5539169, 11.978761], [8.5538965, 11.9790977], [8.553526, 11.9790763]], [[8.5536371, 11.9789911], [8.5537789, 11.9789993], [8.5537878, 11.9788529], [8.5536459, 11.9788447], [8.5536371, 11.9789911]]]}}, {"type": "Feature", "properties": {"name": "University of Maiduguri", "name:en": null, "amenity": "university", "building": null, "operator:type": null, "capacity:persons": null, "addr:full": null, "addr:city": null, "source": null, "osm_id": 13441918, "osm_type": "relations", "Analysis_Region": "North East"}, "geometry": {"type": "Polygon", "coordinates": [[[13.1851105, 11.8058483], [13.1886252, 11.8031723], [13.188646, 11.803191], [13.1887084, 11.8031406], [13.188755, 11.803104], [13.1888106, 11.8030581], [13.1887996, 11.8030426], [13.1900391, 11.8021096], [13.1934397, 11.7995096], [13.1939618, 11.7991178], [13.1941285, 11.7989844], [13.1941442, 11.7989721], [13.1953593, 11.7980466], [13.1959198, 11.7976291], [13.1959765, 11.7975832], [13.1960151, 11.7976324], [13.1960633, 11.7975924], [13.196114, 11.797551], [13.1961811, 11.7974962], [13.1971483, 11.798724], [13.1973991, 11.7991428], [13.1974567, 11.7993226], [13.197497, 11.7995195], [13.197509, 11.7999134], [13.1975238, 11.8007049], [13.2027742, 11.8008178], [13.2027769, 11.800869], [13.2043701, 11.8008933], [13.2044231, 11.800894], [13.2055476, 11.8009124], [13.2056228, 11.7990016], [13.208093, 11.7989327], [13.2091606, 11.799127], [13.2090318, 11.8004503], [13.2093939, 11.800911], [13.2094261, 11.8009491], [13.2097828, 11.8014427], [13.2112849, 11.8018129], [13.2117596, 11.8019127], [13.2121821, 11.8027962], [13.2122585, 11.8029803], [13.2122733, 11.8030174], [13.2130189, 11.8048125], [13.213731, 11.8064561], [13.2102871, 11.8090855], [13.2095817, 11.811325], [13.210117, 11.8120814], [13.2103193, 11.8123673], [13.2099974, 11.8123515], [13.2085557, 11.8122426], [13.2083626, 11.8123134], [13.2081775, 11.8124749], [13.2081086, 11.8125349], [13.2071288, 11.8133807], [13.2070684, 11.814507], [13.2066795, 11.8144151], [13.2066634, 11.8148745], [13.2065132, 11.8149493], [13.2049911, 11.8142109], [13.2049086, 11.8141886], [13.2039691, 11.8139464], [13.2002127, 11.8167648], [13.2001913, 11.8176023], [13.1990084, 11.8176417], [13.1972596, 11.8189806], [13.1972046, 11.8189294], [13.196013, 11.8198686], [13.1948708, 11.8184165], [13.1934435, 11.8165928], [13.1911294, 11.8136432], [13.1894946, 11.8115586], [13.1883272, 11.8100694], [13.1868278, 11.808158], [13.1859125, 11.8070173], [13.1851105, 11.8058483]]]}}, {"type": "Feature", "properties": {"name": "Government Girls Secondary School Chibok", "name:en": null, "amenity": "school", "building": null, "operator:type": "public", "capacity:persons": null, "addr:full": null, "addr:city": null, "source": null, "osm_id": 5410944, "osm_type": "relations", "Analysis_Region": "North East"}, "geometry": {"type": "Polygon", "coordinates": [[[12.829214, 10.8840499], [12.8322653, 10.8758923], [12.8340781, 10.876583], [12.8402909, 10.8789057], [12.8389271, 10.883242], [12.8389138, 10.8832898], [12.8389039, 10.8833188], [12.8388949, 10.883347], [12.8377648, 10.8868127], [12.829214, 10.8840499]]]}}, {"type": "Feature", "properties": {"name": "Senate Building", "name:en": null, "amenity": "university", "building": "yes", "operator:type": null, "capacity:persons": null, "addr:full": null, "addr:city": null, "source": null, "osm_id": 17653632, "osm_type": "relations", "Analysis_Region": "North West"}, "geometry": {"type": "Polygon", "coordinates": [[[7.6543175, 11.1506526], [7.6545283, 11.1504135], [7.6547852, 11.1506314], [7.6545745, 11.1508706], [7.6543175, 11.1506526]], [[7.6544841, 11.1506546], [7.6545657, 11.1507171], [7.6546327, 11.1506329], [7.6545511, 11.1505704], [7.6544841, 11.1506546]]]}}, {"type": "Feature", "properties": {"name": "Kaduna State University Main Campus", "name:en": null, "amenity": "university", "building": null, "operator:type": null, "capacity:persons": null, "addr:full": null, "addr:city": null, "source": null, "osm_id": 13432010, "osm_type": "relations", "Analysis_Region": "North West"}, "geometry": {"type": "Polygon", "coordinates": [[[7.4503639, 10.5206774], [7.4505973, 10.5201803], [7.4508131, 10.5197467], [7.4512531, 10.5187655], [7.4513336, 10.5187523], [7.4513635, 10.5186881], [7.4513892, 10.5186159], [7.4513577, 10.5185255], [7.4514274, 10.5184662], [7.4514918, 10.5182882], [7.4514864, 10.5181286], [7.4515884, 10.5178979], [7.4516, 10.5178607], [7.4530014, 10.5184488], [7.4525902, 10.5197636], [7.4525338, 10.5197425], [7.4522428, 10.5205047], [7.4520966, 10.520444], [7.4519008, 10.5204216], [7.4510506, 10.5208422], [7.4508803, 10.5213037], [7.4505369, 10.5211903], [7.4504819, 10.5210862], [7.4505825, 10.5207684], [7.4503639, 10.5206774]]]}}, {"type": "Feature", "properties": {"name": "Faculty of Science Complex", "name:en": null, "amenity": null, "building": "school", "operator:type": null, "capacity:persons": null, "addr:full": null, "addr:city": null, "source": null, "osm_id": 12814558, "osm_type": "relations", "Analysis_Region": "North East"}, "geometry": {"type": "Polygon", "coordinates": [[[11.1746895, 10.3050851], [11.1747234, 10.3050725], [11.1747072, 10.3050279], [11.1747513, 10.3050121], [11.1747362, 10.3049729], [11.1749529, 10.3048884], [11.1751151, 10.3048084], [11.1751321, 10.3048593], [11.1752259, 10.3048203], [11.1752016, 10.3047679], [11.1753216, 10.3047084], [11.1753394, 10.3047748], [11.1754208, 10.3047494], [11.1754109, 10.3047088], [11.1757717, 10.3045687], [11.1757961, 10.3046161], [11.1758482, 10.3045959], [11.1758823, 10.3046513], [11.1759343, 10.3046495], [11.1759522, 10.3046883], [11.1759833, 10.3046845], [11.176047, 10.3048591], [11.1760137, 10.3048755], [11.1760319, 10.3049295], [11.1759513, 10.3049585], [11.1756978, 10.3050529], [11.1756611, 10.3049953], [11.1756193, 10.3050125], [11.1756026, 10.304991], [11.1754259, 10.305057], [11.1754349, 10.3050898], [11.1755224, 10.305062], [11.1755356, 10.3051042], [11.1756489, 10.3050306], [11.1756799, 10.3050772], [11.1757095, 10.3050765], [11.1757149, 10.3050903], [11.1757503, 10.3050846], [11.1757548, 10.3051019], [11.1757716, 10.3050997], [11.1757845, 10.3051375], [11.17577, 10.3051464], [11.1757742, 10.3051646], [11.1757485, 10.3051735], [11.1757501, 10.3051989], [11.1757297, 10.3052073], [11.1757423, 10.3052596], [11.1756855, 10.3052677], [11.1756208, 10.3052769], [11.1755915, 10.3052811], [11.1755563, 10.3052932], [11.1755313, 10.3053018], [11.1755102, 10.3053091], [11.1753986, 10.3053493], [11.1753809, 10.3053544], [11.1753731, 10.3053567], [11.1753664, 10.3053628], [11.1752722, 10.3054273], [11.1752477, 10.3054445], [11.1752197, 10.3053972], [11.175185, 10.305407], [11.1751793, 10.305385], [11.1751466, 10.3053966], [11.1751361, 10.3053798], [11.1751187, 10.3053863], [11.1750995, 10.3053336], [11.1751166, 10.305327], [11.175116, 10.3052989], [11.1751421, 10.3052959], [11.1751396, 10.3052724], [11.1751646, 10.3052672], [11.1751633, 10.3052045], [11.1752881, 10.305194], [11.1752704, 10.3051522], [11.175389, 10.3051052], [11.1753555, 10.3050137], [11.1751776, 10.3050816], [11.1751788, 10.3050851], [11.1752033, 10.3051552], [11.1751542, 10.3051806], [11.1751152, 10.3051925], [11.1751104, 10.3052102], [11.174948, 10.3052687], [11.1748259, 10.305312], [11.1748053, 10.3052536], [11.1747606, 10.3052688], [11.1746895, 10.3050851]]]}}]}